t_day,SO3,SO4,SO5,SNH_eff,Ntot_eff,TSS_eff,Q_eff,sludge_h,kla_sum
0.0,1.1499422624663256,1.7098422824338473,0.23897893364621312,2.956359790591627,0.7845180585385434,14.536723133699807,14643.440999999992,1.2818910895870754,564.0
0.010416666666666666,1.1499324842575955,1.709830649708756,0.23897736320312046,2.9563098198055298,0.7845175759928118,14.536769219232601,14643.440999999992,1.2818879265334215,564.0
0.020833333333333332,1.1661597727295296,1.7225732139415064,0.2399298101850378,2.9562625406685488,0.7845171094617386,14.47277352810548,13773.059000000008,1.2809313318526914,564.0
0.03125,1.1855040295802395,1.7440773928997013,0.24237230969741663,2.956210672105101,0.7845163785033942,14.370023075520058,13110.647999999986,1.2812391884255847,564.0
0.041666666666666664,1.2005986890806808,1.7669894735186698,0.24582749342633636,2.9561174084466555,0.7845140019294716,14.286633563943502,13110.648000000016,1.2832934018480449,564.0
0.05208333333333333,1.2260571834355298,1.802506624474277,0.25035324300478556,2.9559153154790705,0.7845073995074198,14.145365144811137,11865.152000000002,1.2832251805960264,564.0
0.0625,1.2528238999028587,1.8447092143361212,0.2567744718422567,2.955475600866456,0.7844921465475464,14.006794745460272,11341.696999999996,1.2858013020990566,564.0
0.07291666666666666,1.2774816591771807,1.8884232700174475,0.2643839064379816,2.954568860461866,0.7844605630108725,13.906497319944137,11341.696999999996,1.2904555596504697,564.0
0.08333333333333333,1.3124375746002603,1.9446843999480423,0.2735034271969611,2.953035152638091,0.7844078823485263,13.791159887439303,10438.525999999998,1.2921254104343063,564.0
0.09375,1.3517519258948671,2.010078833305825,0.2851717808348542,2.950594306091668,0.7843256795498927,13.691666446612238,10029.963000000003,1.2966712092342951,564.0
0.10416666666666666,1.3908157178105278,2.078719269884271,0.29886003527018823,2.9468078953338317,0.7842009473654268,13.626750584073099,10029.963000000003,1.3037819143415852,564.0
0.11458333333333333,1.4391707276127752,2.158821818770161,0.3147659441648754,2.9417273251187877,0.7840372835606662,13.553514376623852,9240.660900000006,1.3071078357493526,564.0
0.125,1.490610457980632,2.24498414110037,0.3338999832379369,2.9350059906257697,0.7838253607500237,13.493777014826858,8888.806599999996,1.31431093056982,564.0
0.13541666666666666,1.5406638746766803,2.3304355650419746,0.35545281178517496,2.926085617055105,0.7835498303517415,13.460366460940522,8888.806599999996,1.325006754756492,564.0
0.14583333333333331,1.5976200385862314,2.4224519089677523,0.37943944867489604,2.915450236875491,0.78322732260478,13.423964012336159,8270.458299999998,1.0151642287067162,564.0
0.15625,1.6573374436304433,2.5176985545079353,0.4071823143692814,2.9027014200875585,0.7828465989916903,13.398642380589079,7999.558900000004,1.0036758936980739,564.0
0.16666666666666666,1.7156667037657714,2.610414704312126,0.4377912719110638,2.8872390138245896,0.7823903829460982,13.39209020467643,7999.558900000004,0.9927731492965405,564.0
0.17708333333333331,1.780612091085705,2.708800059668964,0.4718350666249894,2.8698227300504136,0.7818806904604315,13.38674422687981,7586.802899999995,0.9820113770502112,564.0
0.1875,1.8477891474402532,2.8083854681709792,0.5107319437055131,2.8495575133612987,0.7812899332001991,13.394955667993624,7573.46560000001,0.970890284108492,564.0
0.19791666666666666,1.9130173747219896,2.9035496729595285,0.552214955402817,2.8262427464158457,0.7806099556350344,13.414020171913133,7573.46560000001,0.9611957315340025,564.0
0.20833333333333331,1.9770437614484626,2.99243953563406,0.5957639240525632,2.799048616452137,0.7798127489534878,13.4466607488022,7759.974900000001,0.9528857919912332,564.0
0.21875,2.0390133733235056,3.0735891618610185,0.6388446898710574,2.7680543563058393,0.7788950138795128,13.486268286051379,7844.75940000001,0.9460436896848679,564.0
0.22916666666666666,2.095571620328701,3.145002442130115,0.6797075074192321,2.733484564647969,0.7778563144814309,13.527332229788314,7844.75940000001,0.9398004630956922,564.0
0.23958333333333331,2.1455571251764334,3.206080590841997,0.7172948650542594,2.69567013436876,0.7766986279188826,13.565625502256625,7779.887199999997,0.9332164493882293,564.0
0.25,2.1868546976813605,3.254406322889306,0.7496996919305484,2.6547140371300473,0.7754165599876642,13.600133233636686,7722.180100000001,0.9266960147275002,564.0
0.26041666666666663,2.2213193287896686,3.292146619298209,0.776861379441188,2.6104557071308916,0.7739956197674026,13.632208658667137,7722.180100000001,0.9205212049147489,564.0
0.2708333333333333,2.2326064868499222,3.3013632331159384,0.7951281285780322,2.5561748382013003,0.7721995856485634,13.694326722534054,8803.596099999995,0.9174409151606243,564.0
0.28125,2.2251257883409563,3.2789339880721435,0.7942397002352406,2.4893234328329172,0.7699028822171761,13.79515014220288,10092.543000000005,0.9237832329217921,564.0
0.29166666666666663,2.224322075908353,3.253853497754382,0.7785948883676699,2.41809788842711,0.7673486460237692,13.88947850078964,10092.543000000005,0.934286711397931,564.0
0.3020833333333333,2.192469240584887,3.1857463243449176,0.7508202014777595,2.3207404930921802,0.7636714116640262,14.097545842502921,13040.005000000008,0.9442281514613572,564.0
0.3125,2.1440011825165,3.0834234001065925,0.6920518917294264,2.2046148347416774,0.7589937038571909,14.404809460426998,14851.551999999996,0.9761755095927428,564.0
0.32291666666666663,2.121904227065755,2.998274994596782,0.6302975581223125,2.0856826165880156,0.7538588683751636,14.68332513416102,14851.551999999996,1.0044980599331468,564.0
0.3333333333333333,2.0007907967396523,2.852385683113957,0.5629740999886175,1.9366867042816123,0.7468959908736224,15.184107484021272,18719.203999999998,1.0287830635024722,564.0
0.34375,1.845917814681308,2.6980634443184113,0.49660641634452357,1.7790318606948463,0.7387755424678988,15.838061991212316,20962.467000000004,1.3752954493093643,564.0
0.35416666666666663,1.7663610259485112,2.6035583009772667,0.45392478425859883,1.6415505767609269,0.730797652284242,16.33605883319533,20962.467000000004,1.3193372314532312,564.0
0.3645833333333333,1.519290525248754,2.4495580379579107,0.4224456251741267,1.5147634123395715,0.7217379658069162,17.337403651106243,26876.861000000004,1.3387483953523167,564.0
0.375,1.2734142675203193,2.2841567551507675,0.3871545303032901,1.472524412029907,0.7147979336112946,18.558744102118148,29777.14,1.361299675012023,564.0
0.38541666666666663,1.1271200644705828,2.162273801235825,0.35757129500674373,1.5716784821043734,0.7128447228034367,19.303971928857013,29777.140000000014,1.4023345485109757,564.0
0.3958333333333333,0.9753177617937916,2.0230987011764676,0.32928479986573905,1.863249090372843,0.717672778353515,19.856169028069,31445.100000000006,1.4450656099538346,564.0
0.40625,0.8714127211532064,1.8958293977098355,0.30109230342236615,2.351293916926375,0.7299838894769455,19.981603901448352,30819.38399999999,1.777988008117371,564.0
0.41666666666666663,0.7871356171169974,1.7787048638034202,0.27704345802658936,3.0347312788506056,0.7496343518696902,19.918609282355686,30819.38399999999,1.7463264111724026,564.0
0.4270833333333333,0.7379884378420407,1.6776204628033875,0.2551075500717143,3.8401962739517024,0.7741384056950152,19.5345641236693,29175.235,1.7254918643207457,564.0
0.4375,0.6955668911495989,1.5770064321291637,0.23566333579449059,4.7444001548881465,0.8023381565002248,19.106947594654578,28491.344000000012,1.7143758698780527,564.0
0.44791666666666663,0.6502709559288526,1.479989522545203,0.2187660500958257,5.728636646273126,0.833245656695621,18.798557430144598,28491.343999999997,1.7074956476588188,564.0
0.4583333333333333,0.6383936099567316,1.408738179654785,0.2047541067466404,6.70159765273786,0.8635819430650267,18.385853336296208,27019.802999999985,1.7010054650485065,564.0
0.46875,0.6317465621154176,1.3470361755686195,0.19325523917094906,7.6442522471529575,0.8924021281067772,17.953689680093447,25992.068,1.697722962330748,564.0
0.47916666666666663,0.6125911809290921,1.2845756390822203,0.1833906303879619,8.567967397110497,0.9197226353182313,17.662066209672002,25992.068,1.6968018485262395,564.0
0.4895833333333333,0.6171999272909038,1.2415323832447627,0.1748293140415299,9.355251376989626,0.9419513160459405,17.11389681103644,23094.035000000003,1.6936622175353513,564.0
0.5,0.6147931757800589,1.1955523412049744,0.16751222804873844,10.057064688379814,0.9606368620261393,16.572247344988803,21781.371,1.6953353861102505,564.0
0.5104166666666666,0.5993847682884103,1.1446352097028831,0.16086008502860397,10.710452977588135,0.9767506098833032,16.21346688666236,21781.371000000014,1.7005986046298858,564.0
0.5208333333333333,0.5959978853864485,1.102458784926969,0.1547606789380467,11.27478166531586,0.9893435844187867,15.864085625562405,20503.47,1.7021005822092246,564.0
0.53125,0.591483422376101,1.063000574849849,0.14954659833596018,11.781920561218953,0.999254191502662,15.629729363440408,20381.862999999998,1.7083474150751807,564.0
0.5416666666666666,0.5813644724209485,1.0267483427262303,0.14499244360781838,12.23123949046691,1.0065073024171685,15.498369081066482,20381.862999999998,1.7143783858842843,564.0
0.5520833333333333,0.5816650092116703,0.998635103259681,0.14114460175587631,12.61757755589388,1.0110977879902991,15.432135127569408,20279.108999999997,1.7176218188784662,564.0
0.5625,0.5847616234827282,0.9773204399767718,0.13805794347170383,12.93802672512981,1.0131418961505305,15.390845675787682,20080.722999999998,1.7200559150721686,564.0
0.5729166666666666,0.5819406693448628,0.9587782211156692,0.13558428356059885,13.19519234977525,1.0128447586543583,15.376670309183876,20080.722999999998,1.725380625514347,564.0
0.5833333333333333,0.586333039312075,0.9449307837520462,0.13351216011932593,13.38585198538838,1.0104792994725502,15.348341837595372,19738.831000000006,1.7268035529127541,564.0
0.59375,0.5906218876431435,0.9338698626391394,0.13188748021544475,13.51493098887351,1.0063505160383026,15.325648539148379,19625.196999999986,1.7305691605701727,564.0
0.6041666666666666,0.5900793958640175,0.9242070533314029,0.13061611529532202,13.58530632958148,1.0007530038718735,15.31917395763018,19625.197,1.735034337594717,564.0
0.6145833333333333,0.593338389856116,0.9171860886676619,0.1295633000394631,13.599700585022887,0.994084992184827,15.309732159442394,19442.693,1.7363548997935687,564.0
0.625,0.5966503795098382,0.912789522599265,0.12884009019793094,13.562681773937886,0.9866578971285456,15.304564310417296,19378.621,1.7390886301509827,564.0
0.6354166666666666,0.597364278018486,0.9102487629671778,0.12841951670158605,13.478526085636272,0.9787688563767996,15.307714617756563,19378.621,1.7427324092323264,564.0
0.6458333333333333,0.5978194085630589,0.9088925062008943,0.12825633829164812,13.346417551921647,0.970408140080567,15.393920312399326,20094.896999999997,1.7508495738074978,564.0
0.65625,0.5990742064973945,0.9116737480694747,0.128467648087445,13.16757901453621,0.961860499142391,15.557396055692605,20769.915000000008,1.7507552736421579,564.0
0.6666666666666666,0.602331941044158,0.9191464642192673,0.1290460275758458,12.951790454419159,0.9536464103780666,15.699722466205502,20769.915000000008,1.7409895582704167,564.0
0.6770833333333333,0.6007927030954295,0.9268992739649922,0.13001714665333,12.689309273874152,0.9454955174395068,15.931643984584603,22040.309999999998,1.7473009972064808,564.0
0.6875,0.5943473607002903,0.9370503977612078,0.13123824668699408,12.392382373144335,0.9379044527888106,16.18063735901747,22583.020000000004,1.739081035237267,564.0
0.6979166666666666,0.5933459820916773,0.951103738647249,0.13276088954893794,12.075671745124428,0.9311975702662423,16.35819790609765,22583.02000000002,1.727770585316986,564.0
0.7083333333333333,0.5665912992275947,0.9560060574826071,0.13416968084237207,11.733928724440522,0.9252279004200128,16.56543138457492,23575.612999999998,1.7281118267039843,564.0
0.71875,0.5384504830976317,0.9588107710880337,0.13540494689519103,11.382568770510506,0.920261288586259,16.790483771664395,24223.945999999996,1.7217489851157566,564.0
0.7291666666666666,0.5247315504781623,0.9656195640244701,0.13663547808755974,11.043587317075497,0.9165245915644693,16.940916244161876,24223.945999999996,1.7122572313515498,564.0
0.7395833333333333,0.5060643781455421,0.9660436209979693,0.13777318116638018,10.705573309029104,0.9138879678562298,17.267148923857906,26217.060999999987,1.7168097901759891,564.0
0.75,0.4964597714014837,0.9697738218398825,0.13874450388217438,10.403143340862274,0.9126898688497345,17.665048317841414,27172.428,1.7078522639487785,564.0
0.7604166666666666,0.4949689923526546,0.9780689736587956,0.13973772692174824,10.164489147446405,0.9130186290624422,17.923332481545874,27172.428,1.6965395773671543,564.0
0.7708333333333333,0.49287908415217063,0.9826513692636049,0.1409181437129555,9.990528687297031,0.9150491537000635,18.376051616609654,29628.511,1.700673585198247,564.0
0.78125,0.5009734496422025,0.9947733170897161,0.14228015245846046,9.91404847878515,0.9189417033544044,18.91482745432815,30989.501000000004,1.715325170248222,564.0
0.7916666666666666,0.5116978293244311,1.0118678771930718,0.14378871195907666,9.94679684387245,0.9245392265863487,19.204141220793165,30989.501000000004,1.7333919515680996,564.0
0.8020833333333333,0.5273901645425026,1.029570180676089,0.14582172777039168,10.09425266619296,0.9322964176746253,19.64714249578298,33144.182,1.760249816102176,564.0
0.8125,0.548240988561505,1.053667117709804,0.14795890975799533,10.342676337337352,0.9418727750955993,19.963446476558868,33480.32100000001,1.7831336805020905,564.0
0.8229166666666666,0.5640169302640137,1.0762263229438163,0.15008501872612756,10.664744331429048,0.9530886621696826,20.094915837562205,33480.320999999996,1.801414273079441,564.0
0.8333333333333333,0.5797335876255222,1.096904498321641,0.15214037286332988,11.032786212276516,0.9659137819344477,20.148538505916072,33720.929000000004,1.8172740249949466,564.0
0.84375,0.5955365595062772,1.1165694589210429,0.1539767235656529,11.4111673009093,0.9800049060824924,20.10256323939829,33523.587,1.8292221232566035,564.0
0.8541666666666666,0.6059197020785118,1.1315656012227358,0.15551604286797027,11.773501167459472,0.9951771559294734,20.03180875399736,33523.587,1.839170504275018,564.0
0.8645833333333333,0.6226246119645695,1.148160044352042,0.156654560078834,12.08436496476471,1.0104827118657882,19.753617005512215,32260.271999999997,1.8422911616848214,564.0
0.875,0.6356551574254681,1.1595799609233466,0.1575039219686321,12.33621990803302,1.0257616630004975,19.429095177125397,31559.168000000005,1.8430484022729365,564.0
0.8854166666666666,0.6413652328357528,1.1643503029179878,0.15799971323290551,12.525477169963102,1.0409306539277168,19.213065530370155,31559.168000000005,1.8446063238505777,564.0
0.8958333333333333,0.658568561091391,1.1738261983374298,0.15785050545789459,12.63856909538588,1.0543428376485229,18.67940203863783,28878.224000000017,1.8356156424692225,564.0
0.90625,0.6694334614329904,1.1744978959547052,0.15730829043527322,12.691220161558638,1.0662736753838353,18.0771433044149,27241.343999999997,1.823444451585604,564.0
0.9166666666666666,0.6688144096170534,1.1648021223669756,0.15639711460798497,12.692171258039863,1.077215516678442,17.691682158400923,27241.343999999983,1.8147647906489381,564.0
0.9270833333333333,0.6789601017044061,1.1599600920312552,0.15483089411211048,12.651046699000354,1.0859155928291342,17.091255866836768,24300.58,1.7957565947572631,564.0
0.9375,0.6814032694223717,1.1473149047517717,0.15315507248688753,12.577901703074856,1.0930310375529408,16.525852280338967,22931.032000000007,1.775316547906519,564.0
0.9479166666666666,0.675330645923279,1.1282391224435913,0.15133312786295192,12.473487721063782,1.0989209490614384,16.168800430549062,22931.032000000007,1.7585415473655397,564.0
0.9583333333333333,0.6788154565559097,1.1155234262169746,0.14928879905449477,12.355080360584015,1.1030265272014277,15.702775512730097,20551.78,1.7333471344204245,564.0
0.96875,0.677172665699547,1.0996084674344377,0.14744197978340304,12.22276077333696,1.1057868241447302,15.284513417775699,19466.983000000007,1.7068123944113391,564.0
0.9791666666666666,0.6701070448166857,1.0809470838972113,0.14568622718188154,12.072171552329294,1.1073537739874146,15.02079885131608,19466.983000000007,1.6833357422891702,564.0
0.9895833333333333,0.6698618056453347,1.0685081445583844,0.14390718042033251,11.924136800814242,1.1076724514969798,14.665053364373144,17289.589999999997,1.6697058314389919,564.0
1.0,0.6653418234726458,1.054193712159376,0.1424155759454191,11.77258443403786,1.1069909386688077,14.348275327253099,16352.358999999997,1.6761064610744345,564.0
1.0104166666666665,0.6578341279093577,1.038470455256903,0.14106247563050198,11.610555163111373,1.1053078343081915,14.149097887924919,16352.358999999997,1.6866105698430058,564.0
1.0208333333333333,0.6568669341791514,1.028527001106175,0.13995570307332766,11.447135295591611,1.1027344594509172,13.982665316339817,15577.111999999994,1.6918782032374815,564.0
1.03125,0.658859662599762,1.0223097331293813,0.13933294767955964,11.274741838045994,1.0991638651730429,13.90254875711135,15648.909,1.7040379823171197,564.0
1.0416666666666665,0.6614939256534561,1.0199461671215349,0.13904614799788437,11.09486662572061,1.0945817163800937,13.882170895911642,15648.909,1.7150972545184695,564.0
1.0520833333333333,0.67366961386937,1.0260209107411469,0.1394639755899045,10.906334856167051,1.088911348250171,13.919856227098421,15815.47099999999,1.7248892349712737,564.0
1.0625,0.6904118669500268,1.0395591159975357,0.14048457706490752,10.715376175811079,1.0823278869654707,13.959362483274926,15541.122999999992,1.7312427231703915,564.0
1.0729166666666665,0.7055061962606166,1.056692738714208,0.14205642092189275,10.519671764529809,1.0747708458281342,14.008281787676058,15541.123000000007,1.4269358661462272,564.0
1.0833333333333333,0.7258138687301444,1.0813067803751912,0.144254247626701,10.328446125313034,1.0666661879918988,14.009987709422735,14891.758999999991,1.4164961983575857,564.0
1.09375,0.747693201079632,1.110558698891911,0.14711721008454853,10.138199144296903,1.0579773809629602,13.996127141335382,14585.356,1.4051050868064106,564.0
1.1041666666666665,0.769076940947278,1.1423756624983445,0.15048924629335467,9.94535147134605,1.0486303603048874,13.995272140114599,14585.356,1.3942694577527328,564.0
1.1145833333333333,0.7982020110653831,1.1813342881234132,0.154427796078874,9.759785054203498,1.0392307626621191,13.95602121073651,13857.617999999988,1.3821807408481144,564.0
1.125,0.8299695287889136,1.2240361325054367,0.15901873532565425,9.576483982341037,1.0296702771221602,13.910926339222723,13513.619999999995,1.3688678457214467,564.0
1.1354166666666665,0.8608869456456127,1.2683169403158399,0.16411630492257415,9.390552211408835,1.019815793529251,13.886912395358182,13513.619999999995,1.3561884011224075,564.0
1.1458333333333333,0.899558022412248,1.3192536420993393,0.16970677916415894,9.21463506980652,1.01045978266822,13.82099539941552,12585.046999999988,1.341050292715479,564.0
1.15625,0.9391379403064691,1.3726779508727573,0.17594810817694728,9.043827528323606,1.0014428120855285,13.743372874083079,12013.244999999995,1.323544669196127,564.0
1.1666666666666665,0.9770619404383948,1.4262495060899956,0.18275110745585185,8.86981543462593,0.9924104857689837,13.694407214837945,12013.244999999995,1.3067625437177122,564.0
1.1770833333333333,1.021181793738533,1.4857243774548918,0.18994972391283718,8.70806474454115,0.9842167229773247,13.610179498097816,10952.771999999997,1.286773868529761,564.0
1.1875,1.0649976876095266,1.546824133529036,0.19795304753678117,8.549586203666061,0.9764221192768502,13.534887829797956,10527.044000000009,1.2661300422025532,564.0
1.1979166666666665,1.1087399784724254,1.608475777186363,0.206592179582221,8.38798223179614,0.9687429299437141,13.491968195113746,10527.043999999994,1.2707584895824187,564.0
1.2083333333333333,1.1571826707604371,1.6760099749064368,0.21582130352421858,8.23454255889076,0.9617207048039447,13.441275083656183,9805.207999999999,1.2732938680533723,564.0
1.21875,1.2076845386385802,1.7469825144999238,0.22610214511536078,8.083404298630613,0.9550668662801283,13.404060457750916,9483.64880000001,1.2777967677589464,564.0
1.2291666666666665,1.2604975096973996,1.8200346073721068,0.23734293618799687,7.929564781531374,0.9485608247737609,13.392762612594286,9483.64880000001,1.2844760009638188,564.0
1.2395833333333333,1.3175082141934844,1.8987687248624951,0.24944816947572374,7.782732706958833,0.9425945119054508,13.377320651777481,8900.949600000007,1.2873951173729723,564.0
1.25,1.3766331088004364,1.9803736959368017,0.26290669754934615,7.637828727538563,0.9369276608772211,13.3715568605163,8648.544900000008,1.2930948943457787,564.0
1.2604166666666665,1.438022047119168,2.0632176333238914,0.2775977180823775,7.490767637420671,0.9313853948594473,13.383107651532912,8648.544900000008,1.3013620323223491,564.0
1.2708333333333333,1.4971902454858985,2.146358344223915,0.2934338230589402,7.341170854454422,0.92594432071045,13.409270144757702,8673.7016,1.3085832957745618,564.0
1.28125,1.5536319834913555,2.2260922475807496,0.3102020765449313,7.184199244421079,0.9204244932183416,13.456530954682012,8976.779700000014,1.3164187456601417,564.0
1.2916666666666665,1.6140466632518014,2.3036969182954534,0.3271570595798783,7.025137379113906,0.9150016569022206,13.508563302047856,8976.779700000003,1.32027426337634,564.0
1.3020833333333333,1.6543737552522084,2.367006467965729,0.344144545292593,6.848129898527766,0.90913308594447,13.595393331371032,9861.717999999993,1.3328556550133088,564.0
1.3125,1.6671044021246044,2.406722923649577,0.3577901461572884,6.6509059773504315,0.9027522128421558,13.719266750583326,10849.39,1.3409441456232112,564.0
1.3229166666666665,1.693143799956468,2.4380603351406003,0.36708067810116124,6.451468817933618,0.8964154966283816,13.834280275340051,10849.39,1.3284198841263002,564.0
1.3333333333333333,1.5924490855202773,2.409600873469085,0.37022550354167594,6.203755493386696,0.8886297025397376,14.05690052698841,13358.065999999992,1.3546559403991867,564.0
1.34375,1.438430822572376,2.3420084728963455,0.36321853973530843,5.921191673621098,0.8797612673988062,14.380021383649783,15186.387000000002,1.3461836065851234,564.0
1.3541666666666665,1.3528837255518822,2.2913023646777897,0.353329107778891,5.640928291628316,0.870882912759443,14.67044286705573,15186.387000000017,1.3126266318464284,564.0
1.3645833333333333,1.0984703470287487,2.150526710344909,0.33911422926518875,5.249337616971389,0.8582017665260738,15.46953379640966,21978.551000000007,1.3593986286673752,564.0
1.375,0.8698583979254066,1.9857456468734342,0.31450215572545204,4.835569201498702,0.8442853824102432,16.716300219772577,25749.380999999994,1.348453151909288,564.0
1.3854166666666665,0.7481260473894682,1.8631914158554614,0.29107391426059664,4.5050990281179875,0.8325696591594435,17.684047293246003,25749.38100000001,1.3762275986068215,564.0
1.3958333333333333,0.615280727315058,1.7072645593198141,0.26733628035189083,4.273928749041051,0.8234864040422064,18.767617843226308,29596.300000000003,1.4239320418476198,564.0
1.40625,0.5329893293814045,1.5697649905371878,0.24341335778165393,4.242379125771315,0.8204965203989744,19.567983497762736,30070.78,1.8009790348776042,564.0
1.4166666666666665,0.4765675535433392,1.453502592021814,0.2233028741603354,4.436756389806645,0.8244018300314627,19.896913210530727,30070.78,1.7505208804714647,564.0
1.4270833333333333,0.44215357052232945,1.3501459641970286,0.2056957786305654,4.85412547267473,0.8347903711274388,19.920283093242954,30129.884999999995,1.7246880017910782,564.0
1.4375,0.4238144217327842,1.264536869034158,0.19068462830662025,5.453040410050499,0.8499479194041568,19.72012477214634,29460.895000000004,1.7077190446826722,564.0
1.4479166666666665,0.40488937231467137,1.1864651862531295,0.1781205760811925,6.2020056081231605,0.8682587811075811,19.51076275868574,29460.895000000004,1.7007591295365112,564.0
1.4583333333333333,0.41065135365158895,1.1387866602950143,0.1682643767514531,6.995531361793426,0.8864234080674697,19.04191758838339,27486.097999999998,1.7002198864420581,564.0
1.46875,0.418294925954885,1.0968621900483735,0.1603357705885288,7.810752786903962,0.9034484258845756,18.547717561818086,26527.043999999994,1.7014949378469668,564.0
1.4791666666666665,0.41568332086449244,1.051466413939487,0.1534322567802642,8.640593878455272,0.9187942435110615,18.20557215767623,26527.04400000001,1.7058320300732497,564.0
1.4895833333333333,0.43185263237079574,1.0235236419223597,0.14777407206992402,9.416423044392783,0.931078395385545,17.82011995724579,25251.64,1.704779423068131,564.0
1.5,0.4486907380359404,0.9991939153156559,0.14314770834246285,10.140264542292835,0.940499034831592,17.48721582056663,24713.498000000007,1.7029837148931353,564.0
1.5104166666666665,0.4533977785458816,0.9719353023065961,0.13907835375212654,10.811101676474355,0.9472005852938481,17.270084047111666,24713.497999999992,1.70291640387322,564.0
1.5208333333333333,0.4735827903905619,0.9557991877523916,0.13561201948532936,11.382738724756775,0.9510661353169646,16.969803882465143,23338.492,1.6968358826537318,564.0
1.53125,0.49153048993009313,0.9398517915142933,0.13266592068103802,11.869832752083173,0.9526539650288641,16.675201959929,22617.853999999992,1.6891891974062454,564.0
1.5416666666666665,0.4963210869334699,0.9198736525029396,0.12998820219123244,12.284018957406131,0.9522842772552951,16.47993442415929,22617.854000000007,1.6836309184465563,564.0
1.5520833333333333,0.511229064840234,0.9053453349138044,0.12748047089573214,12.603230741955558,0.9503111873431096,16.219125957228677,21329.895000000004,1.6771464909993488,564.0
1.5625,0.522391664106856,0.8901665184897395,0.1252212810796863,12.841395645157982,0.947100981158282,15.94239276877168,20422.119000000006,1.6786026220052015,564.0
1.5729166666666665,0.522729037559656,0.8719866270915242,0.12314966605128384,13.01261414236125,0.9427459196344607,15.757928689376696,20422.119000000006,1.6822336229564818,564.0
1.5833333333333333,0.5283080211642048,0.8569727524464762,0.1210506567574009,13.11101875938464,0.9378758098703023,15.474818146142189,18696.619000000006,1.682209738704949,564.0
1.59375,0.529043459104614,0.840278829566117,0.11914102419431298,13.154298342136046,0.9324939676319876,15.209499274463392,17986.770000000004,1.6855377030638423,564.0
1.6041666666666665,0.5239774835311682,0.8225832652784214,0.11737655360711474,13.149103329017825,0.9265130121500574,15.034527412307554,17986.77000000002,1.6915277683552619,564.0
1.6145833333333333,0.5218769600724287,0.8072719308779952,0.11562528813218263,13.102141962674859,0.9204001449874573,14.840465847100393,16927.254,1.6933216775378919,564.0
1.625,0.5180345269779241,0.7927029382626568,0.11408346206298252,13.019576818667911,0.914044347618188,14.67761182831554,16479.997000000003,1.6984141430177517,564.0
1.6354166666666665,0.5121670815162085,0.7792589644522795,0.11275008534080114,12.903139046893624,0.9073238692998556,14.578227100655539,16479.997000000003,1.7063568335531372,564.0
1.6458333333333333,0.5059272690829651,0.767528848721087,0.11147267509542472,12.763877473873416,0.9006417580982398,14.459565571511778,15617.421000000002,1.709446576523607,564.0
1.65625,0.49663098255437516,0.7562419212663786,0.11037661843246803,12.603364391077946,0.8938567751293233,14.355500960962651,15211.587999999989,1.7165237965298692,564.0
1.6666666666666665,0.48819053731706835,0.7463040439286093,0.10946879613102628,12.420417986312584,0.8868126576553452,14.29496531570719,15211.588000000003,1.727220843024666,564.0
1.6770833333333333,0.475215999492959,0.7363381263145917,0.1085750511907837,12.22455538953033,0.8797817319474329,14.231565572881847,14680.725999999995,1.732822819588765,564.0
1.6875,0.4575260373408559,0.7253217197786688,0.10777765134555037,12.008571516662496,0.8724340273205213,14.217853791287986,14888.841,1.4297859591370725,564.0
1.6979166666666665,0.4452120004674663,0.716578951021218,0.10709156131584306,11.777273604811574,0.8648896884693899,14.230817910433785,14888.841,1.4236769106651124,564.0
1.7083333333333333,0.42027593614361974,0.703860725053269,0.10634615797013433,11.52033188963471,0.8567822252533439,14.32255215095114,15648.058000000005,1.4202402687893756,564.0
1.71875,0.39476482847249633,0.6905659083876398,0.1055655727245649,11.238930683326966,0.848128316503098,14.486004389679962,16423.921000000002,1.4216023117426722,564.0
1.7291666666666665,0.37968832143001924,0.681428027547774,0.10488592264825168,10.95005446656872,0.8393992692153265,14.641476997518735,16423.921000000002,1.4245825781580805,564.0
1.7395833333333333,0.3582037553425196,0.6685092679919732,0.10434859514538201,10.597604366187698,0.8288417872751568,15.08416415271452,19927.45599999999,1.4340633655003312,564.0
1.75,0.34609047020876665,0.6625408469080645,0.10401684280630874,10.22175656188696,0.8175266273806865,15.73327051643515,21867.527000000002,1.7792031675417008,564.0
1.7604166666666665,0.3433221023589822,0.6647861095289319,0.10405902248614521,9.874132265757874,0.806795509155043,16.27938849135702,21867.527000000002,1.7370611466820798,564.0
1.7708333333333333,0.34010098242562914,0.6666851604466113,0.10452166592133563,9.534052576159398,0.7957036923523694,16.958108778762217,24910.830000000016,1.7426237338684571,564.0
1.78125,0.34517900742534874,0.6756691904561051,0.10528129606358688,9.263539457519684,0.7858794521004031,17.61477317044257,26069.742999999988,1.721097982468189,564.0
1.7916666666666665,0.3522766770600985,0.6882403541462627,0.10628042168441844,9.095420431149838,0.7783371489661964,18.020951633580214,26069.743000000002,1.7013873899447518,564.0
1.8020833333333333,0.36188477585925594,0.7007304372709875,0.10751780786239414,9.034695597808865,0.773182504896536,18.40253376780724,27784.030999999988,1.7112616770040727,564.0
1.8125,0.37541283827816563,0.7163776568722776,0.10876779973322617,9.09087826573919,0.7711957328579745,18.592316482101268,27735.900999999998,1.7308375883997038,564.0
1.8229166666666665,0.3851645329141591,0.7299296504213904,0.10996805562712675,9.250055060639665,0.772347345230858,18.645232217400572,27735.900999999998,1.750081703802498,564.0
1.8333333333333333,0.39744743538087546,0.7428050037951578,0.11096816561562436,9.486078802279108,0.7762738880381165,18.514166463924518,26993.845,1.763258832526012,564.0
1.84375,0.40836236090932243,0.7522954970423975,0.11171509401739621,9.775929123615908,0.7824494793835431,18.288735793512117,26397.107000000018,1.77228172735138,564.0
1.8541666666666665,0.41406074223653827,0.7568928440742971,0.1121809716274517,10.106683374093105,0.7905033834185566,18.104028007144326,26397.107000000004,1.7808898165430314,564.0
1.8645833333333333,0.42651555746875053,0.7627626642426641,0.11234384452751685,10.440502388778917,0.7993492948444982,17.757133787612,24801.014999999985,1.7807893498145722,564.0
1.875,0.43636563726573413,0.7644218033843055,0.11227721610756719,10.773377298086798,0.8086794607056129,17.392384739780287,23982.72999999998,1.7781713717327818,564.0
1.8854166666666665,0.43985024449628785,0.7612223473926488,0.11196485572421346,11.106934919404392,0.8183963512131254,17.139154281671665,23982.729999999996,1.7771758014429233,564.0
1.8958333333333333,0.4497678522897248,0.7600717676684718,0.11143641057428628,11.41053688195308,0.8274674154234365,16.775844967018998,22282.231,1.7685706465217903,564.0
1.90625,0.4567023146233879,0.7558246246931799,0.11080716105341938,11.69197448027408,0.8360055743355858,16.42657943771835,21465.906000000017,1.758520410723637,564.0
1.9166666666666665,0.4577888127176124,0.7481541615610945,0.11005060474708159,11.958130330010839,0.84414543315782,16.192646803463838,21465.906000000003,1.7508227024782292,564.0
1.9270833333333333,0.4640071786473948,0.7429432138014587,0.10922425965057563,12.19009720722609,0.851257193832568,15.90662697778774,20115.14,1.7377236719464686,564.0
1.9375,0.4692644319960959,0.7368667976145513,0.10845196833819526,12.39735086911438,0.8576015136449515,15.665166903383572,19646.975000000006,1.7247630305255996,564.0
1.9479166666666665,0.4703245012135399,0.7294727917263765,0.10767061865591672,12.582759312038135,0.8632528622979774,15.511383248569686,19646.975000000006,1.7138791818045747,564.0
1.9583333333333333,0.4788972590821302,0.7258795372337983,0.107017274806093,12.738544713984302,0.8679756572445083,15.358910543399803,18963.479999999996,1.7008522319920443,564.0
1.96875,0.48776267105842014,0.7234356787128631,0.10651849366998398,12.867261769704292,0.8718624707985426,15.233042242088194,18626.771000000008,1.6878606754278718,564.0
1.9791666666666665,0.49215540678933056,0.7205516706587342,0.10610201405121224,12.970068068618042,0.874973215619761,15.159616215071814,18626.771000000008,1.6765334070756615,564.0
1.9895833333333333,0.5003520945651647,0.7205725865619341,0.10581397708046038,13.042468937356352,0.8772039785529526,15.039936479378788,17710.323999999993,1.6761521902576257,564.0
2.0,0.506956963710392,0.7208190131850932,0.10566547221568694,13.088524816124355,0.8787114561847318,14.92424191213842,17300.496,1.6791354477366855,564.0
2.0104166666666665,0.5102043187111301,0.7204841185333277,0.10557750630153134,13.10982130129,0.8795825560211586,14.85262841052169,17300.496000000014,1.6836421700592434,564.0
2.020833333333333,0.5162378649157126,0.7225246799183048,0.10553811599862228,13.107527621988725,0.8798546182588088,14.699249848276747,15923.784,1.684445107207088,564.0
2.03125,0.5202240774274526,0.7239344770400608,0.10557409965295018,13.086314983586457,0.8796771549977782,14.517650207788417,15027.649000000005,1.6882562065201243,564.0
2.0416666666666665,0.5214195786689636,0.7239749115446026,0.10564447348189374,13.046920884464203,0.8791065297332434,14.39248211913032,15027.649000000005,1.6955238923309612,564.0
2.052083333333333,0.5248197097475159,0.7259792055385574,0.10568843064633159,12.996780282445092,0.8782863060666375,14.196385974786375,13395.233999999997,1.6982073705510499,564.0
2.0625,0.5265897625550411,0.7273383253982358,0.10582703366822466,12.936647613413108,0.877254365719909,14.011212042373279,12658.126000000004,1.7063489322003789,564.0
2.0729166666666665,0.5271894845565431,0.7280967173016542,0.10601075948019831,12.864365909925228,0.8759809016896984,13.88978791493037,12658.126000000004,1.7198195280694677,564.0
2.083333333333333,0.5304677302792241,0.7315810970387175,0.1062398304313294,12.789508911630596,0.8746387755981618,13.739824754864433,11336.381999999998,1.728188938964739,564.0
2.09375,0.5334582681785698,0.7358109292089025,0.10664522490358631,12.709358740978006,0.8731818183444066,13.616598194702544,10812.686000000005,1.4117055945173407,564.0
2.1041666666666665,0.5363898890812194,0.7406710060070244,0.10717627756025978,12.620820499482445,0.8715511491125083,13.545459406365078,10812.686000000005,1.3943101052757085,564.0
2.114583333333333,0.5424840999684346,0.7489088128470107,0.10789595045423377,12.529252583668685,0.8698421626423034,13.488094416230622,10254.646999999997,1.377019885115204,564.0
2.125,0.5502142309507077,0.7597498612241319,0.10888339039781852,12.432285962742016,0.8680078192406826,13.459573491231053,10070.642999999996,1.3587850340676484,564.0
2.1354166666666665,0.558796909936129,0.7727561527477549,0.11010283803886728,12.328521250167338,0.8660173132323524,13.46145565918883,10070.642999999996,1.34152947507081,564.0
2.145833333333333,0.5705152450809505,0.7898145612147036,0.11162474919927547,12.222484938286684,0.8639547689894921,13.46890043539174,9687.937000000005,1.3244377929985525,564.0
2.15625,0.5838008892145966,0.8099945928884753,0.11347906600955261,12.112964729681716,0.8617959841204724,13.486320215037077,9487.37159999998,1.3061671549000937,564.0
2.1666666666666665,0.5980209860660384,0.8325670127288064,0.11563073781171179,11.998090987404279,0.8595032552249967,13.518640796483497,9487.371599999995,1.2884118600662544,564.0
2.177083333333333,0.6147249071581368,0.8591543430797762,0.11812207677806852,11.882624250411222,0.8571729134057545,13.547903197884661,9142.154600000009,1.270841162570161,564.0
2.1875,0.6328457848859367,0.8889252545205334,0.12098134449450496,11.765499345429454,0.8547871124031334,13.578995204764775,8939.565700000006,1.2689527442960615,564.0
2.1979166666666665,0.6524830695657824,0.9212917636804233,0.12418702669261245,11.644543653342888,0.8523054781893401,13.618608847723552,8939.565700000006,1.2740298039208087,564.0
2.208333333333333,0.6740153051802424,0.9577948613595606,0.12776479950582253,11.52559439129517,0.8498535184931114,13.650098759638817,8551.084000000006,1.2762132080483781,564.0
2.21875,0.6973231802929247,0.9977295864613173,0.13180118661590276,11.405229895856108,0.8473677673494796,13.684792314766868,8452.037500000006,1.2805070253128705,564.0
2.2291666666666665,0.7236490080146134,1.0410828082981938,0.13627170825561882,11.282412796756367,0.844834602065034,13.725325092421935,8452.037500000006,1.2851439369423938,564.0
2.239583333333333,0.7537621607347135,1.0895482546526098,0.14136866175957222,11.153520936023508,0.8421894575136949,13.779399779220517,8716.152000000002,1.2905522401296152,564.0
2.25,0.7894501825146676,1.1442946038300155,0.14713813313345464,11.019530393824475,0.8394660996866752,13.842078342386433,8924.282000000007,1.2938879806123393,564.0
2.2604166666666665,0.8301798310917132,1.2049412854399644,0.15358642886812543,10.883803377632034,0.8367486938070638,13.902708106425548,8924.282000000007,1.2944984879449428,564.0
2.270833333333333,0.8729981642514029,1.2709627842027464,0.16124515028460282,10.726091584285557,0.8336630229030976,14.008045040592915,10251.746,1.3089582958776278,564.0
2.28125,0.9213693663497546,1.3453265766667448,0.1700090328931692,10.5482650852899,0.8303055385325872,14.156091950818483,11437.746,1.3113791455845139,564.0
2.2916666666666665,0.9798971189413744,1.4293231156641135,0.1796906364930821,10.368846761870543,0.8270828507347701,14.29083035747134,11437.746,1.2971693943906422,564.0
2.302083333333333,1.0274542523282775,1.5150369522707425,0.19151808795061456,10.14854423871653,0.8234020690737589,14.530595674510597,13940.152000000002,1.3144139251600944,564.0
2.3125,1.0587768882150235,1.6027172232928368,0.204203058487734,9.907071963347397,0.8197791956791259,14.829068090160558,15200.364000000001,1.3055501272504446,564.0
2.3229166666666665,1.1072281612793313,1.6970370837255595,0.21769743075950376,9.66546970454596,0.8166439984927328,15.076609655992959,15200.364000000001,1.2870861868535375,564.0
2.333333333333333,1.0528215815454152,1.758675307115178,0.2318092196885,9.386469648546903,0.8136977031059407,15.43792227471274,17689.477,1.30053514751915,564.0
2.34375,0.9696003317354387,1.8010348211396947,0.24429734470998987,9.089231655053286,0.8114375168860123,15.871717929594306,19302.097999999998,1.3286603994321802,564.0
2.3541666666666665,0.9386138676409286,1.85062834531384,0.2556921719099121,8.806773897515745,0.8102701702051492,16.19417965539108,19302.097999999998,1.357070983975143,564.0
2.364583333333333,0.8021183367510613,1.8268745944807783,0.26337156006742496,8.486662156660552,0.8105508049692601,16.94291183457604,24423.070999999996,1.395565722153464,564.0
2.375,0.677503767751491,1.7663920667798512,0.26156880044444164,8.210975602263854,0.8135392259450541,17.997869711838845,27005.443,1.4567045626283777,564.0
2.3854166666666665,0.6115308626151571,1.7136242552870364,0.2552589374786197,8.054916459438216,0.8198953121354543,18.72877552823939,27005.443,1.7578689366019185,564.0
2.395833333333333,0.5310555429148933,1.616836487706477,0.24397479000584188,8.0627819775614,0.8315151136398828,19.411688183272222,29922.42199999999,1.739134826385163,564.0
2.40625,0.4851413350841759,1.5226932412668466,0.22922358101805565,8.296329007412478,0.8487251882432786,19.87347387101434,30502.929999999993,1.720574217646584,564.0
2.4166666666666665,0.4551734275514039,1.43980379227201,0.21515520823565587,8.764607479597698,0.8712103513763643,20.028026811621224,30502.929999999993,1.7409762966039248,564.0
2.427083333333333,0.4427960552592051,1.3641941808715379,0.20193049286706566,9.45594252136157,0.8983990563674901,20.033089704123096,30775.22099999999,1.7680312191791394,564.0
2.4375,0.4402514915303553,1.3005019513354017,0.18995833503578075,10.301754850913596,0.9278258136865428,19.82681661357393,29962.477,1.7881671890852318,564.0
2.4479166666666665,0.4309089972314772,1.2367085750642204,0.17947849951337128,11.267427654741374,0.9584340953418158,19.620834243421054,29962.477,1.806459430838353,564.0
2.458333333333333,0.43917640273723724,1.1942659617008167,0.17064418767733003,12.224701363027595,0.9863586425960229,19.139436762041772,27873.54699999999,1.8122082229668406,564.0
2.46875,0.4453223408269824,1.15155058715091,0.1630592072170686,13.156910944729356,1.0114039192418787,18.625021252005393,26808.064000000013,1.814245391728626,564.0
2.4791666666666665,0.440933020923251,1.1034470052353689,0.15618619610580078,14.064497966852601,1.0336540795892464,18.274503794476058,26808.064,1.8180013071609966,564.0
2.489583333333333,0.453875675026307,1.0717166737055743,0.15021249104181797,14.85737667373489,1.051145609702122,17.796538926987196,24843.19399999999,1.8130562658233962,564.0
2.5,0.4645460065981721,1.0397702143906404,0.1450635648975684,15.559641215385833,1.0648242876015865,17.354973972951292,23954.593999999997,1.8069391978628446,564.0
2.5104166666666665,0.463913967759508,1.0037649498111985,0.14037612624316537,16.187825481034658,1.0752275990807314,17.067138221829527,23954.593999999983,1.8034528137331742,564.0
2.520833333333333,0.4766558057515188,0.9786768663353724,0.1361274090187203,16.69028758400691,1.0818659935431185,16.655992663190826,21926.025999999998,1.7917411222737862,564.0
2.53125,0.48455865984715096,0.951736853027393,0.13234991862787193,17.100566646447724,1.0856818301624263,16.2576034999268,20891.193,1.7785526810025027,564.0
2.5416666666666665,0.4818041961259659,0.9210003576953302,0.1288503330341295,17.44223576764737,1.0871343874859087,15.995385901875839,20891.193,1.7684956647363257,564.0
2.552083333333333,0.4860106241258461,0.8956545335727749,0.12550451591334247,17.697618371409593,1.0864557166988038,15.684318320608035,19382.929000000004,1.7528384037477842,564.0
2.5625,0.48596024835835905,0.8694442059780821,0.12254418987095844,17.89395681282154,1.083924610473251,15.475004149913012,19327.924,1.7400056290741066,564.0
2.5729166666666665,0.481553559243503,0.8447768476066653,0.1198668429216088,18.033568518157075,1.079628363105891,15.3550146444854,19327.924,1.7292016596908568,564.0
2.583333333333333,0.4822121684375951,0.8246090281804759,0.11755772648730894,18.119699045424582,1.0735348088964118,15.337106043507383,19675.799,1.721853727428099,564.0
2.59375,0.4854772796974187,0.8102584843300392,0.11571238746143821,18.152382659605106,1.0657825450369043,15.365427448754945,19745.929000000004,1.715885462725598,564.0
2.6041666666666665,0.48584388940797624,0.7992023635869538,0.11429565644788808,18.135025470494575,1.0565228529653263,15.409833350342703,19745.929000000004,1.7108195161041237,564.0
2.614583333333333,0.49126016960430247,0.7916550865198321,0.11312815611464822,18.074427437752774,1.0462263861382033,15.40178622996869,19207.422999999995,1.703597785118088,564.0
2.625,0.49602604303081943,0.7853061350502012,0.11221858190152323,17.97707139839043,1.0350069984343138,15.37203737672553,18942.584999999992,1.696141477200197,564.0
2.6354166666666665,0.4970669402341641,0.7792479043615902,0.11150619320161738,17.847250934187898,1.022931537939035,15.355455618830936,18942.585000000006,1.6898432849958478,564.0
2.645833333333333,0.49822473810525403,0.7738471520030319,0.1109776533304324,17.68133429820478,1.009561389263937,15.4506131744972,19899.646000000008,1.6898632307350934,564.0
2.65625,0.5005287784855477,0.7725266971164019,0.110773090754529,17.479972247077516,0.9950011947023817,15.658576329968733,20961.758,1.6957126733581387,564.0
2.6666666666666665,0.5045841243120572,0.7763200874715528,0.11089126135323919,17.257664195247106,0.9802521721078187,15.838239556431526,20961.758,1.7004631118921356,564.0
2.677083333333333,0.5061549631482986,0.7818517544429674,0.11147836572096084,16.999011278699857,0.964314590767015,16.176610008383367,22835.933000000005,1.7151649867048477,564.0
2.6875,0.5062128977572806,0.7919458926872345,0.11234694322753516,16.726774571751292,0.9486202607282743,16.485270542108342,23193.168000000005,1.7289850394502113,564.0
2.6979166666666665,0.5088076413341823,0.8053638701070666,0.1135443165114966,16.45338923115519,0.9337556851113904,16.691488380276862,23193.168000000005,1.7404062941037677,564.0
2.708333333333333,0.4934950275609885,0.8127569530866013,0.11467564738678047,16.18315421160246,0.9197885864498736,16.852409042142927,23589.235,1.752194615112476,564.0
2.71875,0.4761447178144456,0.817822174231228,0.11566757804114118,15.929998272613702,0.9072291229399264,16.94365479841928,23602.657000000007,1.7620737072062815,564.0
2.7291666666666665,0.46701750673074255,0.8237973224674815,0.11662724673979022,15.703678032930517,0.8962921258561777,16.983118154161502,23602.657000000007,1.770476701698019,564.0
2.739583333333333,0.45491428922198895,0.8251888795448021,0.11715305051942657,15.51851780774174,0.8873651083690478,16.912183925239532,22963.265,1.7743753560594502,564.0
2.75,0.4429321651799831,0.821705482124897,0.11727798391475992,15.378838758001754,0.8803490802644014,16.79146706801511,22570.872000000003,1.7762459566129125,564.0
2.7604166666666665,0.4345512148771371,0.8162143917020657,0.11713788729913453,15.288971103326785,0.8751370054878772,16.694223670326892,22570.872000000003,1.7784377122971566,564.0
2.770833333333333,0.4239067605017777,0.8065669258767346,0.11671445837713187,15.25546311132807,0.871614907992085,16.745443582207983,23560.312999999995,1.7858355113363795,564.0
2.78125,0.4177640272213657,0.7987184893708914,0.1162446976777039,15.292196209793449,0.8699237905893605,16.944172942834168,24694.622000000003,1.7977269137146257,564.0
2.7916666666666665,0.4165290427326904,0.7956269443727034,0.11584751049105181,15.4051665524187,0.8700699427044577,17.104149837627805,24694.622000000003,1.8072451196713126,564.0
2.802083333333333,0.4173094547384307,0.7935744578650743,0.11574540264829293,15.609261166273104,0.8719252186542678,17.429870304390082,26444.246,1.8241111520957904,564.0
2.8125,0.4227094996148303,0.7969846867969055,0.11575804811696465,15.891754294683665,0.875113854667448,17.65079095334513,26333.073000000004,1.8365542291656822,564.0
2.8229166666666665,0.4262265280904208,0.8004106577834144,0.11589979723265674,16.2429026674535,0.8792411773158338,17.76762130143051,26333.073000000004,1.8468563329566463,564.0
2.833333333333333,0.42788441033928054,0.8022259667861056,0.11591898009305619,16.640738041083686,0.8838652194462747,17.740114854264693,25808.296000000002,1.8530274348109366,564.0
2.84375,0.42719820816397225,0.8009344534341659,0.1157895068585931,17.073854133323188,0.8887637704256866,17.658805253721308,25598.676000000007,2.0820584331080023,564.0
2.8541666666666665,0.4256907425208193,0.7976570816709575,0.11551222982623024,17.531339197757905,0.8937859229987719,17.58588227314895,25598.676000000007,2.0794303370133114,564.0
2.864583333333333,0.42582583355092646,0.7946501089941896,0.11513729245853935,17.994300924227332,0.8987334611818889,17.48960760035608,25284.243000000002,2.0771284403490466,564.0
2.875,0.426395207637928,0.7914989382202885,0.11473514259401946,18.453729001329574,0.9035323159953823,17.39248324655874,25098.636999999988,2.0755255615896404,564.0
2.8854166666666665,0.42589396855930833,0.7875558583438278,0.11429658985423749,18.903977970869008,0.908141867292972,17.32306600225916,25098.637000000002,2.0743418399062175,564.0
2.895833333333333,0.43092791214996634,0.7864196722409247,0.11380112622932156,19.31550379338404,0.9122813091499851,17.107567177116497,23765.213000000018,2.0729584100360334,564.0
2.90625,0.43504247209913754,0.7831454975374565,0.11323030881513389,19.692751865280552,0.9160188439545789,16.825264865123405,22802.941999999995,2.073341876272949,564.0
2.9166666666666665,0.4344873893936174,0.7759103971277829,0.11254070994559,20.050119676759724,0.9195098629621609,16.625881063766965,22802.941999999995,2.07504863407882,564.0
2.927083333333333,0.43934105067415913,0.7710255844659243,0.11172145217122344,20.363691682453215,0.9225291554556533,16.324934509032754,21245.452000000005,2.0762772616674035,564.0
2.9375,0.44174054497778836,0.7637344352891613,0.11093245282501701,20.655625435705357,0.9252906144019429,16.099131044661018,21095.304999999993,1.8373350676998845,564.0
2.9479166666666665,0.44156216125309844,0.7555581055912418,0.11009550282255198,20.927542607384616,0.9277918635119002,15.959823529965755,21095.305000000008,1.8311607373029557,564.0
2.958333333333333,0.44721153118319423,0.7516322578882455,0.10949464858635236,21.179486533129857,0.9300004378310379,15.894513083810278,21155.481,1.8264231447408792,564.0
2.96875,0.4552872262765952,0.7513089275967882,0.10915839771243191,21.410522086296194,0.9318633278646886,15.879486037207814,21218.509000000005,1.8227842185047496,564.0
2.9791666666666665,0.46068508701143035,0.7520949139766779,0.10899082211825147,21.61879331453206,0.9333173976679462,15.887824797371634,21218.50899999999,1.8197201913862244,564.0
2.989583333333333,0.4742766107212151,0.7580938646452989,0.10920415337959213,21.803947756858285,0.9343144712403529,15.921999299577463,21357.929000000004,1.8178366788005684,564.0
3.0,0.4910026086111534,0.7676767369631038,0.10972256840563475,21.963344229402725,0.9348017523337058,15.969857610627411,21470.205,1.816719977874534,564.0
3.0104166666666665,0.5034756451929835,0.7776967577372901,0.11039356280541313,22.09350939453859,0.9347486245527448,16.01182920273515,21470.205,1.815690190379983,564.0
3.020833333333333,0.5232655574765143,0.7919692433322402,0.11128319023953041,22.188315752459626,0.9341889055615552,15.948501408234216,20601.259999999995,1.8104479900175807,564.0
3.03125,0.5416303516885477,0.8060810845687646,0.11227038531922429,22.249084874463033,0.9331981749934064,15.804686407319013,19783.508,1.8023813147960113,564.0
3.0416666666666665,0.5533856849520651,0.8174385160353242,0.11328201599251343,22.277706734549295,0.9317872608474268,15.694541345158813,19783.508,1.7960082493594502,564.0
3.052083333333333,0.5696741076603694,0.83108266797538,0.11424014554967146,22.273595091864063,0.9301415137082202,15.464136559931202,18192.350999999995,1.7823911978296547,564.0
3.0625,0.582930862336942,0.8429356139831478,0.11522832468906136,22.241118701047697,0.9282872186956638,15.207540364637405,17274.262000000002,1.766590810101969,564.0
3.0729166666666665,0.5913547928523881,0.8522706787345806,0.11621051797921182,22.179559634230255,0.9261586500429219,15.027556163910434,17274.262000000002,1.753169046322545,564.0
3.083333333333333,0.6036737647106714,0.8645011596908178,0.11711860921498532,22.098887849543313,0.9240192527393881,14.759693207138808,15482.392999999996,1.7314893475757784,564.0
3.09375,0.61358709802365,0.8758831021667575,0.11818092582147759,21.998896405009436,0.9217672324359865,14.516218197649849,14788.320999999996,1.7088202642334784,564.0
3.1041666666666665,0.6212303963235412,0.8864958750588495,0.11932253585386281,21.876312984596098,0.9193020789287694,14.353618112053447,14788.320999999996,1.6883505615362207,564.0
3.114583333333333,0.6331504795803917,0.9014274853608579,0.12066541656315846,21.737499145929217,0.9167238206251968,14.214058580597158,14187.837,1.6709034532268467,564.0
3.125,0.6468350668494194,0.9198274677443066,0.12235825176577331,21.580381957232902,0.9139608044299208,14.120186304471689,14000.418000000005,1.6757459492913318,564.0
3.1354166666666665,0.6610407666613357,0.9410162978353097,0.12435791441744094,21.403679529805064,0.9109669462904905,14.07426194274939,14000.418000000005,1.6821480369741582,564.0
3.145833333333333,0.6812021514700662,0.9685186884595157,0.12684019477665676,21.21160828234212,0.9077909224308888,14.048528707787098,13754.371000000017,1.6859365702684446,564.0
3.15625,0.7058999327323274,1.0016149958682559,0.12987650004129225,21.002864269336623,0.904392110129514,14.04716259062702,13700.079999999998,1.690625755506641,564.0
3.1666666666666665,0.7318158321355109,1.0388665964279373,0.13340590395315494,20.777657498716653,0.900762798219172,14.064855699236071,13700.079999999998,1.6965037747136749,564.0
3.177083333333333,0.7657638512510322,1.0837047004457971,0.1376425950218552,20.538784425635086,0.8969452631382409,14.089722741214992,13605.127000000008,1.7008513607440334,564.0
3.1875,0.8034396150331383,1.1347763905129393,0.1425546063328968,20.291034399652986,0.8930222418932954,14.10525243399077,13336.51999999999,1.7045736248084002,564.0
3.1979166666666665,0.8419201182206517,1.189893032927655,0.14816648806540536,20.031025851487108,0.8889569066456599,14.126965133253023,13336.51999999999,1.7112176443016274,564.0
3.208333333333333,0.8835084900560272,1.2510990863072797,0.1544511101190986,19.77250501301216,0.884986660577257,14.114217134064448,12732.39499999999,1.7148357800514802,564.0
3.21875,0.9261825951217135,1.315847368069163,0.16152760660677284,19.51155002853099,0.8810756374700702,14.090878488292397,12428.334999999992,1.7215962261392663,564.0
3.2291666666666665,0.9713197445249661,1.3832327072994275,0.16936286421726543,19.24315247162756,0.8771819094083619,14.07983567923379,12428.334999999992,1.7311576120896937,564.0
3.239583333333333,1.0179265753637985,1.454898992192338,0.17776885823127092,18.985937611304774,0.8735997018990018,14.034508845289704,11641.353000000003,1.4320985571400497,564.0
3.25,1.0645298706663446,1.5276304131308607,0.1869644060264357,18.73284840331588,0.8702419974896832,13.984504062397777,11250.645000000004,1.4197525979153212,564.0
3.2604166666666665,1.1146833144396764,1.6010266213110398,0.19690321156718013,18.476121648158248,0.8670277658963403,13.955032903680006,11250.645000000004,1.408202866884373,564.0
3.270833333333333,1.1630837042311175,1.6757491053615035,0.2079387974156899,18.200431168088063,0.8638135404189378,13.984457470274906,11945.406000000017,1.39996045310087,564.0
3.28125,1.2161585340319552,1.7551902723771446,0.22030249786920278,17.896518660438968,0.8605781437284589,14.09521802754852,13056.377999999997,1.3987964953168552,564.0
3.2916666666666665,1.2831150964829596,1.843473263510914,0.23354529125550455,17.591123335972288,0.8576705853029434,14.214410468939787,13056.378000000012,1.4006768506459724,564.0
3.302083333333333,1.3363011614314102,1.931695723122845,0.2498835380214892,17.22830872046488,0.8546800144084374,14.483685970686134,15506.572000000015,1.405844188951874,564.0
3.3125,1.3672705956984181,2.0206797389346716,0.2674843939962502,16.832221618581276,0.852001295665825,14.861316969842253,17039.092000000004,1.4248284808779306,564.0
3.3229166666666665,1.4228124610149004,2.1192092030131473,0.28615736069179726,16.442344587763877,0.8499744228011336,15.19695699098229,17039.092000000004,1.4415857768921856,564.0
3.333333333333333,1.336393085730822,2.1725538024676716,0.3064216990235231,15.991662576361303,0.8484293911771343,15.726461244880715,20309.198000000004,1.7849659490554475,564.0
3.34375,1.216920478991779,2.204996267197734,0.32355696227095615,15.52993574408237,0.8478808866006398,16.361314189923082,22016.557,1.7552140584384917,564.0
3.3541666666666665,1.1678482497928084,2.24877844011751,0.33899032931357365,15.109524716685897,0.8486431897413486,16.8348951236573,22016.557,1.7210828861694145,564.0
3.364583333333333,0.9870653780706241,2.2045754315577035,0.34615887937123846,14.69407878417935,0.8515129320629408,17.51657909171099,25666.159000000014,1.7268224621902863,564.0
3.375,0.8106207831901225,2.1089191708219195,0.33708818701243787,14.37264924342107,0.8574792677305977,18.277875435342033,27386.152000000002,1.7254752018331203,564.0
3.3854166666666665,0.7090885821330268,2.0173994831543896,0.32102009142598964,14.214226617617761,0.8670326420696634,18.722879129779745,27386.152000000002,1.7485814821738914,564.0
3.395833333333333,0.5920834402571749,1.8755905663769628,0.2973925478614854,14.263137091254537,0.8817772610613615,19.185254788757675,29598.455,1.7860494024290041,564.0
3.40625,0.5201095726214364,1.7336721441748937,0.2701179781182788,14.573225239598065,0.9013719356596887,19.51610167364803,30158.210999999996,1.8194373156532562,564.0
3.4166666666666665,0.4735201587090634,1.6084328228384266,0.2456277298622626,15.149905658927242,0.9247258999488692,19.649986932909616,30158.21100000001,1.846042813059201,564.0
3.427083333333333,0.45297153189687916,1.4983288313035505,0.22419787387227377,15.979902311955783,0.9505305815351686,19.684455557766643,30369.786999999997,2.0939289110011328,564.0
3.4375,0.44685588508967766,1.4081937722593365,0.20611915360019856,16.987527014381484,0.9759802106083612,19.514760737340136,29518.369999999995,2.082715066294803,564.0
3.4479166666666665,0.43381790711694,1.3218574616490093,0.19113124323909045,18.141533573091397,0.9998892313988158,19.344405036106874,29518.369999999995,2.0756975263294155,564.0
3.458333333333333,0.44367247996510767,1.2658059279917118,0.17927926485041557,19.29497862521698,1.01921695548911,18.902723615445325,27451.33600000001,2.0697890506969228,564.0
3.46875,0.45295576399281323,1.2144054205567365,0.1696314692472203,20.419378115191385,1.0339625296471793,18.385295102478874,26118.439000000013,2.0670423729074767,564.0
3.4791666666666665,0.448710629960648,1.1569279748879844,0.16121874566481167,21.53051528469994,1.0445068647327964,18.03233039442011,26118.439,2.0662144459019722,564.0
3.489583333333333,0.4630573944221918,1.1208964319280321,0.15390206804919082,22.450193534675073,1.0499853208658796,17.35317701482341,22491.777000000002,2.064246660408209,564.0
3.5,0.4675927010747703,1.0768338496239274,0.14743561244509065,23.253334594178526,1.0520743103818957,16.684738839045036,20816.732000000004,2.066425278607021,564.0
3.5104166666666665,0.4588601648343256,1.0242894335909343,0.14135941949760097,23.997522069573407,1.0513910274776541,16.243046677443445,20816.732000000004,2.070832386719105,564.0
3.520833333333333,0.459949035628586,0.9808847170166961,0.13569782714534465,24.622925003072673,1.0484364213010473,15.810367008232891,19198.975999999995,1.8384200536699409,564.0
3.53125,0.45853972779319707,0.9382519655642978,0.13071984270862733,25.17951270578955,1.0434531183551528,15.521310488804216,19053.424,1.8258417009724683,564.0
3.5416666666666665,0.4520878425019848,0.8984128158033898,0.1262690116673578,25.667780122029384,1.0365897946903257,15.35499451921489,19053.424,1.8156733651399626,564.0
3.552083333333333,0.45544061110871803,0.8674328938832773,0.12243221158967525,26.07627944017542,1.028220128822065,15.23590270043089,18636.625,1.8051823678750103,564.0
3.5625,0.46047113885829294,0.8426906497212486,0.11919344214975762,26.398763840349982,1.018922792275551,15.086253438946146,17664.426999999996,1.791650309481965,564.0
3.5729166666666665,0.45778353755286494,0.8180392373591049,0.11643923806253044,26.657526044154963,1.0084396067052248,14.994587249441421,17664.426999999996,1.780621876931997,564.0
3.583333333333333,0.4596294231556327,0.7980971541641663,0.11385721188717657,26.83310935055866,0.9982939453874937,14.768517790161667,15619.300000000003,1.7603491531683844,564.0
3.59375,0.4558659852657601,0.7759507799545144,0.11154238808309902,26.955111578280878,0.987842205479219,14.562463334951893,15037.551999999996,1.7403714583445244,564.0
3.6041666666666665,0.448327352403418,0.7533252708914256,0.10937502763393592,27.03126508668558,0.976801708127047,14.429381087187252,15037.551999999996,1.72289440163902,564.0
3.614583333333333,0.4434278352292808,0.7326055600154217,0.10736027925009291,27.062258774681737,0.9648244852674622,14.403606168958222,15577.318,1.7102765685567891,564.0
3.625,0.4417303166322424,0.7165009085236075,0.10564079169834811,27.043952332543988,0.9519929812069862,14.461116615782224,16046.596000000005,1.7014250970666953,564.0
3.6354166666666665,0.440007863809979,0.7047110198154254,0.10425997570503344,26.97581423532422,0.9387424165090814,14.541444893134097,16046.59600000002,1.6932652914335262,564.0
3.645833333333333,0.4394263556154562,0.6956710366293304,0.10318861535448642,26.855303651765926,0.9247446880639952,14.665415364602687,16527.513999999996,1.6888336671171884,564.0
3.65625,0.43813042038010247,0.6897934146010597,0.10240324814395432,26.68564229733338,0.910451822628657,14.783127310338864,16567.313999999984,1.6849385071643084,564.0
3.6666666666666665,0.43654090749075325,0.6861976506673034,0.10189674379137632,26.47002311268433,0.8960007465598833,14.882765155962213,16567.314,1.6814425621472993,564.0
3.677083333333333,0.43031154081103673,0.6824920655827508,0.10152647902054161,26.20799460778764,0.8813036076171897,14.982222373540964,16796.319000000003,1.679764672706436,564.0
3.6875,0.4208134976904547,0.6791975890008476,0.10130956392502773,25.896463100294586,0.8662481711608111,15.106745780946232,17301.343999999997,1.6813562551376875,564.0
3.6979166666666665,0.41526564686294487,0.6784757188074413,0.10124689356685455,25.547250053127385,0.85142200969684,15.209393651858406,17301.343999999997,1.682602116074091,564.0
3.708333333333333,0.3993519715403901,0.6748126514613952,0.10124320103422456,25.137644080390412,0.8359879852163363,15.397150352448609,18507.569000000003,1.691236496255012,564.0
3.71875,0.38435672525893916,0.6723859342652537,0.10130036680099899,24.679285025725676,0.8206044867894259,15.624022792854614,19245.705,1.7029480609607137,564.0
3.7291666666666665,0.37685331473393663,0.6734861992040558,0.10149267694423657,24.196311796785277,0.8061100640458198,15.800555568086322,19245.705,1.7127816917703993,564.0
3.739583333333333,0.3672470930775759,0.6727597397971673,0.10182652907147478,23.642570076052156,0.7912972376307247,16.138820599045413,21385.369000000006,1.7343356496662345,564.0
3.75,0.3641100345360368,0.6761397521714644,0.10227608343859981,23.057724448053847,0.77749286433086,16.52628453827002,22443.92199999999,1.7580154296935826,564.0
3.7604166666666665,0.36554105470165016,0.6833808369310015,0.10288784157899122,22.486879237369397,0.7657370756461953,16.803712470815086,22443.92199999999,1.7771789612473892,564.0
3.770833333333333,0.3659908373706789,0.6894710686020199,0.10363926233533084,21.914055794948986,0.7557090599395958,17.136380007619515,23910.334999999992,1.80152629004345,564.0
3.78125,0.36880757514711676,0.6975775301977973,0.1044245291472271,21.386872149677973,0.7483130550858214,17.412883873411197,24378.137000000002,1.8233337430472982,564.0
3.7916666666666665,0.3725349664722966,0.7066324434656704,0.10524948378275664,20.9328403454094,0.7438512848222161,17.56979366263161,24378.137000000002,1.8408075719298036,564.0
3.802083333333333,0.3746585082310569,0.7137824135642794,0.10605021644999046,20.553301231257382,0.7422841167410698,17.71751081239138,25057.293999999994,1.8587334664019726,564.0
3.8125,0.3789306842646444,0.7216091236584856,0.10678935102259386,20.26619453373585,0.7436255126082205,17.80144706304825,25149.024999999994,2.0817198516106017,564.0
3.8229166666666665,0.3827525419944271,0.7288013774103356,0.10746982669806199,20.072334071186432,0.7476118000211355,17.82380475216848,25149.024999999994,2.0755582224663294,564.0
3.833333333333333,0.3896210173072951,0.7362263243094646,0.1080886720435032,19.966348021626196,0.7538619051748913,17.797043700110077,25083.746,2.0707978619713954,564.0
3.84375,0.39761950169633953,0.7433510073011662,0.10862662246099687,19.93854195671441,0.7618844865277544,17.720321876686253,24850.538,2.0670532804092705,564.0
3.8541666666666665,0.40266260059993947,0.7482858984390907,0.10905605907552698,19.976559610329033,0.7712969413572436,17.64371320544594,24850.538,2.0643077906126255,564.0
3.864583333333333,0.4137173003962569,0.7546849798675056,0.10934279563337725,20.063506744189244,0.7812220275165327,17.44519699538306,23817.581999999995,2.0616891882278443,564.0
3.875,0.4234533538395806,0.7583206950520032,0.10948995069351876,20.185527083183864,0.7914198656221854,17.217032216012168,23275.247999999992,2.060460751570697,564.0
3.8854166666666665,0.4279945000142012,0.758181943809115,0.10945801606874944,20.33415636438913,0.8017923646066254,17.049934509446572,23275.247999999992,2.0600069585473415,564.0
3.895833333333333,0.4385668555653593,0.7597028050628998,0.10923836422708069,20.48941126236711,0.8114173442632802,16.766018479684526,21803.578999999998,2.059038967184921,564.0
3.90625,0.4464997725301035,0.7580033390168123,0.10888366130618916,20.647045787828112,0.8203978586959435,16.463391146725744,20968.464999999997,2.059551881692156,564.0
3.9166666666666665,0.4485169650837287,0.752382476160598,0.10837502251523849,20.80778841537187,0.8289496176536864,16.253197781212908,20968.464999999997,2.0610126097172494,564.0
3.927083333333333,0.45523138276813374,0.748516956344607,0.10774107365623259,20.957640228636066,0.836457408666799,15.984388362891307,19661.062999999995,2.061850968182139,564.0
3.9375,0.459771893262203,0.7431356419073291,0.10714796179895864,21.102979194765087,0.8433338989358931,15.78882119869018,19552.901000000013,2.0642774505905654,564.0
3.9479166666666665,0.46125799903005305,0.7371568564709647,0.1065291237881314,21.242324265469602,0.8495355833642483,15.668483342172776,19552.900999999983,2.0666784723638933,564.0
3.958333333333333,0.46834473699842666,0.7353911842290568,0.10615639710145132,21.374443845428633,0.8550179659765467,15.61839174816414,19669.486000000004,2.068890763098977,564.0
3.96875,0.4779145966955826,0.7374772782568777,0.10602759948584399,21.495217228864163,0.8596290925576137,15.58032848593371,19422.881999999998,2.0706311978290333,564.0
3.9791666666666665,0.48423659899350013,0.7403279986780174,0.10608493982256348,21.604732887422486,0.8634073355777023,15.566194812676105,19422.881999999998,2.0725574225456285,564.0
3.989583333333333,0.49503195101846864,0.7460787302504825,0.10618249353292113,21.69242927560823,0.8660910141231203,15.377023100914924,17493.705,2.073923789944212,564.0
4.0,0.501831532466329,0.7489902436879792,0.10631319540153497,21.76469827065061,0.8680140708974652,15.140844782150612,16530.312000000005,1.8281755206324264,564.0
4.010416666666666,0.5039174157425745,0.7486379447762241,0.10637690155675834,21.82568347987578,0.8693673108673065,14.971014289385051,16530.312000000005,1.8165351081137837,564.0
4.020833333333333,0.5099246862180052,0.7498699112195389,0.1063361225975497,21.870485317644956,0.8701307466214907,14.738474033206323,15013.943,1.7984330321011162,564.0
4.03125,0.514830732031062,0.7500448566920497,0.106336477228282,21.90336352009935,0.8704737462564229,14.533464770779425,14423.220000000001,1.7801105979149883,564.0
4.041666666666666,0.517144829461763,0.7492317949879419,0.10633320283872993,21.925704735168054,0.870458745906592,14.400490789363488,14423.220000000001,1.7640329209807764,564.0
4.052083333333333,0.5245308541039014,0.7516291661786906,0.10638417478224615,21.936532561722213,0.8701453914305075,14.247280528079072,13320.978999999992,1.743149783038362,564.0
4.0625,0.5314318423016594,0.7547985349505643,0.10656935523605424,21.937766146171313,0.8695942729106488,14.10691039887358,12657.002999999997,1.7206696412458664,564.0
4.072916666666666,0.5358483988522132,0.7577665603498916,0.10685693000562015,21.929911090626998,0.8688054690491873,14.021969532139346,12657.003000000012,1.7001691123474107,564.0
4.083333333333333,0.5430115776907609,0.7637523131522359,0.1072182584493585,21.914934428331332,0.8679005543656775,13.901507826065556,11357.866999999998,1.6730329114425624,564.0
4.09375,0.5491347936705891,0.7702618164214643,0.10775867559324662,21.893644301226118,0.8668725301149958,13.796703901839368,10777.166000000001,1.6723480644493842,564.0
4.104166666666666,0.5540183488832021,0.7768810788144429,0.10841777742976,21.86532972707354,0.8656811612874371,13.739378148591543,10777.166000000001,1.6804010581860613,564.0
4.114583333333333,0.561911496533323,0.7866590810613096,0.10918434035238969,21.833558009443106,0.8644634051179788,13.669017272065636,9748.29800000001,1.6842589428955457,564.0
4.125,0.5700550475653559,0.7978336431219722,0.11016880611017828,21.797686115941246,0.8631772889947675,13.618252712848308,9303.112800000006,1.6919991034699766,564.0
4.135416666666666,0.5780930719330624,0.8100747100547938,0.11132976962583965,21.756304195854344,0.8617700352893739,13.604360884442208,9303.112800000006,1.7037922545028223,564.0
4.145833333333333,0.5899244004581855,0.8262254450891696,0.1127866793674985,21.70903515568876,0.8602322515016994,13.62338443294133,9357.490099999995,1.7153649492632979,564.0
4.15625,0.6057943975697118,0.8471761111703563,0.11466749810213805,21.65280138041365,0.8584728621392171,13.689311229926744,9895.399000000005,1.7299130185900224,564.0
4.166666666666666,0.624522309140801,0.8734134458333133,0.11690597787146435,21.590072306919094,0.8565778257733448,13.769928414822752,9895.399000000005,1.7354536509641734,564.0
4.177083333333333,0.6504108375527132,0.9072262663379138,0.1199428408079149,21.51193895289644,0.854295208574252,13.910237549860334,11098.012000000002,1.4308981475389746,564.0
4.1875,0.684463517843054,0.9510749948278437,0.12369161206969226,21.421593528551785,0.8517444655849582,14.072680683239666,11585.426999999996,1.432214529125071,564.0
4.197916666666666,0.721795315607285,1.002927621461776,0.12816443895486104,21.32234270185191,0.8490394084651554,14.223193072364971,11585.426999999996,1.4326186284623594,564.0
4.208333333333333,0.7671440661177844,1.064004883642963,0.1337797291389799,21.205473748103284,0.84597930424902,14.395798253360704,12493.565000000002,1.4333319836739313,564.0
4.21875,0.819994181422832,1.1350942711813776,0.1403673373075036,21.07541086465112,0.8427368268199429,14.556492621454316,12793.926999999992,1.4388375286102368,564.0
4.229166666666666,0.8758439571550586,1.2134510189823824,0.1479217204423529,20.935046549472354,0.8394430308315035,14.684113286370874,12793.926999999992,1.7508065490840239,564.0
4.239583333333333,0.9326879324813272,1.2982581109321147,0.1565085804855267,20.788175773826357,0.8362425230279671,14.754111682951265,12495.835999999996,1.7488008040761036,564.0
4.25,0.9894392075746152,1.3866019133841885,0.16609465845221227,20.634940522828423,0.8331891685506387,14.776589321446298,12248.60500000001,1.7485837633547814,564.0
4.260416666666666,1.0489959254864583,1.4768227106689356,0.1766552352050855,20.47257458028217,0.8302865884991635,14.779637678654815,12248.604999999996,1.4386286954604754,564.0
4.270833333333333,1.1026572101611032,1.5680912895921957,0.18834951450120074,20.296337148939873,0.8275307762887383,14.793155468071658,12578.517999999996,1.4381635051760167,564.0
4.28125,1.154722248733952,1.661304120224906,0.201264274274297,20.102094432322954,0.824964776065778,14.836334540141841,13130.928999999993,1.4405895158563302,564.0
4.291666666666666,1.218293601529974,1.7593716666749484,0.2151992752623511,19.89744565713879,0.8227746338379854,14.874896624444236,13130.929000000007,1.749609526384444,564.0
4.302083333333333,1.2594131704870954,1.8534437396981198,0.23114750100039588,19.65850046171074,0.8208359595051244,14.996418019149647,14570.728999999992,1.7610967140710958,564.0
4.3125,1.2750095633448384,1.9430854084200568,0.24869537696071536,19.376287734329125,0.8193135070952365,15.238256757065972,16360.293999999994,1.7611047702172726,564.0
4.322916666666666,1.3196859209238796,2.0428512169793396,0.26704723089579213,19.08125066946662,0.818491443031774,15.461091770496648,16360.293999999994,1.732041222755794,564.0
4.333333333333333,1.2400838923926762,2.1038255839291415,0.28854536763847427,18.695803174918463,0.8184215032628288,16.000241483732946,20631.546000000002,1.7531941826234667,564.0
4.34375,1.1390765964834544,2.1539159315839336,0.30886483442682067,18.257660450361964,0.8195500798370936,16.786025217023592,23081.857000000018,1.731633681220139,564.0
4.354166666666666,1.1093237001297582,2.222243794734371,0.32879111755780166,17.829515802681822,0.821920861961216,17.402966306966764,23081.85699999999,1.7141149583813253,564.0
4.364583333333333,0.9319992164397098,2.1869421105305746,0.3431114390041811,17.333963516280868,0.8269073307227758,18.543046631203236,29457.252000000008,1.7726710772472078,564.0
4.375,0.7688516988881196,2.101579475130641,0.33911418765383367,16.91179679060875,0.8356043334738394,19.876138146131712,32695.891999999993,1.839429785127723,564.0
4.385416666666666,0.6873304089092602,2.0311719198678286,0.3270206706682387,16.691283745407045,0.8484684837926735,20.667781944381257,32695.892000000007,2.104236669318748,564.0
4.395833333333333,0.5943647650725726,1.9130762938236479,0.3065991788926857,16.73309892256475,0.8673221082366122,21.296753118058646,34712.656,2.0833071087829156,564.0
4.40625,0.5429950836606132,1.8003131746391428,0.2816903035394672,17.074906625530918,0.8910235391891483,21.449338973357072,34163.23999999999,2.0685145580011897,564.0
4.416666666666666,0.5054081688332898,1.6923476466184548,0.2588090402079704,17.70297930144096,0.9188958437126735,21.379005627313436,34163.240000000005,2.065733445527254,564.0
4.427083333333333,0.4950579127148904,1.6052756831400035,0.23802926902423308,18.52610054872455,0.9477038508873817,20.996748811931827,32413.358999999997,2.0739040674217706,564.0
4.4375,0.4884176750853821,1.519340697291028,0.2197282557173968,19.482305586822566,0.9760582555348487,20.664058204986112,31322.743000000017,2.082363589628494,564.0
4.447916666666666,0.47346329486446426,1.4303936653807257,0.2038458761704144,20.541885174138933,1.0032458244377735,20.594931846523586,31322.742999999988,2.0926928337533877,564.0
4.458333333333333,0.485467003384712,1.3741919865753374,0.19101948403566293,21.563997525643774,1.0259847687120662,20.236152301016567,28918.739,2.0919223343317084,564.0
4.46875,0.49590165720743234,1.3204730057218037,0.18045549961335972,22.535729909515798,1.0445615088501752,19.754916451522114,27482.944000000003,2.0866407659977146,564.0
4.479166666666666,0.49068379725114397,1.2584555439548561,0.17114671402564094,23.475830195876256,1.059541491336244,19.431739872967363,27482.944000000003,2.0839001220840023,564.0
4.489583333333333,0.5061558550644262,1.21941658421928,0.1630156905611546,24.250756969121177,1.0693737172903115,18.660130267203538,24024.985,2.066449973813795,564.0
4.5,0.5112434113763227,1.1722466340826871,0.15588265016789465,24.923272525521785,1.07569620178794,17.852044550675675,22503.073000000004,2.0457418522012203,564.0
4.510416666666666,0.5020395304614602,1.1166453851814315,0.14925581096562462,25.53426709846737,1.0791873462408343,17.226340124858847,22503.073000000004,2.044758008914618,564.0
4.520833333333333,0.5039450823162098,1.0711703480516772,0.14311387219569308,26.038282267208775,1.0799008697031138,16.581142208148613,20838.152000000002,2.0459304415380086,564.0
4.53125,0.5023562896821779,1.0255615757102787,0.13770294252280374,26.47165580092929,1.0782648852824952,16.124830808327435,20533.227,2.0483554389485947,564.0
4.541666666666666,0.4943288755647209,0.9815169340615824,0.1328359026896516,26.838193793514236,1.0743533605736064,15.853809806020719,20533.227,2.050890003058999,564.0
4.552083333333333,0.49474075403879636,0.945150227974014,0.12851644644451204,27.128871504447144,1.0683924673934517,15.665974413102576,20071.608999999997,2.052994313289423,564.0
4.5625,0.49415464840192136,0.9130524964554579,0.12475880663991086,27.346046992626277,1.0606238775416905,15.519456231878001,19579.883,2.0551829128596037,564.0
4.572916666666666,0.48777827626328246,0.8825175292215817,0.12149001963275217,27.496695159106526,1.0510344041442508,15.44344706590712,19579.883,2.0577375971989533,564.0
4.583333333333333,0.48269549022084274,0.8555385721487405,0.11846344347980262,27.578359390924284,1.0403292741705081,15.326256975100176,18657.062999999995,2.059710568179361,564.0
4.59375,0.4744523304902073,0.8291916091511194,0.11576584196665615,27.600613516561495,1.028429827622655,15.230878560102738,18380.178,2.0626148644985465,564.0
4.604166666666666,0.4648569437452962,0.804645598849674,0.11335411110950123,27.56667536681495,1.015342894738884,15.182448998346048,18380.178,2.0657172915643542,564.0
4.614583333333333,0.4550160568768088,0.7821156400479774,0.11113235888361245,27.47887136042133,1.0012518023175918,15.170994623704747,18357.30900000001,2.06857438676363,564.0
4.625,0.4458006170789289,0.7628271635293291,0.10921091244991508,27.339357046595758,0.9862617101998565,15.193037333436571,18417.682,2.0712141119219085,564.0
4.635416666666666,0.4381377362154306,0.7470716162572617,0.10760493164728702,27.151489533914635,0.9705943774878601,15.231268838498039,18417.682,2.0734707511395705,564.0
4.645833333333333,0.42842087134037576,0.7325973505550558,0.10616396839926469,26.920814717613865,0.9545644639845028,15.262308830189014,18266.785999999993,2.0754207058355316,564.0
4.65625,0.41738593396220036,0.7195245785850058,0.10491409539159574,26.65254628978544,0.9383942383522883,15.278972113243244,18079.497000000003,1.8425311801577795,564.0
4.666666666666666,0.4086862280733391,0.7084225576392709,0.10387145947028034,26.348168405699507,0.9220973749923828,15.300054128051672,18079.497000000003,1.8394800654555505,564.0
4.677083333333333,0.39513652630316504,0.6964336826016606,0.10283943525381481,26.016042674796033,0.9060582869072172,15.304175934396413,17845.626000000004,1.835800196124647,564.0
4.6875,0.3787864840889317,0.6837961413038156,0.10188216131799005,25.652014891717606,0.8900470055413127,15.334628767965139,18056.202000000005,1.834087263078815,564.0
4.697916666666666,0.36788084171404073,0.6737685090510813,0.10104745493501593,25.26437263415274,0.874417429929534,15.369640496322516,18056.202000000005,1.8326427675708774,564.0
4.708333333333333,0.3482514128027565,0.6607331224086314,0.10019017452945973,24.844877302565273,0.858844235655747,15.461212082068913,18642.377999999997,1.83470266803362,564.0
4.71875,0.32952795817070013,0.6484146656819874,0.09939476453955075,24.39809234986177,0.8435301149372726,15.604245581204271,19248.61,1.8394587626875358,564.0
4.729166666666666,0.31883044518397596,0.6403269050311029,0.09875462052305302,23.945562914708415,0.8291507943670271,15.724835073678106,19248.61,1.8431359642024387,564.0
4.739583333333333,0.30581678635787657,0.6305096560059141,0.09831563850949343,23.433722177151186,0.814069447207636,16.097696820416907,21966.952000000005,2.0821275084657183,564.0
4.75,0.30097055718517496,0.6282864250011052,0.09819747841688611,22.908883069259595,0.7997701788680135,16.58595063173163,23414.252999999997,2.0768690950647297,564.0
4.760416666666666,0.3016576091418317,0.6327542590745735,0.09843630607106676,22.42176461781476,0.7875213374999929,16.95432970782421,23414.252999999997,2.070742622747911,564.0
4.770833333333333,0.30157680509890533,0.636907165607474,0.09909114691255454,21.936011982813202,0.7764111178726191,17.552303226661763,26379.630999999994,2.0669761876912314,564.0
4.78125,0.307612673595059,0.64855595662285,0.10013857880505095,21.511078791041953,0.7679750698861417,18.19098802354835,27855.872999999992,2.061323179091728,564.0
4.791666666666666,0.315692656723358,0.6648573145402461,0.10146783232777765,21.18464621728982,0.763026775105332,18.593299815996257,27855.872999999992,2.0568966714776504,564.0
4.802083333333333,0.3245223609271959,0.6809921583653537,0.10317227916286606,20.940163722513432,0.7615488219419554,19.17798138789023,30320.02799999999,2.0811469436792804,564.0
4.8125,0.33957454609270654,0.7040201002668789,0.10511747033060248,20.798864846752753,0.7639616034087785,19.890577588460236,30825.447,2.10969031622096,564.0
4.822916666666666,0.35238949887914,0.7270876213358729,0.10713702130973438,20.74715101203195,0.769876632657003,20.646955210302515,30825.447,2.1350661304319605,564.0
4.833333333333333,0.3704178467770656,0.7520158589938732,0.10928568478338208,20.763578331284574,0.7788535493869014,21.401721132771748,31257.073000000004,2.159008931115876,564.0
4.84375,0.39116336597798257,0.7781873042422323,0.1113835778371711,20.82528206458639,0.7900218048986162,21.91154482103324,30924.872000000003,2.177532207227743,564.0
4.854166666666666,0.405515472380903,0.7993760353314083,0.1132806035614168,20.911061058338483,0.8027932634148933,22.276270636602575,30924.872000000003,2.1933236668202563,564.0
4.864583333333333,0.4290666062164783,0.8227004262402117,0.1147722868792654,20.996186108996458,0.8155390435975145,22.00329569916124,28743.292000000016,2.1967500757372695,564.0
4.875,0.44748814957613053,0.8370676517423224,0.11577568787084509,21.070986758740734,0.828098379692733,21.53685826899249,27578.479999999996,2.195694703936369,564.0
4.885416666666666,0.4558863850194809,0.8417656932039322,0.1162875846296844,21.13031762762699,0.8405734007672474,21.266433353619757,27578.48000000001,2.195986566018469,564.0
4.895833333333333,0.4742293820378594,0.8486607060913425,0.11635795909681562,21.16603756522297,0.8517660007011629,20.69538569283522,25617.638999999996,2.1880289658482077,564.0
4.90625,0.4897965322892763,0.8501735922732669,0.11617504306955234,21.179657211623145,0.8619872909786923,20.14597876316223,24809.261,2.178934209792718,564.0
4.916666666666666,0.496298342312352,0.8459171476668076,0.11573321851844433,21.171077441681664,0.8713783039597451,19.80720433355589,24809.261,2.172037176233964,564.0
4.927083333333333,0.5128077420575277,0.8455878788121445,0.11514854513788436,21.14252047172257,0.8792459501433549,19.29773334797903,23244.179000000004,2.1593925593886794,564.0
4.9375,0.5254828933144999,0.8423147518990189,0.1144771903752463,21.097057464032638,0.8857772583683696,18.744737493967953,22189.589000000007,2.1444483349450634,564.0
4.947916666666666,0.5290065706616053,0.8345332211945801,0.1137232197873225,21.034471559229452,0.8912303392680809,18.364320833503587,22189.589000000007,2.13208129643148,564.0
4.958333333333333,0.5370891454913471,0.8292334352612863,0.11282037483423815,20.963062856427467,0.8951712892691296,17.789607041102197,20250.850000000006,2.112241849340486,564.0
4.96875,0.5401527300856046,0.8208087880399086,0.11191876739557428,20.882600927168344,0.897940528028976,17.22587533623842,19358.35499999998,2.0910415000606757,564.0
4.979166666666666,0.5378691302051245,0.8097728371414569,0.11098382686776308,20.790636074065343,0.8996686970417961,16.80535927865831,19358.354999999996,2.072475781707534,564.0
4.989583333333333,0.5380961295667871,0.8010579767833733,0.10994900025339327,20.69787488516886,0.9002849681590182,16.250843190470153,17493.39,2.0464022801190103,564.0
5.0,0.5343974649070381,0.7902725310653879,0.1089667119348421,20.601025147045394,0.9000001129704289,15.713100309791201,16676.305999999997,2.0415821175264455,564.0
5.010416666666666,0.5283441370264826,0.7781891657446859,0.10799472577486337,20.49597221785912,0.8988338011735326,15.293779601943086,16676.305999999997,2.044716702355206,564.0
5.020833333333333,0.5263997789933381,0.7691888183815611,0.10700868756157304,20.394064724456914,0.8970036713633909,14.865068001482339,15049.455000000002,2.0470812246680476,564.0
5.03125,0.5241082441093622,0.7600427166639113,0.10614046661805766,20.291262651562082,0.8945776772396178,14.517556729854125,14249.035000000003,2.0509324446949893,564.0
5.041666666666666,0.5200947592042464,0.7504586552282223,0.10534494092102083,20.18216687788115,0.8914686039059915,14.297102244125094,14249.035000000003,2.05603873033239,564.0
5.052083333333333,0.5214885055742466,0.7446076814078844,0.10462251490858242,20.077998372023814,0.8880674910687228,14.074346795111929,12875.37999999999,2.060925300039933,564.0
5.0625,0.5226000415347232,0.73959889387199,0.10409004374202338,19.97293189464014,0.8842781304160109,13.904112349704125,12345.976999999999,1.828239787531512,564.0
5.072916666666666,0.5223275594038863,0.7352013863155232,0.10368562817497885,19.86255781208268,0.8799743833763012,13.808308053646167,12345.976999999984,1.8102219361786664,564.0
5.083333333333333,0.5259948920688367,0.7346494759070871,0.10345288415481672,19.754823179918716,0.8755124657978682,13.717897353111832,11489.135999999999,1.7886784819380581,564.0
5.09375,0.5303201096591468,0.7362669156047524,0.10346029723553611,19.646102159616593,0.8708011612081603,13.655237231417164,11077.453999999998,1.7666403916895752,564.0
5.104166666666666,0.5340043695107756,0.7393569423912925,0.10366372432735617,19.532338474341415,0.8656987867265517,13.63646442517792,11077.453999999998,1.7460688004519762,564.0
5.114583333333333,0.5409811207559851,0.7462257168284189,0.10405046559522649,19.424242710410336,0.8607310550775075,13.598786654971562,10074.043000000005,1.720378915324545,564.0
5.125,0.5481732300911523,0.7548398463015283,0.10468435913402836,19.316829906097876,0.8557167185427319,13.57217209564537,9605.679499999998,1.6934626271472542,564.0
5.135416666666666,0.5549674738830924,0.7646345170263136,0.10551268094672134,19.204962519004344,0.8504461984579729,13.57736175228605,9605.679499999998,1.6687619204179325,564.0
5.145833333333333,0.5648134001329491,0.7779884781523961,0.10652492801299084,19.098086613093134,0.8453931086798351,13.574492980212806,8824.734100000001,1.6724076005895245,564.0
5.15625,0.5756393351490633,0.7936513710793529,0.1078062456712763,18.991221212255496,0.8403466661742646,13.585159609655264,8505.025999999983,1.6789974011174875,564.0
5.166666666666666,0.5869882570517997,0.8113262982343002,0.10932392643566302,18.880448412444547,0.8351429674505645,13.61971662742291,8505.025999999983,1.6881791545355325,564.0
5.177083333333333,0.6018528047010511,0.8332686891957736,0.11110616574580669,18.77259698960718,0.8301201568421887,13.655404304125755,8000.5257999999885,1.6936997800717084,564.0
5.1875,0.6190515219003793,0.858877020449608,0.11325776698007907,18.662544250599712,0.8250536491271904,13.705525170715978,7902.310700000002,1.7040840866260107,564.0
5.197916666666666,0.6379962458564105,0.8880738339579773,0.11575194764340772,18.548965298220796,0.8198997734483264,13.769527516449637,7902.310700000002,1.7157694081505774,564.0
5.208333333333333,0.6620767394817265,0.9230714021557631,0.11871554323022046,18.432276436915682,0.8146954153157788,13.842908746970277,7875.198499999995,1.7263938589659218,564.0
5.21875,0.6904965761541945,0.9641461540393428,0.12220638205468361,18.312641076410355,0.8094651538311135,13.921823098117073,7842.590499999991,1.4272616753742597,564.0
5.229166666666666,0.7216241864532605,1.010650721846202,0.12624795012240203,18.18966192825742,0.804209239433785,14.003706561265414,7842.590499999991,1.4158808925345356,564.0
5.239583333333333,0.7564951007630908,1.0636585896627555,0.1308807372303636,18.069096972725387,0.7991828821674498,14.075652358607282,7496.221099999995,1.4035628221713017,564.0
5.25,0.7938032633319732,1.1218846190955272,0.13617975327652165,17.94905094798633,0.7943091070519492,14.141604500306038,7296.170299999998,1.390316928721585,564.0
5.260416666666666,0.8340627168474483,1.1844919141393742,0.1421566824380508,17.826504828286744,0.7894746721539577,14.207365383215555,7296.170299999998,1.3773457385070638,564.0
5.270833333333333,0.8750615407728598,1.2518993911054144,0.14891530731234046,17.699065886213344,0.7846042183639165,14.276883200099457,7445.9897000000055,1.3659766500491048,564.0
5.28125,0.9174115827239473,1.3243411377341943,0.15658129571662616,17.56235508684322,0.7795641555335556,14.356117434019994,7851.289900000003,1.3574140149598253,564.0
5.291666666666666,0.9673271414562462,1.4033682593187873,0.1650918754442772,17.42356832458986,0.7746503413286779,14.432317244553632,7851.289900000003,1.3507789620402029,564.0
5.302083333333333,1.0085839457921615,1.4850847193957089,0.17499415000834295,17.264387996643986,0.7692753566632843,14.532294025160901,8889.701999999987,1.346455203258788,564.0
5.3125,1.0382910662213398,1.5695211894365766,0.1860216327070538,17.08766746204627,0.7636470309861044,14.65267709990559,9768.864000000005,1.3503090519975276,564.0
5.322916666666666,1.0830539725742736,1.6619019799503834,0.1980783176280493,16.909942306282435,0.7583603908277777,14.762935555345539,9768.864000000005,1.3559465351228892,564.0
5.333333333333333,1.0563355466389999,1.7371491607913812,0.21170030342000598,16.693861844059434,0.7524584531391092,14.938226573276383,11883.453000000009,1.3647153738354467,564.0
5.34375,1.0050186220772408,1.8039383778095677,0.2253930845151555,16.456568176594338,0.7466722897688691,15.16488210936284,13188.673000000006,1.388033050531278,564.0
5.354166666666666,0.992713789760206,1.8784015566602754,0.23924261318729936,16.225053743642114,0.7417690763373672,15.36802752481601,13188.673000000006,1.4084477144768202,564.0
5.364583333333333,0.8869295248316649,1.8998713431552423,0.25222094746854756,15.938970509326039,0.7368177757935468,15.77459295149015,17142.84700000001,1.434831129157132,564.0
5.375,0.7765114866395386,1.8886251723256942,0.2588588099180772,15.648652771332726,0.7332844737487538,16.352749199718147,19265.98199999999,1.7918747449475487,564.0
5.385416666666666,0.7180511177027654,1.8780457371616697,0.26098914757713243,15.406160470506807,0.7319869792348271,16.83855384145418,19265.982000000004,1.7323485844274416,564.0
5.395833333333333,0.6278871951405347,1.8171233188066889,0.2577367100688837,15.207541228075518,0.7332891785478395,17.392384870122093,22074.464000000007,1.7282339363609327,564.0
5.40625,0.5673703540239609,1.743521692204481,0.24825157531502476,15.113493327828204,0.737703757077123,17.84975046894283,22822.570000000007,1.731808553414962,564.0
5.416666666666666,0.5296406176636205,1.6730567717750575,0.23696609290368958,15.151034538321044,0.7450212367240018,18.082272852430755,22822.570000000007,1.7593881859393643,564.0
5.427083333333333,0.5011573325609454,1.5930368298668196,0.22436386785399362,15.338620812668639,0.7552073676508299,18.217947461145272,23565.197000000015,1.792071040562366,564.0
5.4375,0.4889010466929253,1.52074014374012,0.21157662721659096,15.667816859147765,0.7671443280031875,18.16657335330301,22990.266999999993,1.8161502660356943,564.0
5.447916666666666,0.4738283676746892,1.4492829595729302,0.1999283741320515,16.13213884423699,0.78035805477331,18.055128508881864,22990.266999999993,1.8370423918007974,564.0
5.458333333333333,0.4814296295514866,1.39936860600927,0.1899030349039613,16.666345118015027,0.7930443435192831,17.7200183019358,21244.242,1.8446349886975189,564.0
5.46875,0.4885954691131654,1.3520866517397925,0.18148378238149093,17.256977678522556,0.8050840076424739,17.336535491192464,20401.217999999993,1.8483662113702097,564.0
5.479166666666666,0.4850579333752703,1.301440760634512,0.17399850514618667,17.904695389005454,0.8164864815727574,17.04031854451682,20401.217999999993,1.8532208574975813,564.0
5.489583333333333,0.4982719657848736,1.264857938179013,0.1674981235193167,18.548043177264432,0.8262571868520253,16.701635791652908,19183.475000000006,1.8514651821065353,564.0
5.5,0.5115057777620112,1.2318863248456333,0.16208420211588656,19.188389510289927,0.8346076096989578,16.396102906388478,18625.954999999987,1.8486915617342579,564.0
5.510416666666666,0.5140111740334717,1.1974208761018745,0.15732197778394716,19.82936200424613,0.8416755156050646,16.17788996549269,18625.955,1.847604449572654,564.0
5.520833333333333,0.5303731798770744,1.174087992582534,0.15317839173239406,20.415148867609744,0.8470314247507876,15.91077838990308,17355.914000000004,1.8404060526628934,564.0
5.53125,0.5439424487000994,1.1526610535250446,0.14976387538533006,20.958862621868104,0.8510498161088793,15.657873344337993,16702.453999999998,1.8321812588919002,564.0
5.541666666666666,0.5469842157327196,1.129126921035856,0.14677323177891435,21.475011681924176,0.8539778808509301,15.479280780578813,16702.453999999998,1.826159787389203,564.0
5.552083333333333,0.5578817232236648,1.1117873164740424,0.14406340503395199,21.929714608911105,0.855783673701569,15.280684758117282,15723.839000000007,1.8159313931996275,564.0
5.5625,0.567707562651801,1.0959003130898104,0.14188439279714193,22.3473327195669,0.8567240201167575,15.137140644703155,15643.394,1.8075607643693203,564.0
5.572916666666666,0.5715533608007911,1.0810787372650923,0.1400274591520151,22.726544960865873,0.8568759886993511,15.04633936088258,15643.394,1.800574990248025,564.0
5.583333333333333,0.586981388575624,1.072353550024002,0.13860984187491154,23.06794008363046,0.8562984124596494,15.011402366025196,15816.824000000008,1.7955773782487918,564.0
5.59375,0.6073386857681173,1.0706554276210116,0.13773702402480711,23.363584466484486,0.8550646189715119,14.9983696966337,15742.402000000002,1.7906856627266705,564.0
5.604166666666666,0.6209495313606913,1.071614502935508,0.13734589911185116,23.613735771449342,0.8532445846663749,15.00212508741406,15742.402000000002,1.786432063306895,564.0
5.614583333333333,0.6422958012365448,1.0783065623188708,0.13720022766607973,23.804311808533775,0.8510959270996984,14.923732429409807,14593.917000000001,1.77590838032589,564.0
5.625,0.6600618622477101,1.0851961967886965,0.13741357762959805,23.94950191570185,0.8486740059545137,14.816849419574028,13989.137000000002,1.7637543996341516,564.0
5.635416666666666,0.6702099372011708,1.0902052732372165,0.13783669007585544,24.058187340252562,0.845947883929171,14.73840090834741,13989.137000000002,1.753383577851183,564.0
5.645833333333333,0.679939913535856,1.0959036312278232,0.13825070857820143,24.129011587338027,0.8430682505299177,14.657816891173555,13524.358999999993,1.7412535048067632,564.0
5.65625,0.6854989344744234,1.101823844476359,0.13889512158343476,24.167023956244144,0.8399685932064507,14.615024724098653,13616.457999999999,1.7311095601100064,564.0
5.666666666666666,0.6907527083854342,1.1100185644752223,0.13974501221896962,24.17264461150696,0.836706121907058,14.59808405227179,13616.457999999999,1.721823560731508,564.0
5.677083333333333,0.6908928646767415,1.1187576999346547,0.1408045305695455,24.146150855105677,0.8332238614276599,14.625406500135664,13976.794999999998,1.7155840930206263,564.0
5.6875,0.6868020041725067,1.1293994074780458,0.14215271050248085,24.086080681803317,0.8295002668220576,14.700796573225643,14509.953999999998,1.7130148045900233,564.0
5.697916666666666,0.688322391859658,1.145029361467497,0.14379213866574245,23.995452692086836,0.8256983111994199,14.776246851998177,14509.953999999998,1.710199782253969,564.0
5.708333333333333,0.6712354966051756,1.1553884925487117,0.14564720658610125,23.86581503338608,0.8215063081943169,14.937978641623014,15796.847999999998,1.7157975466982731,564.0
5.71875,0.6534765556395652,1.167128105837784,0.14752628728599526,23.70109175654805,0.8171130511833281,15.137359679729018,16500.606,1.7244168121896701,564.0
5.729166666666666,0.6474334637902475,1.1842975206527635,0.1495856250178362,23.51269322968231,0.8127604522910249,15.301541462764932,16500.606,1.7312754357303144,564.0
5.739583333333333,0.6338447387433926,1.1954067418181136,0.15180196215629116,23.285603214682247,0.8080850022282906,15.566901709469931,18220.061,1.748033344394574,564.0
5.75,0.6269958282465459,1.208438517050904,0.15384444831655567,23.03671337051184,0.803452671287572,15.86183775865646,19097.809999999998,1.7667957092926811,564.0
5.760416666666666,0.6288268078318282,1.226007031025355,0.15590213962934332,22.788226285253007,0.7992471583613635,16.08117386854043,19097.809999999998,1.781857700064426,564.0
5.770833333333333,0.6258747817171317,1.2381073716014865,0.15796405525046758,22.5368375245244,0.7954283346327963,16.337523015419563,20317.180999999997,1.8018111926689708,564.0
5.78125,0.6262396305256248,1.2507142373561622,0.1597169358235303,22.306796926510334,0.7924321823573117,16.549805922002225,20681.083,1.8196971121433385,564.0
5.791666666666666,0.6297753552677593,1.2643117421929904,0.1613682755242031,22.11305304121384,0.7905116403389023,16.6765402245997,20681.083,1.834093773330172,564.0
5.802083333333333,0.6301325401786649,1.2736390858223232,0.16280871751602685,21.96021630979188,0.789794594609581,16.779406406010168,21130.505000000005,1.84853225213172,564.0
5.8125,0.6342505744175052,1.282857649967141,0.16393147091550567,21.85774281263484,0.790401287640699,16.81453410951593,21027.436,2.084063359418668,564.0
5.822916666666666,0.6378881894318712,1.2903907979371854,0.16489102792828159,21.805823196702697,0.7923267033702319,16.80886958944781,21027.436000000016,2.078881682239844,564.0
5.833333333333333,0.648269431375736,1.2988999072679672,0.16560728099311262,21.802111199535997,0.7954213348124491,16.726645181853392,20549.486999999994,2.0747055918216883,564.0
5.84375,0.6581500846830528,1.3049640183528954,0.16622065843074535,21.840717050381915,0.7995903277090599,16.63506884855761,20491.990000000005,2.072029723709153,564.0
5.854166666666666,0.664545610718766,1.3087077013025488,0.16663978839952198,21.916094055915586,0.8046934069296208,16.554680251392938,20491.99000000002,2.06990246120647,564.0
5.864583333333333,0.6751841879023559,1.3135931180590057,0.16734639407599317,22.027170840062944,0.8108348515802605,16.587498712806756,21397.138999999996,2.0683784131915672,564.0
5.875,0.6922248980716627,1.3254634660346407,0.16841627571464113,22.16716517735899,0.8177674583428617,16.673964179884262,21884.227,2.066025518870235,564.0
5.885416666666666,0.7076490587087098,1.3411374021127416,0.16978111353832478,22.325719649837865,0.8251509292424646,16.734915036759183,21884.227,2.0634536550837836,564.0
5.895833333333333,0.7359036751769875,1.365019901941427,0.17160011907213016,22.488830992336684,0.8325297108325349,16.675642281189123,21134.322,2.0610628258917405,564.0
5.90625,0.7656699466641043,1.3906092046742229,0.1736853954638476,22.64697834322153,0.8396607968312629,16.497979726508937,20177.975999999995,2.0596174008523893,564.0
5.916666666666666,0.7841382310158346,1.409609868835185,0.1758560122847815,22.80116805630177,0.8467590120269904,16.346005716643976,20177.975999999995,2.0595637808093255,564.0
5.927083333333333,0.8139768060679867,1.433534311975585,0.1776450170188188,22.932710160473285,0.8530932392523594,16.043712100078114,18327.79400000001,2.0588372618575344,564.0
5.9375,0.8388189590567466,1.452581131727319,0.17945488020878914,23.045263304994858,0.8588989959184757,15.710873631517774,17266.766999999993,2.060180770273449,564.0
5.947916666666666,0.8525064998414699,1.4636331198244634,0.18109945257719706,23.143487026499656,0.8644904682441011,15.470339602120093,17266.766999999993,2.0629859716114582,564.0
5.958333333333333,0.8774987440285148,1.4807836465657866,0.1822454663851155,23.216006830787332,0.869196684336194,15.134774932744774,15228.247999999992,2.0650573877022436,564.0
5.96875,0.8969267427006499,1.4938613504349014,0.18360979840546443,23.27069795363737,0.8733878396614673,14.824053439505017,14319.263999999996,2.070315791482955,564.0
5.979166666666666,0.9077736307553801,1.5012270677916904,0.18491460460110687,23.31133533329752,0.877308663186327,14.611460581853413,14319.263999999996,1.8234394408422616,564.0
5.989583333333333,0.929842717308327,1.5154184124699097,0.18599292152448874,23.335193027011105,0.8805344853141048,14.367441610993207,12757.425000000003,1.8016875144091042,564.0
6.0,0.9498184014640638,1.5289285172911877,0.18748306798713976,23.346841738188882,0.8833184712185916,14.160955306755262,12071.796000000002,1.7792039719058912,564.0
6.010416666666666,0.963606521791359,1.5396275785253395,0.1891205220571879,23.34783707374212,0.8858043706330864,14.030401748970888,12071.796000000002,1.759041806556596,564.0
6.020833333333333,0.9877598935454953,1.5576973953475008,0.19080247243768672,23.339737293972505,0.8877502481452835,13.887470206138238,10839.334000000003,1.7329956248200993,564.0
6.03125,1.0117897660963797,1.5773273178714946,0.19307681641183236,23.324304332813153,0.8893195059774079,13.774827565919558,10293.28899999999,1.7058925789971258,564.0
6.041666666666666,1.0313261972662915,1.5959872941986808,0.19568242670532524,23.301494053825273,0.8905912544131218,13.716122398130526,10293.289000000004,1.6805254804307665,564.0
6.052083333333333,1.0601569802064335,1.621860359125103,0.19857771101050423,23.274223379503827,0.8914747593735242,13.659207720686823,9445.135699999999,1.670013650224462,564.0
6.0625,1.089998522684382,1.65043026832326,0.202279173080841,23.241468700191763,0.8920622425263672,13.63801216220588,9328.564700000003,1.677618355033171,564.0
6.072916666666666,1.1181722975131159,1.680510693467297,0.2063991993753877,23.203046032861103,0.8923496744332071,13.650369077115784,9328.564700000003,1.6855055583940668,564.0
6.083333333333333,1.1549083435109602,1.717457997414334,0.21138530785225454,23.15862472334893,0.8923206851327303,13.692907005337393,9413.312399999995,1.6927497278287376,564.0
6.09375,1.1976998525119125,1.7613895792969176,0.21737512553996421,23.107541230461923,0.8919483326246525,13.762227728720287,9601.470799999996,1.7002105847301077,564.0
6.104166666666666,1.2414362199990148,1.8100670649219608,0.2241352224598106,23.05066967299443,0.8912207402028681,13.84246416659979,9601.470799999996,1.705800184278895,564.0
6.114583333333333,1.2937389364289869,1.865745145456,0.232747716525681,22.981060272455508,0.88999734339631,13.970386177354568,10616.956999999995,1.720629831325019,564.0
6.125,1.3564680049701963,1.9319792695730782,0.24279713677932607,22.89966995072167,0.8882250857021117,14.126115472130312,11237.347999999998,1.7246392702572153,564.0
6.135416666666666,1.421804824400492,2.0054338790298454,0.25404405784358586,22.81029089512235,0.8859738721345712,14.273555413606793,11237.347999999998,1.718968322281376,564.0
6.145833333333333,1.495283307066224,2.086651750752435,0.2679806059005675,22.705435327480565,0.883052445098432,14.439981676362683,12055.107000000004,1.728136187502766,564.0
6.15625,1.5757707319221919,2.176197138021096,0.28367786626236224,22.58934817283868,0.8795905600186932,14.589170814164099,12240.510999999999,1.7247316824640389,564.0
6.166666666666666,1.6542411208116696,2.267859541400545,0.3010397885444495,22.46344104635983,0.8756820549702035,14.707401330947318,12240.510999999999,1.7205680217411272,564.0
6.177083333333333,1.7366891910123632,2.3630339554454833,0.3211007078977271,22.32319729300284,0.871247618087063,14.812873020486162,12621.788,1.7229879872944642,564.0
6.1875,1.8218551047411415,2.4611349089944023,0.3434750182979578,22.16826712608566,0.8663451163472714,14.907252807414283,12944.286000000007,1.7219957428861141,564.0
6.197916666666666,1.905003421185456,2.5588761193399763,0.3674245674927849,22.002021260559005,0.8611555480718805,14.975327839094549,12944.285999999993,1.717409508974505,564.0
6.208333333333333,1.9914795559959,2.658745775299259,0.3953261999232467,21.814996275999786,0.8554613251992903,15.05948909359689,13613.091,1.7204837377917959,564.0
6.21875,2.082749348219917,2.762671716148635,0.4256712341435981,21.614250544027488,0.8495497168739868,15.126664625911234,13704.980999999996,1.7146403848880671,564.0
6.229166666666666,2.170467872634181,2.864898082368076,0.4585759475180185,21.401354608827905,0.8435120181665522,15.169507535096873,13704.980999999996,1.7112317446985048,564.0
6.239583333333333,2.259445263949522,2.9677479255244297,0.4925263868650976,21.19212010129054,0.8377960550165884,15.126743315647351,12793.854999999996,1.7083839304823354,564.0
6.25,2.3412975887911758,3.0643923752670164,0.5288786535131565,20.983332655096767,0.8322828419227686,15.03647558671044,12220.524999999994,1.7083033617734191,564.0
6.260416666666666,2.4138376590127875,3.151355920625389,0.567030598238609,20.766397195397094,0.8267245305978883,14.952388217819323,12220.524999999994,1.7102209482178488,564.0
6.270833333333333,2.483917411552796,3.233736575210756,0.6040731516256,20.5518488073233,0.8213638541226088,14.851579528745347,11688.402999999991,1.7116248969997736,564.0
6.28125,2.5465433119346166,3.3082720586370216,0.6425067420983358,20.330308345484113,0.8159344053206095,14.774269701753129,11722.843999999997,1.7151801900352017,564.0
6.291666666666666,2.606161243077022,3.376646616786953,0.6798363828742745,20.102987399672923,0.8104371119000222,14.717776179477179,11722.843999999983,1.7182683164944743,564.0
6.302083333333333,2.65481448806233,3.4372088059734907,0.7175346906628733,19.862315759458387,0.8046576404181476,14.702638608286557,12131.772999999983,1.7247700831064594,564.0
6.3125,2.6860525304742495,3.4854375638688317,0.7548932122163617,19.59472449355593,0.7982342601162923,14.764618533694449,13216.932,1.7336364507470756,564.0
6.322916666666666,2.7244385337638417,3.5310103850016024,0.785006250502781,19.322623800388047,0.7916618129935634,14.833518718299677,13216.932,1.723413047909475,564.0
6.333333333333333,2.671682180788646,3.5376566165191443,0.8175676076834777,18.98737173456171,0.7834601096916881,15.087432361092228,16088.665999999997,1.7424631585674704,564.0
6.34375,2.5686352030505715,3.5170637578628727,0.8313991755666307,18.615309958585257,0.7741905970140698,15.478173485044875,17791.320000000007,1.73229269288557,564.0
6.354166666666666,2.5092535171450456,3.5022074053706085,0.8321558792131383,18.247780959666112,0.7648664389956322,15.824137094820722,17791.320000000007,1.7073915699546482,564.0
6.364583333333333,2.2531664560218903,3.3933852987202955,0.8207778456127869,17.803437804243988,0.7534461143586935,16.508765483913997,22443.055999999997,1.7256787577386847,564.0
6.375,1.9531326508860303,3.2333651817497864,0.7665426444701297,17.359616432008583,0.7420734027890434,17.42543930801792,24894.303,1.7460366245744923,564.0
6.385416666666666,1.7496730558382514,3.0944723314496576,0.7000435520596517,16.998721312759727,0.7332115818518514,18.040781757203337,24894.303,1.7786864355547847,564.0
6.395833333333333,1.5069733994299301,2.9145253698872815,0.627900391644663,16.738058747608147,0.7278051693083466,18.573314520610015,26900.668000000005,1.820292228494029,564.0
6.40625,1.3232649064727047,2.7413250125897894,0.5515393943012166,16.64258069475245,0.7278808058818664,18.83263449434298,26781.574999999997,1.8516626628350947,564.0
6.416666666666666,1.1827172401788049,2.5843081938572805,0.48732615448805755,16.72933500057589,0.734106630561001,18.89895539213734,26781.574999999983,2.090978836354749,564.0
6.427083333333333,1.083758287353813,2.4411654263668394,0.43171853159774803,16.993472606990537,0.7462333567985626,18.768345063644766,26152.104999999996,2.0793907738640893,564.0
6.4375,1.0078061062089838,2.3060024213318506,0.3850471568981237,17.41828000479008,0.7636204196365326,18.560392826884282,25796.763000000006,2.0719874155672064,564.0
6.447916666666666,0.9356748750361821,2.179697875602668,0.34694632456081725,17.986590489509034,0.7855070578069373,18.375937269152605,25796.763000000006,2.066908744973541,564.0
6.458333333333333,0.9191956126766443,2.088017596820919,0.3172593579736413,18.642825526425877,0.8096217393880432,18.094678992583965,24788.239,2.0626319535956257,564.0
6.46875,0.9164050721116227,2.0130862015735507,0.2945065906946318,19.358937318200006,0.8347632314747315,17.790621563544995,24143.201,2.0600851380302903,564.0
6.479166666666666,0.8958953048444499,1.9398771848701797,0.276080075982426,20.123918174476263,0.8602707946596088,17.567345760815325,24143.201,2.0586669645051225,564.0
6.489583333333333,0.913356804937697,1.8916267055739566,0.26121780971386455,20.86467152431331,0.8835188596238567,17.239909238344975,22708.418999999994,2.0568940526665496,564.0
6.5,0.9303581784894014,1.8489924887539153,0.2496451893409973,21.58432270252475,0.9045499806874511,16.922944026152592,22055.328999999998,2.0566307694491424,564.0
6.510416666666666,0.9261777333370811,1.8030174073483358,0.23987278221935895,22.287380029988213,0.9233873849290397,16.703711922293163,22055.328999999998,2.0570934465589548,564.0
6.520833333333333,0.949529365285972,1.7735649455880986,0.23148453730777127,22.91610680226997,0.9385739065495823,16.40388126910537,20607.069000000003,2.0568972748963286,564.0
6.53125,0.9694423075906284,1.7467739777013462,0.22487557706358816,23.48638754554895,0.9507703166473536,16.11409175712528,19878.800000000003,2.0580760252126282,564.0
6.541666666666666,0.9696704506118327,1.716036822915885,0.21926366755706492,24.0122032186055,0.9604434738007672,15.917502341122642,19878.800000000017,2.060037022080359,564.0
6.552083333333333,0.9884926441438787,1.696272505968884,0.214191024912862,24.456100237853832,0.9671810434585972,15.665741170931732,18562.683000000005,2.061348266727287,564.0
6.5625,1.004170977071831,1.6789566742984938,0.21022059720654482,24.832101328863924,0.9715848693783247,15.412189426387352,17720.872000000003,2.064063215515384,564.0
6.572916666666666,1.0041820442986231,1.6584365458144192,0.20699546518510564,25.157176827716317,0.9740784697660642,15.241597187566189,17720.872000000003,2.067956389350786,564.0
6.583333333333333,1.0173821991025054,1.6464528950562958,0.2038362703596714,25.405707223393108,0.9747618458565833,14.996859657432992,16116.832999999999,2.0713838999426653,564.0
6.59375,1.0254061965099395,1.6341329079526765,0.20155478468754634,25.60039884907709,0.9740664568031109,14.776666166650914,15492.513999999996,1.824728252190878,564.0
6.604166666666666,1.0237235950482304,1.6200503806933162,0.1997515239144625,25.750544664975322,0.9721129547144637,14.633011384466034,15492.513999999996,1.8113940318112962,564.0
6.614583333333333,1.0334962670323413,1.6119970415320426,0.19811853161317153,25.851714494050242,0.9691364782892968,14.497903741195902,14784.354999999981,1.795774892900781,564.0
6.625,1.044540704607997,1.6074765625199885,0.19720491906216306,25.91103415407463,0.9652118559776658,14.4002999975255,14525.177999999985,1.780744729987356,564.0
6.635416666666666,1.050120196512018,1.60484475826516,0.1968514634703402,25.93112990621841,0.960353667791755,14.350668897036922,14525.178,1.7672944104182882,564.0
6.645833333333333,1.0601047044970129,1.60656093079098,0.19685773393217534,25.913667960212774,0.954729922337033,14.319891443305044,14273.051000000007,1.7535564607350955,564.0
6.65625,1.0679222741070498,1.6118165767375718,0.1975321468248115,25.860862730774727,0.9483304743549237,14.317940868633594,14267.923999999999,1.7410436209472975,564.0
6.666666666666666,1.0755407401374601,1.620932949249255,0.19879381103421404,25.77474716562603,0.9412243716868817,14.337223235949608,14267.923999999999,1.7295093538229807,564.0
6.677083333333333,1.0769965972990845,1.6309407656793322,0.20047218302079897,25.656101910233684,0.9333828984020877,14.384885745316309,14459.377999999997,1.7199870585248658,564.0
6.6875,1.0707522577070159,1.641995665484131,0.20265284388807503,25.5040488899196,0.9247206464303316,14.472818018483816,14906.203000000009,1.713771072546294,564.0
6.697916666666666,1.072787747102451,1.6588101390046521,0.20525585856800838,25.325713596585032,0.9155799833550295,14.559541059711686,14906.203000000009,1.7076787574694339,564.0
6.708333333333333,1.041962962548384,1.6660894291211599,0.20808280076669253,25.109297504089753,0.9053391847396968,14.725756134759148,16052.349000000002,1.7091068605423183,564.0
6.71875,1.0074980772002449,1.673461268266752,0.2107700503564778,24.86292384897845,0.8943928115977723,14.930703280116996,16739.130999999994,1.7138855710987708,564.0
6.729166666666666,0.9930623096361925,1.6884007807132722,0.21364670329516,24.602343592137498,0.8833698812263173,15.10248875385243,16739.130999999994,1.71744409033179,564.0
6.739583333333333,0.9596393249152331,1.6913069299911805,0.21658851236403392,24.305018572842133,0.8712972480549099,15.393090238938555,18592.141999999993,1.7319174006788995,564.0
6.75,0.9339714545804176,1.6944217261038137,0.21872280765357272,23.994044211154662,0.8591321478273496,15.722881415529434,19535.380999999994,1.7491168277840143,564.0
6.760416666666666,0.9248501327567994,1.7037667998332087,0.2206048993021435,23.69509877550956,0.8478509195204369,15.973757908686178,19535.38100000001,1.7629423671630287,564.0
6.770833333333333,0.8997956808885839,1.6996448790867538,0.2223649831041618,23.389219840288398,0.8367784587959447,16.353210807902578,21641.043999999994,1.787115918567511,564.0
6.78125,0.8819007829760106,1.6962944595356628,0.22315983833686695,23.106552010871436,0.8271286551298492,16.76236117138894,22743.29699999999,1.8122639137028016,564.0
6.791666666666666,0.876356362478531,1.6995118357962673,0.22366068593265895,22.870059661910712,0.81977344519758,17.041870195204474,22743.29699999999,1.8318147878901754,564.0
6.802083333333333,0.8609411313827204,1.6927012270448853,0.2243094284926691,22.666785846261163,0.814487270919824,17.436970934025375,24771.67,1.8587940741232498,564.0
6.8125,0.860260795893332,1.6924005959829675,0.22460321813311035,22.51123481082128,0.8119294734898052,17.832955959202025,25780.258,2.082424949292316,564.0
6.822916666666666,0.8658305578680673,1.69862146262148,0.22492982968135847,22.403479190788232,0.8121365435745587,18.06928522268169,25780.258,2.073411849968397,564.0
6.833333333333333,0.8861642528485868,1.7077964565652384,0.22651789978979395,22.32716665482061,0.8150320088940507,18.40372365423304,27533.914000000004,2.0675229732441545,564.0
6.84375,0.9233474910548769,1.7300464501220627,0.22844215136171583,22.2747679145714,0.8202769512473792,18.616415528281866,27641.270000000004,2.061373288727883,564.0
6.854166666666666,0.9501811662455724,1.7515577500337531,0.2307303614999064,22.23069191738001,0.8274327374568046,18.69497496376039,27641.270000000004,2.0567549425041047,564.0
6.864583333333333,0.9940108969660976,1.7815972310763994,0.2324200191696566,22.18532067408147,0.8353303138093185,18.360043135257985,25318.953999999998,2.0523694446302923,564.0
6.875,1.0249822350171367,1.8004984842359268,0.2339161546217925,22.128967415394285,0.8437594952112718,17.891367275976528,24039.956999999995,2.050510008626473,564.0
6.885416666666666,1.0364892321776449,1.8044914356049888,0.23473627765895266,22.053186296168516,0.852864407876963,17.543483669411117,24039.956999999995,2.0501877922112954,564.0
6.895833333333333,1.0636989415920672,1.8147494008432723,0.23411346383899173,21.964885776578797,0.8614304811695022,17.018604270725188,21588.243000000002,2.0489347070907415,564.0
6.90625,1.080999250883323,1.8164747377781096,0.23350059574837023,21.862028368677706,0.8697189091499551,16.514927213558494,20430.37400000001,2.049682717082562,564.0
6.916666666666666,1.0837378266343654,1.8080000617085294,0.23252930150163034,21.74015542523854,0.878029105010987,16.172568719885877,20430.37399999998,2.051594466754682,564.0
6.927083333333333,1.101415619044911,1.8081393922894753,0.23080075938913597,21.61510124800723,0.8853819950903866,15.747343171980795,18359.837,2.0525289499790706,564.0
6.9375,1.1129345955841012,1.804559171022454,0.2296565353064144,21.48315567486793,0.8921855446109277,15.37703487518085,17534.67199999999,2.055477210396805,564.0
6.947916666666666,1.1146141277031478,1.795681982871171,0.2285605046648959,21.340559127596148,0.8986628065890757,15.132572972500242,17534.67199999999,2.059509821742192,564.0
6.958333333333333,1.129898445142713,1.7958862528132973,0.22742276809861425,21.20120562246963,0.904250033544867,14.866640284571725,16170.627999999997,2.0630863926221714,564.0
6.96875,1.1434670871674792,1.7970495479266315,0.22708139028296956,21.061306990567697,0.9092003049106034,14.644570785126975,15583.524000000005,2.0687423330700723,564.0
6.979166666666666,1.1502572434638287,1.7963222411200082,0.22709020606861413,20.917389856897938,0.9136476246091306,14.505914650416907,15583.524000000005,1.8267940066497357,564.0
6.989583333333333,1.1700515198862553,1.8048332732255812,0.2273942794726541,20.780963988369173,0.9172738125189012,14.349430689202403,14518.357000000004,1.8087574656059053,564.0
7.0,1.1899276808320147,1.8156849037293479,0.22858671452928542,20.647473139429906,0.9202613981691964,14.222750175144888,14090.146999999997,1.7908133248194866,564.0
7.010416666666666,1.2043490014189244,1.8258000737950906,0.23020299506575617,20.513834789479514,0.9226769386775014,14.151583776015128,14090.146999999997,1.774707342498782,564.0
7.020833333333333,1.2280376473150019,1.8441316516900652,0.23207967657683573,20.391271135032664,0.9243590334931302,14.04678682583693,12979.715000000015,1.7536205084029564,564.0
7.03125,1.2492564461947913,1.863808969254477,0.23470630922577176,20.275906964836683,0.9254472787000596,13.94311004444612,12316.116999999998,1.730875338031237,564.0
7.041666666666666,1.2654912044878075,1.8812842824370897,0.237777010367791,20.161744212713245,0.9260216341012768,13.884984623008943,12316.116999999998,1.7100320543644185,564.0
7.052083333333333,1.286542979662078,1.904184064255727,0.24087319282170683,20.057975691047865,0.9260842249803269,13.805612914056946,11323.479999999996,1.6843954023865026,564.0
7.0625,1.306283738481811,1.9266290817726694,0.2448790195449639,19.95479028887495,0.9256901025861886,13.77100364317616,11387.661000000007,1.6704384519589335,564.0
7.072916666666666,1.3266644359323287,1.9497993577208144,0.24898832809099972,19.852698016962858,0.9248338990659365,13.770176006188471,11387.660999999993,1.6771098540637657,564.0
7.083333333333333,1.3560194086844735,1.9785920068076053,0.2542356861926606,19.746586937047727,0.923438316209755,13.828604842238702,11946.331999999995,1.6862189700504482,564.0
7.09375,1.394087566827738,2.0156846806134405,0.2603375350889702,19.63936312367802,0.9214979927110456,13.918977923108333,12157.289999999994,1.6891303591193234,564.0
7.104166666666666,1.4329735728266606,2.0574257409873367,0.26723619944931276,19.53257087408005,0.919039883620644,14.017109351575309,12157.290000000008,1.690027216537617,564.0
7.114583333333333,1.478962006939287,2.106812737450166,0.27555543056037035,19.426609427396382,0.9160977080440992,14.104302507754147,12072.271000000008,1.6938840575783387,564.0
7.125,1.5277128513945144,2.161065447202485,0.28516729288783343,19.32116113032902,0.9126969088156006,14.176333370462778,11987.657999999996,1.6975235200758032,564.0
7.135416666666666,1.5747791011898193,2.2159890020839272,0.2956699288793318,19.21522213126216,0.9088371086193536,14.23987788485877,11987.657999999996,1.701230204055489,564.0
7.145833333333333,1.6269932975961137,2.275962709318028,0.3070621441738584,19.11291547347702,0.9047216847962664,14.269162665847729,11503.299999999985,1.7033186112398107,564.0
7.15625,1.6796382072102596,2.337348927343412,0.31953666399427966,19.013355948668014,0.9003829006890517,14.274146555380556,11113.407999999996,1.7073093059894229,564.0
7.166666666666666,1.728829821839091,2.3960421379453005,0.33282914111983175,18.913018096087118,0.8957075802752503,14.281997308897282,11113.40800000001,1.7135537052332324,564.0
7.177083333333333,1.7818327515947925,2.457567183087908,0.34621038837932167,18.81856440757403,0.8910544768491857,14.257867142528315,10379.843000000012,1.7171185950981986,564.0
7.1875,1.8323037230306658,2.5173086242242664,0.3606235253790328,18.726171461605375,0.8862881781303728,14.230667510775056,10076.088000000003,1.7243376664846084,564.0
7.197916666666666,1.8798124098433753,2.5734188837866694,0.3754401980533225,18.633064425502067,0.8812897768178162,14.218129737909603,10076.088000000003,1.73452282961392,564.0
7.208333333333333,1.9289446042338876,2.6305998875004395,0.3900360444832283,18.544278881878274,0.8763576011187337,14.195432062420883,9533.98999999999,1.4287323775962617,564.0
7.21875,1.9761867013575865,2.6857591882237557,0.40538638374361347,18.45672737060965,0.8713506850641777,14.179940893317198,9327.214699999997,1.417597188474571,564.0
7.229166666666666,2.0213683745822992,2.7376475086874983,0.42089275635935075,18.36842843742937,0.8661716770349484,14.179804379684077,9327.214699999997,1.4070740000143895,564.0
7.239583333333333,2.0659177871102026,2.789005994641269,0.4365570262238401,18.280165519076007,0.860879802161347,14.189383822246004,9236.796799999993,1.3974801389244345,564.0
7.25,2.1104360044714454,2.839428271773389,0.45263837518980893,18.190938698184574,0.8554286537523668,14.210310060788704,9241.497999999996,1.3882242693041174,564.0
7.260416666666666,2.1544674143536033,2.888119097248596,0.46869265373317365,18.1006747643394,0.8498263517957021,14.23915302286268,9241.497999999996,1.3794590409297987,564.0
7.270833333333333,2.1918676237908548,2.9335295882946335,0.4864328286440673,18.002261961373524,0.8436368239020465,14.301066922891154,9942.105999999996,1.3735317613063076,564.0
7.28125,2.2285425453149146,2.978173819517126,0.5045996501177976,17.894837781732207,0.8368076753616442,14.395994783866236,10681.229999999996,1.3739308981893403,564.0
7.291666666666666,2.271694141362732,3.025167715910823,0.5216620176075389,17.785460619557803,0.8298032159267491,14.488025654484186,10681.229999999996,1.3758110089359725,564.0
7.302083333333333,2.291870781526066,3.063439622492679,0.5430629328518759,17.656008137786138,0.8214835414899816,14.648531079573717,12380.296999999991,1.3801713015903583,564.0
7.3125,2.2911018276481303,3.094468040971227,0.5621777025944943,17.5106071442422,0.8121503345519716,14.862243581309961,13568.558000000005,1.3961524372408682,564.0
7.322916666666666,2.309573160652831,3.129068346004406,0.5781101901447598,17.361451201415935,0.8026429993240684,15.053621455055003,13568.558000000005,1.4109667274890287,564.0
7.333333333333333,2.173972289187362,3.112187135974073,0.5935070173666854,17.178478609800266,0.7911445234789563,15.372459693152036,16228.070000000007,1.4284083467684259,564.0
7.34375,1.9746793310229451,3.0645075099366563,0.5968470116579853,16.971411857458868,0.7784347257872354,15.796844669576421,17982.752999999997,1.79063057653343,564.0
7.354166666666666,1.8519644306103882,3.0318078481793513,0.593504140703143,16.76335900731489,0.7660598986404309,16.149409163884446,17982.752999999997,1.7427425581137477,564.0
7.364583333333333,1.5309253460961807,2.8915594902566712,0.5788010404276891,16.499498546562965,0.7510140473538424,16.939556240577524,23606.704999999987,1.767129881093654,564.0
7.375,1.2226499383015388,2.7095071677654072,0.5336308265864883,16.240421457920796,0.7370394437386764,18.081966127262827,26536.823000000004,1.7457774737886969,564.0
7.385416666666666,1.0403225009480155,2.5608499738983004,0.48376894013852706,16.057593566357593,0.7278412132082678,18.876869605259408,26536.823000000004,1.7697869804869426,564.0
7.395833333333333,0.8470751628987561,2.3680292309125623,0.43073729790384374,15.990012255328782,0.7250661256562695,19.570635378083207,29418.043000000005,1.8210435141211716,564.0
7.40625,0.7226865950488867,2.1884872261591783,0.37693829499816756,16.10610504140407,0.731524529983622,19.954900140610604,29707.748999999996,1.8628513425721198,564.0
7.416666666666666,0.6365580991185316,2.029804770165965,0.3325088001108901,16.42908883789936,0.747668994224767,20.066706407858092,29707.74900000001,2.0907730841740007,564.0
7.427083333333333,0.5850653565122391,1.8864554385916132,0.29498301339192096,16.95287831668043,0.7725976424729434,19.987795940818877,29514.424,2.076797373107602,564.0
7.4375,0.5547262523260504,1.7607809882802847,0.26401866899514087,17.636948316415552,0.8039029263373566,19.735934489470274,28785.104000000007,2.067516178553968,564.0
7.447916666666666,0.5231300333512707,1.6431828401836368,0.23913230281488096,18.456886630130814,0.8399943905279428,19.502629328846023,28785.103999999992,2.0616756745275904,564.0
7.458333333333333,0.5253192741336675,1.5633005645718945,0.2199652561117159,19.30766135644293,0.8758979806353309,19.040203417069208,26888.326,2.056583915584385,564.0
7.46875,0.5304448767082879,1.4931248129027332,0.2050006896059292,20.164535546927425,0.9104048302741441,18.532407671622252,25757.062999999995,2.0539274525141096,564.0
7.479166666666666,0.521116004655077,1.419200122852097,0.19246926983401938,21.030783517048672,0.9434375385869577,18.178634782045798,25757.062999999995,2.0527816392837073,564.0
7.489583333333333,0.5399338733534301,1.3728136481899709,0.18214829731560545,21.79420747309673,0.9708148375600252,17.61930314908888,23147.709999999992,2.050717820961325,564.0
7.5,0.5530541317486971,1.3243389185326697,0.1735696235624459,22.48868040300846,0.9941102793125445,17.082332387582678,21952.838999999993,2.0508378806825056,564.0
7.510416666666666,0.5484728239907224,1.2680846552309708,0.16586596178986746,23.14198045619413,1.0143991891861341,16.724177175697093,21952.839000000007,2.0520897951297807,564.0
7.520833333333333,0.5606819447590996,1.2254214122789826,0.15901455209333643,23.70309778579835,1.0303288165179347,16.334739519511665,20383.380999999994,2.0525061413157584,564.0
7.53125,0.5689045141094066,1.183544187942784,0.15318633885670907,24.203353428773205,1.0430993328998424,16.030340626171146,19935.292000000016,2.0543001565183867,564.0
7.541666666666666,0.5652349426622393,1.1409234197415918,0.1480040357621539,24.651037994000745,1.053064477208946,15.84064751728712,19935.292000000016,2.056417244218822,564.0
7.552083333333333,0.5736890849325256,1.1080785022339266,0.14348279383961018,25.028251289744432,1.0600142985904017,15.657006793701663,19141.93400000001,2.0579865438833784,564.0
7.5625,0.5811035683544777,1.0797042536782877,0.13967518868337847,25.341070237193996,1.0643396781652672,15.4769410001199,18454.005999999994,2.0600946716316884,564.0
7.572916666666666,0.5782119803989028,1.05086614522776,0.1364016936163477,25.602872052034677,1.0664130054078926,15.364029040018535,18454.005999999994,2.0629423053893348,564.0
7.583333333333333,0.5817156942679608,1.0277272744209196,0.13337314601087846,25.79999736478002,1.0664096925949025,15.182091535336006,17136.439,2.0651524384271482,564.0
7.59375,0.5808195290280309,1.004358683317195,0.13075613910267952,25.949643534781384,1.064716196487874,15.01945130697005,16680.212,2.069130635815312,564.0
7.604166666666666,0.5743131226668311,0.9809142992508493,0.1284147635440798,26.05842091118457,1.061453183358586,14.917930067254158,16680.212,1.8401107727592145,564.0
7.614583333333333,0.5707281779518223,0.9605254394127865,0.12625642743171575,26.12664271835125,1.0568238970684756,14.842233597275094,16368.589000000007,1.8305295492768103,564.0
7.625,0.5672290137178104,0.9432658002973631,0.12444670263348168,26.158258000683883,1.0509067421370444,14.8039534184105,16304.309999999998,1.8220983217728386,564.0
7.635416666666666,0.56240670039781,0.9289157568980095,0.12296887029301916,26.155568026135022,1.0437860747820986,14.79804102339974,16304.309999999998,1.814807335252846,564.0
7.645833333333333,0.5586998835592518,0.91731650472254,0.12176139212643815,26.120399219602405,1.0354825724617922,14.827430306980785,16453.372000000003,1.8092294306862922,564.0
7.65625,0.5558026379771572,0.909705023862564,0.12091580735304305,26.054334109759523,1.026049328659142,14.885511113405956,16640.63399999999,1.8052418371934424,564.0
7.666666666666666,0.5538995373603829,0.9059730835443313,0.12041689429187456,25.960527276008296,1.0156866758600749,14.94666356913842,16640.63399999999,1.801566429980849,564.0
7.677083333333333,0.5501556064765165,0.9039282459552875,0.12021814733393484,25.838127301579064,1.0041572911828875,15.048483060290136,17153.29999999999,1.8011756570860082,564.0
7.6875,0.5436648285300413,0.9045964084827524,0.12033457877514465,25.688321870978136,0.9915022793261359,15.18852440496347,17704.981,1.8035428742786386,564.0
7.697916666666666,0.5413429807993528,0.9098191080740784,0.12075147125412712,25.519082174408783,0.9782495525889502,15.307058537444524,17704.981,1.8050898859135114,564.0
7.708333333333333,0.5243111196189763,0.9114409437284625,0.12137158063509686,25.321859263506006,0.9636079663647608,15.514318426534116,18963.763999999996,1.8134652815604713,564.0
7.71875,0.5076219428877748,0.9152432625732443,0.12215951731068357,25.104367597472606,0.9480232266167206,15.777173048903222,19901.293000000005,1.8249472144523424,564.0
7.729166666666666,0.5011971658018092,0.9249035881463848,0.12316921896582798,24.884567106515473,0.9325365809723744,15.981531444086938,19901.293000000005,1.8337545309255572,564.0
7.739583333333333,0.4926340805829055,0.9318323010520079,0.1246738092293211,24.637225065356134,0.9150367887830294,16.480261497205603,23246.766000000003,2.0882890442629756,564.0
7.75,0.4975337311903417,0.9489368059974613,0.12650664710216503,24.398834496140868,0.8975596525743753,17.10415097904799,24977.445000000007,2.0796449624324644,564.0
7.760416666666666,0.5093835745454112,0.9746580616271001,0.12870069732695022,24.20441795050079,0.8821134031544382,17.550820278175127,24977.445000000007,2.071119669752664,564.0
7.770833333333333,0.517738504070744,0.9980459100020495,0.1314899381776289,24.05333130942953,0.8680678959480398,18.15689431569148,27671.274999999994,2.065869338241283,564.0
7.78125,0.5291581338474305,1.0265366588476257,0.13441140547394434,23.972766053986085,0.8574933975985942,18.703400616237847,28686.261,2.0595944660164585,564.0
7.791666666666666,0.5427564825098397,1.0580121062660939,0.1374440963155061,23.963267774871355,0.8513022976356794,19.008134260085146,28686.261,2.063568639046278,564.0
7.802083333333333,0.5486410367550435,1.0833025924697317,0.1405752902090378,24.012943482784564,0.8495221932654369,19.442714358948862,30185.085999999996,2.087844287829703,564.0
7.8125,0.5617504057294004,1.1115079747468848,0.1435141207173722,24.10127913138754,0.8522859809409533,20.002690036054524,30336.83,2.1117148935038763,564.0
7.822916666666666,0.5742670181622098,1.1378391715322413,0.1462824440347603,24.204418790084617,0.859008250379712,20.592101873412606,30336.83,2.1326643784464747,564.0
7.833333333333333,0.595618760111508,1.164589240302588,0.14884237599101596,24.301903801539837,0.8688521780287976,21.059754730387095,30147.747999999992,2.1497466541663637,564.0
7.84375,0.6183725441055306,1.1890048532005775,0.1509873993017847,24.3787222789167,0.8807604678890445,21.272695427698363,29483.968999999997,2.1612776308926485,564.0
7.854166666666666,0.632073040802701,1.2054041780113451,0.1527278527057461,24.428579771255336,0.8942186864529618,21.4319152460544,29483.969000000012,2.1715276313503424,564.0
7.864583333333333,0.6509223160650781,1.2218721924560316,0.15335592121158764,24.44634667432774,0.9071545234863659,20.901640197606667,26529.424,2.16687304835006,564.0
7.875,0.6565283000260673,1.2231489320595859,0.1532625256435335,24.438098391085187,0.9197427901912734,20.215178380438292,25059.150999999983,2.1577391539196227,564.0
7.885416666666666,0.6522447240992733,1.2120414692933645,0.1525163267945602,24.405548246258235,0.9323996410271392,19.776462252695108,25059.151000000013,2.1511326602278498,564.0
7.895833333333333,0.6565230648281495,1.2035146476160863,0.15085361631458835,24.356822969834198,0.9435502854419534,19.017990177812464,22400.812999999995,2.133677462200704,564.0
7.90625,0.6547657989337489,1.1865672279541117,0.1489429624741309,24.2950451972053,0.9537918837596292,18.283708920381873,21228.512000000017,2.1142513060846055,564.0
7.916666666666666,0.6461416644480951,1.1628131818090082,0.14677678651162443,24.22002027157286,0.9635364183124736,17.77633780829707,21228.511999999988,2.097950992367978,564.0
7.927083333333333,0.6476918526465131,1.1449085062177677,0.14431475042235628,24.142788889112794,0.9717506373610648,17.125630256275844,19170.160999999993,2.0737928524494897,564.0
7.9375,0.6449254625341182,1.1236664407854284,0.14196816234935686,24.062847459465157,0.9788986279759643,16.505514051681978,18206.098999999987,2.0480644962990078,564.0
7.947916666666666,0.6363973280586877,1.0990369836435483,0.13965418624437603,23.978094421902018,0.9852763055622282,16.013870207893117,18206.098999999987,2.0421299463611087,564.0
7.958333333333333,0.6350095823700976,1.0804048499733268,0.13734203092368,23.898114284024487,0.9902927847039319,15.465605727364926,16550.751999999993,2.0440196802125876,564.0
7.96875,0.6306847249447862,1.060972263087285,0.1353050053022661,23.81970471593766,0.9943109287826158,15.021254351251756,15874.861999999994,2.0472299727109617,564.0
7.979166666666666,0.6230029116066549,1.040589513969157,0.13340742459679428,23.740344937692697,0.9974680482288601,14.73406820480925,15874.861999999994,2.0512261758184303,564.0
7.989583333333333,0.6216513739192335,1.0258175562253646,0.1316727116343661,23.66598066789506,0.9995686876567558,14.48131882701262,14798.975999999995,2.0547956498045608,564.0
8.0,0.619788032252917,1.0123239000182218,0.13024348913173472,23.593683998293137,1.0007791202721652,14.298044435637166,14377.159,2.0597857607300343,564.0
8.010416666666666,0.6158839605844098,0.9993706955840338,0.12900008212274705,23.521516748183082,1.0011310159473366,14.1965068165308,14377.159000000014,2.0657295654457934,564.0
8.020833333333332,0.6182978641511032,0.9920135097939767,0.12801186112120225,23.45326151521596,1.0006444358110909,14.102706315184403,13636.358999999997,1.8289353234010508,564.0
8.03125,0.6222818685331383,0.9874730730192548,0.12736502897820468,23.386823431529066,0.9993840392020619,14.037696069119841,13308.019,1.8130319171943328,564.0
8.041666666666666,0.624391972478006,0.9841848583412377,0.12695141607752333,23.32047913872861,0.9973417541142723,14.015791824985804,13308.019,1.7986906011345958,564.0
8.052083333333332,0.6334587927709205,0.9868369825033149,0.12686063847551357,23.257041540479367,0.9946625243139173,13.988208151036137,12716.258999999991,1.7820984072435275,564.0
8.0625,0.6441668687506432,0.9929659410041562,0.12712804578330267,23.19546803964025,0.9914039685756646,13.963542429947372,12301.126999999997,1.7646943019481705,564.0
8.072916666666666,0.6524569600286477,1.000256744820331,0.12766924978706956,23.133493748246206,0.987506124235897,13.965907329859217,12301.127000000011,1.7487834840565204,564.0
8.083333333333332,0.6662286849543047,1.0130633613947368,0.12848647801665325,23.07520827326886,0.9833200728985021,13.940060625022697,11458.536999999997,1.7287803725135633,564.0
8.09375,0.6805783448923606,1.0284066095623168,0.12968618288081046,23.017897293269286,0.9787642621011272,13.919635752768132,11129.023000000001,1.708451566321426,564.0
8.104166666666666,0.6932927553508894,1.0449120713212243,0.13114577518968443,22.959708524863377,0.9737508081631564,13.923121968474126,11129.023000000001,1.6895131942990296,564.0
8.114583333333332,0.7122003812676855,1.0669637458706651,0.13297622513779486,22.902159130751635,0.9684690450591839,13.93069212460016,10811.793000000009,1.6711093913362605,564.0
8.125,0.7344487369171413,1.0936446591223465,0.13526819320726838,22.843973524153146,0.9628647911301246,13.95194139731091,10712.815000000002,1.67504268399451,564.0
8.135416666666666,0.7564185686373968,1.123397315189173,0.13794483191512125,22.78446120257718,0.9569224836232507,13.98847297875344,10712.815000000002,1.6808234398016513,564.0
8.145833333333332,0.7844858891558164,1.1597286593461604,0.14110650591086607,22.726059494077774,0.9509448840127711,14.014505759778679,10260.899000000005,1.6834690955867362,564.0
8.15625,0.8143223016504902,1.2005443064592556,0.14480902244077648,22.66821125628887,0.9449360374058227,14.034231308486953,9910.118000000002,1.687918986165613,564.0
8.166666666666666,0.8436873771347119,1.2436695492140444,0.1490154902121274,22.60880380227652,0.9387260108990589,14.064099926383513,9910.118000000002,1.6945738365125198,564.0
8.177083333333332,0.8767985212917798,1.2923236086548617,0.1536687686721529,22.551742730088886,0.9327679947435995,14.074627265233417,9261.792499999996,1.6979878059101068,564.0
8.1875,0.9113455393274699,1.3442496716247896,0.15896874203158884,22.494676697192507,0.9268542494880988,14.086344023072755,9010.432700000005,1.7045697725949605,564.0
8.197916666666666,0.9472702340754935,1.398426421215801,0.1648352080870589,22.43594898958509,0.9208496303099079,14.110091995468204,9010.432700000005,1.713832849382466,564.0
8.208333333333332,0.9880466939621534,1.4580735674170082,0.1712964951890004,22.378213295000034,0.9150560656436375,14.129022029921236,8600.967900000003,1.719888180897869,564.0
8.21875,1.0320147150325667,1.5217310799078452,0.17856128698001397,22.31995976082763,0.9093450613501866,14.152534401389538,8423.226900000005,1.7295406663759518,564.0
8.229166666666666,1.078547564427834,1.5881157102190593,0.18659077489609538,22.259890475281185,0.903617873794463,14.185880762643132,8423.226900000005,1.4280060769426974,564.0
8.239583333333332,1.1294831930480687,1.6593601677918832,0.19539859838055723,22.2002623212695,0.8981104610020977,14.216416511474664,8105.257500000003,1.4171641205619816,564.0
8.25,1.18332237410383,1.7337302825281096,0.20517590611380704,22.13981177193144,0.892718217887308,14.249916370463538,7966.3290000000015,1.4057197139383484,564.0
8.260416666666666,1.2398780662455904,1.80983741409395,0.21585718086904251,22.077447774611162,0.8873629356988652,14.289736154619531,7966.3290000000015,1.3947188618985522,564.0
8.270833333333332,1.2933887760222622,1.8867908929766422,0.22773643425916726,22.009375352769837,0.8817599486567387,14.34864684927653,8420.236900000004,1.386236895943465,564.0
8.28125,1.3450828953253053,1.9653014246400657,0.24080374422987577,21.933438792328914,0.875804409849305,14.43104238084641,9078.788100000005,1.3828498143328392,564.0
8.291666666666666,1.4065385422912147,2.0487659210741804,0.25467459079945254,21.854848436004133,0.869957291453558,14.51195214644685,9078.788100000005,1.3814346730826692,564.0
8.302083333333332,1.4441285877029557,2.12680473827471,0.27086108789612356,21.75868242998196,0.8632164705070939,14.645586112502217,10721.358999999997,1.3829607256194274,564.0
8.3125,1.4561587827807243,2.2011446797474123,0.28810534611290345,21.645410222820093,0.8558137659307757,14.834887407975883,12165.706999999995,1.3971950882814428,564.0
8.322916666666666,1.4940203292036043,2.2848592776281587,0.30591321874110666,21.528258704891826,0.8487033259653114,15.013842809144233,12165.706999999995,1.4124062627729648,564.0
8.333333333333332,1.3945213437919415,2.327770656772534,0.3268079078372689,21.37013829088648,0.8398617285071331,15.378495279228003,15963.856,1.4330983314741188,564.0
8.34375,1.2600753722861557,2.357386476219966,0.345980528957323,21.18546320958178,0.8304372814132874,15.933265146480485,18387.367,1.7944319115635907,564.0
8.354166666666666,1.2049837196347344,2.4086189380642584,0.3644065554280425,21.004290865549443,0.821939375619267,16.430624849620962,18387.367,1.7332610683882117,564.0
8.364583333333332,0.9910201265519734,2.360078163761227,0.37840118605727696,20.783129979499325,0.8123506868522687,17.394212284620526,24575.549,1.7554874026443439,564.0
8.375,0.7993237820418022,2.268738340463432,0.37336939747237285,20.594119061191133,0.8047425550983267,18.684179651354597,27586.75899999999,1.7799987000130297,564.0
8.385416666666666,0.7003932357198165,2.1935578694422926,0.35964914488687966,20.506812850852384,0.8015125058200142,19.47253518943762,27586.75899999999,1.825537494512699,564.0
8.395833333333332,0.5870139440494905,2.063986332161639,0.3367060678125453,20.56808377383269,0.8040561940195193,20.106103330938684,30044.009999999995,1.8804160936156924,564.0
8.40625,0.5228739670983487,1.9375409320717383,0.3077382479643182,20.818273804047948,0.8134412176632417,20.372005849037674,29941.511,2.086553798062732,564.0
8.416666666666666,0.48029353439824896,1.8190942384447686,0.2809067545668766,21.262598071982136,0.8293991685131669,20.386786487539336,29941.511,2.0715953599606074,564.0
8.427083333333332,0.46254393254744264,1.7157781264694152,0.25642206448325244,21.86134243663144,0.8500503107014221,20.123511797335112,28967.820999999996,2.0617697461456976,564.0
8.4375,0.45241652721273246,1.6178791716676115,0.2349904987692276,22.573836573772294,0.8735645901184355,19.739999145796542,28200.323000000004,2.0589914551874444,564.0
8.447916666666666,0.4373635251382313,1.5210694690137814,0.21674113027950528,23.37586880419833,0.8986952665550416,19.461242363724715,28200.323000000004,2.0698463323628085,564.0
8.458333333333332,0.44609138618263255,1.4561405434792485,0.20225684851853268,24.1754535067402,0.92226506778937,19.12942205503724,26564.736000000004,2.0752100846732566,564.0
8.46875,0.4552480983543728,1.3978066815542798,0.19065411742841726,24.958377717663495,0.943767765145652,18.86292457969347,25779.339000000007,2.0784906166230996,564.0
8.479166666666666,0.4527354970180417,1.3364355838547621,0.18072470872402452,25.718570987755864,0.9629623541783023,18.73681399234709,25779.339000000007,2.0831985761514846,564.0
8.489583333333332,0.4701075777429236,1.2970235931885579,0.17254553417032858,26.3877708127069,0.9782792101368504,18.449114167989997,24144.266000000003,2.080146334438431,564.0
8.5,0.4851645541892373,1.2588919524295863,0.16571352413080628,26.979405559759996,0.9903684118550925,18.1228619193011,23329.451,2.0748498974225873,564.0
8.510416666666666,0.4863373806802656,1.215116847833384,0.15959164780771784,27.505920831052105,0.9997201702416003,17.884407468898274,23329.451,2.0714754220372478,564.0
8.520833333333332,0.5036825292382917,1.1860162903191487,0.1541609796687652,27.924784895044446,1.0059268421179435,17.446979154859577,21385.096000000005,2.0593853593840272,564.0
8.53125,0.5154041535944746,1.1544735500020835,0.1494310911005479,28.26561629341077,1.0098356181146437,16.985108992432714,20514.160000000003,2.045432665628018,564.0
8.541666666666666,0.5143793439295609,1.1178620654435891,0.1450723933005534,28.544803561620366,1.011830685828621,16.606496506411645,20514.160000000003,2.0446796736373583,564.0
8.552083333333332,0.5216463647120485,1.0881166817086176,0.14106524904633824,28.75393693031591,1.0120236816694723,16.228819802767102,19675.892999999996,2.0455411080009096,564.0
8.5625,0.525437387332216,1.059140367277783,0.1377048379725595,28.909275200973077,1.0105372100506556,16.03152610629201,20233.209999999992,2.0473005094222634,564.0
8.572916666666666,0.5253059695783309,1.0346553612245042,0.13478852575457315,29.005049026618998,1.0074122307735134,15.929792148541003,20233.209999999992,2.0483026953149177,564.0
8.583333333333332,0.5312815123780289,1.0157729938633544,0.13279795259408425,29.04378466374653,1.0021049340363075,16.13880963495605,22524.881999999998,2.0501108357227373,564.0
8.59375,0.5476465190815708,1.0130058682438359,0.13183182097788274,29.01034937102896,0.9945184304066286,16.522688921235932,23942.11600000001,2.050002230567819,564.0
8.604166666666666,0.5629039371877953,1.0209051080945029,0.13170771039504997,28.905265139394356,0.98519538459603,16.833921899656794,23942.11600000001,2.0492443248848455,564.0
8.614583333333332,0.5891411051701638,1.0374151436414705,0.13292330723646195,28.711865505370056,0.9732603821757893,17.39256136041877,26596.896000000008,2.068277217843692,564.0
8.625,0.6280873966795576,1.0704992481232372,0.13528739917514954,28.429513268247874,0.9595578242009412,18.1802488666684,28040.975000000006,2.093525337318982,564.0
8.635416666666666,0.6630630302917826,1.1116438211979474,0.1384220001941948,28.075597800874817,0.9455288393660846,18.97599614584334,28040.975000000006,2.114926439788181,564.0
8.645833333333332,0.7013700799041787,1.1576487002621747,0.14295638908496314,27.614297985765333,0.9307565773210749,20.208141084745083,30765.381999999998,2.146524844839235,564.0
8.65625,0.7427749131546499,1.2150855341007254,0.14838413744438167,27.06582017984423,0.917172643071287,21.479345049375436,31818.164000000004,2.176764110459058,564.0
8.666666666666666,0.781660346609701,1.2775775033558388,0.15447407570232144,26.453605821250388,0.9061454722965393,22.387713751317833,31818.16399999999,2.200750989846515,564.0
8.677083333333332,0.8077785415000776,1.3352905229338807,0.16124696184048032,25.75849822045693,0.8979566720362291,23.331070670596894,33146.732,2.226029908663852,564.0
8.6875,0.8251450683385446,1.3918553875351687,0.1680904528438037,25.013400908698696,0.8933747925133302,24.01748461546567,33327.463,2.4554164760247783,564.0
8.697916666666666,0.8461859174171479,1.4482765664044086,0.17515788130990592,24.237597567248667,0.8924182235466137,24.440268690464837,33327.46300000002,2.4538469043831976,564.0
8.708333333333332,0.8336646222188773,1.4868224170967606,0.1810905616878577,23.460900190656993,0.8947793102344547,24.552917531686813,32828.42199999999,2.452299532135598,564.0
8.71875,0.8140392544249703,1.514507107841029,0.18617343652678783,22.698156627597413,0.8999984423829295,24.53066893619053,32493.096999999994,2.451229285442157,564.0
8.729166666666666,0.807595789175691,1.5403674783519359,0.190857526096092,21.95984984049315,0.9077023993880544,24.546136544666467,32493.09700000001,2.4506573054063967,564.0
8.739583333333332,0.7942596451611487,1.555087460969368,0.19457984476957738,21.252246907908088,0.9177137315793238,24.76703154963809,33061.739,2.450669872797195,564.0
8.75,0.7857147104256363,1.5665537044707836,0.19767066549955814,20.592417988588096,0.929852180232642,25.154356049791485,33767.333,2.4508108005106872,564.0
8.760416666666666,0.7872207060727514,1.5816680627077213,0.2003324332434025,20.009605418908617,0.9436284326356024,25.388534375185355,33767.333,2.4503479710098577,564.0
8.770833333333332,0.7820748985301527,1.5834151194629242,0.20332271731051835,19.467161640930392,0.9603516482935933,26.66808963766523,37051.681,2.4528455206619255,564.0
8.78125,0.7940316836324391,1.5954322924285882,0.20599357953960815,19.00772915693106,0.97944697890926,28.09639476383493,38815.09100000001,2.4538601582822164,564.0
8.791666666666666,0.8108204945830334,1.6149947482948017,0.20835580513875934,18.650638825668768,0.9999639724053112,28.80582540203232,38815.09100000001,2.453264164473512,564.0
8.802083333333332,0.8288924747256614,1.6292884672831973,0.2114082588434616,18.368213923152958,1.022890002090893,30.149299844433507,41028.917,2.4653665481868305,564.0
8.8125,0.849771739479233,1.6486398345821816,0.21362043993481283,18.164713768999235,1.046629259864184,31.957412773775015,41040.043999999994,2.4892405100592994,564.0
8.822916666666666,0.8628688288257184,1.662662991407041,0.21536327564599728,18.023103088319086,1.0705738069744501,34.07741339331982,41040.043999999994,2.513869319279926,564.0
8.833333333333332,0.8688067264254521,1.6699195985901305,0.2158611565999102,17.930642758282513,1.0936144240052956,35.46794044486661,40348.43199999999,2.5328252623991956,564.0
8.84375,0.8697500439759035,1.6693189123014973,0.21542853785827373,17.873860841409165,1.1151915013772538,36.31404732329707,39857.630000000005,2.5476862978690082,564.0
8.854166666666666,0.8668605343435156,1.6620689298033384,0.21435249804765327,17.84157459037106,1.1350015233162754,37.10394438338816,39857.630000000005,2.5617042667512804,564.0
8.864583333333332,0.8722757025334664,1.659047567614752,0.21275587233938303,17.824706593846063,1.1522086245198524,37.12849279768174,38870.01699999999,2.568306882706104,564.0
8.875,0.8762590443991781,1.6537587516319054,0.2110545621647282,17.81388695326993,1.1668164917764299,36.92215884136517,38203.84,2.5710017767199638,564.0
8.885416666666666,0.8736318307848796,1.6428563975021773,0.20921696510757776,17.800543029755488,1.1788936443054254,36.98712933389875,38203.84,2.574335925662595,564.0
8.895833333333332,0.8905803244893011,1.644034475627142,0.20631372518588703,17.779011113105344,1.1875126378066712,35.01798838543045,35013.841,2.557368498424294,564.0
8.90625,0.8979817717041967,1.6324591899589636,0.2028962338262793,17.74489319264631,1.19328867928105,32.86123356605791,33006.51000000001,2.532565475540204,564.0
8.916666666666666,0.8878374013007084,1.604718818579058,0.1991506474439828,17.69240570847831,1.1965783067367444,31.596686127853605,33006.51000000001,2.5126557928419575,564.0
8.927083333333332,0.8960274604969832,1.587787915248821,0.19413155553612685,17.626749461034972,1.1972731890407515,28.740686888227152,29318.361999999994,2.473319722659997,564.0
8.9375,0.888129816388396,1.5564534311835556,0.18915349927448197,17.545910363769682,1.1959337672779584,25.850876184878913,27661.127000000008,2.44144481396933,564.0
8.947916666666666,0.8684176810234251,1.515283195299575,0.1842482178256555,17.444930562647173,1.1926100905170458,23.77528547490423,27661.127000000008,2.4413644555801235,564.0
8.958333333333332,0.8597899883792863,1.484443178982241,0.1790200494307804,17.335565012607024,1.1878920749180006,22.024948338497293,24938.123999999996,2.439539850092726,564.0
8.96875,0.8436322577691945,1.4489978841170794,0.17448065582922645,17.213831371386803,1.1818295865047288,20.853660643095566,23931.285999999993,2.439627768401645,564.0
8.979166666666666,0.8238906266526644,1.4119182480483912,0.17038013376591288,17.07569336456154,1.174262184032866,20.242149618100136,23931.285999999993,2.440783131093141,564.0
8.989583333333332,0.8193905930559254,1.3869029703455609,0.16671080819031847,16.93149691491647,1.1657831824830058,19.588235618577247,22464.47,2.4406908154920637,564.0
9.0,0.8156876688078407,1.3647059597651483,0.16377624469602092,16.778995453092456,1.1562926396305266,19.026516821217342,21773.97200000001,2.4415705716797316,564.0
9.010416666666666,0.8078963866628736,1.3431303483181756,0.1613456794270698,16.614852790114846,1.1455597998001692,18.681651151645376,21773.97200000001,2.2163546745656886,564.0
9.020833333333332,0.8140781734151662,1.3327029263071721,0.15935625033738002,16.451499028101352,1.1344099959802785,18.203571819117055,20391.47,2.196212694699368,564.0
9.03125,0.8211175910839416,1.325085236650693,0.15804506376414582,16.284789767913,1.122611554133944,17.761016256811956,19809.020000000004,2.1762708488207876,564.0
9.041666666666666,0.8231860787088282,1.3179869263068698,0.15715837925564358,16.11103648163611,1.1099319207668386,17.4611921526995,19809.020000000004,2.1586085378240294,564.0
9.052083333333332,0.8385092860292895,1.3213495357937295,0.156771301166127,15.94030066969845,1.0971649881401455,17.09607172375752,18804.61600000001,2.1379727731466702,564.0
9.0625,0.8542374729063728,1.3286648815438038,0.1569492865083393,15.77165896361831,1.0843311477567015,16.70755938483027,18052.528999999995,2.115960566051515,564.0
9.072916666666666,0.8642833710401493,1.3361728932114791,0.15759946231613425,15.598822035982455,1.0710284770244274,16.412383788982414,18052.52899999998,2.096079189476974,564.0
9.083333333333332,0.8819262495325499,1.351720544711054,0.15850258724279728,15.43584955118369,1.0584218297415229,16.006291155472677,16661.085999999996,2.070832146409611,564.0
9.09375,0.8977357588735728,1.3686747110380362,0.1599806232536833,15.275431892364855,1.0460229811628987,15.609070845036774,16091.042000000001,2.0449413833336956,564.0
9.104166666666666,0.9108109463303152,1.3861126660357836,0.161848699645187,15.112063633552332,1.0334734073974832,15.27349125028223,16091.042000000001,2.0411019671003805,564.0
9.114583333333332,0.9317883034874003,1.411664593980673,0.1640220120795277,14.957667118749237,1.0217410922266215,14.895812027971683,14940.532000000007,2.043416446967021,564.0
9.125,0.9532350994287733,1.4403669735267959,0.16682779607879025,14.806993497542116,1.0104573832227493,14.576075065582632,14332.408999999985,2.0466431620945422,564.0
9.135416666666666,0.9734474790186354,1.470432430450051,0.17018036805283182,14.653681838513458,0.9991815030518326,14.367301393519359,14332.409000000014,2.050656623950393,564.0
9.145833333333332,1.002474051860439,1.5088356001557686,0.1739078489839661,14.509752816701047,0.9888096113083534,14.16768733126874,13226.419999999998,2.0542964409010724,564.0
9.15625,1.033520785301917,1.5506045520083063,0.17843260594771548,14.36875817044953,0.978865499468005,14.015360158061405,12746.576000000001,2.059558794923567,564.0
9.166666666666666,1.0642167087912628,1.5941435785592875,0.1836263039349575,14.22550710033154,0.9689890700949949,13.930506438489017,12746.576000000001,2.0661294168346243,564.0
9.177083333333332,1.1046055197833753,1.64589895545416,0.1893918139637983,14.089409319968867,0.9598182751586678,13.846526501593965,11932.243000000002,1.8205693001286536,564.0
9.1875,1.1465276915311673,1.7014586825263223,0.19617003014412143,13.954984970006532,0.9509592464243848,13.791324174301574,11631.411000000004,1.8022865782881394,564.0
9.197916666666666,1.1891714741718047,1.7596973617691674,0.2038493383168554,13.818983515941772,0.9421896528427651,13.77570599450431,11631.41099999999,1.7853163177879778,564.0
9.208333333333332,1.236723837828898,1.8249627427755577,0.212470223057747,13.687104274370204,0.9338617274211733,13.765265747904254,11168.915999999997,1.7664954941679536,564.0
9.21875,1.2869487822479917,1.89496966722038,0.22240376800633108,13.556905178532135,0.9257990333925948,13.769327218446735,10942.70199999999,1.747535105287998,564.0
9.229166666666666,1.340258075423968,1.9681483556602224,0.23363470883197027,13.425987698596206,0.9178401795763045,13.795645598809786,10942.70199999999,1.7296131318988914,564.0
9.239583333333332,1.3971268500969116,2.0467104234279097,0.24590295185735037,13.302029797912388,0.9104315622490118,13.80764013001515,10328.013999999996,1.7085571267197266,564.0
9.25,1.4544863577065814,2.1265356793309125,0.25966068287747757,13.181472956783029,0.9033361939702304,13.822075588434206,10035.996999999988,1.6868638430969956,564.0
9.260416666666666,1.5142164279384895,2.2062651740858934,0.27478573102304343,13.061087345165292,0.8963512461630355,13.852471460556167,10035.997000000003,1.6706366094351457,564.0
9.270833333333332,1.5671574500483336,2.284460349098472,0.29168762627681116,12.934519305162246,0.889107414476116,13.922788558438095,10593.913,1.6784738787799973,564.0
9.28125,1.617086344450266,2.3629243290673503,0.3104704660816906,12.798300989437518,0.8814155349761552,14.046295769959471,11487.34900000002,1.686981553803444,564.0
9.291666666666666,1.6809888362863399,2.448087556086747,0.33032230897453985,12.663674299501992,0.8739081746726891,14.174888247897774,11487.349000000006,1.6842584682256996,564.0
9.302083333333332,1.7124494286914704,2.5242239669743225,0.3545187425875251,12.507268555404659,0.8652857457201424,14.411450335968334,13594.29800000001,1.696418014778888,564.0
9.3125,1.708947385592456,2.5939652412718455,0.3797971765408504,12.338212181450178,0.8560528872156401,14.739044118901065,15141.702999999994,1.698524182138566,564.0
9.322916666666666,1.7381749092987369,2.674874840053143,0.4058134910425239,12.176587657072368,0.847259667420222,15.042329369783403,15141.703000000009,1.6861598351796712,564.0
9.333333333333332,1.5925381958311198,2.6979052647004518,0.4343025140971238,11.991961719047774,0.8371446020366923,15.543830588927339,18606.441999999995,1.7119616563192372,564.0
9.34375,1.4110044528649996,2.6996606974926585,0.45644673281494547,11.8137238841999,0.8270630760903535,16.13159806190138,20442.227,1.7479228459551626,564.0
9.354166666666666,1.3229875040872445,2.722053858768235,0.4757846727113085,11.671263438446923,0.8182914656727405,16.578978522856286,20442.226999999984,1.7769149342082196,564.0
9.364583333333332,1.0937945144280135,2.6492543375805133,0.4833823696789999,11.566127481392604,0.8099444854166796,17.304384961677805,24480.353999999992,1.8262832616302191,564.0
9.375,0.8835940160820936,2.530189015496709,0.464792876087808,11.562129974941877,0.8042752765415548,18.10347543065722,26414.909,1.873928602862163,564.0
9.385416666666666,0.7657592167067724,2.4231242603647276,0.4356628728451481,11.706352761233568,0.8028781811600563,18.617916057917622,26414.909,2.081010166414312,564.0
9.395833333333332,0.636695810155495,2.264865001295965,0.3962041413378187,12.062709764440818,0.806900078658744,19.133456863790162,28433.44099999999,2.070049568495978,564.0
9.40625,0.5591345417596818,2.1077765419001273,0.3520814819057882,12.659068435381588,0.8171282192542322,19.445575734158272,28683.918999999994,2.062211861337634,564.0
9.416666666666666,0.508450863653032,1.964362440437204,0.31337428870939926,13.501150419999497,0.8333013164111567,19.574241247015657,28683.918999999994,2.0772468323984126,564.0
9.427083333333332,0.4868110746909292,1.8379822623000484,0.28020974228462353,14.559739160325986,0.8541549344024713,19.67626714268664,28276.698000000004,2.0976313475338317,564.0
9.4375,0.48093056344203133,1.729906986701706,0.25275967790730336,15.759400937780867,0.8773621577620558,19.710688104006547,27079.08,2.111775893884251,564.0
9.447916666666666,0.46496058790868394,1.6204721420315076,0.2302697022912266,17.104116011240507,0.9021428170658485,19.83760398537781,27079.08,2.125991186417662,564.0
9.458333333333332,0.4807013980615064,1.5517081810372795,0.21268653791206274,18.4014021803341,0.9243759036604592,19.501530399991402,24343.665000000008,2.1253550026884147,564.0
9.46875,0.4905373260160704,1.481056766831571,0.19849846855225134,19.68616380073905,0.9444468261677355,19.062743312634872,23237.26299999999,2.121339147566146,564.0
9.479166666666666,0.48452152823704575,1.4031962655260857,0.1861867358058153,20.98724227562177,0.9624967919806454,18.770811963304595,23237.263000000006,2.1195483791317677,564.0
9.489583333333332,0.4954462238869218,1.3429835834168504,0.1757535701730102,22.214305108535765,0.977140769034474,18.41069984825934,22085.5,2.113237714460786,564.0
9.5,0.5046412357996355,1.2865435656652657,0.16699799611691526,23.386994295352178,0.988699682177072,18.09204665039892,21645.392999999996,2.1068180792201368,564.0
9.510416666666666,0.5020033006304059,1.2297012183946092,0.15936744115864224,24.511856544099473,0.9972478633239491,17.875068829557875,21645.392999999996,2.1022618051817217,564.0
9.520833333333332,0.5159371241824992,1.1878107648931389,0.15288995566895197,25.522438691398868,1.0024881288008844,17.575412584904544,20583.932,2.093552965886963,564.0
9.53125,0.5295717424372933,1.1502489114676675,0.14747489943085637,26.43862312696764,1.0048939651120203,17.27116886104293,20031.233000000007,2.083996959773007,564.0
9.541666666666666,0.530739289082226,1.111350436634909,0.14273091775615854,27.278398810589053,1.004724936937216,17.040492581906836,20031.232999999993,2.0763778143468268,564.0
9.552083333333332,0.5444962242234906,1.0818146574045282,0.13858906814819552,28.00407485475163,1.0022689453245168,16.762885956886215,19212.880000000005,2.065837517690022,564.0
9.5625,0.5554418544819499,1.054623549935673,0.13509748713891262,28.638946370733446,0.9977813882851302,16.51452332978954,19012.978999999992,2.056110719802916,564.0
9.572916666666666,0.5568588959048452,1.0279318021150592,0.1320454617211599,29.186114133625164,0.991421357094048,16.308751937960803,19012.978999999992,2.04798086587973,564.0
9.583333333333332,0.5636664071466029,1.0061955876494675,0.1293889139415363,29.638116532519003,0.9834645592975928,16.11260118327899,18826.611000000004,2.043810688500015,564.0
9.59375,0.5697175169950528,0.9882662135501387,0.12721316693316442,29.999382800698726,0.9740388044156949,15.949858864674074,18853.165000000008,2.0446956104370617,564.0
9.604166666666666,0.5705170782581606,0.9726594294580174,0.12542009477323143,30.269041257228093,0.9633601689076846,15.834895460355538,18853.165000000008,2.0454606244193476,564.0
9.614583333333332,0.5754712790660605,0.9607064916427034,0.12400263243007309,30.451450622412864,0.9513874964423401,15.807770480080928,19249.664000000004,2.046270707837791,564.0
9.625,0.5823974072996341,0.9539601316957279,0.12300673206665162,30.54396164329285,0.9384133886094675,15.834310409710293,19478.092999999993,2.0466635581547825,564.0
9.635416666666666,0.5865720467179713,0.9505589816700424,0.12237956824673946,30.54920391522929,0.924824963932801,15.870969829442723,19478.092999999993,2.0467421695817944,564.0
9.645833333333332,0.5890060834620374,0.9487586193222264,0.12212952797577384,30.468722993012875,0.910211535391882,15.999379820676257,20393.940000000002,2.047187331536942,564.0
9.65625,0.5903891383303935,0.9516642812475439,0.1222662700579751,30.303504644771053,0.895021495247904,16.17741387101878,21024.332999999984,2.0474580185088507,564.0
9.666666666666666,0.5938205454936539,0.9596304818554297,0.12276717043536597,30.06613496504367,0.8799878667576372,16.31851864743166,21024.333,2.0510762121012442,564.0
9.677083333333332,0.5879763412571882,0.9668312478619308,0.12362037485683774,29.751825311068536,0.8646318576236227,16.558493516323228,22118.019,2.0620254743158206,564.0
9.6875,0.5777415631222543,0.976622998321539,0.12466420240408899,29.38133193037229,0.8498827153610952,16.83309805704969,22340.929999999993,2.0730274592567253,564.0
9.697916666666666,0.573910842719295,0.9901148397390908,0.12598596165813863,28.971702611604695,0.8361653351479313,17.108605901681404,22340.930000000008,2.08272356414093,564.0
9.708333333333332,0.5468949361249467,0.9951956507774407,0.12712575954148136,28.531384825370477,0.8235942365486345,17.394866211186194,22587.011,2.0926307729096525,564.0
9.71875,0.5173613250698794,0.9970109554539366,0.12816392664464873,28.067712452106818,0.8123353989916291,17.715567409486678,23061.754,2.1038504010242187,564.0
9.729166666666666,0.5025361400399799,1.0028527733587114,0.12920499314576972,27.601788411520168,0.8028632008601018,17.989927241474042,23061.754,2.1135244159633793,564.0
9.739583333333332,0.4804387381460866,1.0020864071426212,0.13040181067093912,27.094482908613024,0.7946050640394018,18.652893407441447,25623.425000000003,2.135533309519261,564.0
9.75,0.47017650087006396,1.0096140635676438,0.13175629612372583,26.586616280041092,0.7886134872186308,19.501879004066936,26920.782999999996,2.160176989158092,564.0
9.760416666666666,0.4708048415472134,1.0261137001452707,0.13339394009045047,26.11600522165471,0.785393115798225,20.173438016137997,26920.782999999996,2.1802821276880264,564.0
9.770833333333332,0.46982772437871084,1.0394974411953781,0.13536484620732983,25.662814691801366,0.7849083956782821,21.06769752149141,28796.218999999997,2.206345692151088,564.0
9.78125,0.476486239102508,1.0582980854718282,0.1373968389573049,25.25733388816125,0.7873324504602,21.89758748918656,29465.684999999998,2.2302931676456796,564.0
9.791666666666666,0.4851391344729758,1.0790514974936354,0.13944247960343165,24.910347205844868,0.7923572607332762,22.446789917112717,29465.684999999998,2.450203657399463,564.0
9.802083333333332,0.4959055775995427,1.096664575029163,0.1414864727097439,24.6083926900467,0.7998534841820386,23.070926566884584,30488.781999999992,2.4495084136137235,564.0
9.8125,0.5140929480121582,1.116952403112951,0.143329506107664,24.356832739963295,0.8092570307249063,23.52880032746036,30614.655,2.448329007359304,564.0
9.822916666666666,0.5276172852247668,1.1337590185345474,0.14491282736222905,24.150036238295716,0.8200815652293266,23.8103721347518,30614.655,2.4473206466781563,564.0
9.833333333333332,0.555924766434271,1.1536933983954416,0.14638041470363597,23.982441352223695,0.8318836608304817,23.972943089991226,30560.69099999999,2.4464874295885144,564.0
9.84375,0.5857294983754328,1.1714729444820913,0.1475101356080592,23.85042754027748,0.844178242403081,23.99500868867685,30263.410999999993,2.4456172273163514,564.0
9.854166666666666,0.6031379683901499,1.1813424287981056,0.14822883207834964,23.74900906578216,0.856738139791807,24.023772730352636,30263.410999999993,2.4451504501232977,564.0
9.864583333333332,0.6254504570342153,1.1924133615848735,0.14848594688522546,23.678177378171583,0.8687009983062327,23.6587273376076,28934.837,2.44362137789651,564.0
9.875,0.6399484386665384,1.1964206604097218,0.14842555857451348,23.63133548954855,0.8800631453857756,23.237225958136225,28241.293999999994,2.4428477295513895,564.0
9.885416666666666,0.6446680991698089,1.19308741825463,0.1480406523157222,23.603849503957743,0.8908345656824466,23.021514818507608,28241.293999999994,2.4427893574331936,564.0
9.895833333333332,0.6555064364241897,1.1927384649914299,0.14714334786974068,23.592857026315713,0.9000438513289667,22.35677146255242,26220.319999999992,2.4409931408749626,564.0
9.90625,0.6587837523581139,1.1851950144989127,0.14601010065969203,23.592579089682438,0.9078962338148374,21.638856464948944,25068.303,2.4402073698985935,564.0
9.916666666666666,0.6540926145031338,1.1703726970253503,0.14466317982605584,23.599315412275054,0.9145811753471692,21.2347539712664,25068.303,2.440569451410261,564.0
9.927083333333332,0.654813206664785,1.1590052943971998,0.14291110953217762,23.609024541528527,0.9194970645837987,20.535808698322356,23052.733000000007,2.4392015160048914,564.0
9.9375,0.6520478461504101,1.1433223975957627,0.14118889641076451,23.61922079523389,0.9229530409697834,19.89681842672843,22221.263999999996,2.439139354406559,564.0
9.947916666666666,0.6447938266432583,1.1240339419329348,0.13941902800427441,23.628077020606742,0.925006334765942,19.51978829988653,22221.263999999996,2.4399201283373047,564.0
9.958333333333332,0.6481497020339692,1.1113213147293992,0.13765781993109802,23.633332497465645,0.9255494421217215,19.018875252147147,20828.244999999995,2.439537499239178,564.0
9.96875,0.6500798961907427,1.0983184671980235,0.13609359404719945,23.63404841922865,0.9247382460752702,18.532460420586908,20061.84700000001,2.43997210346095,564.0
9.979166666666666,0.6466674559738649,1.083274154850034,0.13464397079166862,23.629013362534735,0.922579669951786,18.220827555119953,20061.846999999994,2.215059564488149,564.0
9.989583333333332,0.6498930605741968,1.0738873851009545,0.13311795318305664,23.618357194307478,0.9195003832716113,17.65750790047757,17957.922999999995,2.194118976063609,564.0
10.0,0.6476161743589288,1.0611203717817346,0.13175002331272392,23.60178750765463,0.9156066436010084,17.098073048350678,16997.638999999996,2.1720362799202126,564.0
10.010416666666666,0.6407293881377834,1.0451496923013353,0.13041351125028275,23.577767300056188,0.9107951283803927,16.716021198585,16997.638999999996,2.152765603558982,564.0
10.020833333333332,0.6403550283059016,1.0341029276606255,0.1290730172295765,23.54814957905147,0.9056181781949858,16.27047949890769,15582.235,2.1282698584905075,564.0
10.03125,0.6399265112075105,1.0235189967639156,0.12798897297463108,23.511581724522138,0.8999528225164201,15.883793337138185,15083.693,2.103848923984654,564.0
10.041666666666666,0.6373650277114127,1.0131193811786974,0.12704816043899123,23.466295438343394,0.893691811714735,15.60133184298799,15083.693,2.0815583626690013,564.0
10.052083333333332,0.6430752314649097,1.0091256248942775,0.12636387716633105,23.41425958018858,0.8872304037352988,15.312374218816025,14349.309999999998,2.05692454454044,564.0
10.0625,0.6505024667533144,1.0085653856879833,0.12606981982157014,23.353494540611113,0.8804125175217785,15.060568879893827,14174.858999999997,2.0398375155077604,564.0
10.072916666666666,0.6561230679826277,1.0101736227861882,0.12603949344399673,23.28268894414629,0.8732131120475605,14.844846893479023,14174.858999999997,2.0422505292721995,564.0
10.083333333333332,0.6694217915246721,1.0189576906834146,0.12651751265156172,23.201042920049744,0.8656770040431777,14.678422331643523,14192.229999999996,2.0449613519258856,564.0
10.09375,0.6870781694825254,1.0344748553766876,0.12752605529859404,23.10769356159549,0.8578471586113744,14.574844081493165,14235.486000000004,2.0475757066658264,564.0
10.104166666666666,0.7038592273554423,1.0542474189939108,0.12896311026039686,23.002297684988026,0.8498100437684684,14.52424823838758,14235.486000000004,2.0500416962495778,564.0
10.114583333333332,0.7263381927073629,1.0813984717359777,0.13093513025188927,22.88827531472922,0.8418937503441796,14.480700217995999,13787.784,2.052207791191107,564.0
10.125,0.750305531858635,1.113326666226545,0.13344378004469237,22.764744342212186,0.8340729445145494,14.448238872498022,13517.866000000009,2.054793727052891,564.0
10.135416666666666,0.7732180408260688,1.1477935856854493,0.13638564045481996,22.62936907855741,0.8262619461706036,14.4405026378785,13517.866000000009,2.057747103203836,564.0
10.145833333333332,0.80161425245355,1.1887771266081697,0.13989239855610158,22.484105703790863,0.81863456427147,14.44030604202564,13336.426000000007,2.060612438731972,564.0
10.15625,0.8341320976959122,1.2357570933891524,0.1440758564006343,22.32637301680637,0.8111148960813216,14.460933070185199,13408.589999999997,2.0637858673113407,564.0
10.166666666666666,0.8684326441630333,1.2875880829757322,0.14883825905532055,22.157118588402234,0.8038140425151415,14.492757380304553,13408.589999999997,2.0668253875340055,564.0
10.177083333333332,0.9105289528481405,1.3478554085856342,0.15454161618348675,21.974690943085566,0.7967250445262706,14.541063908712802,13553.837,2.069883821473618,564.0
10.1875,0.9590738256602951,1.416530312818504,0.1612425749081012,21.779740843807065,0.7899388611195031,14.599044070333132,13667.845999999994,2.0726637895808664,564.0
10.197916666666666,1.0104031463080139,1.491329253794834,0.16889611352080153,21.574483954585947,0.7835783964657156,14.654659237973053,13667.845999999994,1.8411373123373844,564.0
10.208333333333332,1.070174830429588,1.5751322312270322,0.1781776268124805,21.349982829407416,0.7774490619707638,14.74674104109322,14278.527999999991,1.8402774114508673,564.0
10.21875,1.1396490990810386,1.6697782364471732,0.18921471506154497,21.10658141315716,0.7716895900394865,14.87025477208193,14858.934000000008,1.8419647063282385,564.0
10.229166666666666,1.2151791014027826,1.773335559067619,0.20187748179857923,20.854489570995483,0.7666162392804211,14.976228044284444,14858.934000000008,1.842377043007381,564.0
10.239583333333332,1.2966570409540592,1.885772799718274,0.21810828820680717,20.564594777254918,0.7618238022222116,15.188855506430063,16577.751000000004,2.079493793786574,564.0
10.25,1.3922406839767743,2.013414981774036,0.23755993344984716,20.25039624179662,0.7578134025592224,15.448222397546989,17511.592999999993,2.07684438813257,564.0
10.260416666666666,1.4973574338477482,2.152027493142951,0.26032823194667026,19.93003756002432,0.7549335414724968,15.653669878703138,17511.593000000008,2.0731745395715713,564.0
10.270833333333332,1.5880837253057585,2.2921461486051897,0.28994228335714056,19.565961907817993,0.7530923721627487,15.98543676541831,19636.357000000004,2.0708494090490874,564.0
10.28125,1.6771813362914243,2.4403473537801808,0.32525781916553864,19.178072777657803,0.7527668080131156,16.357809158035124,20777.918000000005,2.066408308679142,564.0
10.291666666666666,1.784839406737878,2.59742642694349,0.3665819024176777,18.790639557937578,0.7540998545713391,16.62153128086366,20777.918000000005,2.061596404198736,564.0
10.302083333333332,1.830921888531808,2.735351335946746,0.41957172179092783,18.359186193039733,0.7575140605624673,17.05941788167151,23392.646000000008,2.0590127845436825,564.0
10.3125,1.8221890529005351,2.8562877839840115,0.4809524902259325,17.895436614292727,0.76344077941237,17.674271248275126,25780.701,2.062962332324162,564.0
10.322916666666666,1.8702089637233243,2.9922932695742297,0.5484504032884454,17.451520704732157,0.7713403056293889,18.15040254014613,25780.701,2.0824681328460977,564.0
10.333333333333332,1.677877344257642,3.030009165653025,0.6271131452920534,16.95027950694392,0.7831096841756938,19.568423376158012,31435.80900000001,2.1347379077832374,564.0
10.34375,1.4310609849125693,3.00304078809691,0.6797075705745603,16.46574971368291,0.7982881987308932,21.98719537132615,35081.05799999999,2.1951645119305527,564.0
10.354166666666666,1.320145192104296,2.996972119041199,0.7089976750432733,16.09139126976013,0.8150966429865489,23.97235326951985,35081.05799999999,2.240707655094115,564.0
10.364583333333332,0.9533276959113858,2.7264464276444804,0.6584682314950014,15.825538488545336,0.8391338931558096,28.831709344989097,45271.234000000004,2.4624996696938872,564.0
10.375,0.7091989348513774,2.415764074727568,0.5410566627617767,15.878135491334481,0.8702236835523637,34.47509575248848,50716.03599999999,2.4753928798320484,564.0
10.385416666666666,0.6223287635319479,2.21382813162735,0.4493352707893777,16.30482889017503,0.9068398291908869,39.98381472044066,50716.03599999999,2.549766317090609,564.0
10.395833333333332,0.54585720458806,1.9728301622833422,0.37977688699862266,17.166632587529932,0.9550762318684037,53.74152853811788,58606.17499999999,2.691672847254081,564.0
10.40625,0.5463623473652368,1.8452124391924816,0.33657154438363485,18.29607903961785,1.0081416157010092,65.55611748868687,61291.90299999999,2.88016053578653,564.0
10.416666666666666,0.5639325051314181,1.781202081773772,0.3113599724648091,19.426351201910826,1.0583359276908944,79.38189298381549,61291.90299999999,2.928038454237766,564.0
10.427083333333332,0.6166384276940271,1.7581348436487336,0.29963527609809165,20.409573107382894,1.103727004346544,113.06742616005403,64532.497,3.0490145438085614,564.0
10.4375,0.689476655250458,1.7905196403814134,0.29655211598231906,21.04881004417289,1.1398400763656973,136.70472362534903,64327.666,3.2858728495228156,564.0
10.447916666666666,0.7374562452180533,1.805554672551489,0.29389616319332346,21.292697078873083,1.1671297389714093,154.62279219339382,64327.666,3.2832917431851896,564.0
10.458333333333332,0.8248032075514965,1.8731762478944958,0.29824353520062,21.16441017690793,1.186477439189738,164.49645299668984,62852.388000000006,3.281914513224585,564.0
10.46875,0.9133422823075192,1.9427203920136233,0.3035257813819089,20.750075193282417,1.1996284467283387,190.54849421295032,61288.986999999994,3.303010841115117,564.0
10.479166666666666,0.958833283302278,1.9674839230231702,0.3046281656902097,20.11941545308911,1.2077508823071628,224.66302622897598,61288.986999999994,3.3306234160829087,564.0
10.489583333333332,1.0562967763220181,2.0436394977974444,0.30715035381064354,19.397467327770332,1.210927691358482,212.75899775788488,56855.806,3.323286287499073,564.0
10.5,1.133971276465404,2.0892987195846917,0.3073319171816262,18.613825871482337,1.2096220387659544,193.0056595302766,54961.057,3.3073684993131947,564.0
10.510416666666666,1.1616905994887454,2.0911290766125927,0.30385605964537515,17.762569044316265,1.203330919558853,181.8736925021769,54961.057,3.298140601994852,564.0
10.520833333333332,1.2164693379099056,2.1139468304738838,0.29938362304171834,16.89785455044729,1.1929090706855332,150.70994363910145,52086.834,3.273777547460766,564.0
10.53125,1.2475307371202986,2.1172963481015437,0.2942498397705601,16.008190303969393,1.1793962612993762,134.9314390890617,50675.90400000001,3.2675085729428837,564.0
10.541666666666666,1.2490898842477949,2.100655740645023,0.288845889403248,15.078422097113142,1.163446369806596,131.95431571342104,50675.90400000001,3.2679543676821448,564.0
10.552083333333332,1.2637839258572785,2.0945097516761684,0.28215143083321603,14.164801564183309,1.1469926779419657,122.72187322694964,48309.315,3.266438298295356,564.0
10.5625,1.2771833036579165,2.084238054605177,0.27799459159170087,13.235856810412542,1.1303121927840496,119.65822998614577,48476.515,3.2674916928602675,564.0
10.572916666666666,1.2800473998953497,2.0732276887622456,0.27446682745639234,12.310499637300497,1.114280505230551,116.86928506101094,48476.515,3.2683777958451414,564.0
10.583333333333332,1.3204313619731753,2.084608547471371,0.2745569275256365,11.387396915542293,1.0993105994659758,116.79100137285741,49354.765,3.2698393653786533,564.0
10.59375,1.3654850497015494,2.1071106549750196,0.2761746923106578,10.494324125494787,1.086168025649479,115.55770879557892,49460.92300000001,3.2704981859549003,564.0
10.604166666666666,1.389651000004521,2.1249110552397092,0.27837992037807047,9.64102169611874,1.0750714116843842,114.2027099611614,49460.92300000001,3.2710359870910093,564.0
10.614583333333332,1.4072793854193126,2.1391667781472328,0.27949991488657006,8.844599418369835,1.066179100319409,110.69812937474535,48594.939,3.2710392696137376,564.0
10.625,1.4130187304542479,2.146369685850527,0.28060699168848313,8.098478899591774,1.059383222354625,107.96356973233708,48241.19,3.271653813134594,564.0
10.635416666666666,1.4144522221700666,2.152272548377847,0.28223069816453983,7.40445586743679,1.0548197373590944,106.049442116181,48241.19,3.1120029735533983,564.0
10.645833333333332,1.4094278040210708,2.154383271198837,0.2828500297117015,6.7804633616884775,1.0527435182778921,103.13141558121968,47756.342000000004,3.0963299970323535,564.0
10.65625,1.4005989145099649,2.1553545526537166,0.28385893608355045,6.233609757268233,1.0532962485615798,100.67985813002275,47562.15700000001,3.0814082145334885,564.0
10.666666666666666,1.3974742757627774,2.161286269339154,0.2859399942231372,5.77113391422564,1.0567378069259865,98.71402836959436,47562.15700000001,3.0683014649273908,564.0
10.677083333333332,1.378669355727839,2.1598342241945043,0.2873419798251359,5.398971048196511,1.0633586297366067,96.79161646400273,47515.651,3.056080362602637,564.0
10.6875,1.3384066156160799,2.1489130354380763,0.28889352287485087,5.114789932325401,1.0735424975672923,96.3636098534629,48091.32399999999,3.0491005617758478,564.0
10.697916666666666,1.322378332625044,2.1528425471705823,0.2917098527606116,4.923216909351026,1.0874115982388168,95.21063485614904,48091.32399999999,3.041754535514034,564.0
10.708333333333332,1.244046692088933,2.123341485998012,0.29270706319679224,4.823400114267954,1.10551019031319,96.90383132117095,49350.599,3.043625896028373,564.0
10.71875,1.1814382419966907,2.101073740038636,0.29385163115036017,4.825816304442383,1.1275859212948183,98.4464767600389,50021.66500000001,3.048212917836502,564.0
10.729166666666666,1.1585979447804735,2.1015025165236505,0.2967115163305422,4.941297217249521,1.1528758380935586,98.77571574321962,50021.66500000001,3.04996458727826,564.0
10.739583333333332,1.1495838960383107,2.103905341628325,0.29998074779060224,5.182480188840558,1.1812984771835935,100.55527824307367,50762.23300000001,3.0556479661725042,564.0
10.75,1.1539372725366441,2.1123738758825157,0.30238600191185033,5.546742061486776,1.2120775253011287,100.7975960835103,50611.186,3.0579762106644504,564.0
10.760416666666666,1.1577797488160178,2.119209746237251,0.30447768150877064,6.023052882108262,1.2449152280792886,100.98355306903946,50611.186,3.059081143930137,564.0
10.770833333333332,1.1699513644363686,2.1231694117887034,0.3065383063866965,6.603701823449062,1.2797539574775425,103.65444467217306,51700.611000000004,3.0676789063291,564.0
10.78125,1.1905233338922478,2.1292847157737955,0.3083388025926398,7.26714609423915,1.315482907691543,107.42007148537435,52834.122,3.082138985375913,564.0
10.791666666666666,1.205406421686107,2.1358390980454516,0.30890157937564766,7.974115489752532,1.3501136088280434,109.13211703186118,52834.122,3.092320136399773,564.0
10.802083333333332,1.2379792086607806,2.1458132370590293,0.3115760056632865,8.728051150906587,1.3837156381384186,115.28342145473282,54774.91399999999,3.1148533374163536,564.0
10.8125,1.2749239461705872,2.1633031650440517,0.312837584459062,9.480416549036551,1.414143730558682,117.71715873480612,54646.583,3.1307116782794426,564.0
10.822916666666666,1.2922302075274315,2.1705728610759816,0.3131451560763455,10.21585630564297,1.4410779830539446,119.64829474200107,54646.583,3.278167765934795,564.0
10.833333333333332,1.3200829741862745,2.1828978640049264,0.31284657664377374,10.91092450612803,1.4638208042846006,119.20233368776634,53893.484,3.2771712548154417,564.0
10.84375,1.3431675272273544,2.190722290226919,0.3111629065116873,11.55104468963438,1.4819221157907956,116.90636897927335,52775.098,3.276233029544577,564.0
10.854166666666666,1.3470749348314333,2.1845759447874817,0.30884348919287996,12.141342484599573,1.4952437715030842,116.57472724310631,52775.098,3.276316559528768,564.0
10.864583333333332,1.370616433642038,2.188782198117866,0.30171383861381235,12.632401229878067,1.5026259994374602,105.56336236423618,48457.425,3.1061473438872134,564.0
10.875,1.368474645896628,2.16712060411805,0.2928391336369966,13.047710160789412,1.504721368022093,96.64164795009032,46096.273,3.066191315596185,564.0
10.885416666666666,1.3455582439372633,2.126643489487295,0.28405368027986344,13.40407917689897,1.5012838025961999,92.23579523682005,46096.273,3.0371503530781627,564.0
10.895833333333332,1.3406663330972612,2.0979332039086773,0.2711704451311085,13.663589517756003,1.4931314653992847,78.01006369851007,40987.05299999999,2.9786563348749944,564.0
10.90625,1.3114093588126983,2.0463435816126885,0.25876246184159835,13.853179566327059,1.4809640903489993,66.15569581401239,38551.69999999999,2.919494602832556,564.0
10.916666666666666,1.2693871077977708,1.9824514320032574,0.2476838096383373,13.987637533394718,1.464443278575525,56.96096959864642,38551.69999999999,2.8739228961010097,564.0
10.927083333333332,1.2463287776152154,1.9332837457845213,0.23553971190257825,14.062233214817683,1.4459781141372936,44.80484124876067,34705.76699999999,2.850964066866637,564.0
10.9375,1.2173989719380085,1.8775665030893973,0.22599535708017526,14.095737019298376,1.4248382350823927,40.91785487250227,34012.342000000004,2.8520579678619815,564.0
10.947916666666666,1.1875150165579154,1.8245094156036143,0.21784741506549643,14.094791505356698,1.4010187562886325,39.40859586211626,34012.342000000004,2.8545221389567885,564.0
10.958333333333332,1.1901318888037073,1.7945042751471267,0.2119576643466373,14.065565509337105,1.3753443246399044,37.91431982500159,33523.65299999999,2.857036444383047,564.0
10.96875,1.199141049749596,1.7764719707157253,0.20793960072520665,14.013976523146159,1.3483564742043703,36.49206543482008,33132.803,2.6443720521932454,564.0
10.979166666666666,1.1999438419711017,1.7622929261512081,0.2052603702466029,13.942817600167071,1.3203836219200646,35.36695432642949,33132.802999999985,2.6090936553677992,564.0
10.989583333333332,1.2034313773936458,1.7575764466140482,0.20296403426596582,13.857941489215378,1.2936357394886266,33.17017342628199,31318.622000000003,2.56686335671638,564.0
11.0,1.1983644425928053,1.7515124487963598,0.20169195455305328,13.757113958012107,1.2677273316341495,31.229230827451016,30608.077999999994,2.5272540386987825,564.0
11.010416666666666,1.1923596175555653,1.7466057281876954,0.20117107099271855,13.636480240397455,1.2424488775464366,29.650855553598486,30608.07800000001,2.493226256204582,564.0
11.020833333333332,1.2015251450775228,1.7546758600210137,0.20187609139403512,13.49502908499773,1.218243184453214,27.977573326330337,30398.073000000004,2.4621878272974107,564.0
11.03125,1.2231682856072663,1.7741622602027938,0.20391801299074,13.331449743388623,1.1951869080980628,26.134763685104094,30301.875,2.443880556172662,564.0
11.041666666666666,1.24392531346695,1.7987953064269075,0.20692422050215623,13.145617744493599,1.1733200434950894,24.731599251909024,30301.875,2.4440008057330265,564.0
11.052083333333332,1.2822059732748745,1.8362655027341568,0.2105261864674389,12.949454856163284,1.1536655031959693,23.64710783055468,28870.752999999997,2.44312240338241,564.0
11.0625,1.3144051273957253,1.8723738669199705,0.21422333350942688,12.750324858873501,1.1362664113415373,22.59319287198808,27150.846999999994,2.442159947215483,564.0
11.072916666666666,1.3345085335754416,1.9015237028836316,0.21876236991577963,12.539823110482466,1.1199094456376222,22.018252865718786,27150.84700000001,2.4429573875759694,564.0
11.083333333333332,1.3604041650132308,1.9366671420691126,0.2216291276893487,12.349011443416277,1.1064261848387293,20.830606557205467,23723.053,2.440782170136154,564.0
11.09375,1.3738532590904642,1.962769670904266,0.22540027032548457,12.164165512130236,1.0942678513024537,19.798214913933116,22498.907999999996,2.4411351053546286,564.0
11.104166666666666,1.3848806223817745,1.9853471162911736,0.22976187643151516,11.977384135567753,1.0826227613978407,19.195486075157085,22498.907999999996,2.4429254443715607,564.0
11.114583333333332,1.4147344483183595,2.0213133115414275,0.23484293721693852,11.797784230349942,1.0718051539050282,18.671112896007806,21607.266000000003,2.2074919263930184,564.0
11.125,1.453446977735844,2.0670623598044293,0.24186859900535704,11.621678634921002,1.061357373593695,18.27570708038421,21333.368000000002,2.1880950581301337,564.0
11.135416666666666,1.4951395076940561,2.120419210266323,0.2507193062120935,11.448044028735238,1.051030807097549,18.014504384447797,21333.368000000002,2.1705896787180317,564.0
11.145833333333332,1.5505758385520252,2.1882413019440574,0.2608052611860885,11.289443233215186,1.0414418758237876,17.571453347066488,19870.638999999996,2.14810248886046,564.0
11.15625,1.604287364883109,2.259388128350049,0.27297801904406,11.142265261077801,1.0323192755896746,17.065671979242254,18858.174,2.1234089786128405,564.0
11.166666666666666,1.6551281046629134,2.3301919175082926,0.2876026538328829,10.998620444281668,1.0231453663080385,16.686220118478545,18858.174,2.1010041306912193,564.0
11.177083333333332,1.715488286282991,2.4101741296146644,0.3028623041525054,10.870586431978902,1.0147079114993816,16.177969068525464,17222.012000000002,2.0723945116810993,564.0
11.1875,1.7745804344726015,2.490143391506864,0.32141822262816644,10.748598522117977,1.0064195783129848,15.718016615463771,16792.73700000001,2.0440670693081726,564.0
11.197916666666666,1.8358395919247334,2.571392558693817,0.3427326961420907,10.629372801452496,0.998066724047588,15.33208711943273,16792.736999999994,2.0409814833271125,564.0
11.208333333333332,1.9099167898981484,2.6617678472043274,0.36694024946090936,10.516519997997209,0.9899104836401799,14.967972216662652,16265.619999999995,2.04393637236644,564.0
11.21875,1.9879094346961579,2.7565959354789493,0.395320470642728,10.408331421296378,0.9818353031947211,14.68668625504544,15970.084000000003,2.0473136942672636,564.0
11.229166666666666,2.066619172382036,2.8530860398997486,0.4282418171302282,10.302945170616127,0.9736887219701151,14.512072864114675,15970.084000000003,2.0510578767502228,564.0
11.239583333333332,2.1469227293361848,2.954072544075277,0.46384072978024515,10.207006145089291,0.9659839208529128,14.339070063931208,14967.823999999993,2.0544237509777177,564.0
11.25,2.2214931739256887,3.0517141357897217,0.5044543951871475,10.117114991134065,0.958460072421306,14.199685178587833,14483.380000000005,2.059103041804961,564.0
11.260416666666666,2.2957205610561937,3.145497813544231,0.54984984566247,10.030493327412266,0.9508637591704712,14.12160723817306,14483.380000000005,2.064873031305774,564.0
11.270833333333332,2.3553228075713375,3.234456898158025,0.5988890059592076,9.947586438885436,0.9431901952628967,14.092688378573841,14480.092000000004,1.8335992267834649,564.0
11.28125,2.402643969154444,3.317774950090397,0.6527581692799647,9.866605814139902,0.9351990205238156,14.13286810988214,14908.712,1.824061545715444,564.0
11.291666666666666,2.46585730044514,3.4039543068575364,0.709293099354017,9.79069984650329,0.9271082145668575,14.1950351315283,14908.712,1.8146416608270572,564.0
11.302083333333332,2.476350735301932,3.472883348655833,0.7724173982352314,9.715167212634546,0.9182335739223081,14.36135918807632,16134.869000000006,1.8122936036902844,564.0
11.3125,2.4325200698199074,3.5234970903113316,0.8359652464910778,9.642155016179347,0.9084330302288182,14.641576335405468,17565.046000000002,1.8166068428233346,564.0
11.322916666666666,2.4352435899870493,3.5856960366579003,0.8966263786899127,9.580678181305249,0.8985057014236714,14.894136863356195,17565.046000000002,1.8185739714662834,564.0
11.333333333333332,2.2211318703599545,3.5736512742848467,0.9583221818844088,9.526016253533458,0.8865754067439716,15.411735025527806,20936.108999999997,1.8382172342935208,564.0
11.34375,1.964024519281713,3.5363207015948857,0.999061917925772,9.495792980862497,0.873569993903458,16.079093831652106,22919.375,2.0852533373536426,564.0
11.354166666666666,1.8325809099988395,3.5312430081678223,1.030525163872012,9.506164894889316,0.8609542630651865,16.59681148781121,22919.375,2.0771726536701767,564.0
11.364583333333332,1.517032272547782,3.403970568332666,1.0324572903662828,9.593583572046569,0.8467134273016078,17.59445496049172,28173.516999999993,2.072682469848536,564.0
11.375,1.2315864365193154,3.2315337847558383,0.9632972901486251,9.814404732915811,0.8340105124468828,18.76360842266551,30806.508,2.0644079296378517,564.0
11.385416666666666,1.0723498121201887,3.0903065747924003,0.8684376274094152,10.197806928711504,0.8257969637004335,19.5145160801744,30806.508,2.072358459891427,564.0
11.395833333333332,0.9008334926675643,2.89551351355594,0.7544526900548086,10.812947951425096,0.8233875830091248,20.435901909820597,33158.93099999998,2.1086004890438264,564.0
11.40625,0.7992455156566266,2.7143086875833644,0.6355292174334336,11.63785305234076,0.8284561957224317,21.452008619266845,33258.372,2.141963771612481,564.0
11.416666666666666,0.7261098300420752,2.548975356650149,0.5377480367163153,12.641733482022197,0.8408832091912061,22.36994557361233,33258.372,2.170447079767981,564.0
11.427083333333332,0.695342507978765,2.4048018508158893,0.4594206235567109,13.761891166418279,0.8593480970602563,22.975565901308993,32879.947,2.1926620477946637,564.0
11.4375,0.678789357831022,2.2726945613901,0.3978200926186476,14.937922738138134,0.8819344272521449,23.311169213748357,32507.040999999997,2.20992570182238,564.0
11.447916666666666,0.6525050960137221,2.145789419117459,0.3502397519689339,16.125935551526986,0.9067487903728246,23.56793054807141,32507.040999999997,2.224942003947589,564.0
11.458333333333332,0.66944417843572,2.060370850826403,0.31567864741665347,17.238655796627153,0.9308568282416606,23.482978013921663,31432.20300000001,2.233208165397801,564.0
11.46875,0.6937390299513091,1.992246931182405,0.2899811741588873,18.24591041928422,0.9526628417513814,23.173987629611194,30396.645000000004,2.453086802267525,564.0
11.479166666666666,0.6918476592552742,1.9163118154483663,0.2692633261730952,19.161255627015905,0.9718286793638546,23.02386781677948,30396.645000000004,2.4524778838700714,564.0
11.489583333333332,0.7308727742396852,1.8786599957641859,0.25234991333253803,19.88470962133126,0.9860642462314156,22.092125907457568,26975.937999999995,2.2305309669013282,564.0
11.5,0.7533747722169899,1.8295691062751382,0.2384141779745136,20.485057913647772,0.996882348558645,21.129441348394337,25400.474000000002,2.2174610136513646,564.0
11.510416666666666,0.74638252480874,1.7631124953920079,0.2258124277755317,21.006577467411997,1.0051591899495493,20.57395906539576,25400.474000000017,2.208142359688176,564.0
11.520833333333332,0.763263735690997,1.7144608576834863,0.21422912143217604,21.41548542357231,1.0105334028415982,19.80236019024969,23186.478000000003,2.191291204666135,564.0
11.53125,0.7695853803543505,1.6606202672305526,0.204355039517299,21.75273432463678,1.0138063742771617,19.148831003580444,22440.127999999997,2.174968331055497,564.0
11.541666666666666,0.758922972874411,1.6017207934610778,0.19550689549791697,22.03535818749493,1.0152280637700941,18.73966723019286,22440.127999999997,2.16167727533892,564.0
11.552083333333332,0.7623883683190223,1.5536779168551487,0.18758038142628491,22.25820088318061,1.0148823777450686,18.328030093309916,21553.216,2.1464305957282415,564.0
11.5625,0.7614718259121713,1.506889950070491,0.1810571203471285,22.439187513049507,1.0128336093196544,18.115228796839773,21980.009999999995,2.135697352875907,564.0
11.572916666666666,0.7547143582160046,1.4656252590634227,0.17540375142511525,22.576115159306372,1.0091145758793412,17.97858371971077,21980.01000000001,2.1264548425256526,564.0
11.583333333333332,0.7574437587335942,1.431220341690492,0.1710949722975618,22.67606929545902,1.0034251618803312,18.1080605207663,23322.04699999999,2.125056174352619,564.0
11.59375,0.7687405342839574,1.4114057522283472,0.16781025990260012,22.732634577181773,0.996010086776435,18.26042097207682,23545.630999999994,2.1247198197524524,564.0
11.604166666666666,0.7737130749979424,1.3978514967646294,0.16548779766385807,22.74789348748999,0.9871496846864302,18.362071135973654,23545.630999999994,2.1244930076741237,564.0
11.614583333333332,0.7809997520586953,1.3893767470677176,0.16330477727407916,22.727960553922674,0.9778303897808517,18.157905580849842,22016.195000000007,2.1169582372477045,564.0
11.625,0.7780566690917513,1.3757026737859144,0.16137599262020066,22.680548464182564,0.9681746876447563,17.846191577917793,21225.398,2.1071416676416495,564.0
11.635416666666666,0.7686705936006333,1.3575425138455188,0.15957142394760324,22.608667752538555,0.9581201131402552,17.60492336887207,21225.398000000016,2.09904336304592,564.0
11.645833333333332,0.7529592846541043,1.3362484431857988,0.15760776340777483,22.515256909353997,0.9478470507124938,17.445716297704262,21329.008,2.0927063616377177,564.0
11.65625,0.7356575533969388,1.3163670960795133,0.15595847610868363,22.40074843211796,0.9372850219294485,17.426770517534504,21981.708,2.090649463747178,564.0
11.666666666666666,0.7257859726025659,1.3041933449441383,0.15466601017567916,22.272080076334586,0.9269076372987409,17.42315807899024,21981.707999999984,2.088863183893599,564.0
11.677083333333332,0.7082450072466276,1.2917213720724747,0.15394429012814917,22.12539916865087,0.9162450765117093,17.615580015960035,23285.394,2.094145645031299,564.0
11.6875,0.6896846299219714,1.2852183492544786,0.15366985983087827,21.967963247673765,0.9056765637956045,17.921025220610243,24095.227,2.1026697976758304,564.0
11.697916666666666,0.6818309359366466,1.287909815043201,0.15390147166526555,21.810311658431903,0.8956836848809785,18.18288753717179,24095.227,2.10988012025303,564.0
11.708333333333332,0.6493081106077957,1.2809012212800666,0.1543971636269444,21.647630369301556,0.885788161235485,18.67063278664369,25713.15299999999,2.1243684046195463,564.0
11.71875,0.6199740827736748,1.2769752968600716,0.15496715596002764,21.491464178863183,0.8765766736289212,19.256306686077483,26598.691999999995,2.140785027586236,564.0
11.729166666666666,0.607496028457857,1.281902326309326,0.1558029602674457,21.35414071766351,0.8686664387830899,19.718044203957746,26598.691999999995,2.1544442310612117,564.0
11.739583333333332,0.5826005360613945,1.2764428224705318,0.15679495451875547,21.235351935192803,0.8619476587022532,20.51300341605815,28741.964000000007,2.176501731831498,564.0
11.75,0.5668340709439114,1.2758249888327258,0.15765984264300473,21.154938540940073,0.8574445195799101,21.382759363239888,29772.92199999999,2.1991638354923335,564.0
11.760416666666666,0.5630591081738405,1.2828291655208355,0.15861437823938213,21.127495071738593,0.8559006228285073,21.99089105341354,29772.92199999999,2.217448744909116,564.0
11.770833333333332,0.555174320043504,1.284080968473774,0.15946652433167638,21.160929020161667,0.8577921960123277,22.600526236211795,30615.668999999994,2.452935512899576,564.0
11.78125,0.5528958566353727,1.2874598606636203,0.16003645833341487,21.257862713926546,0.8634457778330401,23.008027284080505,30586.627000000008,2.451391162840687,564.0
11.791666666666666,0.5525652449245144,1.2901137073114508,0.16047391026017294,21.41377197761006,0.8728993273029513,23.26738420231325,30586.627000000008,2.4502055673788825,564.0
11.802083333333332,0.5532530041980892,1.2903854880102663,0.1606181295763481,21.620111956267756,0.8860000164548768,23.46099727415052,30645.22200000001,2.4493109782322757,564.0
11.8125,0.5563399362246456,1.2891337174342983,0.16074683327340303,21.87117384081274,0.9027659797348946,23.816575833932983,31365.895000000004,2.4491126093193074,564.0
11.822916666666666,0.5608525276655493,1.2901005479973628,0.16071352745795675,22.149406492871492,0.922330014996688,24.065422782937695,31365.89499999999,2.448376641062787,564.0
11.833333333333332,0.5750048455671275,1.293545615176192,0.1612051291568081,22.455769851504556,0.9449944309760384,24.6812274599454,32822.75099999999,2.448984179326642,564.0
11.84375,0.5984378767332984,1.3064715244443181,0.1618339161518232,22.76499303192387,0.9690222690689869,25.093704276763987,32867.52100000001,2.4483559812371456,564.0
11.854166666666666,0.613456665063718,1.3165184422722012,0.1624445627445319,23.064626917501304,0.9934469653609288,25.31611136957234,32867.52100000001,2.4478038335984693,564.0
11.864583333333332,0.6391955111438391,1.3326320540552945,0.16262928243199207,23.327498700127354,1.0159245413294464,24.782626346279056,30845.244000000006,2.4455695254127283,564.0
11.875,0.6553953249135995,1.337778376583403,0.16240245929456334,23.557542480996748,1.036587444678784,24.151456057400907,29822.581999999995,2.4444991008962766,564.0
11.885416666666666,0.6590536423168182,1.3313140047198886,0.16167801328373133,23.75882115318396,1.0556586706259115,23.840450945457906,29822.581999999995,2.444483213549068,564.0
11.895833333333332,0.6764691031008538,1.3311445040209293,0.16076996410348116,23.92360384022316,1.0722141027330543,23.423675658783917,28859.103000000003,2.443627128193575,564.0
11.90625,0.6962660645648874,1.3315769470282817,0.16013778739318377,24.057877222909607,1.0865971385675366,23.15126063559928,28716.319000000018,2.443593380090704,564.0
11.916666666666666,0.7070179923898561,1.3295020435017144,0.15950302646883516,24.1638332261904,1.098796454567442,23.02391585911377,28716.319000000003,2.4436889887148707,564.0
11.927083333333332,0.7369085011084,1.3389224500677954,0.15936695463639106,24.242333466616852,1.1086455515139635,22.786737283194725,28099.406000000017,2.443228494103384,564.0
11.9375,0.7662933766424791,1.3508399646226585,0.159402465843037,24.296664836017158,1.116281444707859,22.3384361636191,27028.428,2.4424404563290105,564.0
11.947916666666666,0.7800199391700531,1.3555141246295417,0.15955245790610398,24.332233376690425,1.1222746399039372,22.07028519432263,27028.428,2.442705648441947,564.0
11.958333333333332,0.8020964662637826,1.3657534631944341,0.15933968015888808,24.349669899602972,1.1264902687188838,21.36456576552202,24875.152000000002,2.44112509510173,564.0
11.96875,0.8155834077473704,1.3694547845117766,0.15914721723250086,24.353406118038095,1.1294774925605324,20.64743152639213,23801.069000000003,2.440786177572784,564.0
11.979166666666666,0.8185497998459602,1.3661162057255214,0.15887436489097384,24.345056209346264,1.1315206809712182,20.22803013876659,23801.069000000003,2.441540228189168,564.0
11.989583333333332,0.8343508248878201,1.3703663049262815,0.15817335306530653,24.327729085851395,1.1325835647928866,19.459047982296898,21371.944000000003,2.4402906793731294,564.0
12.0,0.8437044430565687,1.369748164021618,0.15766691134164246,24.30316588187009,1.1329181594070017,18.722435287102016,20280.09599999999,2.440705841241654,564.0
12.010416666666666,0.844654161550031,1.3640237275849125,0.15720935130382876,24.271251502013815,1.1325683405190923,18.259766189623186,20280.096000000005,2.2075268683706595,564.0
12.020833333333332,0.8569314660191225,1.36655137169963,0.15645228208888856,24.23749125059257,1.1316475884243054,17.5606982803794,17896.956999999995,2.1823624798427788,564.0
12.03125,0.8638779003521471,1.3664909139565422,0.15601744000426995,24.201766815052306,1.130225385371996,16.87630323798296,16669.852,2.1551741563159648,564.0
12.041666666666666,0.86409791390768,1.3627065492002017,0.15579712651712518,24.162334841679314,1.1282010727026412,16.40804460242027,16669.852,2.131019740633829,564.0
12.052083333333332,0.8740644842071582,1.3673258458290078,0.15541704173969914,24.12528667056111,1.1258926595863772,15.817174710104588,14526.637000000002,2.098217597655598,564.0
12.0625,0.881384878132917,1.3717753747464825,0.1555455932307414,24.08861273953828,1.1232237441502093,15.280792623364613,13603.95199999999,2.063640950423518,564.0
12.072916666666666,0.8853239980623773,1.3754216331515046,0.15600371759755807,24.050320638343223,1.1200170491404844,14.8811670739008,13603.95199999999,2.0382511342495997,564.0
12.083333333333332,0.9000840358184384,1.3884566409314207,0.1565800467435998,24.015382833735746,1.1166936550915467,14.442225373931684,12029.736999999994,2.040483806583988,564.0
12.09375,0.9150015350656476,1.4043676609393414,0.1578428347329713,23.98134343561229,1.1130592427969261,14.084991007451439,11486.834000000003,2.0449577454772268,564.0
12.104166666666666,0.9288513781878832,1.422476729689256,0.15958735734779067,23.946925444076655,1.108943315077197,13.84745711054426,11486.834000000003,2.050557330692774,564.0
12.114583333333332,0.9507959860700148,1.4493367943379427,0.1619883634450945,23.91305452091158,1.1044026869777117,13.696849087725811,11283.289000000004,2.0566726338792134,564.0
12.125,0.9782838729357571,1.4846400732691973,0.165284213020786,23.879304142463898,1.0993200201912574,13.627713163848002,11332.130000000005,2.063888383714902,564.0
12.135416666666666,1.0089820646842613,1.5274063370249775,0.16939703855823698,23.84616245969878,1.093692828030656,13.61581105704273,11332.130000000005,1.8219075189148342,564.0
12.145833333333332,1.0485764481661104,1.5809586866826462,0.17452553786924987,23.814948298681955,1.0877082067068986,13.624489344028555,10979.86900000001,1.8047058379007697,564.0
12.15625,1.093623551280789,1.6426930572169747,0.18073106394493527,23.785956209149134,1.0814378517598227,13.6408720075999,10586.837,1.7862042509306808,564.0
12.166666666666666,1.1398513056324755,1.708802185265389,0.18806948510487903,23.758275875866993,1.0746816184203796,13.679388044780975,10586.837,1.7687977981376757,564.0
12.177083333333332,1.1945828653195927,1.7834205024955605,0.1963660284354459,23.733679305993807,1.0679169045987444,13.701908620018337,9927.407999999996,1.7480329740624783,564.0
12.1875,1.2523399394083778,1.8623748836849872,0.206109238322016,23.71085507729047,1.060863005998346,13.734013157964789,9781.918999999994,1.7276437845420316,564.0
12.197916666666666,1.3122754022536496,1.9445128397252354,0.21713507926716574,23.689526138782817,1.0534472000635777,13.780692041747574,9781.918999999994,1.7081586676712757,564.0
12.208333333333332,1.3791624153743527,2.032909312121946,0.22970821697289864,23.66997364361656,1.0457856157396577,13.834688726815791,9673.623999999996,1.6886433320060732,564.0
12.21875,1.4510276981780286,2.1263138277526545,0.2440651840854641,23.652130390245528,1.037889176536588,13.895109774845327,9602.818699999989,1.6709608581919422,564.0
12.229166666666666,1.5254261937035094,2.2226118217415327,0.26030391259313973,23.635884924833505,1.029737282056451,13.962199378366446,9602.818700000003,1.6749858676647835,564.0
12.239583333333332,1.6048046442963735,2.3235705344669184,0.27840419400113775,23.621832527794954,1.0217143266345066,14.01693195722691,9208.09040000002,1.6789300154091236,564.0
12.25,1.6852877290843375,2.425595237064776,0.298895355644409,23.609532738720993,1.0136939913876748,14.06778957500189,9017.6584,1.6835777427605871,564.0
12.260416666666666,1.766155526065153,2.526718479794003,0.32177470103566885,23.598686079814986,1.0055433192449545,14.122606070413381,9017.658399999986,1.6896156063322283,564.0
12.270833333333332,1.8426105736954488,2.626658900895954,0.34772954141155965,23.58894579156412,0.9969617766729861,14.195035743420327,9377.27009999999,1.697403789178741,564.0
12.28125,1.9161178784566038,2.726703963122994,0.3770750321483075,23.58034315970505,0.9878119490527162,14.290416939128207,9908.486000000004,1.7033246662953991,564.0
12.291666666666666,1.999011303764695,2.8306563263470275,0.40920893079376086,23.573442545831,0.9786122509966786,14.384003523389397,9908.486000000004,1.702031034819055,564.0
12.302083333333332,2.0556363963331883,2.927427975676556,0.44774017399464777,23.56761277318581,0.9681811168173033,14.525354043480387,11213.565999999992,1.7145041537202728,564.0
12.3125,2.0848134465259602,3.0183792198233013,0.4901225483397442,23.563482825692894,0.9567313492728404,14.71076662240617,12334.635999999999,1.7171085481610406,564.0
12.322916666666666,2.1388313661811083,3.1166626859393993,0.5351097717588043,23.56152830943164,0.9453571345677707,14.881094518038324,12334.635999999999,1.7045692394209575,564.0
12.333333333333332,2.057235159693285,3.170825226766223,0.5861814672253072,23.56170220835576,0.9318931795167218,15.159557841748201,14785.005999999994,1.7187205147840205,564.0
12.34375,1.9275109082641586,3.2020261922222613,0.6322602205861566,23.564730032474102,0.9172844646044594,15.525743619128573,16392.81599999999,1.7119395581469397,564.0
12.354166666666666,1.8696309949026775,3.246727392582257,0.6742888456188233,23.570818344888057,0.9031468079841053,15.840834780543448,16392.81599999999,1.694174785431755,564.0
12.364583333333332,1.6145636923283462,3.1843913638670904,0.7084514365123935,23.585898994784248,0.8852745940345873,16.54533116011224,21921.739,1.7409512844086505,564.0
12.375,1.352632268462592,3.0752585764471387,0.6996386052760964,23.62087232804365,0.8669875511542916,17.49484557524416,24903.721000000005,1.801743653178574,564.0
12.385416666666666,1.2078023608171207,2.990458692020827,0.6692457246698434,23.689564174735054,0.8516133243673741,18.19819372797434,24903.721000000005,1.8474391830735293,564.0
12.395833333333332,1.0196201948102754,2.839251929689094,0.6215263968547711,23.831041094258808,0.8385380096876368,19.051211905127087,28464.606,2.093915853841588,564.0
12.40625,0.9113355098501191,2.698876072779285,0.5572572095120901,24.066400607862043,0.8308276567831977,19.687310133207383,29212.333,2.0750717659126323,564.0
12.416666666666666,0.8416058668907574,2.575781769393108,0.49806434682544765,24.402635403949997,0.8290764224519923,19.969524931667742,29212.333000000013,2.0659195292221684,564.0
12.427083333333332,0.8110403460635116,2.459198706527069,0.4456376480540033,24.84422933470535,0.8329279934367276,20.138332677769714,29811.441999999995,2.0878891769980528,564.0
12.4375,0.8069474270025624,2.360717177655706,0.4003402221569918,25.356330373426253,0.8411943209576401,20.308938807110625,29286.945000000007,2.1126313457239765,564.0
12.447916666666666,0.7879019314479371,2.2633488157059856,0.3634030896483709,25.919003322253143,0.8524882876570422,20.6395266941068,29286.945000000007,2.1362432931801676,564.0
12.458333333333332,0.8192833793895643,2.2041511966530276,0.3349900056211802,26.46968041852762,0.8645610286347213,20.687167808417914,27677.900999999998,2.14890094213244,564.0
12.46875,0.8524389862504298,2.1527984265218305,0.3134071494731389,26.997080316461926,0.8764028472868421,20.583508772176383,26863.062999999995,2.156900797218052,564.0
12.479166666666666,0.8569365196599525,2.0937924268849386,0.29541061246379724,27.496184862957236,0.8874371210803966,20.54411171161914,26863.062999999995,2.1648293451602703,564.0
12.489583333333332,0.9051898092776185,2.063142933516723,0.2811176943265506,27.926664945750225,0.8965453691490639,20.266766035514333,25448.826,2.165314074857037,564.0
12.5,0.9535429030605511,2.0386397261571023,0.2704240780390815,28.294336766942237,0.9038251900303772,19.943734322257598,24771.936,2.1636054747910993,564.0
12.510416666666666,0.9716175469139542,2.0067597101350967,0.26143983825558176,28.602906880379702,0.9093950071800624,19.742546293738428,24771.936,2.163048308939012,564.0
12.520833333333332,1.0260920746766695,1.99620985958654,0.2540413522369967,28.833914668869358,0.913049501440093,19.343850330860192,23285.699999999997,2.1558981011918696,564.0
12.53125,1.0763108590055868,1.9883536179182688,0.24874541954326645,29.00042212249161,0.9151680443184939,18.927905640628982,22569.701,2.147234404764282,564.0
12.541666666666666,1.0980082180731714,1.973246726157145,0.24442209915148222,29.10918787805907,0.9159448758753772,18.64574716114361,22569.701,2.1404007884008016,564.0
12.552083333333332,1.1445452773394127,1.9713691073265565,0.24076936732127177,29.158905049861495,0.9154939634547266,18.280460138303287,21504.66200000001,2.1295428507589884,564.0
12.5625,1.1880843999199338,1.9719822407863037,0.23867907124013216,29.156734400637554,0.9139521516620127,17.977410004617997,21296.952000000005,2.119577735104961,564.0
12.572916666666666,1.211866972229858,1.9706107570799265,0.23730022874052276,29.10421270788968,0.9113622078938962,17.760363685812855,21296.95200000002,2.111076108490421,564.0
12.583333333333332,1.2549174026070555,1.9777963529373985,0.23702139415938658,29.000913649201337,0.9077163863187151,17.639737963015282,21533.213000000003,2.1048775397323216,564.0
12.59375,1.3014238989541405,1.9932786692098587,0.2380123955794156,28.84650535439867,0.9030306107792205,17.582533925120224,21744.682,2.1004460377601646,564.0
12.604166666666666,1.3344920498793353,2.011864704077262,0.23992614533645013,28.642955675856623,0.8973939219855489,17.534756104425323,21744.682,2.0964579091760567,564.0
12.614583333333332,1.3713185581298188,2.036290348642733,0.24246794200443053,28.397852348393904,0.8910448168255081,17.412382355126955,21241.587,2.090316414881399,564.0
12.625,1.4023559144698388,2.063132775360434,0.24612647025016168,28.111433731687654,0.8840323636531295,17.26759043171232,21023.346000000005,2.0838552049683954,564.0
12.635416666666666,1.4265754326094935,2.090669827730992,0.2506522625020406,27.78264673590604,0.8763986940021724,17.140838990686518,21023.346000000005,2.078151329637206,564.0
12.645833333333332,1.44520513282633,2.1190009986931275,0.2553634232530537,27.420107745740626,0.8684094932214613,16.978417655305616,20633.463000000003,2.0709986224377865,564.0
12.65625,1.4587423620301911,2.149065066591893,0.26089004304098135,27.02592910984194,0.8601613704462661,16.794424065638278,20328.394,2.0630674210867816,564.0
12.666666666666666,1.475063644923632,2.1815728959867924,0.267444781903303,26.597129274790078,0.8516397102699395,16.629520080579457,20328.394,2.056008923730257,564.0
12.677083333333332,1.478787708796609,2.21222909529832,0.27390124936217464,26.147015274104994,0.8431344732478415,16.426255577009368,19881.959000000003,2.047248101076307,564.0
12.6875,1.473349162996974,2.23911975052581,0.2816554286288207,25.653146536884467,0.8342530645976883,16.31439654244873,20575.180999999997,2.044308191570383,564.0
12.697916666666666,1.4829999729190058,2.2730195466232987,0.2897498179385921,25.13609911497485,0.8253958667647561,16.209025401411587,20575.180999999982,2.0447898620551923,564.0
12.708333333333332,1.4654469632426852,2.295540963012731,0.2988122033667365,24.564870209184434,0.8160757559070712,16.28838025940316,22025.136,2.0460501087454723,564.0
12.71875,1.4500889565484831,2.319995902202022,0.307565262235918,23.96641010239339,0.8067960158122999,16.46356470508853,22754.078999999998,2.0516246750255087,564.0
12.729166666666666,1.4547653723982406,2.353072601296455,0.316711118406686,23.372755979700443,0.7980817939576023,16.636326101204393,22754.078999999998,2.05690010441555,564.0
12.739583333333332,1.4368836854645437,2.3714954600275915,0.32710881374171896,22.74743941426911,0.7894955056320505,17.07808956234654,24830.078999999998,2.072503496815602,564.0
12.75,1.428288754749857,2.3925669528994145,0.33636972164122236,22.140153708593694,0.7819029693762277,17.693831866383807,25884.936,2.0908036102022853,564.0
12.760416666666666,1.4378181023587446,2.4220614219438494,0.3453138227239734,21.597002366880943,0.7760345378579991,18.276132698786462,25884.936,2.1059128586745417,564.0
12.770833333333332,1.441107973439527,2.444258426912597,0.35373623647651375,21.12598503514163,0.7721304797541504,18.823545028628814,26291.672999999995,2.120637534493644,564.0
12.78125,1.449739161982361,2.464258532398874,0.3599959640471753,20.750821489787786,0.7705030737144714,19.171451565956893,25893.318,2.130916431346063,564.0
12.791666666666666,1.4561232591571167,2.4782226353011856,0.36538948554716066,20.467322189331288,0.7711560650746732,19.41349678463987,25893.318,2.1397265981926292,564.0
12.802083333333332,1.4671677817271704,2.489742126911037,0.36755295490742845,20.28067128873401,0.7738935574034457,19.37914620095577,24813.820000000007,2.14198905173199,564.0
12.8125,1.4694230433973576,2.491568599530129,0.3674468616534156,20.176076261616032,0.7783615052227597,19.15305893503655,23837.131999999998,2.1396575922174277,564.0
12.822916666666666,1.4617244228640174,2.4823767396971306,0.3662465932215469,20.139681412871216,0.7844589882687002,18.986751919247087,23837.131999999998,2.1382228066793605,564.0
12.833333333333332,1.4588439070183938,2.4757459768118677,0.3610784142146982,20.16130727172822,0.7912538695370129,18.515079100338482,21743.728000000003,2.127022743336174,564.0
12.84375,1.4423133636684016,2.4569402366315747,0.35535369453591653,20.226792286581134,0.7986484015584921,17.999035922494674,20758.28,2.1133319885179964,564.0
12.854166666666666,1.4188819923569038,2.428579129405514,0.34896271841140414,20.33260876012517,0.8067277660305091,17.628127074420547,20758.28,2.1018954090958055,564.0
12.864583333333332,1.4065636073555325,2.4071745063612546,0.3405854407650659,20.46259769693816,0.8145625248706955,17.123957923260043,19058.687000000005,2.083434125233402,564.0
12.875,1.3869173236608678,2.3801423928089633,0.3331142761704627,20.616066502397075,0.8223489517800779,16.65380461857891,18436.297000000006,2.064392290203,564.0
12.885416666666666,1.3643149612460694,2.3493056621431294,0.3258854901424757,20.79482034587052,0.8301707870546585,16.28340712910099,18436.297000000006,2.047615884759624,564.0
12.895833333333332,1.3494265830327123,2.320817377228961,0.31952202912551103,21.002647085153765,0.8380639264736555,16.02847649903597,18933.585000000006,2.043040695452229,564.0
12.90625,1.3476876713250137,2.2998339366048595,0.31465078186628387,21.24344477818937,0.8459682384254162,15.900033823657411,19772.754,2.044914030219435,564.0
12.916666666666666,1.3510716872321584,2.2885556865032974,0.3105357549445463,21.505502974357654,0.8533509614605456,15.82137524365741,19772.754,2.045828061953569,564.0
12.927083333333332,1.3736463316609089,2.286908806089611,0.31004629236023756,21.806527693856502,0.8605354673263218,15.941251425041951,21246.292,2.0472384182134102,564.0
12.9375,1.4144680875582631,2.302974151211611,0.3110658308255635,22.124834962913674,0.8668629652952833,16.088669472053937,21421.407000000007,2.047143144095691,564.0
12.947916666666666,1.4464663935511364,2.3232231915176786,0.3136670298137701,22.451182036169314,0.8721906574045617,16.206309643385886,21421.407000000007,2.0468604498440657,564.0
12.958333333333332,1.4922465045614273,2.3523463116147485,0.318775738078514,22.782565970742162,0.8765445832138667,16.319371433682168,21736.228000000003,2.046743588273153,564.0
12.96875,1.5428426481981903,2.3881838657780268,0.3256647918733574,23.108916166583672,0.879879269436098,16.42188335749418,21969.402000000002,2.0464640184609553,564.0
12.979166666666666,1.5837941340329853,2.4242053446873775,0.33329168196687775,23.417550686793984,0.8821842194192515,16.489585495756213,21969.402000000002,2.0474242565119147,564.0
12.989583333333332,1.6411548369536233,2.470317047533194,0.34351106369516377,23.701313219693667,0.883526515127116,16.549172636918417,22099.86600000001,2.0500682429601245,564.0
13.0,1.7055363861208512,2.5250791184986583,0.3558444320151684,23.948277461606,0.8839626600310199,16.580628350913663,21908.160999999993,2.051542381764776,564.0
13.010416666666666,1.7583334987984436,2.5781761949418445,0.36976636953107117,24.154319942876743,0.8835826542717864,16.61256826877372,21908.160999999993,2.052890356538228,564.0
13.020833333333332,1.8292376315616323,2.643597111178739,0.38465788726964073,24.305205151995455,0.8825517312790583,16.475342422433545,20501.210999999996,2.0464459555062042,564.0
13.03125,1.897050414821819,2.709735276683027,0.4021424023479726,24.407835945239736,0.8810165594522867,16.227435940766746,19492.424,2.0442524707288876,564.0
13.041666666666666,1.9489083902955522,2.7673247310170153,0.4217250101587463,24.46849615780027,0.8789805400614967,16.014163503298423,19492.424,2.0453024814920577,564.0
13.052083333333332,2.0168038978617275,2.835062825716498,0.4403284012191356,24.486114135684165,0.8767430516320597,15.671296561597002,17577.42199999999,2.045435078389165,564.0
13.0625,2.078508822855893,2.9002086279019275,0.462664853362924,24.469880525239525,0.874281050303418,15.344429157711872,16733.759999999995,2.0470844587408656,564.0
13.072916666666666,2.128926011470799,2.958427710559274,0.48724728474002554,24.421703647023946,0.8715148459816384,15.119223042925048,16733.759999999995,2.0496310606396166,564.0
13.083333333333332,2.19377532611932,3.0262614266336727,0.5114058768663144,24.350693383114567,0.8687471072682825,14.853013365340628,15242.572,2.0514617496403647,564.0
13.09375,2.255407666152869,3.0938299542943355,0.5404771759990702,24.258922934271276,0.8658755119478483,14.627652505180187,14669.52900000001,2.0549213112614932,564.0
13.104166666666666,2.310256925326091,3.157564386922136,0.5726272756720574,24.14546570624148,0.8628139256182513,14.481696073754367,14669.52900000001,2.05931989647601,564.0
13.114583333333332,2.3765920728784202,3.2291335379588766,0.6074233749550199,24.017431030098642,0.8597021651552059,14.358202053344293,14102.241000000009,2.063687959877048,564.0
13.125,2.446062106258758,3.3048865971979007,0.64836615850423,23.87435060151279,0.8564728765626516,14.277203466287679,13928.891000000003,2.0691925595315985,564.0
13.135416666666666,2.513185037281481,3.3807030067700032,0.6938526922063999,23.716510304540517,0.8530903288325826,14.240160566901798,13928.891000000003,1.8278918351886038,564.0
13.145833333333332,2.5888073288910247,3.4636597925990236,0.7419856066372705,23.556657356666836,0.8497743898336495,14.176099369134095,13067.149000000005,1.812111248158637,564.0
13.15625,2.6622269217733225,3.546521669600023,0.7956379650890815,23.395549002661106,0.8464868875661364,14.100490858063162,12422.956000000006,1.7945011635893657,564.0
13.166666666666666,2.728045328417106,3.623208330692431,0.8543111957862816,23.22685302132542,0.8430573101822417,14.057942446968294,12422.956000000006,1.7786272359454829,564.0
13.177083333333332,2.798115159364102,3.7017629500464317,0.9099888485576858,23.068109490047284,0.839807872055112,13.975613687028261,11282.280999999999,1.7570399466051658,564.0
13.1875,2.860388019264607,3.7738617162912482,0.9693590135897044,22.912090148097963,0.8365660212607184,13.901302583224986,10796.937999999995,1.734555337533267,564.0
13.197916666666666,2.915871257341907,3.8381131308778453,1.0294510767497242,22.75278064987442,0.8331819014991299,13.86325186318988,10796.937999999995,1.7136258509292333,564.0
13.208333333333332,2.9728973972826416,3.9015189712905123,1.0834070191926362,22.60351065479377,0.8299224349624318,13.813756823368067,9958.173000000006,1.6883406826166063,564.0
13.21875,3.0233121755999552,3.9585402175286095,1.1373810164082563,22.45810598140756,0.8266466172769985,13.779460757808735,9591.188599999998,1.66919622765876,564.0
13.229166666666666,3.0679297007345485,4.008523180524087,1.1894710849316452,22.311540202256804,0.8232263835753273,13.775470432916553,9591.188599999998,1.6756185381435962,564.0
13.239583333333332,3.1140308635180873,4.057518343135417,1.234673555342789,22.17382701186092,0.819888678162483,13.769609285291457,8968.294500000004,1.680234966188572,564.0
13.25,3.1548544675746006,4.101451873734994,1.279466387400384,22.038378789405876,0.8164736309401371,13.781190148397043,8803.049100000004,1.6873932881860076,564.0
13.260416666666666,3.191905416360768,4.140702847368853,1.3215131881146307,21.90300764699022,0.8129144602313291,13.813260020333525,8803.049100000004,1.6958097498772267,564.0
13.270833333333332,3.219643361025248,4.173463922843544,1.3718049749429833,21.745027807718138,0.80855508031277,13.92136511147929,10310.847000000012,1.71515684605632,564.0
13.28125,3.2514323639283234,4.2084631315012055,1.4262080633717302,21.560247612838896,0.803140308866735,14.125124083179978,12163.542000000001,1.7255193098092008,564.0
13.291666666666666,3.3005882607270034,4.255304197254036,1.4726038256245368,21.37817953164813,0.7974291921465768,14.339618564095447,12163.542000000016,1.708980661631109,564.0
13.302083333333332,3.319792272108819,4.290878643196074,1.5580384324161918,21.134672144566757,0.7891264915953907,14.808677882140474,16697.284000000014,1.7408458671702547,564.0
13.3125,3.3416787223568987,4.336038506726737,1.639571257507146,20.867516166646563,0.7790177381013541,15.512349566566865,19176.131999999983,1.7259663827491258,564.0
13.322916666666666,3.3921081165557863,4.396650314437295,1.7133337867810787,20.617437714066945,0.7684812663682993,16.151027764456224,19176.131999999998,1.7091821396538567,564.0
13.333333333333332,3.247090045709743,4.388852227248158,1.8110203651281895,20.326758262250205,0.754791316647036,17.12928819997501,24589.796000000002,1.761136671211446,564.0
13.34375,3.0289490799385628,4.34742209479092,1.8729097210422063,20.0437184210722,0.7398850968521596,18.299148689818633,27900.008,1.8256152545652493,564.0
13.354166666666666,2.917467978540571,4.335510983899981,1.9088923891309593,19.817056226170113,0.7268248428539219,19.07988349056165,27900.008,1.8720047831166475,564.0
13.364583333333332,2.487758742567275,4.137209844563755,1.8802448547136583,19.623566320631713,0.7148236715774186,20.694118475857294,35663.792,2.0873908960586687,564.0
13.375,2.0625522386553587,3.875289799532997,1.7106671479342168,19.56071806406801,0.7102238036344966,22.434534411985215,38924.09500000001,2.1029965129707806,564.0
13.385416666666666,1.80935506012741,3.6692893524655052,1.5015585643601748,19.67518838654455,0.7162015693330279,23.76847947493962,38924.09500000001,2.1509590249932544,564.0
13.395833333333332,1.54954885739598,3.422978149416025,1.276335670900034,20.00059946711021,0.7345820573474884,25.972220020087835,41989.834,2.2100494663126455,564.0
13.40625,1.398863035802566,3.2167827973227916,1.0572365039330007,20.51819573666674,0.7640396286061755,28.00256716196184,42689.867,2.466220127053412,564.0
13.416666666666666,1.2937702368975128,3.0485909384158574,0.881566433733913,21.16760015947842,0.8008446875874308,29.30918737660722,42689.867,2.4629320968676076,564.0
13.427083333333332,1.2643942320070802,2.911364659324659,0.7488659264911453,21.89683511721311,0.8418618176516772,30.559884801547817,43821.48300000001,2.4618634098925156,564.0
13.4375,1.2704911493564812,2.8071713912675618,0.6484345763124976,22.616664748576195,0.88205384157627,31.413797838450307,44019.508,2.4606944008396963,564.0
13.447916666666666,1.2520779810904192,2.7113518759630715,0.5728422395032234,23.255892702040807,0.9177032575260643,31.93252197912026,44019.508,2.4598105647647848,564.0
13.458333333333332,1.3096114380529278,2.663532201944444,0.5240158038995446,23.763971894947638,0.9465990577947141,32.44176008759487,44226.72099999999,2.467858525641018,564.0
13.46875,1.3825005792206049,2.639878527471137,0.49120439088068085,24.10247258548788,0.9676246778103154,33.81856585118813,44255.95799999999,2.489810281108773,564.0
13.479166666666666,1.4077661067690672,2.6065777374064174,0.4644798579935209,24.250960080698047,0.9811097365232293,35.78747470252239,44255.95799999999,2.512567500778692,564.0
13.489583333333332,1.5082076680565826,2.615900559775154,0.4504603388246995,24.202887945747705,0.9882866307460362,37.58051796718462,44278.59100000001,2.533980164275812,564.0
13.5,1.6156068922783922,2.642023216914344,0.44510468162668826,23.96339930406803,0.9908047906101568,39.16476366717458,44492.55100000001,2.5546264318964993,564.0
13.510416666666666,1.6683154181783189,2.6535949553245595,0.4408051479615668,23.55013358171088,0.9903941615490741,40.38478194967426,44492.55100000001,2.572778992782986,564.0
13.520833333333332,1.766526161311318,2.688737377160018,0.44419957980601105,22.97949885743537,0.9886180717464672,41.85241401380198,45179.453,2.593015505779316,564.0
13.53125,1.8579425423397828,2.7328200818947614,0.45085408709644054,22.291765237940275,0.9867384510292961,42.74174531400431,45013.569,2.6089636051934186,564.0
13.541666666666666,1.9051135524672516,2.762705152988298,0.4580725302884182,21.517186223539714,0.9855318369813584,43.452019926876005,45013.569,2.6226665636924613,564.0
13.552083333333332,1.9728238723227896,2.802641538248288,0.46263286937271403,20.725416251722205,0.9852735584297899,42.33890892908858,42851.64399999999,2.6199990359054635,564.0
13.5625,2.0198446019221423,2.832298628641228,0.46533275497568033,19.948368246561873,0.9857125349570579,40.31529160623156,40490.41999999999,2.603742631704326,564.0
13.572916666666666,2.0321869480939982,2.841823814276274,0.47001416069520674,19.15859518609709,0.9864769099931161,39.47099790873753,40490.41999999999,2.591318205416069,564.0
13.583333333333332,2.0540478771734367,2.854573593428183,0.46239121849542725,18.45888868665942,0.9870998443427315,35.80380333999653,35840.668999999994,2.55112441355185,564.0
13.59375,2.0479891326577913,2.8470444554568126,0.45724671146673546,17.801326829728254,0.9874047704226396,32.77366538873588,34042.133,2.509138427429809,564.0
13.604166666666666,2.0312842481455533,2.8310595135301737,0.45419425156575477,17.157214943269828,0.9872643293217651,30.613414038797927,34042.133,2.4741352919458577,564.0
13.614583333333332,2.033311737973701,2.8262333311097647,0.4471570963613956,16.575900957429727,0.9866858646744788,27.504716935165924,31665.532000000007,2.4464070024314917,564.0
13.625,2.031732427838513,2.8221035650132396,0.44390541822936097,16.0390213277313,0.9857673697335141,25.03864978284562,30432.84700000001,2.445596209270629,564.0
13.635416666666666,2.0271979779953715,2.8195410137746375,0.444860265735223,15.52959880755834,0.9845723510648524,23.925792251622198,30432.84700000001,2.4465202822131547,564.0
13.645833333333332,2.0240056548810403,2.824213567619179,0.4413735655664909,15.097054635143076,0.9833248431977165,22.604183251224576,27598.483999999997,2.4449561205134462,564.0
13.65625,2.0028997435275366,2.8219280211343976,0.44152057751221996,14.714731329095898,0.9820488269492814,21.52969097647896,26394.485,2.4453188140680093,564.0
13.666666666666666,1.987976602683458,2.821551864656301,0.44520366042277726,14.367850280102324,0.9807376664605914,20.934489901713718,26394.485,2.4470319711037027,564.0
13.677083333333332,1.961143192662134,2.82262294902031,0.4463367424739501,14.077103728659893,0.9795064497190201,20.246015524379207,24899.910999999993,2.2163746112940546,564.0
13.6875,1.9142742982613505,2.8174339436304585,0.4504436769029404,13.826605690692961,0.9783344446454048,19.76205208149334,24744.618000000002,2.1974900235176538,564.0
13.697916666666666,1.8912832835035651,2.8224060011280074,0.4570336698745117,13.61716552067586,0.9772794533142015,19.458894892707825,24744.618000000002,2.180808371751278,564.0
13.708333333333332,1.8125430600359131,2.8095035479736863,0.4632927847132479,13.446631987486173,0.9764205891124597,19.41963377264616,25512.744999999995,2.1690237193816277,564.0
13.71875,1.7298355950170516,2.794049354492334,0.47051132069339763,13.319402067634217,0.97594507231341,19.673392652596146,26835.444000000003,2.163657996164714,564.0
13.729166666666666,1.6970054930196152,2.80083961597607,0.4785443701818543,13.248213271854194,0.9761701554720317,19.830440848873263,26835.444000000003,2.1582574421971104,564.0
13.739583333333332,1.632381872195063,2.7796494569741568,0.49371388280687506,13.240642768275666,0.9778341550830628,21.09457337781841,32017.913,2.17521806968723,564.0
13.75,1.606372630903144,2.774698302237553,0.5046418245405611,13.33270745355206,0.9821334916822667,22.825137268371204,34912.86600000001,2.1997082025993406,564.0
13.760416666666666,1.6164277422080686,2.7941195769586535,0.5135250461574709,13.527748428535046,0.9898734600059328,23.919448759855392,34912.86600000001,2.218209663606474,564.0
13.770833333333332,1.575363849637645,2.7739227970389844,0.5278612417692603,13.864625117402873,1.003982814348851,26.279449679572313,40404.92500000001,2.462623680193703,564.0
13.78125,1.5508139683883406,2.7645306524267674,0.5351062484128479,14.31271538974566,1.0255266383092299,28.71664145509189,42983.62899999999,2.4625877041972224,564.0
13.791666666666666,1.5555156360179458,2.775323308437064,0.5399374644895425,14.793365202931396,1.053512178817933,30.00832941886957,42983.62899999999,2.460928189902236,564.0
13.802083333333332,1.5173294446447663,2.752760023079706,0.5488690323305361,15.286862622296528,1.0905961170928145,32.592668759074435,47449.276,2.464146077448482,564.0
13.8125,1.5278244321869485,2.758678166018264,0.5553748122140179,15.686127072590722,1.1335683399271455,34.782696562678794,48911.621,2.479781032637639,564.0
13.822916666666666,1.5481844184254088,2.774485247651627,0.5608181919862321,15.930307017041521,1.1791412137593844,37.74542380775618,48911.621,2.5180857529883394,564.0
13.833333333333332,1.5948267124905322,2.792865661073908,0.57429164018168,16.00735792905767,1.2281426396590864,43.14199740446218,51664.60800000001,2.5738145088210573,564.0
13.84375,1.6610952938864114,2.824507876722684,0.5866482827755789,15.916636499505232,1.278149445214858,48.02748140062738,52885.568,2.6308678606581335,564.0
13.854166666666666,1.7029008787782658,2.847664488272046,0.5934399529597698,15.704448741292799,1.3280160018809128,51.19280917617307,52885.568,2.6806023443073124,564.0
13.864583333333332,1.7820193537750235,2.8833055103753575,0.6047298508670327,15.425845771634767,1.3790047639941077,54.24037203909711,53697.94899999999,2.879162083554495,564.0
13.875,1.8610964260483545,2.9222578432734667,0.6136585254979567,15.13782094081912,1.4302303498492241,55.974505961170856,53397.55900000001,2.8767199531570995,564.0
13.885416666666666,1.89853572532444,2.9402132856190906,0.6179095280840995,14.87205615720735,1.4813611395254513,57.43134236409037,53397.55900000001,2.87527466727687,564.0
13.895833333333332,1.9829221037574478,2.9826033387017854,0.621787554209885,14.651236964463386,1.5293266999892674,56.55852029326249,51432.594,2.8725533715678266,564.0
13.90625,2.0573273679723356,3.019662632114889,0.6279823007097027,14.47119508174996,1.5737275745443646,55.77986154048278,50339.138000000006,2.8710845854808915,564.0
13.916666666666666,2.089165491046296,3.0348151673889645,0.6323203609439855,14.3236546132797,1.6144798309315858,55.87669371854603,50339.138000000006,2.870875708943156,564.0
13.927083333333332,2.1657801652782664,3.07474433186639,0.6375417989742996,14.206848490024395,1.6495626284222478,54.09039786146695,48446.65700000001,2.8690732578762734,564.0
13.9375,2.231348575444664,3.111854091267539,0.6476884805695451,14.110718803300784,1.6797609582067228,52.77915179103018,47534.607,2.8685088755184296,564.0
13.947916666666666,2.2634009711303156,3.1343290920991707,0.6587577312673156,14.028260260440995,1.705812087114937,52.32170610874545,47534.607,2.8689284770243737,564.0
13.958333333333332,2.3277464379375856,3.176106655207749,0.6685704948148807,13.959488373302923,1.7270314337313735,49.88126317234041,45319.01000000001,2.867610584789637,564.0
13.96875,2.3792445370666093,3.2132488496979694,0.6817772203275843,13.901483904826994,1.7444714251092597,47.64201685554926,43822.774000000005,2.8675250617265426,564.0
13.979166666666666,2.4046908496161215,3.237885343515145,0.6986662435937622,13.853508261842528,1.759070743236356,46.64827875827062,43822.774000000005,2.8690589084813958,564.0
13.989583333333332,2.45440796222428,3.2779231703188976,0.706132415790523,13.820985699745696,1.7700023429373162,42.87324914132641,40162.215,2.6699730353134727,564.0
14.0,2.485044206955044,3.306994895906394,0.7192036772303488,13.802771380360374,1.7781714849877923,39.906148889107605,38422.630000000005,2.6243363880357484,564.0
14.010416666666666,2.49827117871979,3.3250872352960337,0.7363122047148158,13.79984626063771,1.7837721248656284,38.22369519599384,38422.630000000005,2.587147469418681,563.7482142857143
14.020833333333332,2.5305867467424332,3.3580982706421394,0.7430845721271341,13.81218050988646,1.7861288963251833,34.496193422835475,34769.58900000001,2.532787667367637,563.4964285714285
14.03125,2.5463082894528375,3.3825564861014668,0.757863726087702,13.838083224788653,1.785418030172473,31.16956012698895,33191.861999999994,2.4800286098562205,563.2446428571428
14.041666666666666,2.5565078885418258,3.402647673221911,0.7790468168396093,13.878228600978439,1.7811939629921252,28.318111359829413,33191.861999999994,2.4485221342054446,562.9928571428571
14.052083333333332,2.58287160355896,3.437152146653056,0.79736745653843,13.928886373988254,1.7734609136696042,25.52672681156078,31110.74100000001,2.44674222004014,562.7410714285714
14.0625,2.607750170561943,3.4729081576777485,0.8278527132665902,13.991032260106566,1.7617245948555762,24.13131853583097,30777.77799999999,2.4475231689416574,562.4892857142858
14.072916666666666,2.636729375685961,3.5126672727746784,0.864424751578285,14.064373970632971,1.7455457711156603,23.50739513460925,30777.77799999999,2.44870431469067,562.2375000000001
14.083333333333332,2.6819225555155364,3.56673689471036,0.9080726963784064,14.145885119936828,1.7251916061518775,22.999227553213593,30119.75,2.4492986600783917,561.9857142857143
14.09375,2.73094020223104,3.6270488718664713,0.9601906432566405,14.233757791027594,1.7008775367433806,22.517181669592176,29515.834000000003,2.450048509657689,561.7339285714286
14.104166666666666,2.7771502435141557,3.687071747104722,1.0209114260365348,14.328213994632911,1.672390307329994,22.215889609120264,29515.834000000003,2.451416076971844,561.4821428571429
14.114583333333332,2.8357318562762006,3.757664007015477,1.080643509942873,14.422006783767033,1.6420816879157651,21.55539414700828,27739.125,2.217107285057031,561.2303571428572
14.125,2.887185073770339,3.82419104079468,1.1494805860492627,14.517076453905483,1.609660024506814,20.9200022084337,26965.535000000003,2.199306392725427,560.9785714285714
14.135416666666666,2.9335899323473535,3.8854392591978697,1.2236836368487325,14.615064635016125,1.574655587638429,20.519145680311972,26965.535000000003,2.1839702644943473,560.7267857142858
14.145833333333332,2.9894393186862387,3.9533019860143366,1.3001910251292093,14.712206422640548,1.5382472078834037,20.12490692904815,26354.75600000001,2.1679644550606256,560.475
14.15625,3.0446127569524153,4.021335472208996,1.3865357792809165,14.809155049615743,1.4996265940601743,19.887508366468822,26567.581999999995,2.1547181792333907,560.2232142857142
14.166666666666666,3.1014443875423705,4.0901647563639125,1.474860942197782,14.901706654806961,1.4593631813887613,19.71150779673592,26567.581999999995,2.1427491925295623,559.9714285714285
14.177083333333332,3.1609068640970226,4.162535281494676,1.577951416958535,14.988317424270367,1.416233907843973,19.76395204437456,27541.312999999995,2.135943187205009,559.7196428571428
14.1875,3.230786642659843,4.243874005812298,1.687071121144085,15.060654770586234,1.371616062119953,19.844502615511846,27854.414000000004,2.130639546233493,559.4678571428572
14.197916666666666,3.300988870438711,4.326563451161273,1.7999520386944505,15.111871551007592,1.3265466211508754,19.85870557578743,27854.414000000004,2.1254717862493537,559.2160714285715
14.208333333333332,3.3751971881478107,4.4141445865023945,1.9213315855281314,15.136770590303684,1.2818112879162809,19.805737782954402,27758.682,2.120120013622618,558.9642857142858
14.21875,3.4515524169141947,4.503681327006986,2.047461544205688,15.131981530977868,1.238348940919557,19.673562240558248,27464.03899999999,2.1138033868560835,558.7125
14.229166666666666,3.521195520656041,4.5872172390949615,2.1747496208621517,15.095946221255435,1.1962205349342547,19.547450156497078,27464.039000000004,2.1079819373007904,558.4607142857143
14.239583333333332,3.5883877925741707,4.6688684967744525,2.3007132790544844,15.029054222341587,1.1560514884902497,19.403614307206713,27306.95599999999,2.1018466764012316,558.2089285714286
14.25,3.651604492693813,4.745971581867925,2.4259162104795036,14.93206288509753,1.1175664557759795,19.310370087610362,27503.165999999997,2.0970025914149106,557.9571428571429
14.260416666666666,3.7127049164210852,4.818410811507407,2.543926165550397,14.8084691861385,1.0811603277585737,19.22147252868636,27503.165999999997,2.0923337375883664,557.7053571428571
14.270833333333332,3.7396179635851023,4.870039236731722,2.673117384226674,14.64404743939172,1.0429624330375618,19.740935707541244,30709.266999999993,2.101881597051935,557.4535714285714
14.28125,3.7676474385897687,4.918785601192004,2.787849827672849,14.443927651206865,1.004830703320384,20.65111026243659,32911.88199999998,2.118252149723833,557.2017857142857
14.291666666666666,3.8124984154063286,4.973437342909945,2.882237654674855,14.227419405637006,0.9696024799413733,21.356076036225666,32911.882,2.130666632671396,556.95
14.302083333333332,3.794020499315046,4.993200886889857,2.977756556595191,13.979503107302477,0.9341496249424118,22.704651275378595,36465.50700000001,2.1550765272420818,556.6982142857144
14.3125,3.7328349677813066,4.993120730898289,3.037513356814457,13.727361756810335,0.9017546620861697,24.08272706522892,37847.438,2.178943764916494,556.4464285714287
14.322916666666666,3.7154721551439542,5.002781342012731,3.0777868094540635,13.498096081306047,0.8745065539326669,24.9620650201533,37847.438,2.196832842009119,556.1946428571429
14.333333333333332,3.444122036289317,4.914238850874421,3.074047785889803,13.30524690425482,0.8523641766481442,26.07758027101504,39768.155999999995,2.217876823861295,555.9428571428572
14.34375,3.1324615261104354,4.7933664908487685,3.0227880812251353,13.189158812367511,0.8378666340816748,27.053720653548183,40596.87200000001,2.236494810970897,555.6910714285715
14.354166666666666,2.956772656190864,4.710946775034878,2.962249650941863,13.19139542282949,0.8331665433919017,27.61483363725197,40596.87200000001,2.4642512159223875,555.4392857142857
14.364583333333332,2.5545878530660984,4.486422336906392,2.7959484969243715,13.361757588870457,0.8404604201108801,28.58662964872382,42399.17100000001,2.464576745517137,555.1875
14.375,2.1408127598702524,4.197299259563193,2.506121985555164,13.740729240497354,0.8615295975797551,29.323975453622268,42835.982,2.463854621192482,554.9357142857143
14.385416666666666,1.8652274495879544,3.9459104599716546,2.1823110949035294,14.334381702217202,0.896013313101426,29.724712345189154,42835.982,2.462965227718187,554.6839285714285
14.395833333333332,1.635774171445677,3.711334329103506,1.8333665965798354,15.058718001315855,0.938587159544449,28.84594193162919,39879.25,2.4596614820032,554.4321428571429
14.40625,1.448137488586769,3.47377660214738,1.483693768057313,15.861268434768313,0.9859669305826918,27.688892041578963,37767.83499999999,2.4575962028035145,554.1803571428571
14.416666666666666,1.278257233753079,3.2330780964213797,1.170253437191272,16.735587591509113,1.037450491553372,27.187436260145336,37767.83499999999,2.4576942025673825,553.9285714285714
14.427083333333332,1.1889121303244388,3.0450358416175076,0.9117893101666238,17.569321485007478,1.0858493268253337,26.029683159214944,34843.66099999999,2.4552768005922103,553.6767857142858
14.4375,1.0974655120366035,2.8434819524523034,0.7147701757844039,18.389598675669752,1.1319988810830295,25.338607849087232,34543.57000000001,2.45550886011325,553.425
14.447916666666666,1.0063047809594556,2.6502813689407425,0.5720914901895351,19.176119956253643,1.173707681176161,25.039656998239114,34543.57000000001,2.455942136603253,553.1732142857143
14.458333333333332,0.9817780000910723,2.5024775294262827,0.4765101220230211,19.903253722742125,1.208437200377183,24.878400784710692,34425.774000000005,2.4561343546860877,552.9214285714286
14.46875,0.9761958442602027,2.382285921848692,0.4104418394034088,20.548391367527046,1.2341774839639748,24.68013782969349,34019.872,2.455990016771432,552.6696428571429
14.479166666666666,0.9461103457319786,2.2643322943620285,0.3619138473318176,21.108322298760573,1.2503183369380662,24.58031206946265,34019.872,2.456133119610447,552.4178571428572
14.489583333333332,0.9503937426428718,2.1798599200922117,0.3254928957449562,21.552759397445882,1.2565998745113465,23.976479732368503,32119.286999999997,2.4547213364161147,552.1660714285714
14.5,0.9419479691748232,2.092997550330727,0.29741752683549716,21.90728686502083,1.2548471488407205,23.443439203716018,31483.872000000003,2.454657709263408,551.9142857142857
14.510416666666666,0.9133928460595145,2.0016792990363053,0.2743687081528694,22.18170913767549,1.246220523878341,23.17375610442152,31483.872000000003,2.2273935016059907,551.6625
14.520833333333332,0.9091479375591881,1.931466094504239,0.25546202115155286,22.36984883852641,1.2325949364671025,22.69024540265116,30164.754,2.21926864211299,551.4107142857143
14.53125,0.8999318789169324,1.8647480150712554,0.24045132679372888,22.483610154016,1.2150999722493536,22.28781363999224,29736.728000000003,2.2120393667506053,551.1589285714285
14.541666666666666,0.8786322834333197,1.7989993393118684,0.22798357614119455,22.52552060582211,1.1945607187028375,22.069307117425474,29736.728000000003,2.2068884605648447,550.9071428571428
14.552083333333332,0.8717177677091145,1.7459559008345402,0.21823582698939745,22.4936441654767,1.1715261126169798,22.070876975778454,30167.547999999995,2.2049341110223937,550.6553571428572
14.5625,0.8795031807395143,1.7098523139017787,0.21174844890066555,22.379713273343565,1.1459823136396354,22.452020903024806,31528.793000000005,2.2091644931301904,550.4035714285715
14.572916666666666,0.885337110064752,1.6883333036082397,0.2069500098395794,22.184079341591207,1.119788199214842,22.713327911128957,31528.793000000005,2.2125908248211803,550.1517857142858
14.583333333333332,0.9285923781090093,1.687677518754769,0.20654428873617434,21.873922536910197,1.0909052097762133,23.85791150625875,35026.95999999999,2.229852397087521,549.9000000000001
14.59375,1.0004963317522069,1.7215804348280257,0.20937134744261038,21.4456405494458,1.061691459942671,25.266505355190034,37072.55799999999,2.459223542331413,549.6482142857143
14.604166666666666,1.057143767913178,1.7667573624750934,0.2136044214870883,20.92422047799303,1.0349713547543438,26.071612020304972,37072.55799999999,2.4578437641113653,549.3964285714286
14.614583333333332,1.1447267072681222,1.8283343460887023,0.22328791080779056,20.24528977497309,1.0091451258283084,28.064859838114444,41475.119000000006,2.460397447488388,549.1446428571429
14.625,1.256727652733427,1.9198589104938655,0.2363298540801813,19.44230035153103,0.9875169836431106,30.079197888994987,43635.094,2.4611071694939253,548.8928571428571
14.635416666666666,1.3450439045273268,2.012960487927502,0.25040547257267076,18.573982658763338,0.9721251065114291,31.078658978308347,43635.094,2.460129375188318,548.6410714285714
14.645833333333332,1.4333236868870791,2.1057802153519907,0.2698088179575689,17.59839570981784,0.962631940056511,33.093785458202056,47024.062999999995,2.466572458046557,548.3892857142857
14.65625,1.5152760429656884,2.2048866784186414,0.29117418160900677,16.58796471247596,0.9601566733855008,35.888350603422516,48387.368,2.5015002278035516,548.1375
14.666666666666666,1.584517094832815,2.2991621045875537,0.313051839131308,15.604245294140938,0.9643514928266718,39.30341211166271,48387.368,2.5382084487361,547.8857142857142
14.677083333333332,1.6137173969147793,2.3674858867950377,0.3371726990622202,14.625225181056319,0.9749944559394766,44.0218537651322,50948.375,2.587660148768662,547.6339285714287
14.6875,1.6005885115871297,2.412525679734516,0.35818397802827084,13.700199836356536,0.9915551329361065,48.29641443308913,52351.864,2.638758215244572,547.3821428571429
14.697916666666666,1.6117109982040387,2.4612748366611163,0.3771960080018128,12.873790659573912,1.013128103333803,50.973150779909936,52351.864,2.682073390556855,547.1303571428572
14.708333333333332,1.502879665439954,2.4417515767121105,0.38894947699325044,12.138310056137938,1.040565821942795,54.79085903442758,54356.80499999999,2.879831722564181,546.8785714285715
14.71875,1.4122336804287206,2.4208222520652463,0.3963141651813499,11.544242637420925,1.0738483225869442,57.78343413615368,55174.85399999999,2.8783205104979497,546.6267857142857
14.729166666666666,1.3822738882450136,2.4235220467304432,0.4036784711988761,11.13633914498173,1.113114119632168,59.65001344080159,55174.85399999999,2.8768224676632483,546.375
14.739583333333332,1.3499423374239112,2.414279492176596,0.40923633416369903,10.936402391803167,1.1597459956245195,62.525309321084606,56465.171,2.877084317427919,546.1232142857143
14.75,1.3371254727033712,2.413195975809421,0.41263812980670256,10.948214906889662,1.2125995341287208,64.41242185872441,56679.628,2.8769639344238853,545.8714285714285
14.760416666666666,1.335546409592164,2.415605875621646,0.4149928534373872,11.122212449320376,1.2702369556795823,66.0275237552281,56679.628,2.88043312621935,545.6196428571429
14.770833333333332,1.3259145231668144,2.405761876959889,0.4171264788593394,11.393510807301546,1.3328024738471438,74.53292711485607,58363.75,2.90941575920553,545.3678571428571
14.78125,1.3307893050815616,2.406569408450739,0.420226709551328,11.68609068464863,1.3981283021748157,84.8715404477137,59514.992,2.9431979564858626,545.1160714285713
14.791666666666666,1.341415330692678,2.4147644017215253,0.42268786096564775,11.929013901774141,1.4637455241601147,92.00032414357288,59514.992,2.970064436317093,544.8642857142858
14.802083333333332,1.3596774526193827,2.425892564170327,0.429356503867077,12.085839629644104,1.5308980901971552,100.63235053642208,61070.206999999995,3.002364123251188,544.6125000000001
14.8125,1.3862928880418595,2.4496735678336448,0.43503989926975567,12.136317731143276,1.5970402093774025,104.74512469659574,60449.56099999999,3.022983749434163,544.3607142857143
14.822916666666666,1.3993251610196455,2.4625614693394247,0.43967783156049495,12.091573264988547,1.6623459281014794,108.16228513113629,60449.56099999999,3.0395564316902153,544.1089285714286
14.833333333333332,1.4211623497146897,2.4821187515493888,0.4372916021389599,11.984183505183749,1.7225299686211009,103.51195118713304,57288.30599999998,3.0306828139597317,543.8571428571429
14.84375,1.4274406633746546,2.482368174316642,0.43055385080307523,11.852190728144306,1.7772156875290408,97.72282480250433,55070.022,3.011553712628087,543.6053571428571
14.854166666666666,1.4142069346742627,2.460895688680535,0.4226009797785558,11.726114269178964,1.8263353414315078,95.18099758911465,55070.022,2.9990317269556126,543.3535714285714
14.864583333333332,1.4284680532495102,2.4603123007099112,0.4090565816967021,11.638912113467297,1.864418721165603,84.56411082290508,50900.292,2.9616785215195756,543.1017857142858
14.875,1.4228142972658793,2.4389392093790043,0.39553064774394153,11.591442381362366,1.8927701144042834,75.22554333744553,49020.31599999999,2.9236435089672685,542.85
14.885416666666666,1.4007964378153996,2.40289158118685,0.38311515283913633,11.577108571753019,1.9118626134710741,68.34820649108606,49020.31599999999,2.895500454236049,542.5982142857143
14.895833333333332,1.4048749475189202,2.390101843450261,0.3646992571497008,11.582798996609897,1.9205351825323833,53.85651382170836,43315.353,2.8616508698424177,542.3464285714285
14.90625,1.37758420999934,2.347875354608033,0.3464332031462963,11.594733633964374,1.9215752025078479,47.149943813780325,40291.299,2.8599813092770496,542.0946428571428
14.916666666666666,1.3317301043474565,2.285241152640073,0.330307307963314,11.607350035132644,1.9157495859642906,45.05997203765524,40291.299,2.8625115773890815,541.8428571428572
14.927083333333332,1.309091742539551,2.2439085885686625,0.3108382832479732,11.616964147409462,1.9049149204328726,39.498382635204486,35109.03899999999,2.670267019434086,541.5910714285715
14.9375,1.2653956163955746,2.1828938610367143,0.29372558204227567,11.62494229450912,1.889871973614453,35.300951700104186,32628.646000000008,2.5940168482902677,541.3392857142858
14.947916666666666,1.2127443561721767,2.1105416995117823,0.27914764972871847,11.633761440409794,1.869815654771173,32.810920720975446,32628.645999999993,2.5325954694971458,541.0875
14.958333333333332,1.1853747258089886,2.060669278817986,0.2638248276176486,11.64434595351494,1.848047500418176,28.481071304862994,28428.108000000007,2.45608397225912,540.8357142857143
14.96875,1.1443619360499961,1.9993534582738193,0.25123599203218694,11.658871163239207,1.8236557272013239,24.60773468914098,26862.225000000006,2.442121074982189,540.5839285714286
14.979166666666666,1.1004971765851075,1.9346089467049845,0.24052995870271313,11.679710783086701,1.7954253346536653,22.48111748733845,26862.225000000006,2.443628541657653,540.3321428571429
14.989583333333332,1.0894476912555606,1.8926198786047854,0.23109473789168603,11.706219455338646,1.7657172168136517,21.002813771028944,24921.357000000004,2.443712584532811,540.0803571428572
15.0,1.0813786381079793,1.8546966000218597,0.22383182187615527,11.739563896668539,1.733613024753654,20.029606427665517,24196.24100000001,2.445407888500885,539.8285714285714
15.010416666666666,1.0673699790776847,1.8186761352912897,0.2180056975089137,11.780772296022455,1.6983459644510641,19.479573177540445,24196.240999999995,2.2034717480291635,539.5767857142857
15.020833333333332,1.0747401034121788,1.8005766787427935,0.21328211483549803,11.826240034461465,1.6624867754397652,18.83652762756082,22710.657999999996,2.177110547805854,539.325
15.03125,1.079814080146686,1.786016860736005,0.21003887964970797,11.875575113737376,1.625353480670636,18.254851541585996,22020.701,2.1510914099991982,539.0732142857142
15.041666666666666,1.0781283112604716,1.7726169871521456,0.20784867420218717,11.928481630972406,1.5861370287573777,17.85002569712442,22020.701,2.127691842990065,538.8214285714287
15.052083333333332,1.0910321433150005,1.7732000740609302,0.20660696646885568,11.980499597729505,1.5469962727115485,17.389603971642533,21038.589999999997,2.1021217982860745,538.5696428571429
15.0625,1.1072058912752556,1.7802437338923898,0.20685245478978398,12.031487675638315,1.5068997959565682,16.991179262918852,20845.907000000007,2.078082974837982,538.3178571428572
15.072916666666666,1.1212564435343033,1.7919634343379898,0.20806025721713617,12.07999772463131,1.4658164192966716,16.655206831124097,20845.907000000007,2.056067371672596,538.0660714285715
15.083333333333332,1.1548273202729422,1.8189747242425875,0.2110579721301709,12.124508730623266,1.4238653631473532,16.354582478943787,20956.972999999998,2.0412790002116674,537.8142857142857
15.09375,1.1981107804411144,1.8587326560833912,0.21589553688787785,12.163730139926606,1.381101828814182,16.085658321724882,21219.216,2.0434880927328067,537.5625
15.104166666666666,1.24020441581121,1.9064930916742486,0.2221025766981108,12.195917629654668,1.3384474503798038,15.873573715265968,21219.216,2.0457034955924884,537.3107142857143
15.114583333333332,1.2919578320269325,1.967361072502434,0.23107865877451458,12.220860432159617,1.2951003738707214,15.81732519772274,21837.072,2.048003741365506,537.0589285714285
15.125,1.3524345377092708,2.0422400355955586,0.2424918967675691,12.237124148159563,1.2523019689355104,15.847165783834239,22074.740999999995,2.0496268454052107,536.8071428571428
15.135416666666666,1.4145904098010271,2.1252590213441813,0.25621357044777915,12.24418402344191,1.2109744580326638,15.899339635099048,22074.74100000001,2.0508644488198486,536.5553571428571
15.145833333333332,1.489448085387042,2.220806050229197,0.27327516173823624,12.242150491255178,1.1717228232492078,15.938708252053361,21961.350000000006,2.05194802161528,536.3035714285714
15.15625,1.5735277869555493,2.3253647810114955,0.2938522291689251,12.231520570621754,1.134947579168567,15.954015102834596,21793.292000000016,2.0530021630677338,536.0517857142858
15.166666666666666,1.6557297710316103,2.4319448117500144,0.31798560648765445,12.212846399875273,1.1006052124818313,15.968428439610408,21793.292,2.0541712772864082,535.8000000000001
15.177083333333332,1.7531852289360856,2.548372172272013,0.34729584098064825,12.186844333866814,1.0688629376236505,15.986795223446098,21809.823999999993,2.055280943168269,535.5482142857143
15.1875,1.8556803888152893,2.670799711557328,0.3834075427061619,12.153712547365053,1.0392788542248528,16.059727442461476,22274.75,2.0564892713406318,535.2964285714286
15.197916666666666,1.9588784739811869,2.7970493723936776,0.4254926500971026,12.115116634757277,1.0126170563714025,16.12463100369813,22274.75,2.057101569935588,535.0446428571429
15.208333333333332,2.0656146784343425,2.9283107307882417,0.480602823985186,12.069711203574057,0.9875434771704517,16.33100161007186,23612.293000000005,2.0581878869927173,534.7928571428572
15.21875,2.1834252764587028,3.0702857441321996,0.5476413367167623,12.019857400083762,0.9651091553333044,16.582538005483986,24286.174,2.057962319015643,534.5410714285714
15.229166666666666,2.3040233107231813,3.2164349354057427,0.6267892248102096,11.968361504485639,0.9459362861883676,16.763492324098713,24286.174,2.0570888220491153,534.2892857142858
15.239583333333332,2.4199024422300432,3.3614733377060513,0.7274316942662146,11.91379093266922,0.929090531527114,17.021134176925276,25478.152000000002,2.0568520679098565,534.0375
15.25,2.540520132560151,3.5095226653020957,0.8457025263623382,11.857540313212196,0.9148745330172522,17.30205880147589,26257.89499999999,2.055811924036487,533.7857142857142
15.260416666666666,2.6633414833796887,3.656986792435582,0.9770898112803975,11.801024885070458,0.903392393871897,17.48335539085011,26257.895000000004,2.0542566158874096,533.5339285714285
15.270833333333332,2.748239266062231,3.7866396704788703,1.1391893955259713,11.737105432558778,0.893251305018629,17.95489273715939,28990.568,2.054083569770615,533.2821428571428
15.28125,2.825988978646661,3.9146407361686166,1.3117381339996401,11.665585336493594,0.8845957450550028,18.56035508022531,30731.588000000003,2.0554076410377102,533.0303571428572
15.291666666666666,2.9270875486938555,4.048927544791599,1.4854985205092193,11.588535928820342,0.8772942346599697,18.982375436827105,30731.588000000003,2.0652015194756768,532.7785714285715
15.302083333333332,2.898693084328323,4.11423249879704,1.6669205342579623,11.493662894692834,0.8697905706495744,20.166338767445172,35222.15299999999,2.0968818738185275,532.5267857142858
15.3125,2.72957186222027,4.0904367845343765,1.7812572814282852,11.384595940450883,0.86190608438256,22.415823157578437,39458.454,2.1408867673446768,532.275
15.322916666666666,2.650854614492637,4.080693156927742,1.8309649521137574,11.285894172198228,0.8547251851061792,24.332906342091476,39458.454,2.174288219505362,532.0232142857143
15.333333333333332,2.2039208697621038,3.883143103759517,1.8167861738226283,11.208318514815554,0.8483893072187855,28.319912921277467,47690.046,2.233402828409579,531.7714285714286
15.34375,1.7983748333158744,3.6763568869290224,1.7287569250327182,11.21887536247941,0.8475235141909626,32.46834421477126,51533.592000000004,2.473408961900516,531.5196428571429
15.354166666666666,1.623864950463931,3.569632415415303,1.646212066071565,11.374462422597773,0.8569093939737876,34.633035368783766,51533.592000000004,2.471199009060664,531.2678571428571
15.364583333333332,1.220141295183994,3.2424083819837333,1.4494544300048342,11.771790839622708,0.8840735303895707,39.54685809679892,58939.796,2.4865850464140076,531.0160714285714
15.375,0.9382681908555262,2.9045305893735063,1.1620867648843154,12.44907006884128,0.9319764786416074,46.647969074842216,62020.01999999999,2.559639685484099,530.7642857142857
15.385416666666666,0.8257645694137378,2.6758789911423966,0.9243713215033079,13.343218425228384,0.9943104474009801,53.613160060717476,62020.01999999999,2.634142556066035,530.5125
15.395833333333332,0.7615256169198893,2.4645181376851304,0.7340298510621888,14.391821464851525,1.0638645900579355,60.05783500448531,63585.00699999998,2.7128079953931574,530.2607142857144
15.40625,0.7647971050102348,2.3395200572946604,0.6068916519205845,15.45652649683405,1.129327497482537,63.594358604393285,62931.494000000006,2.88926650535465,530.0089285714287
15.416666666666666,0.7588430528175482,2.223955828286618,0.5170226903580155,16.452260931302757,1.1851478156451003,66.55444902298565,62931.494000000006,2.8871019149387505,529.7571428571429
15.427083333333332,0.8252331643781653,2.212026258398616,0.4669200174407452,17.272660111646424,1.2270447232932737,65.72173435283408,60073.106,2.8829511545219857,529.5053571428572
15.4375,0.8794796440194703,2.1942993986899433,0.42693596079410917,17.903756850054556,1.2572183497773946,64.17714097813504,57756.693,2.8798019231970176,529.2535714285715
15.447916666666666,0.8845603182724174,2.1288354543527155,0.38933616323804243,18.35834676598332,1.2791718180448428,64.61698620777008,57756.693,2.879434869089198,529.0017857142857
15.458333333333332,0.9308498553512298,2.1178663769708606,0.363761320914151,18.62006590092103,1.2941512160476194,61.877748861193155,54819.38399999999,2.875920279307098,528.75
15.46875,0.9703262878046385,2.097099852695876,0.3444058930374793,18.7212153345429,1.3049406103898462,61.21945641460612,54452.629,2.8754072132758526,528.4982142857143
15.479166666666666,0.9771135754888437,2.0559372128628266,0.32605302871629555,18.671976568692326,1.3131422561611725,61.186474198534945,54452.629,2.8753027619584257,528.2464285714285
15.489583333333332,1.0517879645216823,2.065144479526575,0.3171908329843051,18.48355466843434,1.3198903093468892,61.60670142125262,54748.30799999999,2.87545845881827,527.9946428571429
15.5,1.1361629967317526,2.0878144045458797,0.3123265240486366,18.176813840656276,1.3256732059756007,62.092344674804835,54968.531,2.8754920283609056,527.7428571428571
15.510416666666666,1.1728695262276243,2.08748974349999,0.3064317831249848,17.783023395013906,1.3305508144436855,62.40966050125274,54968.531,2.8753326813999824,527.4910714285714
15.520833333333332,1.2466297074994117,2.1130672644065136,0.30480187888867,17.337313579809802,1.3343017843893945,62.582452795862885,54833.345,2.87507438977618,527.2392857142858
15.53125,1.3060217301429218,2.1364807123350253,0.3043697530973495,16.868541501370657,1.336504917737383,62.63722998649056,54636.55100000001,2.8747555279055765,526.9875
15.541666666666666,1.3299870412068922,2.1434189469735494,0.30338759414268823,16.38768606918918,1.3366778905448156,62.864325006133214,54636.55100000001,2.8746904558103537,526.7357142857143
15.552083333333332,1.3660863993836343,2.158691291474244,0.30360749151894,15.896343580038392,1.3344940159779468,62.797757061525644,54385.86499999999,2.8743335646093864,526.4839285714286
15.5625,1.398599840526769,2.1757125214939173,0.3055589677482415,15.382663432618486,1.329761330220382,63.22284440261947,54628.17,2.874593332545795,526.2321428571429
15.572916666666666,1.4153672711748218,2.188052271352438,0.3075111838089761,14.836911575698883,1.322411499498022,63.43577806112775,54628.17,2.8745686818422076,525.9803571428572
15.583333333333332,1.4431225584393734,2.2060768614797825,0.3105840134623723,14.247390229553611,1.3126397888055894,63.84240384049192,54820.056,2.8751247969302742,525.7285714285714
15.59375,1.4691574171913966,2.2259173481745225,0.3134650957381596,13.619532607639554,1.3010241573299375,63.5621049745943,54321.02900000001,2.87479699538156,525.4767857142857
15.604166666666666,1.4809287911360662,2.2387488714368833,0.3165316951517167,12.951099453759886,1.2879336151445362,63.66415521589795,54321.02900000001,2.875265190853909,525.225
15.614583333333332,1.500263753262856,2.2517043210718675,0.3157772241482638,12.27890852221041,1.2745664335105888,60.90761374620522,52171.19,2.871531549609178,524.9732142857143
15.625,1.5054566964493064,2.2504421917567345,0.31399253581264436,11.606283779365732,1.2613370153023755,59.16090194635407,51221.466,2.870568133265419,524.7214285714285
15.635416666666666,1.500070330413279,2.2416804628265248,0.31231631288535383,10.945603215969706,1.248516124776992,58.55977764218133,51221.466,2.8708820145764022,524.4696428571428
15.645833333333332,1.4863015865298175,2.2285899138314824,0.30997343338748234,10.32516676406897,1.236496902498978,58.117201701026595,51211.74900000001,2.8711911490722333,524.2178571428572
15.65625,1.4669471811986023,2.2166456551059843,0.3095372945390871,9.762160644163943,1.2254210692920635,58.58201639188488,51988.466,2.872237329796312,523.9660714285715
15.666666666666666,1.4611217669278693,2.2177548518628574,0.3105600559338959,9.28442133727847,1.2158606363895226,58.460692728971985,51988.466,2.872410667863417,523.7142857142858
15.677083333333332,1.4335468252442953,2.2098715423244655,0.31493966537961726,8.882470691173628,1.2082005402805411,61.137394620843864,54584.638000000006,2.8750883428035756,523.4625000000001
15.6875,1.4078620209440957,2.212558701405956,0.3221505503034031,8.569508099209534,1.2040191348243967,64.25158981315509,56780.315,2.8775372806932933,523.2107142857143
15.697916666666666,1.4125226599074592,2.2393541620527633,0.33099623566702074,8.353487353810054,1.205339831359666,65.23682532477058,56780.315,2.877513815730258,522.9589285714286
15.708333333333332,1.3706315453632676,2.240044837328629,0.3479893262994155,8.211719981434644,1.2154911005177178,78.4438673232866,62911.519,2.9155421117689677,522.7071428571429
15.71875,1.3634469635199329,2.274999679541031,0.37124742256864707,8.155802762861198,1.2386430492508087,97.68902104217031,66515.938,2.975430110652263,522.4553571428571
15.729166666666666,1.3948878935240152,2.341311199616374,0.39714299807366105,8.181182746007362,1.276488457378339,109.26503585253829,66515.938,3.019673449408956,522.2035714285714
15.739583333333332,1.374912227797197,2.36385804937212,0.4303078127980972,8.286517574751873,1.3351162119354822,131.97566053619403,72598.57500000001,3.096444714139417,521.9517857142857
15.75,1.3823977446699909,2.409244763805832,0.46498430078761327,8.4733971495597,1.4110819861508739,149.75479510362547,74891.05400000002,3.167666768970001,521.7
15.760416666666666,1.4144104217746916,2.470026463366565,0.49943238195376877,8.739531052680363,1.4942453326155345,159.43879843758907,74891.05400000002,3.301242693133021,521.4482142857142
15.770833333333332,1.4582979837572627,2.5205712300802183,0.545609939611629,9.098999995351884,1.5814153661672996,183.34253288599288,80131.68099999998,3.3064688563805085,521.1964285714287
15.78125,1.5454795718618275,2.606630347690777,0.5987820687447256,9.532787906714052,1.6652328116265573,201.28019294912048,82492.774,3.309661730005275,520.9446428571429
15.791666666666666,1.6083412766765217,2.676705034005256,0.6415468410522689,10.023235550399857,1.7444340324338536,210.68946840300381,82492.774,3.313061109682673,520.6928571428572
15.802083333333332,1.7186254703629467,2.767833491512811,0.7008523736486237,10.57250985880266,1.8217870351745324,250.61318692827882,85431.64300000001,3.343945117410565,520.4410714285715
15.8125,1.8384159385875232,2.8667911149631333,0.7538511008699729,11.14245208765519,1.8959707792205915,264.46499433182805,85456.435,3.3555361729351936,520.1892857142857
15.822916666666666,1.8954471986308046,2.9165938920957144,0.7849624863013953,11.710857849920474,1.966028529660705,261.40191004563553,85456.435,3.353168337945093,519.9375
15.833333333333332,2.01754347484241,3.003533679038443,0.8216031991283934,12.239779035863588,2.026110409042003,243.34631116021768,84435.53799999999,3.3386884268526216,519.6857142857143
15.84375,2.10828933768258,3.062021569722506,0.8419901241872287,12.696651618725351,2.0712666957180597,219.32420829034447,83595.25900000002,3.3195416923247634,519.4339285714285
15.854166666666666,2.137657854765153,3.0754851666837584,0.8433654697742544,13.058870932345013,2.1001565517289054,207.05348354805477,83595.25900000002,3.3133477982146835,519.1821428571429
15.864583333333332,2.1759157296927487,3.0923700139707395,0.8345359045257096,13.307970601554713,2.114909498487726,196.53234055936136,81770.07199999997,3.311486430693752,518.9303571428571
15.875,2.1909650308732127,3.090719590756857,0.8194642540513392,13.43161060101411,2.1193939483470214,187.71160520479023,80850.881,3.3106999276980256,518.6785714285714
15.885416666666666,2.1863632229418335,3.075188028105248,0.8022776092571421,13.406635094623157,2.1147653785408562,181.68668363511912,80850.881,3.3110189487401724,518.4267857142858
15.895833333333332,2.18437354272183,3.0610116220869914,0.7698837946635158,13.244161345350156,2.101684446904806,166.0275943131849,77545.67200000004,3.237583920005372,518.1750000000001
15.90625,2.1604577274611887,3.027592898500376,0.7331887676850235,12.970424576901195,2.081066428426568,153.210114260615,75407.661,3.185453026657822,517.9232142857143
15.916666666666666,2.131094459977177,2.9881930424335024,0.703747327579767,12.590530849188724,2.053011750129691,146.07596966362263,75407.661,3.149046037031267,517.6714285714286
15.927083333333332,2.0956846642194367,2.9459459833567134,0.6528648541691419,12.157330139537795,2.021148912000468,127.27438028673625,70101.97200000001,3.082641155669579,517.4196428571429
15.9375,2.032927078835736,2.87788638633987,0.5991249230425171,11.696173593182525,1.9867569191431906,109.75751263277304,66248.848,3.014535803746184,517.1678571428571
15.947916666666666,1.9707735000859823,2.8040561815887646,0.5593666968045958,11.195643122569965,1.9480451692588774,99.27455331927133,66248.848,2.9686859922670297,516.9160714285714
15.958333333333332,1.9047429243493401,2.7324350927739327,0.5009784221668557,10.726529065937452,1.9099312518411984,75.60704680158841,58675.40299999999,2.88974079385619,516.6642857142858
15.96875,1.8094103528898842,2.631913662139706,0.4521693698257199,10.269793052318368,1.8705158358936127,62.3455000400349,55423.069,2.8801053143539947,516.4125
15.979166666666666,1.7263102026646586,2.5332944333815695,0.41603535501547223,9.805267476930807,1.8271955765751,59.110348994272776,55423.069,2.8825145193079744,516.1607142857142
15.989583333333332,1.658403117230068,2.4549307854109252,0.3802748518481043,9.373225219096287,1.7835849209335577,52.8702780968496,51023.917,2.716104021825881,515.9089285714285
16.0,1.584358847988595,2.3731974919690413,0.35370310836943003,8.952578978978785,1.7382312048656217,48.75347014629374,49497.937000000005,2.6491998901788265,515.6571428571428
16.010416666666664,1.5259546548858784,2.30302225580797,0.3345141422327287,8.53167097949684,1.690578203754556,46.10185044140159,49497.937000000005,2.597142298708225,515.4053571428573
16.020833333333332,1.5024668577223177,2.264373016903798,0.32138497968619245,8.119832542184023,1.6427271489996131,42.97119244258939,48443.5,2.5484511704768273,515.1535714285715
16.03125,1.5014943007301713,2.2468880166344283,0.3151829851578558,7.708522267512011,1.5948920532511779,40.405144247842195,48584.974,2.510092093298844,514.9017857142858
16.041666666666664,1.5020601049639895,2.240288735436779,0.31228856242733843,7.302751828406772,1.5487669850018502,37.81594095153673,48584.974,2.4780955836531944,514.6500000000001
16.052083333333332,1.5425916069786523,2.265318479930345,0.31617998390166807,6.905552639959953,1.5055176064190123,35.51012118242201,48972.30100000001,2.4684211506578126,514.3982142857143
16.0625,1.5934343254802747,2.305684912514201,0.32261364524464115,6.533167744250276,1.4672309016234542,34.13530306782048,48315.75099999999,2.467978949255368,514.1464285714286
16.072916666666664,1.6264995368958672,2.342267504882445,0.33127493977175176,6.1888766823020545,1.4340711675250748,33.6183796377924,48315.75099999999,2.468435359715718,513.8946428571429
16.083333333333332,1.6880820389757956,2.398943327878587,0.3425172944027025,5.888002369280675,1.4068925542408701,32.83528580161697,47109.107,2.4676691933341597,513.6428571428572
16.09375,1.7494329001436764,2.4586625385099987,0.3574199069806256,5.628938714379237,1.3846294097350753,32.31822073702739,46822.162,2.4679489408649635,513.3910714285714
16.104166666666664,1.7970378814379817,2.5159751592309565,0.3746987142271099,5.413989215354975,1.3664778043392922,32.04701121885918,46822.162,2.4685309059323073,513.1392857142857
16.114583333333332,1.876657878737227,2.5963557210586665,0.39870089710551254,5.246231834946037,1.3517215932488211,31.806051878538934,46672.304,2.4689415510721906,512.8875
16.125,1.9618990478094884,2.6867869670652205,0.428536837033072,5.126998165033216,1.3396106963002303,31.51518586352969,46378.46599999999,2.4692129436307098,512.6357142857142
16.135416666666664,2.032963733672331,2.775827294705245,0.4641897911546285,5.057075234287305,1.3293724673248717,31.326233858415275,46378.46599999999,2.469776769148905,512.3839285714287
16.145833333333332,2.1084646093496873,2.8754768530942267,0.5085063397196042,5.038659833043532,1.3205018192498796,31.048908329608278,46030.36199999999,2.4700106936520405,512.1321428571429
16.15625,2.17458517874538,2.977323179771769,0.5634529708371409,5.0718046755657955,1.3124997436655998,30.872049397681465,46044.06700000001,2.4706089391622656,511.8803571428572
16.166666666666664,2.246467381386879,3.085181480495346,0.6301405834229353,5.155172359413155,1.3051856624878657,30.741665727369245,46044.06700000001,2.4711781770601418,511.6285714285715
16.177083333333332,2.308505901984574,3.196605110954985,0.7115682953173397,5.284638936877055,1.2986229830683615,30.577340353438508,45911.159,2.4716198495758337,511.37678571428575
16.1875,2.3790975638209657,3.314008913966377,0.80654900790203,5.452132679031345,1.2930439934721139,30.211140794179148,45285.53899999998,2.4716718133791447,511.125
16.197916666666664,2.4574797472557344,3.433080571556367,0.9194933221485198,5.653421782831192,1.2885678060438677,29.98874234176628,45285.53899999998,2.234483051193431,510.8732142857143
16.208333333333332,2.537178606519642,3.554008971171837,1.042316759294706,5.878922645374958,1.2853125214958825,29.488464436840573,44321.081999999995,2.226623741730311,510.6214285714286
16.21875,2.6131449058194858,3.66892407538281,1.1781660072135778,6.128638781037895,1.2829212398165608,29.089297579417842,44027.456999999995,2.219148685691257,510.3696428571428
16.229166666666664,2.694211064732723,3.782275807435229,1.3247273652255138,6.404332334447897,1.2807416618790475,28.85449225476952,44027.456999999995,2.212714111579409,510.11785714285725
16.239583333333332,2.7834061833523855,3.9013793847521128,1.481438280842553,6.7041784562652476,1.2779030118977965,28.52543507438221,43551.570999999996,2.2055418814049212,509.86607142857144
16.25,2.875136765460084,4.020980690081713,1.6492568543295256,7.029564281340195,1.2735435624784328,28.225648119314226,43322.414,2.198608239776398,509.61428571428576
16.260416666666664,2.9668171090736593,4.1378949691711675,1.8239594298289314,7.380051768041584,1.2671533149983831,28.023691291095375,43322.414,2.1925093210079507,509.36250000000007
16.270833333333332,3.049936210562587,4.2472238377367,2.0154769200752036,7.768538442140945,1.2583040724765049,28.521502507507186,45249.23300000001,2.192970347484821,509.11071428571427
16.28125,3.1364622579668273,4.355604773560517,2.208882162751776,8.191544288505009,1.2473747506958495,29.3910760911151,47099.106,2.1979691239455152,508.8589285714286
16.291666666666664,3.2284656561569443,4.466026812451563,2.3885266563052543,8.630190367873574,1.2361894725243527,29.78183290362109,47099.106,2.2007175120971416,508.6071428571429
16.302083333333332,3.2499188724855577,4.532998878680351,2.5736129918568222,9.1312196964059,1.2261197700947835,31.643984980879182,51696.198000000004,2.2160405662628593,508.3553571428572
16.3125,3.1440370178518315,4.5371831497309225,2.700045546776447,9.691156704754716,1.2213883988039549,33.720361573754296,54517.724,2.234475825729561,508.10357142857146
16.322916666666664,3.1216592116159503,4.567619347279241,2.796730926404907,10.302339699723001,1.2268564787597607,34.66369764525453,54517.724,2.2467103929850922,507.85178571428577
16.333333333333332,2.694783026300686,4.384744646022296,2.7766913333093246,11.048309669988184,1.2485695327824278,37.059778610396016,58900.77799999999,2.4859637606984637,507.6
16.34375,2.284696968622326,4.1605778523206185,2.65677225904165,11.954264689296856,1.292331991499628,39.248546386985815,61179.66,2.487277237842725,507.3482142857143
16.354166666666664,2.094279396985926,4.027307133004429,2.531738726405872,13.032308529191479,1.3604739149303915,40.18740231253058,61179.66,2.4865646430901442,507.09642857142865
16.364583333333332,1.7419173928620042,3.7050885728449483,2.2484242025481422,14.41713159319448,1.4614341122907004,43.574673611394715,66597.59399999998,2.4929997012549565,506.8446428571429
16.375,1.4595459993771362,3.3633540645487496,1.8413575740170858,16.030190476674548,1.5874510323259106,46.13214233279357,68556.98999999999,2.495673447270566,506.59285714285716
16.385416666666664,1.3015639517588418,3.1063208716192596,1.4656921192693595,17.72973740709635,1.7233000909509364,47.72881005238999,68556.98999999999,2.5135878599112536,506.34107142857147
16.395833333333332,1.1876787593956475,2.8886949077489574,1.1349236901396853,19.337177671009442,1.8505875990808944,48.56119624530003,66147.46600000001,2.526498315829019,506.0892857142857
16.40625,1.1052838397358726,2.6969580947589837,0.8688326568309032,20.768918449453437,1.9586826911809205,48.17194791124572,63662.21100000001,2.529025009069668,505.8375
16.416666666666664,1.024297958843445,2.5062358943813896,0.6773362558251005,22.03445370071486,2.043464982958459,48.60623332908555,63662.21100000001,2.5362317871668205,505.58571428571435
16.427083333333332,1.0064860990393591,2.397038048986263,0.5511786847848289,23.033683122024364,2.0959359991623385,45.97025959055608,59038.98999999999,2.5203484118526154,505.3339285714286
16.4375,0.9839241524799573,2.2797328964295884,0.4621083800861508,23.829969431497297,2.1210071222802944,43.622451977,57242.687000000005,2.5045792809831267,505.0821428571429
16.447916666666664,0.9408213408689275,2.1485465569826627,0.3960235880271953,24.446764821130117,2.1208441646846934,42.359416240253815,57242.687000000005,2.496474976044358,504.83035714285717
16.458333333333332,0.9578311869296601,2.0862796473502123,0.35252580927544475,24.854934020264256,2.099505577713705,39.584119631819874,53984.95300000001,2.476552214323132,504.5785714285714
16.46875,0.9717907362363929,2.0247035241509823,0.32039363573030866,25.081451962099468,2.0624127576554216,37.23528021609016,52401.272,2.472995549106929,504.32678571428573
16.479166666666664,0.9533643889305702,1.9431443446187568,0.2937230158518427,25.128613149498108,2.012834577492271,36.494054251272146,52401.272,2.472897568181376,504.075
16.489583333333332,0.9875074521962428,1.9091526306226367,0.2737948343307319,25.000294753238183,1.9580518373143299,34.87073869021612,49372.728,2.469618701456869,503.82321428571436
16.5,1.0116230349328463,1.867599710049982,0.2577079016563472,24.71671138413448,1.8998595154406663,33.727464814435265,48188.713,2.468550688001032,503.5714285714286
16.510416666666664,1.0022597113836618,1.808681828569176,0.24342189457286204,24.29065455363903,1.8389927276810611,33.31058892821098,48188.713,2.46877509049702,503.31964285714287
16.520833333333332,1.0153975291102126,1.7708916203759826,0.23088027064824218,23.775068817774102,1.7800935661350135,32.08351056446148,45673.077,2.4664546346294083,503.0678571428572
16.53125,1.0094532098880526,1.7239897490521183,0.2202683573880122,23.188663122776443,1.7222153214744151,31.147591267658083,44681.384,2.465871456367771,502.81607142857143
16.541666666666664,0.9884100862710219,1.672449156216995,0.21128848485058008,22.54497162271023,1.6646706167799117,30.763283720624646,44681.384,2.4662923598383317,502.5642857142858
16.552083333333332,0.9725883410424422,1.630265692880308,0.2033322944120503,21.884142102305493,1.6093095604562897,30.152724899428282,43544.68400000001,2.465590484538847,502.3125
16.5625,0.9550437196579891,1.5927535874716958,0.1972401335596794,21.214312463798944,1.5553500141358105,29.745558123603523,43256.106,2.4657450057118724,502.0607142857143
16.572916666666664,0.9377719738131391,1.5614433810375652,0.19260520528490288,20.547729566296404,1.5026992642132884,29.558355887270714,43256.106,2.466118861742511,501.8089285714286
16.583333333333332,0.9233773230569629,1.5367905233738894,0.1889864764247196,19.89887938795987,1.4516846420214795,29.43257092723851,43172.863999999994,2.466334714327631,501.5571428571429
16.59375,0.914412789214926,1.5214917408265465,0.1870867871589946,19.267091284017848,1.4016774112554258,29.604218353486335,43816.12499999999,2.4671095908176257,501.30535714285713
16.604166666666664,0.9108380174470554,1.516584166902366,0.18623481686578788,18.66820680916108,1.3536388209067307,29.68256068596792,43816.12499999999,2.467162429992511,501.05357142857144
16.614583333333332,0.9284194788424417,1.5249438353517797,0.18806381091489746,18.071358328168603,1.3051639862233362,30.730934818573058,46443.114,2.469433361774873,500.80178571428576
16.625,0.9640867768206558,1.5549519295378214,0.19158216741188117,17.496229609677634,1.2585708389997015,31.707151448570627,47580.473,2.4700481263743597,500.55
16.635416666666664,0.993173598431604,1.5900885048270474,0.19576917015452522,16.945382234698418,1.2156483952373545,32.136332030217396,47580.473,2.4695669597103316,500.2982142857144
16.645833333333332,0.9971869729309406,1.6136380475784458,0.2006090699208342,16.383480604034226,1.1757016876672752,32.983160370325464,49100.304000000004,2.4706061637682737,500.04642857142863
16.65625,0.9852168776372427,1.6334836877707068,0.20499483689745615,15.809685297443904,1.1403943941781598,33.45050509612829,49220.581999999995,2.470292838513969,499.7946428571429
16.666666666666664,0.9854008304425036,1.659276253322004,0.2099762931732352,15.218051569670473,1.1100265786783008,33.67359045658898,49220.581999999995,2.46994530895831,499.5428571428572
16.677083333333332,0.9467800395684233,1.6612152644743416,0.21216804948970786,14.628005912753,1.0852587474786508,33.303571451009574,48076.02100000001,2.46854810023273,499.29107142857146
16.6875,0.9016535435637323,1.6517314011557762,0.2128398023569249,14.054643988788955,1.0657791384523998,32.700118704512626,46966.901,2.467343011299582,499.0392857142857
16.697916666666664,0.8767571126451958,1.6458073479032613,0.2138527816014956,13.506497859286398,1.0509887396918196,32.478483706675,46966.901,2.467361378232954,498.7875000000001
16.708333333333332,0.8265549514009004,1.6232876760870896,0.2110898217416859,13.036224759683462,1.0413502039024767,31.309720729392797,44313.96100000001,2.4648434717363568,498.53571428571433
16.71875,0.7712816619861561,1.5851490316618495,0.20717009646155546,12.644676976307629,1.0359417726581346,30.33293456190235,43159.526,2.4640800341271496,498.28392857142853
16.729166666666664,0.7361546796109071,1.5512464874363905,0.203675485949744,12.341410576085202,1.0343318785049362,29.921094535069177,43159.526,2.464523173318991,498.0321428571429
16.739583333333332,0.6988375500210452,1.514748252729701,0.19871089626585647,12.151734681269211,1.03616294304577,29.19393318002339,41717.109,2.463616311369671,497.78035714285716
16.75,0.6629618055531221,1.4724916908550383,0.19340629419811076,12.075004114779594,1.0407643771559159,28.577816537514355,41031.41,2.46354788821657,497.52857142857147
16.760416666666664,0.6376954467671022,1.434011509835518,0.18863264004501284,12.104052304850057,1.0473444901688045,28.283637936260728,41031.41,2.464110922078793,497.2767857142858
16.770833333333332,0.6192291672668224,1.4013509863363542,0.1834651586484083,12.215938963021964,1.0545980955458938,27.62617193109893,39579.806,2.463370113698942,497.0250000000001
16.78125,0.6032873631033274,1.3657916679349906,0.17857968813364464,12.383773959545836,1.061711157752382,27.15803445890834,39238.477,2.4637517095860915,496.7732142857143
16.791666666666664,0.589475095750565,1.3319152413961748,0.17411487120193603,12.582243587316102,1.0678888851474329,26.927561244222147,39238.477,2.2342245708335087,496.5214285714286
16.802083333333332,0.5851505999731066,1.3053860672347957,0.17042947423762014,12.790804890907687,1.0725174772649853,26.931639534512342,39606.64699999999,2.231616533051318,496.2696428571429
16.8125,0.5841619840982425,1.2848715222761862,0.1675514311490748,12.994140450350573,1.0751886486140376,27.12415018438312,40181.122,2.231754585220763,496.0178571428571
16.822916666666664,0.5826705882024209,1.2698304472805542,0.16521396644199907,13.179334509940537,1.0757404033464433,27.219353590608854,40181.122,2.2320624750846187,495.76607142857154
16.833333333333332,0.5859863533210408,1.2587476218273126,0.16406922960070394,13.347319683323072,1.0742393405319333,27.841785201508767,41862.48900000001,2.238367606301142,495.5142857142858
16.84375,0.5971242367382336,1.259965040553981,0.16383122152551724,13.487055312669444,1.0709024905120919,28.500209752975817,42731.421,2.46726202036845,495.2625
16.854166666666664,0.6057561872134769,1.2652936392540182,0.16393603652107083,13.585137509550234,1.06621163815264,28.834676282298236,42731.421,2.4666571923594227,495.01071428571436
16.864583333333332,0.625767823072124,1.2777198447210076,0.16524701172305598,13.628450169082608,1.0604229577711337,29.540075080650983,44149.864,2.467296171398699,494.7589285714286
16.875,0.6521089071935285,1.29880454037566,0.16722591742284096,13.598088587416102,1.0540173361724012,30.24375394323047,44955.73300000001,2.4673185557749853,494.50714285714287
16.885416666666664,0.670645032454248,1.3185286235624882,0.1691005807897076,13.485672406535144,1.0475467799612637,30.607942246729408,44955.73300000001,2.4666637699370573,494.2553571428572
16.895833333333332,0.7108816505140173,1.3512605207726287,0.17224209632942428,13.29072845529219,1.041233008746441,31.086157980578417,45644.719000000005,2.466753406547663,494.0035714285715
16.90625,0.7595052116239682,1.392015053625847,0.17576182019476905,13.027874251684782,1.0353730509013896,31.243070001046984,45366.63099999999,2.4660104325525296,493.7517857142857
16.916666666666664,0.788904666086263,1.4215752521926497,0.17886278183545462,12.711568767886524,1.0300351106813275,31.345944322743993,45366.63099999999,2.465649180151728,493.50000000000006
16.927083333333332,0.8435773873513681,1.4646106874330784,0.18222245369156256,12.367691998848189,1.0254332928830339,30.909841982164572,44084.854,2.464175977045571,493.2482142857143
16.9375,0.8967241058918171,1.5035932804053784,0.1855854582538929,12.00546450327059,1.0215049232560762,30.501817752026707,43508.334999999985,2.4635591735942057,492.99642857142857
16.947916666666664,0.9263839831262931,1.5285413804174255,0.18829824520312102,11.62998282774125,1.0182090402105672,30.349135492938853,43508.334999999985,2.463578167813159,492.74464285714294
16.958333333333332,0.9870814448939956,1.5689402498229617,0.19151355490407818,11.256338290390342,1.015598269262646,29.91904497174639,42546.757,2.4627267287976236,492.49285714285713
16.96875,1.0420265908246982,1.6059563087995574,0.19461624318078397,10.887537760879459,1.0135608867209664,29.399388204662948,41731.912,2.4621442034724046,492.24107142857144
16.979166666666664,1.07177551986513,1.629988749101457,0.19735885658733274,10.51787005091322,1.0118877094261611,29.158278197839866,41731.912,2.4624096541472,491.98928571428576
16.989583333333332,1.1042829698422307,1.6557845703038674,0.19848105324696222,10.172497371733083,1.0104536750289812,27.99410965761414,38864.03699999999,2.4601462317582006,491.73750000000007
17.0,1.1175837741738808,1.6662238673971552,0.19905283298562165,9.838093646130224,1.008946646437059,26.918388296545317,37484.84299999999,2.459692987707936,491.48571428571427
17.010416666666664,1.1186234295818422,1.6664392747603132,0.19941080839806483,9.503169098548614,1.0070321225536638,26.39409141169957,37484.84299999999,2.4606751947727012,491.23392857142863
17.020833333333332,1.1259299563445708,1.6716047286107443,0.19827899372553826,9.195730728237564,1.004632723887898,25.202978368632788,34570.187999999995,2.2283756865891777,490.9821428571429
17.03125,1.1224853977972038,1.6677689379198175,0.19716606017560512,8.905309472972,1.0015197034514878,24.086974994959768,33098.44500000001,2.209525918328238,490.7303571428571
17.041666666666664,1.1138863971218151,1.658601525938659,0.1963632665615145,8.62140099188068,0.9973643714952005,23.469549219954278,33098.44500000001,2.194253709857826,490.4785714285715
17.052083333333332,1.1141162262133935,1.6580082849289446,0.19473055087777613,8.367681138599837,0.9924277811822786,22.420360446912174,30465.30900000001,2.172031392450438,490.22678571428577
17.0625,1.1114197212098764,1.6551897591362585,0.1940168309448684,8.12927217760663,0.9864841224773497,21.528435074203234,29584.06599999999,2.1504025202087074,489.975
17.072916666666664,1.1086648950566502,1.6531486705037257,0.19393865370568267,7.898835040098002,0.979319431040458,20.960900317687003,29584.06599999999,2.1318118823116676,489.72321428571433
17.083333333333332,1.1238393124972594,1.6669696563293914,0.19470535599319144,7.6842258307105125,0.9712510775357258,20.322110139576516,28431.187999999995,2.111082452621862,489.47142857142853
17.09375,1.1441248838933775,1.6896806345822923,0.19709211901743598,7.477653693162504,0.9621764270712659,19.764830611120356,28085.468999999997,2.0915671132509748,489.21964285714284
17.104166666666664,1.1651113844224747,1.718636337816985,0.2007089713146453,7.275008895235817,0.9521050951165537,19.318470360032165,28085.468999999997,2.074210379664645,488.96785714285727
17.114583333333332,1.1995827991459367,1.7624359234437095,0.20625608344168578,7.0749090803608485,0.9412179854671632,18.9192651009645,28057.929000000004,2.058506558728835,488.71607142857147
17.125,1.2426695818678217,1.818700007285376,0.2141035050380474,6.872795467385441,0.9295673637048003,18.59692406683701,28471.555999999997,2.0460440884161857,488.4642857142857
17.135416666666664,1.2895962153575935,1.884630965559124,0.2236454747507559,6.6705540202217835,0.9176095507227484,18.254341123793708,28471.555999999997,2.0446435127096882,488.2125000000001
17.145833333333332,1.3544886066288966,1.9680882911749695,0.23799587009668918,6.455764706473034,0.9049895285094495,18.210610500991034,30143.40299999999,2.046735963118697,487.9607142857143
17.15625,1.4409107372604062,2.0749481967813317,0.256818845126876,6.233522329093301,0.8924352062195613,18.377850532372346,31121.304000000004,2.047705450044945,487.70892857142854
17.166666666666664,1.5316860692069088,2.195042811099842,0.2796843439664956,6.011854312038378,0.8808156212143351,18.523553458413232,31121.304000000004,2.047798177182439,487.4571428571429
17.177083333333332,1.6419039482621172,2.333032151577788,0.3132583330912239,5.776482609843284,0.8698601607032973,18.97205740381496,33404.763999999996,2.048785500365356,487.20535714285717
17.1875,1.77307424136048,2.493337359705772,0.3584411368347148,5.533064650619307,0.8604450472738551,19.634209509157767,35339.015,2.0588830355251244,486.9535714285714
17.197916666666664,1.9066721488677982,2.6646287003073583,0.4134638786848768,5.298595789456627,0.8536676764217184,20.20509793541616,35339.015,2.068033309144213,486.7017857142858
17.208333333333332,2.0490644621254446,2.842984008817946,0.4967977673785879,5.054456983867353,0.8495760588426106,21.46646809314024,39028.898,2.090089326161099,486.45
17.21875,2.2038710875204086,3.0349007554489864,0.6015649540646474,4.823807862812329,0.849272602501838,22.939966262035078,40441.976,2.1122058089204647,486.19821428571424
17.229166666666664,2.3492758037267945,3.2233440008283374,0.7268845548476683,4.623357579499654,0.8529915696488785,24.052218072091875,40441.976,2.1287834024801686,485.94642857142867
17.239583333333332,2.460480776144773,3.3903788493878184,0.8829697506826977,4.454739199273638,0.8608827216101179,25.293591599582893,42274.670000000006,2.147944335788962,485.69464285714287
17.25,2.561244853313833,3.5442803186150305,1.050875110691693,4.333005457196358,0.872306386827067,26.327744505419908,42966.70199999998,2.164422601662066,485.4428571428572
17.260416666666664,2.6619148516807427,3.687319800912269,1.2235834236851197,4.262277029111432,0.8858732394949309,26.96247135935235,42966.70199999998,2.1763758572830643,485.1910714285715
17.270833333333332,2.7117856304853483,3.796676973757426,1.400409047736966,4.236133824521345,0.9005135222958873,27.85663064034691,44547.41500000001,2.1904704597061384,484.93928571428575
17.28125,2.746718083387992,3.888133565364797,1.5616775003508467,4.246680862255472,0.9142906882608878,28.68095094293012,45363.193,2.203142975024427,484.6875
17.291666666666664,2.8003990916086217,3.9769135703467926,1.7073855545742174,4.282783442658602,0.925607849220362,29.142955072642206,45363.193,2.211980164999252,484.4357142857143
17.302083333333332,2.739527400335637,3.9980386181537084,1.8199909003720394,4.339887659550098,0.9340774429649638,30.091265240367846,47269.666,2.224404270747615,484.1839285714286
17.3125,2.519164668371599,3.916004993882184,1.8431736337772906,4.420655463691817,0.9394026292624638,31.28937695334476,49027.263999999996,2.2386376021857552,483.9321428571428
17.322916666666664,2.3939071039441693,3.8511388217267237,1.81792527801436,4.538603958111706,0.942461010002083,31.897461552813798,49027.263999999996,2.475503295892719,483.68035714285725
17.333333333333332,1.8791335231687785,3.56645784960053,1.6644902606902257,4.740345710160796,0.9457453667018432,33.69805875783582,52622.880000000005,2.4777733647181135,483.42857142857144
17.34375,1.4046709924478034,3.246621178775672,1.427861671442625,5.085617300997221,0.9529590464203431,35.364809698815996,54366.888999999996,2.4783734332212664,483.17678571428576
17.354166666666664,1.177140842131686,3.034913894346731,1.218812118184114,5.642275753792418,0.9685416289128126,36.1301289460355,54366.888999999996,2.4775010124040304,482.92500000000007
17.364583333333332,0.8516316979550208,2.6961166657394227,0.958472260153231,6.511398440686559,0.9969565599537649,37.726247872184416,56854.185,2.4794102787916787,482.67321428571427
17.375,0.6394422678385749,2.3624706862880616,0.7063901026851853,7.688401819863764,1.037619794635649,38.772742286339344,57409.40299999999,2.479509162344374,482.42142857142863
17.385416666666664,0.5468164952052356,2.111754721543597,0.5373171613350864,9.09329474459511,1.0852944452350555,39.31683655587206,57409.40299999999,2.4793764007944796,482.1696428571429
17.395833333333332,0.4838925030179458,1.8931321909681114,0.4204746351723064,10.576901039304001,1.1315489458624028,39.0840662926395,56232.092000000004,2.477723986649871,481.9178571428572
17.40625,0.4527076187704441,1.7199554271546547,0.34395870120171207,12.0269104320218,1.1699257131586502,38.6485217155126,55241.47099999999,2.4762714372307766,481.66607142857146
17.416666666666664,0.4303846860709693,1.5674097063224157,0.2914059953477695,13.381837428571547,1.1965695333326496,38.65169342664698,55241.47099999999,2.4778057805708102,481.41428571428577
17.427083333333332,0.43472445967623174,1.4882508461585604,0.2589564910257592,14.546405870228073,1.209237982214649,38.000745713597865,53419.97899999999,2.476324863189997,481.1625
17.4375,0.4473225640265869,1.4283462548501373,0.2358989880021714,15.525798317029246,1.2095256948438293,37.618845140367256,52801.834,2.476666481970061,480.9107142857143
17.447916666666664,0.44757140382498706,1.3552867355477958,0.21634950901623531,16.316562367465096,1.1993669337215402,37.75649737097795,52801.834,2.4805006316003753,480.65892857142865
17.458333333333332,0.48320154024934925,1.3445527332966671,0.20574099648601982,16.904511589257297,1.1813146926837237,37.963402874029875,52336.59,2.4841273947216105,480.4071428571429
17.46875,0.528429283344099,1.3462041928284862,0.19851096573352667,17.293118893390677,1.1577859965870556,38.53334798954905,52462.054000000004,2.4909070702934213,480.15535714285716
17.479166666666664,0.5483531891860588,1.3238660422587636,0.19088519419874606,17.47472921678522,1.1312034425204578,39.29714408919598,52462.054000000004,2.499153287236441,479.90357142857147
17.489583333333332,0.6116191841493174,1.3459022789991295,0.1879992294585808,17.447398186546938,1.1033966732661522,40.27243385466973,52623.315,2.5094535548371724,479.6517857142857
17.5,0.6833870146370549,1.3763415937661512,0.18666681308681543,17.221975594393705,1.075884278941935,41.21402176095729,52558.43400000001,2.5198993556923033,479.4
17.510416666666664,0.717390378713433,1.380030747491363,0.18425118404998866,16.822247514843923,1.049626219069629,42.14379864177029,52558.43400000001,2.5307803090438803,479.14821428571435
17.520833333333332,0.7908752232263976,1.4124621708754208,0.18262572537837232,16.316902274433673,1.026489017094799,40.88615403651984,49459.674,2.5238779786073127,478.89642857142854
17.53125,0.8454456553641412,1.4235806834800853,0.17961991883284864,15.751112640254977,1.005807859189635,38.77739563675197,46954.257,2.5073138314490873,478.6446428571429
17.541666666666664,0.8563458768144327,1.4018856458583007,0.17560469077583357,15.126425436241943,0.9859107594596038,37.554975235319695,46954.257,2.4963221585219544,478.39285714285717
17.552083333333332,0.8797685693111008,1.3850995173305576,0.16929752239640164,14.541281155197757,0.9686258195344591,33.57160733474233,41473.27400000001,2.4600138758232495,478.1410714285714
17.5625,0.8673786673454902,1.3373441058127769,0.1622504190471742,13.9738531338213,0.9524117823671515,29.997564209712277,38953.05100000001,2.4560301229097736,477.88928571428573
17.572916666666664,0.8370670684814842,1.2760655271238783,0.1555298619838679,13.396436829481143,0.9359844254873751,28.574776613502202,38953.05100000001,2.456699352701572,477.63750000000005
17.583333333333332,0.7995453128693384,1.214029447722599,0.14776782318379664,12.872396121971938,0.9208913587997363,26.65115859512602,35063.926999999996,2.453806289970372,477.38571428571436
17.59375,0.750403594085211,1.1443450074113724,0.14083709151365245,12.365520986517652,0.9060220006300608,25.306392214397796,33873.974,2.4539814164609224,477.1339285714286
17.604166666666664,0.7093959158368166,1.0814385455222788,0.13493562276033644,11.860483330834715,0.8908854387362698,24.65839485274295,33873.974,2.4554237200126297,476.88214285714287
17.614583333333332,0.6668008641635076,1.0244449012016472,0.12958263934961842,11.368448006501655,0.8758282403071723,24.138445436306853,33248.01000000001,2.4562944877021473,476.6303571428572
17.625,0.6287929260037942,0.9765818404271005,0.12532914330079478,10.879020809748681,0.8606023129928863,23.89336965934624,33476.67999999999,2.2245173362659134,476.37857142857143
17.635416666666664,0.6039407337579002,0.9421355088190436,0.12210069294857992,10.39936982138061,0.8455212601245841,23.738202459791655,33476.67999999999,2.21536694008684,476.12678571428575
17.645833333333332,0.5728915702248132,0.9117400999665166,0.11990468573592997,9.90615568020003,0.8299669887053511,24.25325958832641,35622.633,2.2153445334288264,475.875
17.65625,0.5511751838196117,0.8966229502989115,0.11883057251595171,9.422455086540186,0.8148720926054702,24.969158101716566,36984.676999999996,2.219444806769229,475.6232142857143
17.666666666666664,0.5435517185780645,0.8965240379442153,0.1187178252477925,8.97963060301864,0.8015480168496766,25.33109002062456,36984.676999999996,2.222127886999154,475.3714285714286
17.677083333333332,0.5236118528707234,0.8944489371838082,0.1193747120538509,8.568562012059553,0.7902251159263989,26.204209218151583,39212.53800000001,2.2320991260055894,475.1196428571429
17.6875,0.502844790128922,0.8978029045422529,0.12042548645155654,8.226045153433061,0.7825833869539494,26.89239206051221,39770.462,2.4639726442877294,474.86785714285713
17.697916666666664,0.4956800547293594,0.9106396084931676,0.12206746058897722,7.969274463665307,0.7795666965433586,27.238232551981778,39770.462,2.4632896126939388,474.61607142857144
17.708333333333332,0.4620926739531698,0.9050891612165257,0.12294414545983409,7.806244603781454,0.7816273900312126,27.45406783064109,39874.301,2.462827452778681,474.36428571428576
17.71875,0.4322400522256643,0.8962524965982502,0.12351131969656995,7.743988109916494,0.7888241807236365,27.59345154047752,39896.014,2.4623916095417417,474.1125
17.729166666666664,0.41850848101103305,0.8951376740517215,0.12427351330197248,7.788635973864357,0.8008066381615181,27.686636886048955,39896.014,2.4620190548652108,473.8607142857144
17.739583333333332,0.404121112226777,0.8885525390996973,0.12479636904255416,7.9522579917824325,0.817458588113208,28.164010459081187,41029.03799999999,2.462640888118611,473.60892857142863
17.75,0.397054039947178,0.8869768169542068,0.12533908306432703,8.243711418424036,0.8379657157778906,28.627460040153444,41532.325,2.4626179148162555,473.3571428571429
17.760416666666664,0.3954596158075229,0.8904796856725423,0.12599964258487917,8.662478603600386,0.8613067360588245,28.869043777668374,41532.325,2.4621617102355975,473.1053571428572
17.770833333333332,0.4018190152103701,0.8967114625954195,0.1270632125231133,9.231693701260912,0.8878863559141076,29.729889141228995,43416.19500000001,2.4634329328620908,472.85357142857146
17.78125,0.41964872658281877,0.91530057511711,0.128706674727734,9.94162830838302,0.9166907882174887,30.643579837928925,44530.27100000001,2.4639128138810564,472.60178571428577
17.791666666666664,0.4339117183220726,0.9342960328459129,0.13031309484222683,10.754459864715706,0.9464639452753374,31.089292730883283,44530.27100000001,2.463367342063962,472.3500000000001
17.802083333333332,0.4629946061657828,0.9619812714126048,0.13252163904233927,11.654243260675928,0.9774213426637794,31.709321051192557,45460.844000000005,2.4638260042159077,472.09821428571433
17.8125,0.488368786078154,0.9871040734998663,0.13391851068239574,12.548204357236006,1.0074594973685627,31.335396216419607,43793.948000000004,2.461782076697593,471.84642857142853
17.822916666666664,0.4980298412257935,0.9943977122718116,0.1345303814164015,13.429766103882232,1.0373374047709978,31.190736655305454,43793.948000000004,2.4615534839082347,471.5946428571429
17.833333333333332,0.5042328267588525,0.9963415164307118,0.13357397602562182,14.200375010851065,1.0642169868472604,29.757364043088344,40256.091,2.457949851062352,471.34285714285716
17.84375,0.4982899963992246,0.9781351501474281,0.13141734569861407,14.883671324597316,1.0888476566449539,28.452802237822244,38517.937000000005,2.4564775615057624,471.09107142857147
17.854166666666664,0.4867375492051601,0.9489694648727552,0.1286908204647505,15.503647809423846,1.1116532539299189,27.900198805907078,38517.937000000005,2.4568361906153355,470.8392857142857
17.864583333333332,0.47910077106515003,0.9236621805613073,0.12527609012875776,16.010728400593855,1.1301686616053463,26.511222653754185,35196.375,2.454181569265229,470.5875000000001
17.875,0.4644633838432112,0.8880721977793906,0.12158854717713649,16.44334721792593,1.1452610593856467,25.3317277816878,33784.63700000002,2.4537151115802973,470.3357142857143
17.885416666666664,0.4483370361692125,0.8492549217580603,0.11792731550294681,16.82364279539904,1.157250051773379,24.758135700162065,33784.63699999999,2.454681490990645,470.0839285714286
17.895833333333332,0.4384281394176933,0.8180477974472319,0.1142152973916925,17.12598387949136,1.1651873520104732,23.603512154573888,30837.34700000001,2.4531901811465904,469.8321428571429
17.90625,0.42525894598384484,0.7826521918766544,0.11059845448138057,17.37501517029659,1.169928598141124,22.529260691933167,29377.464000000007,2.218361496562681,469.5803571428571
17.916666666666664,0.4103480221571659,0.7456999333159735,0.10715032523567683,17.586554027517362,1.171844484741179,21.929922199046455,29377.464000000007,2.202801296183776,469.32857142857154
17.927083333333332,0.40078093931902764,0.7157173461926092,0.1038572920765719,17.748795551601134,1.1710917649897588,21.0443602057874,27112.955,2.1813864879525284,469.0767857142858
17.9375,0.3902142963446318,0.6852676016675943,0.10086950007527241,17.87763660523267,1.1680216975925863,20.366819543759437,26665.455000000016,2.162135864661601,468.825
17.947916666666664,0.37968407560693473,0.6570515267561178,0.09813023775173073,17.97617256066491,1.1627014844097434,19.9428894934005,26665.455,2.14579140621752,468.57321428571436
17.958333333333332,0.37613205090968016,0.636160031296217,0.09580541948649332,18.043240749680272,1.155444822455566,19.520705989472614,25984.568,2.1289352568828517,468.3214285714286
17.96875,0.37398636343078284,0.6185412616301172,0.09382169555130192,18.081718243000736,1.146424487961313,19.13208887747262,25609.782000000007,2.112896759544187,468.06964285714287
17.979166666666664,0.36974387085580035,0.6021661091757511,0.09207570960284826,18.093301382043855,1.1357285210381063,18.83273410096809,25609.782000000007,2.0990047668737613,467.8178571428572
17.989583333333332,0.37273392803209177,0.5915540580513129,0.09066574757234802,18.07947880035707,1.1239343163438131,18.465460264015256,24902.119000000006,2.0838010673761302,467.5660714285715
18.0,0.37675332639598963,0.5828350823584043,0.0895027366507717,18.04240143371072,1.1111571865659393,18.10698296482122,24623.400999999998,2.069354348186585,467.31428571428575
18.010416666666664,0.377238446879245,0.5741338310098865,0.08847439095015783,17.983159334684654,1.0975215917285495,17.794332565269965,24623.400999999998,2.056690737864175,467.06250000000006
18.020833333333332,0.3830857099153749,0.5692270000841936,0.08763682508952356,17.906814287909903,1.0838918395438542,17.358763774546333,23584.164000000004,2.0430009568489003,466.8107142857143
18.03125,0.3875661564626693,0.5641878637697422,0.08689396337037544,17.81583043342568,1.0703725788026535,16.8715758479575,22829.744999999995,2.0440120215313238,466.55892857142857
18.041666666666664,0.38790048128015564,0.5578718474792901,0.08619761805943092,17.70926506930003,1.0567077797043936,16.509218719975774,22829.744999999995,2.046106811846258,466.30714285714294
18.052083333333332,0.39178743369795677,0.5536182963461419,0.08551533593192155,17.597840570920248,1.0440543633910646,16.095317104625682,21130.373999999996,2.0473417255623456,466.05535714285713
18.0625,0.39398363695777305,0.5480151263110424,0.08483743867348775,17.481472549594855,1.0320982177900366,15.714956503096317,20090.944000000003,2.049665189243957,465.8035714285714
18.072916666666664,0.3926592543647404,0.5408113023025624,0.0841513070036576,17.355913541876234,1.0202600154680659,15.473508611420037,20090.944000000003,2.0530385456507245,465.55178571428576
18.083333333333332,0.3953363226651506,0.5353979307953451,0.08341779586857594,17.235683786757274,1.009700328176373,15.140484478721707,18114.449999999997,2.0555868208539883,465.30000000000007
18.09375,0.39638734381839336,0.5288933390056516,0.0827311701593348,17.113953470268747,0.9995880387135103,14.862546075445326,17510.752999999997,2.0604653666356465,465.04821428571427
18.104166666666664,0.39516794749417694,0.5219478947793502,0.08205610892678351,16.987687941713872,0.9895459451865039,14.689098092954477,17510.752999999997,2.0665332424322114,464.79642857142863
18.114583333333332,0.3989957396046156,0.5184507050435664,0.08159350474859844,16.855608663414383,0.9793637009677457,14.628562852741204,17814.742999999988,1.8341740794414183,464.5446428571429
18.125,0.4056808801509342,0.518589547809712,0.08138102860599083,16.718731193575355,0.9689953286707174,14.654524907964738,18122.50899999999,1.8252469640418891,464.2928571428571
18.135416666666664,0.4115216664816036,0.521115313982359,0.08137710115504154,16.580683907568957,0.9585761153448219,14.710788451832277,18122.509000000005,1.8166759333019573,464.0410714285715
18.145833333333332,0.4219806306240009,0.5277530314410339,0.08173624140066403,16.43928021711484,0.9478079293762102,14.821724426894399,18594.886,1.8109615222465603,463.78928571428577
18.15625,0.43470698206932495,0.5378672766248492,0.08237967416082836,16.298048448279722,0.9368493718651248,14.945905998640121,18789.299,1.8061120659031111,463.5375
18.166666666666664,0.44623101618665356,0.5499172732299435,0.08323383571193692,16.15967342592311,0.9258471517141289,15.052453895224586,18789.299,1.8011919494709896,463.28571428571433
18.177083333333332,0.46191901035174504,0.5657590157188993,0.08443421034131163,16.021911115128216,0.9146054314094039,15.181025586583065,19238.97,1.7987008874492125,463.03392857142853
18.1875,0.4798723180006459,0.5850866084073698,0.08590496481446812,15.887560267074138,0.9033775561143277,15.303142364092603,19425.439,1.796715224247696,462.78214285714284
18.197916666666664,0.4971387059983534,0.606694696148137,0.08758800344893859,15.758499337135412,0.8923905047266798,15.396337170466323,19425.439,1.7943348748304913,462.53035714285727
18.208333333333332,0.5184287309856994,0.632495264276627,0.08963229054796489,15.632787958933983,0.8815653568911517,15.500267061046468,19804.352,1.7937522831438613,462.27857142857147
18.21875,0.5422086754376226,0.6624761959757355,0.09199405862074331,15.511827070981981,0.8711114354928687,15.604657484429582,20067.831000000006,1.793902467185657,462.0267857142857
18.229166666666664,0.5663044886674738,0.6958008511975378,0.094619770895327,15.397657310857777,0.8612916110088684,15.68014496562354,20067.831000000006,1.7933354522004492,461.7750000000001
18.239583333333332,0.5917609281448037,0.733916596376929,0.09768903113086295,15.288538053151962,0.8520373328867603,15.767790497640352,20445.547999999995,1.79431675064428,461.5232142857143
18.25,0.6187155513204201,0.7770260064811081,0.10113595619749434,15.186444851648448,0.8435919269583988,15.834834309944046,20501.641999999993,1.794719784540376,461.27142857142854
18.260416666666664,0.6479052987574894,0.824697548752254,0.10497141605915371,15.091510292656244,0.8360286840677176,15.876179421400808,20501.641999999993,1.7945069489182537,461.01964285714297
18.270833333333332,0.6748449028351725,0.8782416252457736,0.10961554169365709,14.997672673290618,0.8289480971941662,16.048392086522195,21891.702000000005,1.8011055405026468,460.76785714285717
18.28125,0.7033382978946671,0.9411442053597276,0.11511416747142703,14.906643232719306,0.8225844590491511,16.3280176718624,23107.152000000002,1.8116144639478924,460.51607142857137
18.291666666666664,0.7416091540531817,1.0153693183809571,0.1213944094270671,14.823891526310318,0.8173403289515362,16.53928679816817,23107.152000000002,1.8189362597589163,460.2642857142858
18.302083333333332,0.7580396847554843,1.0929598880392124,0.12928250675541453,14.743733801493205,0.8128295327461845,16.958920887336088,25490.39,1.836352108993633,460.0125
18.3125,0.7388138048599929,1.1693998968302044,0.13803380863282225,14.676738409399274,0.8095266606924795,17.438126075176672,26756.758,1.8546242539782982,459.76071428571424
18.322916666666664,0.7462584438583205,1.2593591726784,0.14796527371817872,14.636022466037607,0.8077365281817789,17.750932445258577,26756.758,2.0824295748251016,459.50892857142867
18.333333333333332,0.6286134259561761,1.3023672378426778,0.1581770462049601,14.637235157709245,0.807644640123999,18.302132144502796,29558.411999999982,2.077513470816996,459.25714285714287
18.34375,0.5146712316130068,1.3283638983282116,0.16787392563540832,14.716046030901385,0.8099681842427675,18.974845807570215,31509.960999999996,2.0711206443670678,459.0053571428572
18.354166666666664,0.47208292600651725,1.3768303146600052,0.17802635300942118,14.903814495908167,0.8151509263092981,19.38227063768438,31509.960999999996,2.0645406225022143,458.7535714285715
18.364583333333332,0.3847478583034658,1.3424220552092223,0.18481949122893027,15.302788821035287,0.8255136784322811,20.496876284875626,37079.86,2.062186828133484,458.50178571428575
18.375,0.32933583245962805,1.279963821234583,0.18518140637037894,15.985226410848412,0.8425790769452081,21.85166492282452,39909.905999999995,2.0879033774398508,458.25
18.385416666666664,0.3105223613505035,1.240119165579365,0.1832610893853627,16.944054775453548,0.8660892627219339,23.089535416004267,39909.905999999995,2.117941792557809,457.9982142857143
18.395833333333332,0.2894661888994061,1.1567969597973096,0.1769766895492666,18.26591972723749,0.8979891985172561,25.11470401956665,43116.44899999999,2.1581580862495495,457.74642857142857
18.40625,0.2856964748407731,1.0945017306546503,0.1693420363048325,19.838998199924696,0.9352259011003015,26.876551524033196,43588.234,2.1921066666270277,457.4946428571428
18.416666666666664,0.2849930358252438,1.0415361601664188,0.16194966938142222,21.553677525576234,0.9748780357574574,28.042751324997056,43588.234,2.2191962316622655,457.24285714285725
18.427083333333332,0.2953810421367521,1.0099406013026642,0.1555310992760859,23.269958169829223,1.0135854143890985,28.526741218826327,42801.774000000005,2.2380982161714984,456.99107142857144
18.4375,0.308594294784761,0.9858245651968572,0.1494610337207154,24.85599583142569,1.0485506786973788,28.288375791688775,41072.90600000001,2.4656623374086086,456.73928571428576
18.447916666666664,0.311385322864389,0.9425177763039515,0.14298307201026916,26.308411472179465,1.0799839556370794,28.265278983059925,41072.90600000001,2.464445558545689,456.4875000000001
18.458333333333332,0.32945735235477974,0.931198037298095,0.1379036763401955,27.47361113533042,1.1048288494426697,27.17624692884458,37578.93,2.460730498873438,456.23571428571427
18.46875,0.34430732768355776,0.9088081683121193,0.13281523068534218,28.412998012972743,1.1245393109915713,26.073110341944115,35782.925,2.4591522884853356,455.98392857142863
18.479166666666664,0.34559889985551895,0.8676713367906086,0.12737934733270168,29.17636606104629,1.1400955539790598,25.572900849321986,35782.925,2.459342381219023,455.7321428571429
18.489583333333332,0.3628962191353992,0.8492564717170064,0.12268367854541688,29.710804510371887,1.1503161612406747,24.26347671887197,32051.248999999996,2.226001608461024,455.4803571428572
18.5,0.3740838315032723,0.8197832904716195,0.11809576174252032,30.09427970259179,1.1566642923489394,23.11838477114575,30561.224000000002,2.2100338778112056,455.22857142857146
18.510416666666664,0.37241490745660927,0.7797566222943648,0.11351368332710264,30.362717308840885,1.1595908524981378,22.51107563187864,30561.224000000002,2.1983815675896206,454.97678571428577
18.520833333333332,0.38185370432799187,0.7515767486924615,0.10943174653512919,30.51905615734644,1.1591624679226922,21.75593456797115,28794.521999999997,2.1826605009084217,454.725
18.53125,0.3882430703165356,0.7229137425275306,0.1057737065928195,30.589958115657637,1.1557700840589913,21.122966647925985,28112.475000000006,2.167889112434217,454.4732142857143
18.541666666666664,0.38592562428448535,0.6925545526922299,0.10242843947755972,30.588556310376948,1.1495076495588687,20.736414208036223,28112.475000000006,2.156145187826321,454.22142857142865
18.552083333333332,0.3903481618367739,0.6690614125978599,0.0994515980710963,30.52636860743884,1.1408987867077354,20.26705933870661,27056.362999999998,2.142307802348762,453.9696428571429
18.5625,0.39428937274365833,0.6476000443889873,0.09696802603621334,30.407901776872507,1.1296671706966814,20.06980667005705,27686.157000000007,2.1337519728905563,453.71785714285716
18.572916666666664,0.3941219252940728,0.6290126115512612,0.09482097239745711,30.2401882943252,1.1162482790478856,19.945105182922852,27686.157000000007,2.1266720207602683,453.46607142857147
18.583333333333332,0.40503454559203694,0.6184529505277212,0.0934111657367484,30.009331486493753,1.0996412043905215,20.327328558926038,29969.400999999998,2.1306793569495666,453.2142857142857
18.59375,0.42104011151093257,0.6169190292302268,0.09259183271174343,29.725630160574898,1.0809312011556746,20.781843303347504,30665.375,2.136790623914686,452.9625
18.604166666666664,0.4310006686469043,0.6177328177522937,0.09217781239233692,29.398129035911488,1.0611346600935163,21.085435231150925,30665.375,2.141922565672835,452.71071428571435
18.614583333333332,0.43423669556835337,0.6162743345597647,0.09168422219879009,29.047891218947413,1.0419080650961576,20.943540649731794,29202.727000000014,2.140162500603174,452.45892857142854
18.625,0.4293186390847525,0.6097536568261173,0.0910481203611416,28.67603004548958,1.0235353088144805,20.59171075712257,28156.115000000005,2.134815779885424,452.2071428571429
18.635416666666664,0.4225595787833973,0.6008403064372386,0.09036334628165053,28.2718300099697,1.00567465775023,20.35254012889133,28156.11499999999,2.130889923456828,451.95535714285717
18.645833333333332,0.40748570695059655,0.5880964204369779,0.08936984811865374,27.851863650709724,0.9890603882627031,20.024183128391595,27248.373999999996,2.1239540877133956,451.7035714285714
18.65625,0.3890727290493914,0.5737138148501149,0.08834578642108244,27.407388889726324,0.9731795757537318,19.790919805067123,27230.115999999995,2.118466111342035,451.45178571428573
18.666666666666664,0.37695425675676236,0.562204375101546,0.08743136034835455,26.943560025588138,0.9580053142404947,19.637204984405063,27230.11600000001,2.114064132196275,451.20000000000005
18.677083333333332,0.3572324968410562,0.5486949664023598,0.08647611410562868,26.464368265636153,0.9433938235094654,19.57021467310758,27424.865999999995,2.1113935723939137,450.94821428571436
18.6875,0.337449081700158,0.5362151657860099,0.08567441878242586,25.96801444677127,0.9290292505768365,19.68513726165211,28241.771999999997,2.112906562738758,450.6964285714286
18.697916666666664,0.32677498271084,0.5289620325818314,0.085108778081291,25.47981236460154,0.9153942986361595,19.782399987652806,28241.771999999997,2.1141874189077194,450.44464285714287
18.708333333333332,0.30706109944635523,0.5182496748136686,0.08463524250550107,24.980962160474498,0.9017905359681024,20.231058721695465,30106.221000000005,2.1237380559776753,450.1928571428572
18.71875,0.2917539941711566,0.5112197943593058,0.08437892535306749,24.501566858126903,0.8889787303819392,20.813909895722254,31087.122999999992,2.135854522513647,449.94107142857143
18.729166666666664,0.28502586341089275,0.5098862764631642,0.0844123408724574,24.06769082830662,0.877706923155168,21.247017612712163,31087.122999999992,2.145852857547145,449.68928571428575
18.739583333333332,0.27803356852311895,0.5077562314906309,0.08463936539687103,23.659221043041335,0.8676838575291976,22.06133701846201,33229.57699999999,2.1636330858805723,449.4375
18.75,0.2761394550453839,0.5104904407387126,0.08512011179040502,23.297201894153037,0.859839054745767,22.94961992268442,34284.85399999999,2.182391280743012,449.1857142857143
18.760416666666664,0.27755673736214925,0.5167642287980705,0.0857906894627476,22.99065067626495,0.8547164863730712,23.549574863963297,34284.85399999999,2.1974898261353073,448.9339285714286
18.770833333333332,0.28077445336542295,0.5232992666325937,0.08663282630462037,22.7211340753293,0.852261640006962,24.4152211437436,35963.193,2.2168975259977968,448.6821428571429
18.78125,0.2883894849414801,0.5340917573517767,0.08765104362383323,22.4936969057898,0.8526084859358357,25.187747471088684,36569.94400000001,2.2346487959141164,448.43035714285713
18.791666666666664,0.29502604591317894,0.5449028399131514,0.08867695289173702,22.307082545338798,0.8554485274267956,25.66427299219362,36569.944,2.459249377643634,448.17857142857144
18.802083333333332,0.306362007687182,0.5574996927415717,0.08973450925254942,22.1574224209397,0.8603370487100566,26.00510070091547,36710.875,2.4581764715030623,447.92678571428576
18.8125,0.3164491709635485,0.5680582611821046,0.09046472004855682,22.04840486062496,0.866473369195959,25.751419847507947,35227.44899999999,2.4560716920307764,447.675
18.822916666666664,0.3203579486187742,0.5714087044420084,0.09085346591990734,21.97393332384877,0.873549159615984,25.62781502025539,35227.44899999999,2.4555648741311127,447.4232142857144
18.833333333333332,0.32370052611987143,0.5722237105221678,0.09061024688775383,21.93730433974004,0.8803513337273011,24.60301698286407,31970.284,2.4525583700884366,447.17142857142863
18.84375,0.3212425112842956,0.5634854961933876,0.08981888140775858,21.930335450196733,0.8867920243535558,23.653918165189506,30685.040999999997,2.451816887009593,446.9196428571429
18.854166666666664,0.316044004069316,0.5499198024155864,0.08867331276825681,21.950518104850463,0.8926663257547687,23.172432190471568,30685.040999999997,2.4523655019278343,446.6678571428572
18.864583333333332,0.3154254868449258,0.5386753783251024,0.08736203696499119,21.993449859558584,0.8972687785162159,22.552447072453266,29235.721999999994,2.451753927469969,446.41607142857146
18.875,0.3141018454460426,0.526047327100765,0.08597465603883425,22.055087707660526,0.9004330637031829,22.031525476145372,28648.485,2.222813455140035,446.16428571428577
18.885416666666664,0.3105407106038198,0.5124412729765204,0.08455786719902755,22.131467324097105,0.901946686288471,21.73827784552443,28648.485,2.215112754648949,445.9125000000001
18.895833333333332,0.3116121771793364,0.5021359612419355,0.08321529343641433,22.212392222370834,0.9016583645938808,21.288830609454926,27481.774999999994,2.204314302725639,445.66071428571433
18.90625,0.31244953964657196,0.4916477343429816,0.0819274855853481,22.291775666153363,0.8996575754655926,20.872267378437854,26964.388000000006,2.193815668453933,445.40892857142853
18.916666666666664,0.3103558344015431,0.48030662746822245,0.08066205692753124,22.363257598678793,0.8960004251583645,20.615012693835236,26964.388000000006,2.1854134241396395,445.1571428571429
18.927083333333332,0.31207744287664724,0.47160900776588555,0.07949023565575782,22.41729094776653,0.8910568927243111,20.21750690176175,25880.246,2.1739619351022883,444.90535714285716
18.9375,0.3120519603672866,0.4621286044908794,0.07830969623231486,22.45010778782093,0.8851945953132615,19.69033963304191,24696.304999999993,2.1596687946131157,444.65357142857147
18.947916666666664,0.30854675941161014,0.4509702480737906,0.07712130802485394,22.4609181945146,0.8783953090730187,19.329420349540435,24696.304999999993,2.147935665302126,444.4017857142857
18.958333333333332,0.3056196192357372,0.4404701565726851,0.07585623410521396,22.450090545738664,0.8715739062788656,18.659385276554442,22385.967999999993,2.127772301125047,444.1500000000001
18.96875,0.30004184325419925,0.4278329053573697,0.07452835273076315,22.421487259529183,0.8646234776514073,17.982630224840282,21284.875,2.105908140971449,443.8982142857143
18.979166666666664,0.2931260940586956,0.41430006371896116,0.07315712611160101,22.37598611992977,0.8573023918041057,17.498407509534402,21284.875,2.0869866931229986,443.6464285714286
18.989583333333332,0.2888770249579829,0.4023276395945478,0.07174795628053973,22.322754331776906,0.85051847495001,16.812735749984583,18937.447000000015,2.0590909957713612,443.3946428571429
19.0,0.28325259806366576,0.3892847128101635,0.0703234981042946,22.26315201459691,0.8438991328850951,16.143995642424063,17868.073999999993,2.0402429334439507,443.1428571428571
19.010416666666664,0.2764882989683001,0.3758899143164865,0.06888602715987249,22.196197525768003,0.8370625733124243,15.616290045466085,17868.073999999993,2.043336904529539,442.89107142857154
19.020833333333332,0.27243757383216477,0.3643466343491835,0.06749192546554109,22.13007997555796,0.8306022476826069,15.09726941685418,16341.013000000006,2.0460154006248983,442.6392857142858
19.03125,0.2684689176166181,0.3532881100578804,0.06617342183649778,22.062905028241914,0.8241286654462217,14.71162801104062,15834.001000000018,2.050089714908649,442.3875
19.041666666666664,0.26378193313876375,0.34280728328030413,0.06491661056560706,21.9938487436725,0.8174164721646988,14.474963831472369,15834.001000000004,2.05493468760117,442.13571428571436
19.052083333333332,0.2617630540003872,0.33426962229883733,0.0637796741130949,21.928033748627755,0.8108523854900348,14.27382899551906,14907.084000000003,2.059603481077132,441.8839285714286
19.0625,0.2598152530122255,0.3264950602164997,0.0627427423573014,21.86503505617906,0.8043308900403835,14.11118159257829,14256.616000000009,2.065768792603695,441.63214285714287
19.072916666666664,0.2567638966713953,0.3190578452303215,0.06178189351757223,21.8024820778301,0.7975542522035699,14.022201310822302,14256.616000000009,1.8235632961328778,441.3803571428572
19.083333333333332,0.2550165928914188,0.3127226079147249,0.060898707748230765,21.746132112393457,0.7911417706358276,13.899413373281595,13002.269,1.8027104918288686,441.1285714285715
19.09375,0.2528398880308622,0.3065937138525831,0.06008493339282893,21.692597897760972,0.7847429473575448,13.800607039168199,12541.411999999997,1.7817179565334018,440.87678571428575
19.104166666666664,0.2500183040783747,0.30070235840684456,0.05931681098956768,21.63997162251944,0.7781346919642199,13.752083508616469,12541.411999999997,1.7624338219057436,440.62500000000006
19.114583333333332,0.24861534194011273,0.2958801307603533,0.05863511355480044,21.58988288364537,0.7715356559536733,13.720825408042773,12151.910999999993,1.742020513260842,440.3732142857143
19.125,0.24770151914816937,0.29183643572696816,0.058042608865290016,21.541036836438906,0.7648032124275757,13.719240410116006,12059.312000000005,1.7223517538195539,440.12142857142857
19.135416666666664,0.2465089225999427,0.28835814438784724,0.05752329112612916,21.492982772451217,0.757898211152087,13.745047685398639,12059.31199999999,1.7037139745028473,439.86964285714294
19.145833333333332,0.24651605151547287,0.28590714720614424,0.05711338431811143,21.44592915728467,0.750882891838052,13.786019034165102,11978.051999999996,1.685439192029027,439.61785714285713
19.15625,0.24692877665290153,0.2842132908154952,0.05679826860138575,21.399402481437857,0.7437283279874995,13.840758575902967,11979.273000000016,1.6716743494471689,439.3660714285714
19.166666666666664,0.247086293743787,0.2829998018140604,0.05655569506522647,21.35323642900608,0.7364570748207803,13.9038608972888,11979.273000000001,1.6762163202507911,439.11428571428576
19.177083333333332,0.2480673641440996,0.2825916938665438,0.05641164113767296,21.307339392613336,0.7291113493234689,13.969902614714162,11952.896000000008,1.6809136629354997,438.86250000000007
19.1875,0.24927623861603643,0.2827048841486378,0.05633708221623981,21.262220894207825,0.7218368389545379,14.025570883888795,11740.406999999988,1.6834009433054342,438.61071428571427
19.197916666666664,0.25021027552735,0.2830765248026556,0.05631680711514076,21.2168585421414,0.7145347948701436,14.081244389414053,11740.407000000003,1.687826243748242,438.35892857142863
19.208333333333332,0.25152889809781587,0.2838521425362918,0.056344300937690064,21.173148723361127,0.7075718524868888,14.105850904801757,11203.381999999998,1.6903569222745436,438.1071428571429
19.21875,0.2528371747428573,0.2847919385928764,0.056414595806321514,21.12939390234393,0.7007310773107046,14.124852997775736,11063.270000000004,1.6949552042419571,437.8553571428571
19.229166666666664,0.2540525757775906,0.2858920216190081,0.056512896311032484,21.084868217954085,0.6939549909676934,14.148323466592611,11063.270000000004,1.700650239889675,437.6035714285715
19.239583333333332,0.25632326997757526,0.28776575715261227,0.05669142371925488,21.037719914492623,0.6870322715702647,14.198884789401863,11465.289000000004,1.7085618919451662,437.35178571428577
19.25,0.25955120899759454,0.29061649848496,0.05695704844600864,20.98815638333103,0.6800771514035,14.268890069347204,11747.302999999985,1.711950094064468,437.1
19.260416666666664,0.2630494787097159,0.29423822798503846,0.05730263171042083,20.937141433762314,0.6732940250872035,14.337789988842804,11747.302999999985,1.7118087532766824,436.84821428571433
19.270833333333332,0.266492931660204,0.2988371883777917,0.05778074231079105,20.881561210921124,0.6663567205867963,14.434421809930651,12397.063999999984,1.7202529980275858,436.59642857142853
19.28125,0.26951402595462876,0.30445693900798726,0.05837246143119919,20.822331096502605,0.6594885721822499,14.540772857070865,12761.91399999999,1.7209975096499261,436.3446428571429
19.291666666666664,0.2733549967194769,0.3110283320943335,0.05906270363665511,20.760965963350905,0.6529339859069162,14.63128017498535,12761.914000000004,1.7169524715313926,436.09285714285727
19.302083333333332,0.2737332742233509,0.3181935075787996,0.05989584909574081,20.69273513848566,0.6462897916602866,14.756401546377385,13693.917000000001,1.724513454479477,435.84107142857147
19.3125,0.26920189695972047,0.3259911399038484,0.060865241307919704,20.616496179102064,0.6396191812859715,14.932366373596052,14778.387000000002,1.726006507276357,435.5892857142857
19.322916666666664,0.26846733813981954,0.3355517919404794,0.06195209268123111,20.538023949639694,0.633518609127651,15.083376994164379,14778.387000000002,1.7131873735093281,435.3375000000001
19.333333333333332,0.24906278372105853,0.3430538315223152,0.06321695872992725,20.44425465137614,0.6271504164723016,15.388162382556938,17361.032000000007,1.7264725663092326,435.0857142857143
19.34375,0.2274911757639685,0.3508323307522961,0.06462819304613758,20.341530874929404,0.6212095169191533,15.827693122636044,19199.097999999998,1.7187720999669251,434.83392857142854
19.354166666666664,0.21807591842581497,0.3623811948017027,0.06621686902297445,20.244975824756686,0.6165381154226516,16.195157259593792,19199.097999999998,1.6973293935837521,434.58214285714297
19.364583333333332,0.20005959384247846,0.36950417415319897,0.06812920180107658,20.138597967975322,0.6124818822174631,17.140882178222967,25676.621000000014,1.7385700415897878,434.33035714285717
19.375,0.19127636193734224,0.38064453662609954,0.07027105667958619,20.075896599429115,0.6112551034507239,18.427197813511423,29101.353000000003,1.7997277203681032,434.07857142857137
19.385416666666664,0.19223102508637252,0.398746338263671,0.07266621218425486,20.107433856973312,0.6139702648652685,19.27500392092911,29101.353000000003,1.8461321289936214,433.8267857142858
19.395833333333332,0.19320755519638574,0.41345082490819174,0.07512131685564784,20.285629496575794,0.6218442893228244,20.148857575027115,32266.755999999994,2.0969923877377794,433.575
19.40625,0.19972207724730076,0.4312965258817869,0.0774432599550528,20.637172065738223,0.6349201604791311,20.65561034995942,32514.267999999996,2.077527550877558,433.32321428571424
19.416666666666664,0.20611293795856053,0.4473257449832367,0.07950870159612031,21.16077507316444,0.6527579014682046,20.810793226141005,32514.26800000001,2.0655888177027872,433.07142857142867
19.427083333333332,0.21564408181185515,0.4622378183330952,0.08120393825606897,21.830317028722604,0.6743953643103818,20.72111571456218,32230.615000000005,2.0647575316110984,432.81964285714287
19.4375,0.22585086639523513,0.4742800734693122,0.08241952123559927,22.59749688093344,0.6983470549321086,20.506835823352525,31449.75600000001,2.0767202682979096,432.5678571428572
19.447916666666664,0.2319297933338497,0.4799911735157816,0.08314673117430742,23.441018121098004,0.72401724262026,20.510608813167856,31449.755999999994,2.0918915769092195,432.3160714285715
19.458333333333332,0.24392328733997468,0.48871180983632867,0.08357829407942285,24.264894315405403,0.7485412339071913,20.313165595745765,29375.032999999996,2.096531987518519,432.06428571428575
19.46875,0.25473678172131936,0.4928584988014808,0.08361563127371452,25.05352254528639,0.7715005843727305,19.966893625575423,27933.289000000004,2.0953634110211516,431.8125
19.479166666666664,0.2590233991479387,0.4896622910604233,0.08325274356732607,25.82446478264127,0.7933731644200905,19.747205726269744,27933.28900000002,2.0958268047435022,431.5607142857143
19.489583333333332,0.26989401338047164,0.48963759573640514,0.08255570102081726,26.459825280113467,0.8108645554000207,18.95771190918934,24072.679000000004,2.0788012664460767,431.3089285714286
19.5,0.27562129563730736,0.48182595307612763,0.08147648526573964,27.015080060774984,0.8256281030462221,18.092012021831767,22311.202000000005,2.057228811542242,431.0571428571428
19.510416666666664,0.2746028064510194,0.46792972036291874,0.08008605779819464,27.531058008635714,0.838735459219982,17.43511117970372,22311.20199999999,2.0438101586229984,430.80535714285725
19.520833333333332,0.27849402085717506,0.45622523264604,0.07851317371801834,27.95512979698734,0.8488645727394594,16.649625709097425,19965.445999999996,2.044398008649924,430.55357142857144
19.53125,0.28028870872288386,0.4424374638751785,0.07688472738183826,28.327652964148452,0.8570477622046285,16.02242234352815,19256.879,2.0470548715306225,430.30178571428576
19.541666666666664,0.2781614309563944,0.4276306402072893,0.07524031680394457,28.662494159741005,0.8635394316239429,15.620774590276811,19256.879,2.0503576459109087,430.0500000000001
19.552083333333332,0.2801974511450648,0.4153759623575051,0.07364032777316806,28.940642459593914,0.8679778606704255,15.26775344128684,18018.578999999998,2.053028536003711,429.79821428571427
19.5625,0.28073222568321327,0.4032855534520951,0.07211641078264627,29.173121942917145,0.870659000131038,14.968649139019304,17132.304999999993,2.0567515626923853,429.54642857142863
19.572916666666664,0.2778898533180709,0.39093992754556556,0.07067630775552312,29.374331686008993,0.8717914280940211,14.784584414023898,17132.304999999993,2.06172255637109,429.2946428571429
19.583333333333332,0.27572943105052095,0.37967971694591646,0.06925150289373382,29.529307621214574,0.8714603831083508,14.543372349259457,15470.179999999993,2.066295214073583,429.0428571428572
19.59375,0.27175295617226164,0.3681038911340233,0.06789134103354728,29.655025883598302,0.8699196567199323,14.343896973722787,14916.467999999993,1.823895111925828,428.79107142857146
19.604166666666664,0.2666766709538858,0.3569138464745885,0.06659848664824547,29.757874338376766,0.8671863505296951,14.223878102668344,14916.467999999993,1.807784058116675,428.53928571428577
19.614583333333332,0.26375704316498777,0.34713844797178545,0.06537764761068851,29.837402725522406,0.8633394496137679,14.153249601466767,14708.279999999999,1.7920582326602883,428.2875000000001
19.625,0.26187559003317146,0.3387820191566227,0.06428439301698508,29.895931011635373,0.858361996363053,14.136398332933187,14742.89899999999,1.7779364563243807,428.0357142857143
19.635416666666664,0.25954411163016533,0.3316212699353453,0.06332795599754133,29.933975770013717,0.8522998138338651,14.155613163727208,14742.899000000005,1.7648935107934045,427.78392857142865
19.645833333333332,0.25743952266586734,0.3254562633438951,0.06248268032898254,29.9524177157491,0.8451508801020271,14.206232670654364,14847.86,1.7534126465544562,427.5321428571429
19.65625,0.25429551583643023,0.32012651504702355,0.061756393285862535,29.95177049290423,0.8369875530748527,14.274335639295073,14910.089999999997,1.7430577544773622,427.28035714285716
19.666666666666664,0.25139218632399457,0.3157535734582174,0.061153607801957055,29.932870686440467,0.8279243686792861,14.346900260744498,14910.089999999997,1.7333997257026246,427.02857142857147
19.677083333333332,0.24596348557678654,0.3115186506203854,0.06063143960568359,29.895233976278274,0.8177219589367974,14.456727951621765,15409.091,1.7274055148103806,426.7767857142857
19.6875,0.23972751164023445,0.30811848932890123,0.060238680981849216,29.8355756083041,0.8059418757905793,14.653060991405493,16582.293000000005,1.7285815593141596,426.525
19.697916666666664,0.2362832988835459,0.3065075760691891,0.059984936639783944,29.757845959645735,0.7935094835373288,14.830998424860015,16582.293000000005,1.7287101419386017,426.27321428571435
19.708333333333332,0.2289619184133782,0.3051093124873072,0.05991885415882902,29.64640733897989,0.7783189561713583,15.234414170525858,19507.84700000001,1.746271832835578,426.02142857142854
19.71875,0.22358952424758385,0.3062013972976166,0.060068454265176194,29.50830856351514,0.7617476187713577,15.73185489883065,20893.436,1.7678732515597657,425.7696428571429
19.729166666666664,0.22219876687535597,0.30977070293391995,0.06043950273505966,29.358022472277952,0.7453003590946243,16.12366048389568,20893.436,1.784758548211462,425.51785714285717
19.739583333333332,0.21837479525237544,0.3131878904719377,0.06099281709568928,29.187062408698626,0.7277035728544479,16.637459873341214,23229.532999999996,1.8120337305981744,425.2660714285714
19.75,0.21650384351173935,0.31816306701502267,0.06168793056250916,29.01708497294604,0.710684344959397,17.13744402943138,24294.391000000003,1.8385795842136765,425.01428571428573
19.760416666666664,0.2174500486611927,0.3246161030221978,0.06249542030837061,28.869533023121022,0.6956504353741331,17.459521077888958,24294.391000000003,1.8587674331124298,424.76250000000005
19.770833333333332,0.21773942902376076,0.33045914951809124,0.0633324290051315,28.75204201587263,0.682631472525777,17.733888303149033,25208.171000000002,2.081806445156714,424.51071428571436
19.78125,0.21972717222730337,0.3366177166201131,0.0641441616716781,28.67904658675307,0.6725742312177864,17.872779201279414,25175.114,2.074050545942794,424.2589285714286
19.791666666666664,0.22199189682524959,0.34233016144555567,0.06490910435636936,28.653900256647816,0.6655991909070837,17.912845356896046,25175.114,2.068405562377669,424.00714285714287
19.802083333333332,0.2252850608547565,0.3474669986815828,0.06556899852095226,28.675342529551813,0.6616881470692356,17.86608370707778,24965.157999999996,2.0640693589471932,423.7553571428572
19.8125,0.22911900430352045,0.35191673218846664,0.06613913223246107,28.739074365073304,0.6605844561624018,17.812263554833564,25092.823999999993,2.06098347123028,423.50357142857143
19.822916666666664,0.2321522011274174,0.3555915588673784,0.06661326586130341,28.83833218132256,0.6620089403539684,17.752430655966357,25092.824000000008,2.058401417228854,423.2517857142858
19.833333333333332,0.23825567773044293,0.3599604421750575,0.0670641399492519,28.965936798338088,0.6656088294251299,17.715373411754914,25269.016999999993,2.0563890181937103,423.0
19.84375,0.24531977115431938,0.36453787847303226,0.06748056702562782,29.111545203568326,0.6709197711197921,17.657346768888335,25123.782000000007,2.0545182929965424,422.7482142857143
19.854166666666664,0.24997042525508575,0.36798892446600473,0.06783375234049716,29.267062480806135,0.6775444711401547,17.6000287649899,25123.782000000007,2.053119396200104,422.4964285714286
19.864583333333332,0.25725456443665073,0.3717863684477834,0.06811570201516731,29.418113438400503,0.6848097477418368,17.423582578739516,24161.451,2.051573771918904,422.2446428571429
19.875,0.26345465380507616,0.374157722486879,0.06829937997686858,29.56085506055156,0.692509814929805,17.219082872365465,23688.667,2.050980345108361,421.9928571428572
19.885416666666664,0.2665998202495674,0.3747605557178754,0.06836856645314218,29.692525854222563,0.7005555555316568,17.06891832490007,23688.667000000016,2.0509282567307614,421.74107142857144
19.895833333333332,0.2719540538487888,0.3756009320952153,0.06836321080170396,29.80501836774291,0.7084918429578506,16.880178764053323,22941.519,2.0505790476561545,421.4892857142858
19.90625,0.27649361519987714,0.375613754188934,0.0682970918408467,29.898324643864772,0.7163035828047114,16.71186816893649,22652.019,2.050859951959468,421.2375
19.916666666666664,0.2785502375467548,0.3745900318920515,0.06816356061323312,29.97174266315391,0.7239330340084078,16.599461954739933,22652.019,2.0513896579134463,420.9857142857143
19.927083333333332,0.2824855014039625,0.37415213757152066,0.06802419859079145,30.023139590657912,0.7310969955060087,16.486192726227184,22251.92199999999,2.051685549086947,420.73392857142863
19.9375,0.28587267815765455,0.3736620678248778,0.06789808356542579,30.053304243160447,0.7377957878558129,16.417152519628086,22293.801999999996,2.0523511875232607,420.4821428571429
19.947916666666664,0.28759971068920187,0.3729123194221168,0.06776284335931418,30.061780627598786,0.7438736236819569,16.379290142324013,22293.801999999996,2.052892223610699,420.23035714285726
19.958333333333332,0.29055219266528726,0.37319711014062107,0.06771652352940855,30.04815191039795,0.7492514137360268,16.387152432828444,22506.72099999999,2.0534434596793756,419.97857142857146
19.96875,0.29392132675010973,0.3743012607092629,0.06773505692493294,30.012193177668316,0.753748171686473,16.393072859952373,22420.099000000002,2.053662977108561,419.72678571428577
19.979166666666664,0.29605731558364723,0.3753666995570389,0.06778638009972408,29.953474435962686,0.7573164317643547,16.399976691317658,22420.099000000002,2.0539358967476473,419.4750000000001
19.989583333333332,0.300467116446315,0.37712919756992297,0.06785652095056173,29.875491620496184,0.7598267749660764,16.28961342321261,21409.843999999997,2.053769838816063,419.22321428571433
20.0,0.30434202421893874,0.37821485952406386,0.06791111308816637,29.777893715249796,0.7614322720346663,16.141474645282507,20898.95300000001,2.0545022459843674,418.97142857142853
20.010416666666664,0.30619522975026436,0.3783101402393094,0.06791652898651156,29.65819833043199,0.7622234893874151,16.033942887141773,20898.95300000001,2.05576210122339,418.7196428571429
20.020833333333332,0.30931227413014317,0.3784621112787648,0.06784825560198396,29.5270766813774,0.7622589776895656,15.80245534359233,19342.244999999995,2.056320843009199,418.4678571428572
20.03125,0.3107549591958852,0.37727581134207605,0.06770533260372051,29.384003715785504,0.7617003393761586,15.535769315523808,18386.021999999997,2.0583730790678083,418.21607142857147
20.041666666666664,0.31027076090360683,0.37489331675296633,0.06749108299385073,29.223014287825965,0.7605878730833578,15.3485667273048,18386.021999999997,2.0616665962053675,417.9642857142857
20.052083333333332,0.31026602981502693,0.37242708943314423,0.06717694867377058,29.062741717758545,0.7591223598080926,15.065973785748724,16588.521999999997,2.0643382025898926,417.7125000000001
20.0625,0.3087408549623619,0.36883527087133283,0.06680533912257466,28.898760819730782,0.757340485193451,14.789008955196117,15675.559000000008,2.069683135400095,417.46071428571423
20.072916666666664,0.30619903860769515,0.3645144142727598,0.0663827527581264,28.72336443497279,0.7551711475662855,14.60168404602764,15675.559000000008,1.8239040839389609,417.2089285714286
20.083333333333332,0.3039552804454732,0.3604105537391229,0.06589548809324337,28.55801766801605,0.7529019940226912,14.35604993447819,13985.277999999991,1.8019061072030167,416.9571428571429
20.09375,0.3008511751106605,0.3557606745264617,0.06539757379329429,28.394006586928327,0.7504465142440253,14.14033366875543,13282.195999999996,1.779201137843391,416.7053571428571
20.104166666666664,0.29751731372153317,0.35092597324682906,0.06488577456738948,28.223994157121908,0.7476870073849678,14.002040800696662,13282.195999999996,1.758720483156625,416.45357142857154
20.114583333333332,0.2948441605354744,0.34676052521509837,0.06438016483456875,28.062024089512757,0.7448501196515126,13.8613955538422,12294.301999999996,1.7340047090653052,416.2017857142858
20.125,0.2921808780200549,0.34285942850172135,0.06391632454902596,27.901676581138602,0.7418331873909783,13.756131519791547,11904.895,1.7089699904881275,415.95
20.135416666666664,0.2897433640356645,0.339314838835144,0.0634887767827292,27.738586279028024,0.738540540994039,13.702566955109022,11904.895,1.6854274388073012,415.69821428571436
20.145833333333332,0.28821348826513254,0.3368699018059788,0.06315241605474028,27.57385483687348,0.7349719301592967,13.688831754445474,11877.584999999995,1.6701571758503817,415.4464285714286
20.15625,0.2875884084413082,0.3356838581049842,0.06293853309765969,27.402915786973843,0.7309957485250896,13.72749402737983,12228.231,1.6781565744293565,415.1946428571428
20.166666666666664,0.28780516600286965,0.33567641043823726,0.06282821964246317,27.23136569268814,0.7267112175334273,13.788005205712455,12228.231,1.6826646193254855,414.9428571428572
20.177083333333332,0.2889427902275747,0.33729196155332286,0.06290730374234679,27.051017131329207,0.7218769129378977,13.899584323619674,12863.36099999999,1.6890462283382695,414.6910714285715
20.1875,0.2910367269536008,0.3404184125804724,0.06311937268459504,26.8742576356255,0.7168049686717567,14.000025738530365,12663.464999999997,1.689183886436723,414.4392857142857
20.197916666666664,0.2936169737597055,0.34444068000653505,0.06345729059509493,26.698808280856174,0.7114482563998058,14.090997558021147,12663.464999999997,1.6925780797940588,414.18750000000006
20.208333333333332,0.29621205953075175,0.3491323097492549,0.06387700525580428,26.53431855019717,0.7061497042829208,14.125975858488335,11982.469999999998,1.6951357341161284,413.9357142857143
20.21875,0.2986206664688703,0.35399424793818235,0.06436514064477276,26.374422746546614,0.700767977367188,14.140477536422416,11763.130999999994,1.6995207093155675,413.68392857142857
20.229166666666664,0.3014239414631469,0.3591013870292317,0.06489527060760587,26.21609585054654,0.6952493316238245,14.155101125204656,11763.130999999994,1.705516488031015,413.43214285714294
20.239583333333332,0.3044276779236471,0.36503221261894503,0.06550742087343649,26.057742740722443,0.6895848623897352,14.181010260801843,11875.703999999998,1.7116678475334413,413.1803571428572
20.25,0.30810078845072797,0.3720946751639362,0.06621469983109962,25.899171113108455,0.6838185078328299,14.219124999556625,11993.934999999998,1.716193511512909,412.92857142857144
20.260416666666664,0.31287347408679306,0.38034497359231856,0.06701792458533595,25.74180276570077,0.6780571844861465,14.25957831884648,11993.934999999998,1.7190808559569486,412.6767857142858
20.270833333333332,0.31731296536772613,0.39021325885014524,0.0680199285986109,25.573343110593886,0.6719087031658827,14.353440069669874,12932.423999999995,1.731513710858903,412.42500000000007
20.28125,0.32256421994042755,0.40261177281171195,0.06923518048573059,25.395690451450605,0.6655144373684114,14.494447206633318,13743.035999999993,1.7347877314396132,412.17321428571427
20.291666666666664,0.3303114489974372,0.41779525713337495,0.07064419603287027,25.219589146372112,0.6593341495202975,14.624378624630774,13743.035999999993,1.7250787208036844,411.92142857142863
20.302083333333332,0.3340950225628917,0.43538875030961866,0.0724446969014463,25.020611595527857,0.6526207311963567,14.861661128769297,15710.032999999996,1.739702507154963,411.6696428571429
20.3125,0.33023996853895876,0.4561487895383268,0.07464106845099353,24.80053329912679,0.6456355168767186,15.232813790102393,17683.699999999997,1.7383042463904173,411.4178571428571
20.322916666666664,0.3337587903665159,0.4829378238205066,0.0771834338624839,24.58600358199107,0.6394000443325463,15.5630445127491,17683.699999999997,1.713059412029771,411.1660714285715
20.333333333333332,0.30147018795473635,0.5058013730548959,0.08041108058321882,24.326595105940612,0.6328549022616453,16.237491480137624,22273.50899999999,1.7323838598270667,410.91428571428577
20.34375,0.26854193728814946,0.5316913326593591,0.08412478763722887,24.05695210644861,0.6276509519978544,17.167887541968515,24835.255000000005,1.7274673275338928,410.6625
20.354166666666664,0.2577356224769984,0.5691876487269111,0.08842929138950961,23.815799494831897,0.625091528081683,17.83437609152206,24835.255000000005,1.7480782956309766,410.4107142857144
20.364583333333332,0.23165429944812763,0.589273623224536,0.09313789755476687,23.569447246123374,0.6262318402124568,18.992896426997948,31022.936000000016,1.8100804101934302,410.15892857142853
20.375,0.21785798417133825,0.6076755236328129,0.09747581776159475,23.39232893306852,0.6337269998945183,20.29952230375412,34032.378999999986,1.8717648845589032,409.9071428571429
20.385416666666664,0.21737078079020486,0.634874826546903,0.10164136909948096,23.335530048721296,0.648170749201793,21.03396425536505,34032.378999999986,2.0887317346326153,409.6553571428572
20.395833333333332,0.21698275836159547,0.6476900028652031,0.10487108138511957,23.42164327512172,0.6708550840351712,21.619829891353092,36025.23799999998,2.0737964236984063,409.40357142857147
20.40625,0.22297581167731237,0.6603693465276174,0.10697146725648288,23.655806691920567,0.6999444235387523,21.763727162476645,35619.44400000002,2.0649717589180354,409.1517857142857
20.416666666666664,0.2273944954237744,0.6643958589917738,0.1080432584014226,24.025293307082976,0.73431296471518,21.742916996694007,35619.444,2.0792875176250085,408.9000000000001
20.427083333333332,0.23886057758922205,0.6719284381396446,0.10827422843559818,24.4801873559872,0.7702815819990065,21.554586669201843,33826.932,2.090616816822652,408.6482142857143
20.4375,0.24994314312191473,0.6712515397336498,0.10746603397833561,24.981757642532287,0.8058767718455062,21.254989288997777,32073.840999999986,2.095029475736025,408.39642857142854
20.447916666666664,0.2530622664418392,0.6551689842915999,0.10571336220581481,25.528334212590153,0.8414758841584071,21.14217071942593,32073.840999999986,2.1007531048798382,408.14464285714297
20.458333333333332,0.2662224953103131,0.6509938605734649,0.10374608151253412,26.031669262449668,0.8718675031165205,20.42021480673409,28386.25999999998,2.0901192022526827,407.89285714285717
20.46875,0.2747431396195755,0.6354613470528482,0.10130686342269637,26.51185434142584,0.8988218880626351,19.63084158953868,26889.407000000007,2.076150427322574,407.64107142857137
20.479166666666664,0.2747951778646975,0.609986332394049,0.0984616759770572,26.98439831781725,0.9232515325830125,19.06687476835275,26889.407000000007,2.0654348749578357,407.3892857142858
20.489583333333332,0.28342249687025095,0.5925058462839425,0.09573003025765377,27.411041260716807,0.9432317179405424,18.384460536399956,25134.93400000001,2.0489177719148817,407.1375
20.5,0.29059597416975486,0.5737836675743533,0.09312731229261792,27.806260340911727,0.9596062967761863,17.747335253069384,24474.822,2.044919848899336,406.8857142857143
20.510416666666664,0.29114568386699274,0.552565940239707,0.09060438218078287,28.17666115527222,0.9726289139456468,17.269813129168377,24474.822,2.046669193762082,406.63392857142867
20.520833333333332,0.2988585369214893,0.5375398685783356,0.08827206514622594,28.491593951627866,0.9814631863297492,16.728964321030038,22464.305999999997,2.0474262563071703,406.3821428571428
20.53125,0.3037163753927012,0.5209936678996783,0.08606192750021384,28.76620229118453,0.9870253395615373,16.247267620218995,21303.483999999997,2.0494162398047595,406.1303571428572
20.541666666666664,0.30200943460017204,0.501905072900667,0.08391927316009107,29.0163446591157,0.9898588048600009,15.944447189700712,21303.483999999997,2.0524592586514236,405.8785714285715
20.552083333333332,0.3041911773172632,0.4858021517702395,0.0818400349353615,29.226232572907232,0.9901029796635611,15.613155233479679,19771.854999999996,2.0547515164835284,405.62678571428575
20.5625,0.3048269562048099,0.46967410653589314,0.07995085212741446,29.417543968692975,0.9880895087912089,15.43826430653786,20088.748999999996,2.058860796459988,405.375
20.572916666666664,0.303033569196535,0.4550602826607079,0.07822156956815315,29.586978871303803,0.983914121618794,15.355894884264421,20088.74899999998,2.0624674120101023,405.1232142857143
20.583333333333332,0.3068578220950882,0.44441114962997924,0.07681882568502918,29.74325216119407,0.977277940184071,15.468511400000633,21332.790999999997,2.066264738181526,404.8714285714286
20.59375,0.3135479622154045,0.43832373720768475,0.07574544283977801,29.875903739595007,0.9685385468945346,15.614700685978848,21445.576,2.068038166130062,404.6196428571428
20.604166666666664,0.317029819257888,0.4338775100815922,0.07496111532691972,29.983721636982146,0.958005120331589,15.743851090403636,21445.576,2.069398758597011,404.36785714285725
20.614583333333332,0.32109241134439015,0.4302392004571171,0.0742206432157865,30.0590889873257,0.9472176676955971,15.618297786208354,19386.637000000017,2.0700697505199517,404.11607142857144
20.625,0.32130860078338663,0.4245482444440462,0.07349659240926322,30.110072000929446,0.9361853320975917,15.394414189652732,18301.916999999987,1.839499598725859,403.8642857142857
20.635416666666664,0.31856677803817385,0.41735651694603554,0.07276195517559332,30.14053315167384,0.9245627187788806,15.22813274791127,18301.917000000016,1.8288124337587723,403.6125000000001
20.645833333333332,0.3140423983221422,0.4096022471191302,0.07191177312977268,30.149789126865567,0.91339149803764,15.009155390435724,17048.429000000004,1.8133978553255363,403.36071428571427
20.65625,0.3069649046738293,0.40120962536966437,0.07107194780906603,30.140662554249577,0.9022224529251001,14.83867959217806,16775.535999999993,1.7991981541748376,403.10892857142863
20.666666666666664,0.3008900672740484,0.39358904194381117,0.07028284889777699,30.113779157183934,0.8909921333052098,14.735408514000552,16775.535999999993,1.7867556008077734,402.8571428571429
20.677083333333332,0.29174625083908684,0.38600634333246625,0.06949239321582831,30.071729472748917,0.8801248119963828,14.642479597200243,16264.815000000002,1.7728343097524273,402.6053571428572
20.6875,0.28040872839484055,0.37843642826976204,0.06874771364041259,30.01685695066323,0.8695483167347423,14.566906539851816,15937.64,1.7587114808967186,402.35357142857146
20.697916666666664,0.27202778359798463,0.3719250424990714,0.0680877291431207,29.95069129297139,0.8590762390199721,14.529729928959936,15937.64,1.7460238934844168,402.10178571428577
20.708333333333332,0.2570272104724119,0.3639511647272131,0.0673671948738205,29.879227280213325,0.8491430136533988,14.471030983617112,15296.350999999995,1.7307986636772204,401.8500000000001
20.71875,0.2413090985369857,0.35525498894688495,0.06663358287897493,29.803411683949793,0.8393820652214714,14.436316682941314,15227.149999999994,1.7167591440464842,401.5982142857143
20.729166666666664,0.23077087434616095,0.34775095512326815,0.06593314624645866,29.72640902846045,0.8297591565174557,14.428066375113117,15227.149999999994,1.7039082377757024,401.34642857142853
20.739583333333332,0.2185661963668987,0.3395923919108646,0.0652302400251547,29.647200023194664,0.8196423675875336,14.525140198908245,16271.945999999996,1.698284884565603,401.0946428571429
20.75,0.20907484155498476,0.3327614805133321,0.06458354829175561,29.57353033397702,0.809319408292905,14.686504536795281,16932.042,1.6965560903719785,400.84285714285716
20.760416666666664,0.20359253998013954,0.32802157153012207,0.06404880107949641,29.5145386367642,0.7992377649870764,14.836716985764873,16932.042,1.6944954667573553,400.59107142857147
20.770833333333332,0.1967674648243982,0.32286625886332515,0.06359746548015283,29.472885839030393,0.7884243532899434,15.119770014399167,18722.311,1.7033679232782577,400.3392857142857
20.78125,0.19211313829482793,0.3194077260660317,0.06326028706883348,29.462039734204055,0.7774404747674741,15.46898402785993,19812.23999999999,1.7168666718288597,400.0875000000001
20.791666666666664,0.1901612965922258,0.31798479502823307,0.06305837987736691,29.48948854098527,0.7670206763603202,15.747056177447476,19812.240000000005,1.727813301697816,399.83571428571435
20.802083333333332,0.18707689484488255,0.3160851453785786,0.06297904544782255,29.566551380900975,0.7561458113712486,16.186214072584647,22170.637000000002,1.7510943970165955,399.58392857142854
20.8125,0.18713208067008746,0.3167642207034367,0.06308497118979102,29.699386901825033,0.7455310282177164,16.716959675949557,23795.553,1.7788864840898906,399.3321428571429
20.822916666666664,0.18908361441435081,0.3196936454406532,0.06335184642910204,29.874095214775245,0.7361401694233534,17.098917926294835,23795.553,1.8006279259999494,399.08035714285717
20.833333333333332,0.19399323675412652,0.32433957517259665,0.06391808541685474,30.10575842086937,0.7270821967287734,17.738409616071763,27061.804999999993,1.8362003351022191,398.8285714285714
20.84375,0.2035238917597259,0.3334646161551676,0.06475863159992812,30.356830893400655,0.7196868184120587,18.298274763463684,27804.588000000003,2.093906580574108,398.57678571428573
20.854166666666664,0.21152790243260572,0.34307386407262225,0.06572680725225621,30.596442335427035,0.7143084714417658,18.614255745430036,27804.588000000003,2.081348057112683,398.325
20.864583333333332,0.22071523825095024,0.3528045815483786,0.06664650499417872,30.791261553849598,0.7111197909856373,18.492258617385318,26115.983999999997,2.0723935343541617,398.07321428571436
20.875,0.22709223166843712,0.35932435556776177,0.06736332688716119,30.936512828265084,0.7097236679408558,18.166452518413703,25035.663,2.067585458171772,397.8214285714286
20.885416666666664,0.23009515736706473,0.36245222971899493,0.06784480099451383,31.03182212400233,0.7098539042690138,17.895758175711716,25035.663,2.065149774560844,397.56964285714287
20.895833333333332,0.23561894162007493,0.3653292525293161,0.06807644969184981,31.070948346686798,0.7111678421875863,17.431090003976202,22877.945000000007,2.062487515017751,397.3178571428572
20.90625,0.23982002157906546,0.36551084431762354,0.06808312953105039,31.064840555911125,0.7133214347218914,16.96360281859695,21823.382000000012,2.0624570762884384,397.06607142857143
20.916666666666664,0.24093702849115256,0.36308143722938074,0.06788322166175502,31.018067041715913,0.716164633411393,16.639732968879134,21823.381999999998,2.0637968601296848,396.8142857142858
20.927083333333332,0.24544151581849497,0.36133030958457035,0.06753269057790907,30.943092635434027,0.7191769127351217,16.22225847514833,19886.744000000006,2.06441007262531,396.5625
20.9375,0.24835731544184236,0.35784775999372076,0.06707211494514534,30.845238576552454,0.7222975868444199,15.858260544725999,19180.483000000007,2.067472495700985,396.3107142857143
20.947916666666664,0.24850738212286946,0.3529306696650807,0.06650666005977453,30.72638757756368,0.7254700245854335,15.615817444250375,19180.483000000007,2.071571861026712,396.0589285714286
20.958333333333332,0.25094643782349924,0.34895616438500693,0.06591274934572726,30.599278546325323,0.7283624211013245,15.35970771323602,18045.600999999995,1.836709619849984,395.8071428571429
20.96875,0.2525601349186904,0.34463825596864167,0.06531294015148327,30.465408881180142,0.7309619723915082,15.140013499681473,17496.596000000005,1.823063853340413,395.5553571428572
20.979166666666664,0.2521179498555656,0.339782674883257,0.06469921361001563,30.324327966955487,0.7332537964741859,14.999722397923167,17496.59599999999,1.8115476282407987,395.30357142857144
20.989583333333332,0.2534378940645361,0.3358038063841683,0.06409539212535796,30.189719523913414,0.7350204895146573,14.808932618263553,16218.923999999999,1.7948144804714903,395.0517857142858
