t_day,SO3,SO4,SO5,SNH_eff,Ntot_eff,TSS_eff,sludge_h,kla_sum
0.0,1.1499422624663256,1.7098422824338473,0.23897893364621312,2.956359790591627,0.7845180585385434,14.536723133699807,1.2818910895870754,564.0
0.010416666666666666,1.1499324842575955,1.709830649708756,0.23897736320312046,2.9563098198055298,0.7845175759928118,14.536769219232601,1.2818879265334215,564.0
0.020833333333333332,1.1661597727295296,1.7225732139415064,0.2399298101850378,2.9562625406685488,0.7845171094617386,14.47277352810548,1.2809313318526914,564.0
0.03125,1.1855040295802395,1.7440773928997013,0.24237230969741663,2.956210672105101,0.7845163785033942,14.370023075520058,1.2812391884255847,564.0
0.041666666666666664,1.2005986890806808,1.7669894735186698,0.24582749342633636,2.9561174084466555,0.7845140019294716,14.286633563943502,1.2832934018480449,564.0
0.05208333333333333,1.2260571834355298,1.802506624474277,0.25035324300478556,2.9559153154790705,0.7845073995074198,14.145365144811137,1.2832251805960264,564.0
0.0625,1.2528238999028587,1.8447092143361212,0.2567744718422567,2.955475600866456,0.7844921465475464,14.006794745460272,1.2858013020990566,564.0
0.07291666666666666,1.2774816591771807,1.8884232700174475,0.2643839064379816,2.954568860461866,0.7844605630108725,13.906497319944137,1.2904555596504697,564.0
0.08333333333333333,1.3124375746002603,1.9446843999480423,0.2735034271969611,2.953035152638091,0.7844078823485263,13.791159887439303,1.2921254104343063,564.0
0.09375,1.3517519258948671,2.010078833305825,0.2851717808348542,2.950594306091668,0.7843256795498927,13.691666446612238,1.2966712092342951,564.0
0.10416666666666666,1.3908157178105278,2.078719269884271,0.29886003527018823,2.9468078953338317,0.7842009473654268,13.626750584073099,1.3037819143415852,564.0
0.11458333333333333,1.4391707276127752,2.158821818770161,0.3147659441648754,2.9417273251187877,0.7840372835606662,13.553514376623852,1.3071078357493526,564.0
0.125,1.490610457980632,2.24498414110037,0.3338999832379369,2.9350059906257697,0.7838253607500237,13.493777014826858,1.31431093056982,564.0
0.13541666666666666,1.5406638746766803,2.3304355650419746,0.35545281178517496,2.926085617055105,0.7835498303517415,13.460366460940522,1.325006754756492,564.0
0.14583333333333331,1.5976200385862314,2.4224519089677523,0.37943944867489604,2.915450236875491,0.78322732260478,13.423964012336159,1.0151642287067162,564.0
0.15625,1.6573374436304433,2.5176985545079353,0.4071823143692814,2.9027014200875585,0.7828465989916903,13.398642380589079,1.0036758936980739,564.0
0.16666666666666666,1.7156667037657714,2.610414704312126,0.4377912719110638,2.8872390138245896,0.7823903829460982,13.39209020467643,0.9927731492965405,564.0
0.17708333333333331,1.780612091085705,2.708800059668964,0.4718350666249894,2.8698227300504136,0.7818806904604315,13.38674422687981,0.9820113770502112,564.0
0.1875,1.8477891474402532,2.8083854681709792,0.5107319437055131,2.8495575133612987,0.7812899332001991,13.394955667993624,0.970890284108492,564.0
0.19791666666666666,1.9130173747219896,2.9035496729595285,0.552214955402817,2.8262427464158457,0.7806099556350344,13.414020171913133,0.9611957315340025,564.0
0.20833333333333331,1.9770437614484626,2.99243953563406,0.5957639240525632,2.799048616452137,0.7798127489534878,13.4466607488022,0.9528857919912332,564.0
0.21875,2.0390133733235056,3.0735891618610185,0.6388446898710574,2.7680543563058393,0.7788950138795128,13.486268286051379,0.9460436896848679,564.0
0.22916666666666666,2.095571620328701,3.145002442130115,0.6797075074192321,2.733484564647969,0.7778563144814309,13.527332229788314,0.9398004630956922,564.0
0.23958333333333331,2.1455571251764334,3.206080590841997,0.7172948650542594,2.69567013436876,0.7766986279188826,13.565625502256625,0.9332164493882293,564.0
0.25,2.1868546976813605,3.254406322889306,0.7496996919305484,2.6547140371300473,0.7754165599876642,13.600133233636686,0.9266960147275002,564.0
0.26041666666666663,2.2213193287896686,3.292146619298209,0.776861379441188,2.6104557071308916,0.7739956197674026,13.632208658667137,0.9205212049147489,564.0
0.2708333333333333,2.2326064868499222,3.3013632331159384,0.7951281285780322,2.5561748382013003,0.7721995856485634,13.694326722534054,0.9174409151606243,564.0
0.28125,2.2251257883409563,3.2789339880721435,0.7942397002352406,2.4893234328329172,0.7699028822171761,13.79515014220288,0.9237832329217921,564.0
0.29166666666666663,2.224322075908353,3.253853497754382,0.7785948883676699,2.41809788842711,0.7673486460237692,13.88947850078964,0.934286711397931,564.0
0.3020833333333333,2.192469240584887,3.1857463243449176,0.7508202014777595,2.3207404930921802,0.7636714116640262,14.097545842502921,0.9442281514613572,564.0
0.3125,2.1440011825165,3.0834234001065925,0.6920518917294264,2.2046148347416774,0.7589937038571909,14.404809460426998,0.9761755095927428,564.0
0.32291666666666663,2.121904227065755,2.998274994596782,0.6302975581223125,2.0856826165880156,0.7538588683751636,14.68332513416102,1.0044980599331468,564.0
0.3333333333333333,2.0007907967396523,2.852385683113957,0.5629740999886175,1.9366867042816123,0.7468959908736224,15.184107484021272,1.0287830635024722,564.0
0.34375,1.845917814681308,2.6980634443184113,0.49660641634452357,1.7790318606948463,0.7387755424678988,15.838061991212316,1.3752954493093643,564.0
0.35416666666666663,1.7663610259485112,2.6035583009772667,0.45392478425859883,1.6415505767609269,0.730797652284242,16.33605883319533,1.3193372314532312,564.0
0.3645833333333333,1.519290525248754,2.4495580379579107,0.4224456251741267,1.5147634123395715,0.7217379658069162,17.337403651106243,1.3387483953523167,564.0
0.375,1.2734142675203193,2.2841567551507675,0.3871545303032901,1.472524412029907,0.7147979336112946,18.558744102118148,1.361299675012023,564.0
0.38541666666666663,1.1271200644705828,2.162273801235825,0.35757129500674373,1.5716784821043734,0.7128447228034367,19.303971928857013,1.4023345485109757,564.0
0.3958333333333333,0.9753177617937916,2.0230987011764676,0.32928479986573905,1.863249090372843,0.717672778353515,19.856169028069,1.4450656099538346,564.0
0.40625,0.8714127211532064,1.8958293977098355,0.30109230342236615,2.351293916926375,0.7299838894769455,19.981603901448352,1.777988008117371,564.0
0.41666666666666663,0.7871356171169974,1.7787048638034202,0.27704345802658936,3.0347312788506056,0.7496343518696902,19.918609282355686,1.7463264111724026,564.0
0.4270833333333333,0.7379884378420407,1.6776204628033875,0.2551075500717143,3.8401962739517024,0.7741384056950152,19.5345641236693,1.7254918643207457,564.0
0.4375,0.6955668911495989,1.5770064321291637,0.23566333579449059,4.7444001548881465,0.8023381565002248,19.106947594654578,1.7143758698780527,564.0
0.44791666666666663,0.6502709559288526,1.479989522545203,0.2187660500958257,5.728636646273126,0.833245656695621,18.798557430144598,1.7074956476588188,564.0
0.4583333333333333,0.6383936099567316,1.408738179654785,0.2047541067466404,6.70159765273786,0.8635819430650267,18.385853336296208,1.7010054650485065,564.0
0.46875,0.6317465621154176,1.3470361755686195,0.19325523917094906,7.6442522471529575,0.8924021281067772,17.953689680093447,1.697722962330748,564.0
0.47916666666666663,0.6125911809290921,1.2845756390822203,0.1833906303879619,8.567967397110497,0.9197226353182313,17.662066209672002,1.6968018485262395,564.0
0.4895833333333333,0.6171999272909038,1.2415323832447627,0.1748293140415299,9.355251376989626,0.9419513160459405,17.11389681103644,1.6936622175353513,564.0
0.5,0.6147931757800589,1.1955523412049744,0.16751222804873844,10.057064688379814,0.9606368620261393,16.572247344988803,1.6953353861102505,564.0
0.5104166666666666,0.5993847682884103,1.1446352097028831,0.16086008502860397,10.710452977588135,0.9767506098833032,16.21346688666236,1.7005986046298858,564.0
0.5208333333333333,0.5959978853864485,1.102458784926969,0.1547606789380467,11.27478166531586,0.9893435844187867,15.864085625562405,1.7021005822092246,564.0
0.53125,0.591483422376101,1.063000574849849,0.14954659833596018,11.781920561218953,0.999254191502662,15.629729363440408,1.7083474150751807,564.0
0.5416666666666666,0.5813644724209485,1.0267483427262303,0.14499244360781838,12.23123949046691,1.0065073024171685,15.498369081066482,1.7143783858842843,564.0
0.5520833333333333,0.5816650092116703,0.998635103259681,0.14114460175587631,12.61757755589388,1.0110977879902991,15.432135127569408,1.7176218188784662,564.0
0.5625,0.5847616234827282,0.9773204399767718,0.13805794347170383,12.93802672512981,1.0131418961505305,15.390845675787682,1.7200559150721686,564.0
0.5729166666666666,0.5819406693448628,0.9587782211156692,0.13558428356059885,13.19519234977525,1.0128447586543583,15.376670309183876,1.725380625514347,564.0
0.5833333333333333,0.586333039312075,0.9449307837520462,0.13351216011932593,13.38585198538838,1.0104792994725502,15.348341837595372,1.7268035529127541,564.0
0.59375,0.5906218876431435,0.9338698626391394,0.13188748021544475,13.51493098887351,1.0063505160383026,15.325648539148379,1.7305691605701727,564.0
0.6041666666666666,0.5900793958640175,0.9242070533314029,0.13061611529532202,13.58530632958148,1.0007530038718735,15.31917395763018,1.735034337594717,564.0
0.6145833333333333,0.593338389856116,0.9171860886676619,0.1295633000394631,13.599700585022887,0.994084992184827,15.309732159442394,1.7363548997935687,564.0
0.625,0.5966503795098382,0.912789522599265,0.12884009019793094,13.562681773937886,0.9866578971285456,15.304564310417296,1.7390886301509827,564.0
0.6354166666666666,0.597364278018486,0.9102487629671778,0.12841951670158605,13.478526085636272,0.9787688563767996,15.307714617756563,1.7427324092323264,564.0
0.6458333333333333,0.5978194085630589,0.9088925062008943,0.12825633829164812,13.346417551921647,0.970408140080567,15.393920312399326,1.7508495738074978,564.0
0.65625,0.5990742064973945,0.9116737480694747,0.128467648087445,13.16757901453621,0.961860499142391,15.557396055692605,1.7507552736421579,564.0
0.6666666666666666,0.602331941044158,0.9191464642192673,0.1290460275758458,12.951790454419159,0.9536464103780666,15.699722466205502,1.7409895582704167,564.0
0.6770833333333333,0.6007927030954295,0.9268992739649922,0.13001714665333,12.689309273874152,0.9454955174395068,15.931643984584603,1.7473009972064808,564.0
0.6875,0.5943473607002903,0.9370503977612078,0.13123824668699408,12.392382373144335,0.9379044527888106,16.18063735901747,1.739081035237267,564.0
0.6979166666666666,0.5933459820916773,0.951103738647249,0.13276088954893794,12.075671745124428,0.9311975702662423,16.35819790609765,1.727770585316986,564.0
0.7083333333333333,0.5665912992275947,0.9560060574826071,0.13416968084237207,11.733928724440522,0.9252279004200128,16.56543138457492,1.7281118267039843,564.0
0.71875,0.5384504830976317,0.9588107710880337,0.13540494689519103,11.382568770510506,0.920261288586259,16.790483771664395,1.7217489851157566,564.0
0.7291666666666666,0.5247315504781623,0.9656195640244701,0.13663547808755974,11.043587317075497,0.9165245915644693,16.940916244161876,1.7122572313515498,564.0
0.7395833333333333,0.5060643781455421,0.9660436209979693,0.13777318116638018,10.705573309029104,0.9138879678562298,17.267148923857906,1.7168097901759891,564.0
0.75,0.4964597714014837,0.9697738218398825,0.13874450388217438,10.403143340862274,0.9126898688497345,17.665048317841414,1.7078522639487785,564.0
0.7604166666666666,0.4949689923526546,0.9780689736587956,0.13973772692174824,10.164489147446405,0.9130186290624422,17.923332481545874,1.6965395773671543,564.0
0.7708333333333333,0.49287908415217063,0.9826513692636049,0.1409181437129555,9.990528687297031,0.9150491537000635,18.376051616609654,1.700673585198247,564.0
0.78125,0.5009734496422025,0.9947733170897161,0.14228015245846046,9.91404847878515,0.9189417033544044,18.91482745432815,1.715325170248222,564.0
0.7916666666666666,0.5116978293244311,1.0118678771930718,0.14378871195907666,9.94679684387245,0.9245392265863487,19.204141220793165,1.7333919515680996,564.0
0.8020833333333333,0.5273901645425026,1.029570180676089,0.14582172777039168,10.09425266619296,0.9322964176746253,19.64714249578298,1.760249816102176,564.0
0.8125,0.548240988561505,1.053667117709804,0.14795890975799533,10.342676337337352,0.9418727750955993,19.963446476558868,1.7831336805020905,564.0
0.8229166666666666,0.5640169302640137,1.0762263229438163,0.15008501872612756,10.664744331429048,0.9530886621696826,20.094915837562205,1.801414273079441,564.0
0.8333333333333333,0.5797335876255222,1.096904498321641,0.15214037286332988,11.032786212276516,0.9659137819344477,20.148538505916072,1.8172740249949466,564.0
0.84375,0.5955365595062772,1.1165694589210429,0.1539767235656529,11.4111673009093,0.9800049060824924,20.10256323939829,1.8292221232566035,564.0
0.8541666666666666,0.6059197020785118,1.1315656012227358,0.15551604286797027,11.773501167459472,0.9951771559294734,20.03180875399736,1.839170504275018,564.0
0.8645833333333333,0.6226246119645695,1.148160044352042,0.156654560078834,12.08436496476471,1.0104827118657882,19.753617005512215,1.8422911616848214,564.0
0.875,0.6356551574254681,1.1595799609233466,0.1575039219686321,12.33621990803302,1.0257616630004975,19.429095177125397,1.8430484022729365,564.0
0.8854166666666666,0.6413652328357528,1.1643503029179878,0.15799971323290551,12.525477169963102,1.0409306539277168,19.213065530370155,1.8446063238505777,564.0
0.8958333333333333,0.658568561091391,1.1738261983374298,0.15785050545789459,12.63856909538588,1.0543428376485229,18.67940203863783,1.8356156424692225,564.0
0.90625,0.6694334614329904,1.1744978959547052,0.15730829043527322,12.691220161558638,1.0662736753838353,18.0771433044149,1.823444451585604,564.0
0.9166666666666666,0.6688144096170534,1.1648021223669756,0.15639711460798497,12.692171258039863,1.077215516678442,17.691682158400923,1.8147647906489381,564.0
0.9270833333333333,0.6789601017044061,1.1599600920312552,0.15483089411211048,12.651046699000354,1.0859155928291342,17.091255866836768,1.7957565947572631,564.0
0.9375,0.6814032694223717,1.1473149047517717,0.15315507248688753,12.577901703074856,1.0930310375529408,16.525852280338967,1.775316547906519,564.0
0.9479166666666666,0.675330645923279,1.1282391224435913,0.15133312786295192,12.473487721063782,1.0989209490614384,16.168800430549062,1.7585415473655397,564.0
0.9583333333333333,0.6788154565559097,1.1155234262169746,0.14928879905449477,12.355080360584015,1.1030265272014277,15.702775512730097,1.7333471344204245,564.0
0.96875,0.677172665699547,1.0996084674344377,0.14744197978340304,12.22276077333696,1.1057868241447302,15.284513417775699,1.7068123944113391,564.0
0.9791666666666666,0.6701070448166857,1.0809470838972113,0.14568622718188154,12.072171552329294,1.1073537739874146,15.02079885131608,1.6833357422891702,564.0
0.9895833333333333,0.6698618056453347,1.0685081445583844,0.14390718042033251,11.924136800814242,1.1076724514969798,14.665053364373144,1.6697058314389919,564.0
1.0,0.6653418234726458,1.054193712159376,0.1424155759454191,11.77258443403786,1.1069909386688077,14.348275327253099,1.6761064610744345,564.0
1.0104166666666665,0.6578341279093577,1.038470455256903,0.14106247563050198,11.610555163111373,1.1053078343081915,14.149097887924919,1.6866105698430058,564.0
1.0208333333333333,0.6568669341791514,1.028527001106175,0.13995570307332766,11.447135295591611,1.1027344594509172,13.982665316339817,1.6918782032374815,564.0
1.03125,0.658859662599762,1.0223097331293813,0.13933294767955964,11.274741838045994,1.0991638651730429,13.90254875711135,1.7040379823171197,564.0
1.0416666666666665,0.6614939256534561,1.0199461671215349,0.13904614799788437,11.09486662572061,1.0945817163800937,13.882170895911642,1.7150972545184695,564.0
1.0520833333333333,0.67366961386937,1.0260209107411469,0.1394639755899045,10.906334856167051,1.088911348250171,13.919856227098421,1.7248892349712737,564.0
1.0625,0.6904118669500268,1.0395591159975357,0.14048457706490752,10.715376175811079,1.0823278869654707,13.959362483274926,1.7312427231703915,564.0
1.0729166666666665,0.7055061962606166,1.056692738714208,0.14205642092189275,10.519671764529809,1.0747708458281342,14.008281787676058,1.4269358661462272,564.0
1.0833333333333333,0.7258138687301444,1.0813067803751912,0.144254247626701,10.328446125313034,1.0666661879918988,14.009987709422735,1.4164961983575857,564.0
1.09375,0.747693201079632,1.110558698891911,0.14711721008454853,10.138199144296903,1.0579773809629602,13.996127141335382,1.4051050868064106,564.0
1.1041666666666665,0.769076940947278,1.1423756624983445,0.15048924629335467,9.94535147134605,1.0486303603048874,13.995272140114599,1.3942694577527328,564.0
1.1145833333333333,0.7982020110653831,1.1813342881234132,0.154427796078874,9.759785054203498,1.0392307626621191,13.95602121073651,1.3821807408481144,564.0
1.125,0.8299695287889136,1.2240361325054367,0.15901873532565425,9.576483982341037,1.0296702771221602,13.910926339222723,1.3688678457214467,564.0
1.1354166666666665,0.8608869456456127,1.2683169403158399,0.16411630492257415,9.390552211408835,1.019815793529251,13.886912395358182,1.3561884011224075,564.0
1.1458333333333333,0.899558022412248,1.3192536420993393,0.16970677916415894,9.21463506980652,1.01045978266822,13.82099539941552,1.341050292715479,564.0
1.15625,0.9391379403064691,1.3726779508727573,0.17594810817694728,9.043827528323606,1.0014428120855285,13.743372874083079,1.323544669196127,564.0
1.1666666666666665,0.9770619404383948,1.4262495060899956,0.18275110745585185,8.86981543462593,0.9924104857689837,13.694407214837945,1.3067625437177122,564.0
1.1770833333333333,1.021181793738533,1.4857243774548918,0.18994972391283718,8.70806474454115,0.9842167229773247,13.610179498097816,1.286773868529761,564.0
1.1875,1.0649976876095266,1.546824133529036,0.19795304753678117,8.549586203666061,0.9764221192768502,13.534887829797956,1.2661300422025532,564.0
1.1979166666666665,1.1087399784724254,1.608475777186363,0.206592179582221,8.38798223179614,0.9687429299437141,13.491968195113746,1.2707584895824187,564.0
1.2083333333333333,1.1571826707604371,1.6760099749064368,0.21582130352421858,8.23454255889076,0.9617207048039447,13.441275083656183,1.2732938680533723,564.0
1.21875,1.2076845386385802,1.7469825144999238,0.22610214511536078,8.083404298630613,0.9550668662801283,13.404060457750916,1.2777967677589464,564.0
1.2291666666666665,1.2604975096973996,1.8200346073721068,0.23734293618799687,7.929564781531374,0.9485608247737609,13.392762612594286,1.2844760009638188,564.0
1.2395833333333333,1.3175082141934844,1.8987687248624951,0.24944816947572374,7.782732706958833,0.9425945119054508,13.377320651777481,1.2873951173729723,564.0
1.25,1.3766331088004364,1.9803736959368017,0.26290669754934615,7.637828727538563,0.9369276608772211,13.3715568605163,1.2930948943457787,564.0
1.2604166666666665,1.438022047119168,2.0632176333238914,0.2775977180823775,7.490767637420671,0.9313853948594473,13.383107651532912,1.3013620323223491,564.0
1.2708333333333333,1.4971902454858985,2.146358344223915,0.2934338230589402,7.341170854454422,0.92594432071045,13.409270144757702,1.3085832957745618,564.0
1.28125,1.5536319834913555,2.2260922475807496,0.3102020765449313,7.184199244421079,0.9204244932183416,13.456530954682012,1.3164187456601417,564.0
1.2916666666666665,1.6140466632518014,2.3036969182954534,0.3271570595798783,7.025137379113906,0.9150016569022206,13.508563302047856,1.32027426337634,564.0
1.3020833333333333,1.6543737552522084,2.367006467965729,0.344144545292593,6.848129898527766,0.90913308594447,13.595393331371032,1.3328556550133088,564.0
1.3125,1.6671044021246044,2.406722923649577,0.3577901461572884,6.6509059773504315,0.9027522128421558,13.719266750583326,1.3409441456232112,564.0
1.3229166666666665,1.693143799956468,2.4380603351406003,0.36708067810116124,6.451468817933618,0.8964154966283816,13.834280275340051,1.3284198841263002,564.0
1.3333333333333333,1.5924490855202773,2.409600873469085,0.37022550354167594,6.203755493386696,0.8886297025397376,14.05690052698841,1.3546559403991867,564.0
1.34375,1.438430822572376,2.3420084728963455,0.36321853973530843,5.921191673621098,0.8797612673988062,14.380021383649783,1.3461836065851234,564.0
1.3541666666666665,1.3528837255518822,2.2913023646777897,0.353329107778891,5.640928291628316,0.870882912759443,14.67044286705573,1.3126266318464284,564.0
1.3645833333333333,1.0984703470287487,2.150526710344909,0.33911422926518875,5.249337616971389,0.8582017665260738,15.46953379640966,1.3593986286673752,564.0
1.375,0.8698583979254066,1.9857456468734342,0.31450215572545204,4.835569201498702,0.8442853824102432,16.716300219772577,1.348453151909288,564.0
1.3854166666666665,0.7481260473894682,1.8631914158554614,0.29107391426059664,4.5050990281179875,0.8325696591594435,17.684047293246003,1.3762275986068215,564.0
1.3958333333333333,0.615280727315058,1.7072645593198141,0.26733628035189083,4.273928749041051,0.8234864040422064,18.767617843226308,1.4239320418476198,564.0
1.40625,0.5329893293814045,1.5697649905371878,0.24341335778165393,4.242379125771315,0.8204965203989744,19.567983497762736,1.8009790348776042,564.0
1.4166666666666665,0.4765675535433392,1.453502592021814,0.2233028741603354,4.436756389806645,0.8244018300314627,19.896913210530727,1.7505208804714647,564.0
1.4270833333333333,0.44215357052232945,1.3501459641970286,0.2056957786305654,4.85412547267473,0.8347903711274388,19.920283093242954,1.7246880017910782,564.0
1.4375,0.4238144217327842,1.264536869034158,0.19068462830662025,5.453040410050499,0.8499479194041568,19.72012477214634,1.7077190446826722,564.0
1.4479166666666665,0.40488937231467137,1.1864651862531295,0.1781205760811925,6.2020056081231605,0.8682587811075811,19.51076275868574,1.7007591295365112,564.0
1.4583333333333333,0.41065135365158895,1.1387866602950143,0.1682643767514531,6.995531361793426,0.8864234080674697,19.04191758838339,1.7002198864420581,564.0
1.46875,0.418294925954885,1.0968621900483735,0.1603357705885288,7.810752786903962,0.9034484258845756,18.547717561818086,1.7014949378469668,564.0
1.4791666666666665,0.41568332086449244,1.051466413939487,0.1534322567802642,8.640593878455272,0.9187942435110615,18.20557215767623,1.7058320300732497,564.0
1.4895833333333333,0.43185263237079574,1.0235236419223597,0.14777407206992402,9.416423044392783,0.931078395385545,17.82011995724579,1.704779423068131,564.0
1.5,0.4486907380359404,0.9991939153156559,0.14314770834246285,10.140264542292835,0.940499034831592,17.48721582056663,1.7029837148931353,564.0
1.5104166666666665,0.4533977785458816,0.9719353023065961,0.13907835375212654,10.811101676474355,0.9472005852938481,17.270084047111666,1.70291640387322,564.0
1.5208333333333333,0.4735827903905619,0.9557991877523916,0.13561201948532936,11.382738724756775,0.9510661353169646,16.969803882465143,1.6968358826537318,564.0
1.53125,0.49153048993009313,0.9398517915142933,0.13266592068103802,11.869832752083173,0.9526539650288641,16.675201959929,1.6891891974062454,564.0
1.5416666666666665,0.4963210869334699,0.9198736525029396,0.12998820219123244,12.284018957406131,0.9522842772552951,16.47993442415929,1.6836309184465563,564.0
1.5520833333333333,0.511229064840234,0.9053453349138044,0.12748047089573214,12.603230741955558,0.9503111873431096,16.219125957228677,1.6771464909993488,564.0
1.5625,0.522391664106856,0.8901665184897395,0.1252212810796863,12.841395645157982,0.947100981158282,15.94239276877168,1.6786026220052015,564.0
1.5729166666666665,0.522729037559656,0.8719866270915242,0.12314966605128384,13.01261414236125,0.9427459196344607,15.757928689376696,1.6822336229564818,564.0
1.5833333333333333,0.5283080211642048,0.8569727524464762,0.1210506567574009,13.11101875938464,0.9378758098703023,15.474818146142189,1.682209738704949,564.0
1.59375,0.529043459104614,0.840278829566117,0.11914102419431298,13.154298342136046,0.9324939676319876,15.209499274463392,1.6855377030638423,564.0
1.6041666666666665,0.5239774835311682,0.8225832652784214,0.11737655360711474,13.149103329017825,0.9265130121500574,15.034527412307554,1.6915277683552619,564.0
1.6145833333333333,0.5218769600724287,0.8072719308779952,0.11562528813218263,13.102141962674859,0.9204001449874573,14.840465847100393,1.6933216775378919,564.0
1.625,0.5180345269779241,0.7927029382626568,0.11408346206298252,13.019576818667911,0.914044347618188,14.67761182831554,1.6984141430177517,564.0
1.6354166666666665,0.5121670815162085,0.7792589644522795,0.11275008534080114,12.903139046893624,0.9073238692998556,14.578227100655539,1.7063568335531372,564.0
1.6458333333333333,0.5059272690829651,0.767528848721087,0.11147267509542472,12.763877473873416,0.9006417580982398,14.459565571511778,1.709446576523607,564.0
1.65625,0.49663098255437516,0.7562419212663786,0.11037661843246803,12.603364391077946,0.8938567751293233,14.355500960962651,1.7165237965298692,564.0
1.6666666666666665,0.48819053731706835,0.7463040439286093,0.10946879613102628,12.420417986312584,0.8868126576553452,14.29496531570719,1.727220843024666,564.0
1.6770833333333333,0.475215999492959,0.7363381263145917,0.1085750511907837,12.22455538953033,0.8797817319474329,14.231565572881847,1.732822819588765,564.0
1.6875,0.4575260373408559,0.7253217197786688,0.10777765134555037,12.008571516662496,0.8724340273205213,14.217853791287986,1.4297859591370725,564.0
1.6979166666666665,0.4452120004674663,0.716578951021218,0.10709156131584306,11.777273604811574,0.8648896884693899,14.230817910433785,1.4236769106651124,564.0
1.7083333333333333,0.42027593614361974,0.703860725053269,0.10634615797013433,11.52033188963471,0.8567822252533439,14.32255215095114,1.4202402687893756,564.0
1.71875,0.39476482847249633,0.6905659083876398,0.1055655727245649,11.238930683326966,0.848128316503098,14.486004389679962,1.4216023117426722,564.0
1.7291666666666665,0.37968832143001924,0.681428027547774,0.10488592264825168,10.95005446656872,0.8393992692153265,14.641476997518735,1.4245825781580805,564.0
1.7395833333333333,0.3582037553425196,0.6685092679919732,0.10434859514538201,10.597604366187698,0.8288417872751568,15.08416415271452,1.4340633655003312,564.0
1.75,0.34609047020876665,0.6625408469080645,0.10401684280630874,10.22175656188696,0.8175266273806865,15.73327051643515,1.7792031675417008,564.0
1.7604166666666665,0.3433221023589822,0.6647861095289319,0.10405902248614521,9.874132265757874,0.806795509155043,16.27938849135702,1.7370611466820798,564.0
1.7708333333333333,0.34010098242562914,0.6666851604466113,0.10452166592133563,9.534052576159398,0.7957036923523694,16.958108778762217,1.7426237338684571,564.0
1.78125,0.34517900742534874,0.6756691904561051,0.10528129606358688,9.263539457519684,0.7858794521004031,17.61477317044257,1.721097982468189,564.0
1.7916666666666665,0.3522766770600985,0.6882403541462627,0.10628042168441844,9.095420431149838,0.7783371489661964,18.020951633580214,1.7013873899447518,564.0
1.8020833333333333,0.36188477585925594,0.7007304372709875,0.10751780786239414,9.034695597808865,0.773182504896536,18.40253376780724,1.7112616770040727,564.0
1.8125,0.37541283827816563,0.7163776568722776,0.10876779973322617,9.09087826573919,0.7711957328579745,18.592316482101268,1.7308375883997038,564.0
1.8229166666666665,0.3851645329141591,0.7299296504213904,0.10996805562712675,9.250055060639665,0.772347345230858,18.645232217400572,1.750081703802498,564.0
1.8333333333333333,0.39744743538087546,0.7428050037951578,0.11096816561562436,9.486078802279108,0.7762738880381165,18.514166463924518,1.763258832526012,564.0
1.84375,0.40836236090932243,0.7522954970423975,0.11171509401739621,9.775929123615908,0.7824494793835431,18.288735793512117,1.77228172735138,564.0
1.8541666666666665,0.41406074223653827,0.7568928440742971,0.1121809716274517,10.106683374093105,0.7905033834185566,18.104028007144326,1.7808898165430314,564.0
1.8645833333333333,0.42651555746875053,0.7627626642426641,0.11234384452751685,10.440502388778917,0.7993492948444982,17.757133787612,1.7807893498145722,564.0
1.875,0.43636563726573413,0.7644218033843055,0.11227721610756719,10.773377298086798,0.8086794607056129,17.392384739780287,1.7781713717327818,564.0
1.8854166666666665,0.43985024449628785,0.7612223473926488,0.11196485572421346,11.106934919404392,0.8183963512131254,17.139154281671665,1.7771758014429233,564.0
1.8958333333333333,0.4497678522897248,0.7600717676684718,0.11143641057428628,11.41053688195308,0.8274674154234365,16.775844967018998,1.7685706465217903,564.0
1.90625,0.4567023146233879,0.7558246246931799,0.11080716105341938,11.69197448027408,0.8360055743355858,16.42657943771835,1.758520410723637,564.0
1.9166666666666665,0.4577888127176124,0.7481541615610945,0.11005060474708159,11.958130330010839,0.84414543315782,16.192646803463838,1.7508227024782292,564.0
1.9270833333333333,0.4640071786473948,0.7429432138014587,0.10922425965057563,12.19009720722609,0.851257193832568,15.90662697778774,1.7377236719464686,564.0
1.9375,0.4692644319960959,0.7368667976145513,0.10845196833819526,12.39735086911438,0.8576015136449515,15.665166903383572,1.7247630305255996,564.0
1.9479166666666665,0.4703245012135399,0.7294727917263765,0.10767061865591672,12.582759312038135,0.8632528622979774,15.511383248569686,1.7138791818045747,564.0
1.9583333333333333,0.4788972590821302,0.7258795372337983,0.107017274806093,12.738544713984302,0.8679756572445083,15.358910543399803,1.7008522319920443,564.0
1.96875,0.48776267105842014,0.7234356787128631,0.10651849366998398,12.867261769704292,0.8718624707985426,15.233042242088194,1.6878606754278718,564.0
1.9791666666666665,0.49215540678933056,0.7205516706587342,0.10610201405121224,12.970068068618042,0.874973215619761,15.159616215071814,1.6765334070756615,564.0
1.9895833333333333,0.5003520945651647,0.7205725865619341,0.10581397708046038,13.042468937356352,0.8772039785529526,15.039936479378788,1.6761521902576257,564.0
2.0,0.506956963710392,0.7208190131850932,0.10566547221568694,13.088524816124355,0.8787114561847318,14.92424191213842,1.6791354477366855,564.0
2.0104166666666665,0.5102043187111301,0.7204841185333277,0.10557750630153134,13.10982130129,0.8795825560211586,14.85262841052169,1.6836421700592434,564.0
2.020833333333333,0.5162378649157126,0.7225246799183048,0.10553811599862228,13.107527621988725,0.8798546182588088,14.699249848276747,1.684445107207088,564.0
2.03125,0.5202240774274526,0.7239344770400608,0.10557409965295018,13.086314983586457,0.8796771549977782,14.517650207788417,1.6882562065201243,564.0
2.0416666666666665,0.5214195786689636,0.7239749115446026,0.10564447348189374,13.046920884464203,0.8791065297332434,14.39248211913032,1.6955238923309612,564.0
2.052083333333333,0.5248197097475159,0.7259792055385574,0.10568843064633159,12.996780282445092,0.8782863060666375,14.196385974786375,1.6982073705510499,564.0
2.0625,0.5265897625550411,0.7273383253982358,0.10582703366822466,12.936647613413108,0.877254365719909,14.011212042373279,1.7063489322003789,564.0
2.0729166666666665,0.5271894845565431,0.7280967173016542,0.10601075948019831,12.864365909925228,0.8759809016896984,13.88978791493037,1.7198195280694677,564.0
2.083333333333333,0.5304677302792241,0.7315810970387175,0.1062398304313294,12.789508911630596,0.8746387755981618,13.739824754864433,1.728188938964739,564.0
2.09375,0.5334582681785698,0.7358109292089025,0.10664522490358631,12.709358740978006,0.8731818183444066,13.616598194702544,1.4117055945173407,564.0
2.1041666666666665,0.5363898890812194,0.7406710060070244,0.10717627756025978,12.620820499482445,0.8715511491125083,13.545459406365078,1.3943101052757085,564.0
2.114583333333333,0.5424840999684346,0.7489088128470107,0.10789595045423377,12.529252583668685,0.8698421626423034,13.488094416230622,1.377019885115204,564.0
2.125,0.5502142309507077,0.7597498612241319,0.10888339039781852,12.432285962742016,0.8680078192406826,13.459573491231053,1.3587850340676484,564.0
2.1354166666666665,0.558796909936129,0.7727561527477549,0.11010283803886728,12.328521250167338,0.8660173132323524,13.46145565918883,1.34152947507081,564.0
2.145833333333333,0.5705152450809505,0.7898145612147036,0.11162474919927547,12.222484938286684,0.8639547689894921,13.46890043539174,1.3244377929985525,564.0
2.15625,0.5838008892145966,0.8099945928884753,0.11347906600955261,12.112964729681716,0.8617959841204724,13.486320215037077,1.3061671549000937,564.0
2.1666666666666665,0.5980209860660384,0.8325670127288064,0.11563073781171179,11.998090987404279,0.8595032552249967,13.518640796483497,1.2884118600662544,564.0
2.177083333333333,0.6147249071581368,0.8591543430797762,0.11812207677806852,11.882624250411222,0.8571729134057545,13.547903197884661,1.270841162570161,564.0
2.1875,0.6328457848859367,0.8889252545205334,0.12098134449450496,11.765499345429454,0.8547871124031334,13.578995204764775,1.2689527442960615,564.0
2.1979166666666665,0.6524830695657824,0.9212917636804233,0.12418702669261245,11.644543653342888,0.8523054781893401,13.618608847723552,1.2740298039208087,564.0
2.208333333333333,0.6740153051802424,0.9577948613595606,0.12776479950582253,11.52559439129517,0.8498535184931114,13.650098759638817,1.2762132080483781,564.0
2.21875,0.6973231802929247,0.9977295864613173,0.13180118661590276,11.405229895856108,0.8473677673494796,13.684792314766868,1.2805070253128705,564.0
2.2291666666666665,0.7236490080146134,1.0410828082981938,0.13627170825561882,11.282412796756367,0.844834602065034,13.725325092421935,1.2851439369423938,564.0
2.239583333333333,0.7537621607347135,1.0895482546526098,0.14136866175957222,11.153520936023508,0.8421894575136949,13.779399779220517,1.2905522401296152,564.0
2.25,0.7894501825146676,1.1442946038300155,0.14713813313345464,11.019530393824475,0.8394660996866752,13.842078342386433,1.2938879806123393,564.0
2.2604166666666665,0.8301798310917132,1.2049412854399644,0.15358642886812543,10.883803377632034,0.8367486938070638,13.902708106425548,1.2944984879449428,564.0
2.270833333333333,0.8729981642514029,1.2709627842027464,0.16124515028460282,10.726091584285557,0.8336630229030976,14.008045040592915,1.3089582958776278,564.0
2.28125,0.9213693663497546,1.3453265766667448,0.1700090328931692,10.5482650852899,0.8303055385325872,14.156091950818483,1.3113791455845139,564.0
2.2916666666666665,0.9798971189413744,1.4293231156641135,0.1796906364930821,10.368846761870543,0.8270828507347701,14.29083035747134,1.2971693943906422,564.0
2.302083333333333,1.0274542523282775,1.5150369522707425,0.19151808795061456,10.14854423871653,0.8234020690737589,14.530595674510597,1.3144139251600944,564.0
2.3125,1.0587768882150235,1.6027172232928368,0.204203058487734,9.907071963347397,0.8197791956791259,14.829068090160558,1.3055501272504446,564.0
2.3229166666666665,1.1072281612793313,1.6970370837255595,0.21769743075950376,9.66546970454596,0.8166439984927328,15.076609655992959,1.2870861868535375,564.0
2.333333333333333,1.0528215815454152,1.758675307115178,0.2318092196885,9.386469648546903,0.8136977031059407,15.43792227471274,1.30053514751915,564.0
2.34375,0.9696003317354387,1.8010348211396947,0.24429734470998987,9.089231655053286,0.8114375168860123,15.871717929594306,1.3286603994321802,564.0
2.3541666666666665,0.9386138676409286,1.85062834531384,0.2556921719099121,8.806773897515745,0.8102701702051492,16.19417965539108,1.357070983975143,564.0
2.364583333333333,0.8021183367510613,1.8268745944807783,0.26337156006742496,8.486662156660552,0.8105508049692601,16.94291183457604,1.395565722153464,564.0
2.375,0.677503767751491,1.7663920667798512,0.26156880044444164,8.210975602263854,0.8135392259450541,17.997869711838845,1.4567045626283777,564.0
2.3854166666666665,0.6115308626151571,1.7136242552870364,0.2552589374786197,8.054916459438216,0.8198953121354543,18.72877552823939,1.7578689366019185,564.0
2.395833333333333,0.5310555429148933,1.616836487706477,0.24397479000584188,8.0627819775614,0.8315151136398828,19.411688183272222,1.739134826385163,564.0
2.40625,0.4851413350841759,1.5226932412668466,0.22922358101805565,8.296329007412478,0.8487251882432786,19.87347387101434,1.720574217646584,564.0
2.4166666666666665,0.4551734275514039,1.43980379227201,0.21515520823565587,8.764607479597698,0.8712103513763643,20.028026811621224,1.7409762966039248,564.0
2.427083333333333,0.4427960552592051,1.3641941808715379,0.20193049286706566,9.45594252136157,0.8983990563674901,20.033089704123096,1.7680312191791394,564.0
2.4375,0.4402514915303553,1.3005019513354017,0.18995833503578075,10.301754850913596,0.9278258136865428,19.82681661357393,1.7881671890852318,564.0
2.4479166666666665,0.4309089972314772,1.2367085750642204,0.17947849951337128,11.267427654741374,0.9584340953418158,19.620834243421054,1.806459430838353,564.0
2.458333333333333,0.43917640273723724,1.1942659617008167,0.17064418767733003,12.224701363027595,0.9863586425960229,19.139436762041772,1.8122082229668406,564.0
2.46875,0.4453223408269824,1.15155058715091,0.1630592072170686,13.156910944729356,1.0114039192418787,18.625021252005393,1.814245391728626,564.0
2.4791666666666665,0.440933020923251,1.1034470052353689,0.15618619610580078,14.064497966852601,1.0336540795892464,18.274503794476058,1.8180013071609966,564.0
2.489583333333333,0.453875675026307,1.0717166737055743,0.15021249104181797,14.85737667373489,1.051145609702122,17.796538926987196,1.8130562658233962,564.0
2.5,0.4645460065981721,1.0397702143906404,0.1450635648975684,15.559641215385833,1.0648242876015865,17.354973972951292,1.8069391978628446,564.0
2.5104166666666665,0.463913967759508,1.0037649498111985,0.14037612624316537,16.187825481034658,1.0752275990807314,17.067138221829527,1.8034528137331742,564.0
2.520833333333333,0.4766558057515188,0.9786768663353724,0.1361274090187203,16.69028758400691,1.0818659935431185,16.655992663190826,1.7917411222737862,564.0
2.53125,0.48455865984715096,0.951736853027393,0.13234991862787193,17.100566646447724,1.0856818301624263,16.2576034999268,1.7785526810025027,564.0
2.5416666666666665,0.4818041961259659,0.9210003576953302,0.1288503330341295,17.44223576764737,1.0871343874859087,15.995385901875839,1.7684956647363257,564.0
2.552083333333333,0.4860106241258461,0.8956545335727749,0.12550451591334247,17.697618371409593,1.0864557166988038,15.684318320608035,1.7528384037477842,564.0
2.5625,0.48596024835835905,0.8694442059780821,0.12254418987095844,17.89395681282154,1.083924610473251,15.475004149913012,1.7400056290741066,564.0
2.5729166666666665,0.481553559243503,0.8447768476066653,0.1198668429216088,18.033568518157075,1.079628363105891,15.3550146444854,1.7292016596908568,564.0
2.583333333333333,0.4822121684375951,0.8246090281804759,0.11755772648730894,18.119699045424582,1.0735348088964118,15.337106043507383,1.721853727428099,564.0
2.59375,0.4854772796974187,0.8102584843300392,0.11571238746143821,18.152382659605106,1.0657825450369043,15.365427448754945,1.715885462725598,564.0
2.6041666666666665,0.48584388940797624,0.7992023635869538,0.11429565644788808,18.135025470494575,1.0565228529653263,15.409833350342703,1.7108195161041237,564.0
2.614583333333333,0.49126016960430247,0.7916550865198321,0.11312815611464822,18.074427437752774,1.0462263861382033,15.40178622996869,1.703597785118088,564.0
2.625,0.49602604303081943,0.7853061350502012,0.11221858190152323,17.97707139839043,1.0350069984343138,15.37203737672553,1.696141477200197,564.0
2.6354166666666665,0.4970669402341641,0.7792479043615902,0.11150619320161738,17.847250934187898,1.022931537939035,15.355455618830936,1.6898432849958478,564.0
2.645833333333333,0.49822473810525403,0.7738471520030319,0.1109776533304324,17.68133429820478,1.009561389263937,15.4506131744972,1.6898632307350934,564.0
2.65625,0.5005287784855477,0.7725266971164019,0.110773090754529,17.479972247077516,0.9950011947023817,15.658576329968733,1.6957126733581387,564.0
2.6666666666666665,0.5045841243120572,0.7763200874715528,0.11089126135323919,17.257664195247106,0.9802521721078187,15.838239556431526,1.7004631118921356,564.0
2.677083333333333,0.5061549631482986,0.7818517544429674,0.11147836572096084,16.999011278699857,0.964314590767015,16.176610008383367,1.7151649867048477,564.0
2.6875,0.5062128977572806,0.7919458926872345,0.11234694322753516,16.726774571751292,0.9486202607282743,16.485270542108342,1.7289850394502113,564.0
2.6979166666666665,0.5088076413341823,0.8053638701070666,0.1135443165114966,16.45338923115519,0.9337556851113904,16.691488380276862,1.7404062941037677,564.0
2.708333333333333,0.4934950275609885,0.8127569530866013,0.11467564738678047,16.18315421160246,0.9197885864498736,16.852409042142927,1.752194615112476,564.0
2.71875,0.4761447178144456,0.817822174231228,0.11566757804114118,15.929998272613702,0.9072291229399264,16.94365479841928,1.7620737072062815,564.0
2.7291666666666665,0.46701750673074255,0.8237973224674815,0.11662724673979022,15.703678032930517,0.8962921258561777,16.983118154161502,1.770476701698019,564.0
2.739583333333333,0.45491428922198895,0.8251888795448021,0.11715305051942657,15.51851780774174,0.8873651083690478,16.912183925239532,1.7743753560594502,564.0
2.75,0.4429321651799831,0.821705482124897,0.11727798391475992,15.378838758001754,0.8803490802644014,16.79146706801511,1.7762459566129125,564.0
2.7604166666666665,0.4345512148771371,0.8162143917020657,0.11713788729913453,15.288971103326785,0.8751370054878772,16.694223670326892,1.7784377122971566,564.0
2.770833333333333,0.4239067605017777,0.8065669258767346,0.11671445837713187,15.25546311132807,0.871614907992085,16.745443582207983,1.7858355113363795,564.0
2.78125,0.4177640272213657,0.7987184893708914,0.1162446976777039,15.292196209793449,0.8699237905893605,16.944172942834168,1.7977269137146257,564.0
2.7916666666666665,0.4165290427326904,0.7956269443727034,0.11584751049105181,15.4051665524187,0.8700699427044577,17.104149837627805,1.8072451196713126,564.0
2.802083333333333,0.4173094547384307,0.7935744578650743,0.11574540264829293,15.609261166273104,0.8719252186542678,17.429870304390082,1.8241111520957904,564.0
2.8125,0.4227094996148303,0.7969846867969055,0.11575804811696465,15.891754294683665,0.875113854667448,17.65079095334513,1.8365542291656822,564.0
2.8229166666666665,0.4262265280904208,0.8004106577834144,0.11589979723265674,16.2429026674535,0.8792411773158338,17.76762130143051,1.8468563329566463,564.0
2.833333333333333,0.42788441033928054,0.8022259667861056,0.11591898009305619,16.640738041083686,0.8838652194462747,17.740114854264693,1.8530274348109366,564.0
2.84375,0.42719820816397225,0.8009344534341659,0.1157895068585931,17.073854133323188,0.8887637704256866,17.658805253721308,2.0820584331080023,564.0
2.8541666666666665,0.4256907425208193,0.7976570816709575,0.11551222982623024,17.531339197757905,0.8937859229987719,17.58588227314895,2.0794303370133114,564.0
2.864583333333333,0.42582583355092646,0.7946501089941896,0.11513729245853935,17.994300924227332,0.8987334611818889,17.48960760035608,2.0771284403490466,564.0
2.875,0.426395207637928,0.7914989382202885,0.11473514259401946,18.453729001329574,0.9035323159953823,17.39248324655874,2.0755255615896404,564.0
2.8854166666666665,0.42589396855930833,0.7875558583438278,0.11429658985423749,18.903977970869008,0.908141867292972,17.32306600225916,2.0743418399062175,564.0
2.895833333333333,0.43092791214996634,0.7864196722409247,0.11380112622932156,19.31550379338404,0.9122813091499851,17.107567177116497,2.0729584100360334,564.0
2.90625,0.43504247209913754,0.7831454975374565,0.11323030881513389,19.692751865280552,0.9160188439545789,16.825264865123405,2.073341876272949,564.0
2.9166666666666665,0.4344873893936174,0.7759103971277829,0.11254070994559,20.050119676759724,0.9195098629621609,16.625881063766965,2.07504863407882,564.0
2.927083333333333,0.43934105067415913,0.7710255844659243,0.11172145217122344,20.363691682453215,0.9225291554556533,16.324934509032754,2.0762772616674035,564.0
2.9375,0.44174054497778836,0.7637344352891613,0.11093245282501701,20.655625435705357,0.9252906144019429,16.099131044661018,1.8373350676998845,564.0
2.9479166666666665,0.44156216125309844,0.7555581055912418,0.11009550282255198,20.927542607384616,0.9277918635119002,15.959823529965755,1.8311607373029557,564.0
2.958333333333333,0.44721153118319423,0.7516322578882455,0.10949464858635236,21.179486533129857,0.9300004378310379,15.894513083810278,1.8264231447408792,564.0
2.96875,0.4552872262765952,0.7513089275967882,0.10915839771243191,21.410522086296194,0.9318633278646886,15.879486037207814,1.8227842185047496,564.0
2.9791666666666665,0.46068508701143035,0.7520949139766779,0.10899082211825147,21.61879331453206,0.9333173976679462,15.887824797371634,1.8197201913862244,564.0
2.989583333333333,0.4742766107212151,0.7580938646452989,0.10920415337959213,21.803947756858285,0.9343144712403529,15.921999299577463,1.8178366788005684,564.0
3.0,0.4910026086111534,0.7676767369631038,0.10972256840563475,21.963344229402725,0.9348017523337058,15.969857610627411,1.816719977874534,564.0
3.0104166666666665,0.5034756451929835,0.7776967577372901,0.11039356280541313,22.09350939453859,0.9347486245527448,16.01182920273515,1.815690190379983,564.0
3.020833333333333,0.5232655574765143,0.7919692433322402,0.11128319023953041,22.188315752459626,0.9341889055615552,15.948501408234216,1.8104479900175807,564.0
3.03125,0.5416303516885477,0.8060810845687646,0.11227038531922429,22.249084874463033,0.9331981749934064,15.804686407319013,1.8023813147960113,564.0
3.0416666666666665,0.5533856849520651,0.8174385160353242,0.11328201599251343,22.277706734549295,0.9317872608474268,15.694541345158813,1.7960082493594502,564.0
3.052083333333333,0.5696741076603694,0.83108266797538,0.11424014554967146,22.273595091864063,0.9301415137082202,15.464136559931202,1.7823911978296547,564.0
3.0625,0.582930862336942,0.8429356139831478,0.11522832468906136,22.241118701047697,0.9282872186956638,15.207540364637405,1.766590810101969,564.0
3.0729166666666665,0.5913547928523881,0.8522706787345806,0.11621051797921182,22.179559634230255,0.9261586500429219,15.027556163910434,1.753169046322545,564.0
3.083333333333333,0.6036737647106714,0.8645011596908178,0.11711860921498532,22.098887849543313,0.9240192527393881,14.759693207138808,1.7314893475757784,564.0
3.09375,0.61358709802365,0.8758831021667575,0.11818092582147759,21.998896405009436,0.9217672324359865,14.516218197649849,1.7088202642334784,564.0
3.1041666666666665,0.6212303963235412,0.8864958750588495,0.11932253585386281,21.876312984596098,0.9193020789287694,14.353618112053447,1.6883505615362207,564.0
3.114583333333333,0.6331504795803917,0.9014274853608579,0.12066541656315846,21.737499145929217,0.9167238206251968,14.214058580597158,1.6709034532268467,564.0
3.125,0.6468350668494194,0.9198274677443066,0.12235825176577331,21.580381957232902,0.9139608044299208,14.120186304471689,1.6757459492913318,564.0
3.1354166666666665,0.6610407666613357,0.9410162978353097,0.12435791441744094,21.403679529805064,0.9109669462904905,14.07426194274939,1.6821480369741582,564.0
3.145833333333333,0.6812021514700662,0.9685186884595157,0.12684019477665676,21.21160828234212,0.9077909224308888,14.048528707787098,1.6859365702684446,564.0
3.15625,0.7058999327323274,1.0016149958682559,0.12987650004129225,21.002864269336623,0.904392110129514,14.04716259062702,1.690625755506641,564.0
3.1666666666666665,0.7318158321355109,1.0388665964279373,0.13340590395315494,20.777657498716653,0.900762798219172,14.064855699236071,1.6965037747136749,564.0
3.177083333333333,0.7657638512510322,1.0837047004457971,0.1376425950218552,20.538784425635086,0.8969452631382409,14.089722741214992,1.7008513607440334,564.0
3.1875,0.8034396150331383,1.1347763905129393,0.1425546063328968,20.291034399652986,0.8930222418932954,14.10525243399077,1.7045736248084002,564.0
3.1979166666666665,0.8419201182206517,1.189893032927655,0.14816648806540536,20.031025851487108,0.8889569066456599,14.126965133253023,1.7112176443016274,564.0
3.208333333333333,0.8835084900560272,1.2510990863072797,0.1544511101190986,19.77250501301216,0.884986660577257,14.114217134064448,1.7148357800514802,564.0
3.21875,0.9261825951217135,1.315847368069163,0.16152760660677284,19.51155002853099,0.8810756374700702,14.090878488292397,1.7215962261392663,564.0
3.2291666666666665,0.9713197445249661,1.3832327072994275,0.16936286421726543,19.24315247162756,0.8771819094083619,14.07983567923379,1.7311576120896937,564.0
3.239583333333333,1.0179265753637985,1.454898992192338,0.17776885823127092,18.985937611304774,0.8735997018990018,14.034508845289704,1.4320985571400497,564.0
3.25,1.0645298706663446,1.5276304131308607,0.1869644060264357,18.73284840331588,0.8702419974896832,13.984504062397777,1.4197525979153212,564.0
3.2604166666666665,1.1146833144396764,1.6010266213110398,0.19690321156718013,18.476121648158248,0.8670277658963403,13.955032903680006,1.408202866884373,564.0
3.270833333333333,1.1630837042311175,1.6757491053615035,0.2079387974156899,18.200431168088063,0.8638135404189378,13.984457470274906,1.39996045310087,564.0
3.28125,1.2161585340319552,1.7551902723771446,0.22030249786920278,17.896518660438968,0.8605781437284589,14.09521802754852,1.3987964953168552,564.0
3.2916666666666665,1.2831150964829596,1.843473263510914,0.23354529125550455,17.591123335972288,0.8576705853029434,14.214410468939787,1.4006768506459724,564.0
3.302083333333333,1.3363011614314102,1.931695723122845,0.2498835380214892,17.22830872046488,0.8546800144084374,14.483685970686134,1.405844188951874,564.0
3.3125,1.3672705956984181,2.0206797389346716,0.2674843939962502,16.832221618581276,0.852001295665825,14.861316969842253,1.4248284808779306,564.0
3.3229166666666665,1.4228124610149004,2.1192092030131473,0.28615736069179726,16.442344587763877,0.8499744228011336,15.19695699098229,1.4415857768921856,564.0
3.333333333333333,1.336393085730822,2.1725538024676716,0.3064216990235231,15.991662576361303,0.8484293911771343,15.726461244880715,1.7849659490554475,564.0
3.34375,1.216920478991779,2.204996267197734,0.32355696227095615,15.52993574408237,0.8478808866006398,16.361314189923082,1.7552140584384917,564.0
3.3541666666666665,1.1678482497928084,2.24877844011751,0.33899032931357365,15.109524716685897,0.8486431897413486,16.8348951236573,1.7210828861694145,564.0
3.364583333333333,0.9870653780706241,2.2045754315577035,0.34615887937123846,14.69407878417935,0.8515129320629408,17.51657909171099,1.7268224621902863,564.0
3.375,0.8106207831901225,2.1089191708219195,0.33708818701243787,14.37264924342107,0.8574792677305977,18.277875435342033,1.7254752018331203,564.0
3.3854166666666665,0.7090885821330268,2.0173994831543896,0.32102009142598964,14.214226617617761,0.8670326420696634,18.722879129779745,1.7485814821738914,564.0
3.395833333333333,0.5920834402571749,1.8755905663769628,0.2973925478614854,14.263137091254537,0.8817772610613615,19.185254788757675,1.7860494024290041,564.0
3.40625,0.5201095726214364,1.7336721441748937,0.2701179781182788,14.573225239598065,0.9013719356596887,19.51610167364803,1.8194373156532562,564.0
3.4166666666666665,0.4735201587090634,1.6084328228384266,0.2456277298622626,15.149905658927242,0.9247258999488692,19.649986932909616,1.846042813059201,564.0
3.427083333333333,0.45297153189687916,1.4983288313035505,0.22419787387227377,15.979902311955783,0.9505305815351686,19.684455557766643,2.0939289110011328,564.0
3.4375,0.44685588508967766,1.4081937722593365,0.20611915360019856,16.987527014381484,0.9759802106083612,19.514760737340136,2.082715066294803,564.0
3.4479166666666665,0.43381790711694,1.3218574616490093,0.19113124323909045,18.141533573091397,0.9998892313988158,19.344405036106874,2.0756975263294155,564.0
3.458333333333333,0.44367247996510767,1.2658059279917118,0.17927926485041557,19.29497862521698,1.01921695548911,18.902723615445325,2.0697890506969228,564.0
3.46875,0.45295576399281323,1.2144054205567365,0.1696314692472203,20.419378115191385,1.0339625296471793,18.385295102478874,2.0670423729074767,564.0
3.4791666666666665,0.448710629960648,1.1569279748879844,0.16121874566481167,21.53051528469994,1.0445068647327964,18.03233039442011,2.0662144459019722,564.0
3.489583333333333,0.4630573944221918,1.1208964319280321,0.15390206804919082,22.450193534675073,1.0499853208658796,17.35317701482341,2.064246660408209,564.0
3.5,0.4675927010747703,1.0768338496239274,0.14743561244509065,23.253334594178526,1.0520743103818957,16.684738839045036,2.066425278607021,564.0
3.5104166666666665,0.4588601648343256,1.0242894335909343,0.14135941949760097,23.997522069573407,1.0513910274776541,16.243046677443445,2.070832386719105,564.0
3.520833333333333,0.459949035628586,0.9808847170166961,0.13569782714534465,24.622925003072673,1.0484364213010473,15.810367008232891,1.8384200536699409,564.0
3.53125,0.45853972779319707,0.9382519655642978,0.13071984270862733,25.17951270578955,1.0434531183551528,15.521310488804216,1.8258417009724683,564.0
3.5416666666666665,0.4520878425019848,0.8984128158033898,0.1262690116673578,25.667780122029384,1.0365897946903257,15.35499451921489,1.8156733651399626,564.0
3.552083333333333,0.45544061110871803,0.8674328938832773,0.12243221158967525,26.07627944017542,1.028220128822065,15.23590270043089,1.8051823678750103,564.0
3.5625,0.46047113885829294,0.8426906497212486,0.11919344214975762,26.398763840349982,1.018922792275551,15.086253438946146,1.791650309481965,564.0
3.5729166666666665,0.45778353755286494,0.8180392373591049,0.11643923806253044,26.657526044154963,1.0084396067052248,14.994587249441421,1.780621876931997,564.0
3.583333333333333,0.4596294231556327,0.7980971541641663,0.11385721188717657,26.83310935055866,0.9982939453874937,14.768517790161667,1.7603491531683844,564.0
3.59375,0.4558659852657601,0.7759507799545144,0.11154238808309902,26.955111578280878,0.987842205479219,14.562463334951893,1.7403714583445244,564.0
3.6041666666666665,0.448327352403418,0.7533252708914256,0.10937502763393592,27.03126508668558,0.976801708127047,14.429381087187252,1.72289440163902,564.0
3.614583333333333,0.4434278352292808,0.7326055600154217,0.10736027925009291,27.062258774681737,0.9648244852674622,14.403606168958222,1.7102765685567891,564.0
3.625,0.4417303166322424,0.7165009085236075,0.10564079169834811,27.043952332543988,0.9519929812069862,14.461116615782224,1.7014250970666953,564.0
3.6354166666666665,0.440007863809979,0.7047110198154254,0.10425997570503344,26.97581423532422,0.9387424165090814,14.541444893134097,1.6932652914335262,564.0
3.645833333333333,0.4394263556154562,0.6956710366293304,0.10318861535448642,26.855303651765926,0.9247446880639952,14.665415364602687,1.6888336671171884,564.0
3.65625,0.43813042038010247,0.6897934146010597,0.10240324814395432,26.68564229733338,0.910451822628657,14.783127310338864,1.6849385071643084,564.0
3.6666666666666665,0.43654090749075325,0.6861976506673034,0.10189674379137632,26.47002311268433,0.8960007465598833,14.882765155962213,1.6814425621472993,564.0
3.677083333333333,0.43031154081103673,0.6824920655827508,0.10152647902054161,26.20799460778764,0.8813036076171897,14.982222373540964,1.679764672706436,564.0
3.6875,0.4208134976904547,0.6791975890008476,0.10130956392502773,25.896463100294586,0.8662481711608111,15.106745780946232,1.6813562551376875,564.0
3.6979166666666665,0.41526564686294487,0.6784757188074413,0.10124689356685455,25.547250053127385,0.85142200969684,15.209393651858406,1.682602116074091,564.0
3.708333333333333,0.3993519715403901,0.6748126514613952,0.10124320103422456,25.137644080390412,0.8359879852163363,15.397150352448609,1.691236496255012,564.0
3.71875,0.38435672525893916,0.6723859342652537,0.10130036680099899,24.679285025725676,0.8206044867894259,15.624022792854614,1.7029480609607137,564.0
3.7291666666666665,0.37685331473393663,0.6734861992040558,0.10149267694423657,24.196311796785277,0.8061100640458198,15.800555568086322,1.7127816917703993,564.0
3.739583333333333,0.3672470930775759,0.6727597397971673,0.10182652907147478,23.642570076052156,0.7912972376307247,16.138820599045413,1.7343356496662345,564.0
3.75,0.3641100345360368,0.6761397521714644,0.10227608343859981,23.057724448053847,0.77749286433086,16.52628453827002,1.7580154296935826,564.0
3.7604166666666665,0.36554105470165016,0.6833808369310015,0.10288784157899122,22.486879237369397,0.7657370756461953,16.803712470815086,1.7771789612473892,564.0
3.770833333333333,0.3659908373706789,0.6894710686020199,0.10363926233533084,21.914055794948986,0.7557090599395958,17.136380007619515,1.80152629004345,564.0
3.78125,0.36880757514711676,0.6975775301977973,0.1044245291472271,21.386872149677973,0.7483130550858214,17.412883873411197,1.8233337430472982,564.0
3.7916666666666665,0.3725349664722966,0.7066324434656704,0.10524948378275664,20.9328403454094,0.7438512848222161,17.56979366263161,1.8408075719298036,564.0
3.802083333333333,0.3746585082310569,0.7137824135642794,0.10605021644999046,20.553301231257382,0.7422841167410698,17.71751081239138,1.8587334664019726,564.0
3.8125,0.3789306842646444,0.7216091236584856,0.10678935102259386,20.26619453373585,0.7436255126082205,17.80144706304825,2.0817198516106017,564.0
3.8229166666666665,0.3827525419944271,0.7288013774103356,0.10746982669806199,20.072334071186432,0.7476118000211355,17.82380475216848,2.0755582224663294,564.0
3.833333333333333,0.3896210173072951,0.7362263243094646,0.1080886720435032,19.966348021626196,0.7538619051748913,17.797043700110077,2.0707978619713954,564.0
3.84375,0.39761950169633953,0.7433510073011662,0.10862662246099687,19.93854195671441,0.7618844865277544,17.720321876686253,2.0670532804092705,564.0
3.8541666666666665,0.40266260059993947,0.7482858984390907,0.10905605907552698,19.976559610329033,0.7712969413572436,17.64371320544594,2.0643077906126255,564.0
3.864583333333333,0.4137173003962569,0.7546849798675056,0.10934279563337725,20.063506744189244,0.7812220275165327,17.44519699538306,2.0616891882278443,564.0
3.875,0.4234533538395806,0.7583206950520032,0.10948995069351876,20.185527083183864,0.7914198656221854,17.217032216012168,2.060460751570697,564.0
3.8854166666666665,0.4279945000142012,0.758181943809115,0.10945801606874944,20.33415636438913,0.8017923646066254,17.049934509446572,2.0600069585473415,564.0
3.895833333333333,0.4385668555653593,0.7597028050628998,0.10923836422708069,20.48941126236711,0.8114173442632802,16.766018479684526,2.059038967184921,564.0
3.90625,0.4464997725301035,0.7580033390168123,0.10888366130618916,20.647045787828112,0.8203978586959435,16.463391146725744,2.059551881692156,564.0
3.9166666666666665,0.4485169650837287,0.752382476160598,0.10837502251523849,20.80778841537187,0.8289496176536864,16.253197781212908,2.0610126097172494,564.0
3.927083333333333,0.45523138276813374,0.748516956344607,0.10774107365623259,20.957640228636066,0.836457408666799,15.984388362891307,2.061850968182139,564.0
3.9375,0.459771893262203,0.7431356419073291,0.10714796179895864,21.102979194765087,0.8433338989358931,15.78882119869018,2.0642774505905654,564.0
3.9479166666666665,0.46125799903005305,0.7371568564709647,0.1065291237881314,21.242324265469602,0.8495355833642483,15.668483342172776,2.0666784723638933,564.0
3.958333333333333,0.46834473699842666,0.7353911842290568,0.10615639710145132,21.374443845428633,0.8550179659765467,15.61839174816414,2.068890763098977,564.0
3.96875,0.4779145966955826,0.7374772782568777,0.10602759948584399,21.495217228864163,0.8596290925576137,15.58032848593371,2.0706311978290333,564.0
3.9791666666666665,0.48423659899350013,0.7403279986780174,0.10608493982256348,21.604732887422486,0.8634073355777023,15.566194812676105,2.0725574225456285,564.0
3.989583333333333,0.49503195101846864,0.7460787302504825,0.10618249353292113,21.69242927560823,0.8660910141231203,15.377023100914924,2.073923789944212,564.0
4.0,0.501831532466329,0.7489902436879792,0.10631319540153497,21.76469827065061,0.8680140708974652,15.140844782150612,1.8281755206324264,564.0
4.010416666666666,0.5039174157425745,0.7486379447762241,0.10637690155675834,21.82568347987578,0.8693673108673065,14.971014289385051,1.8165351081137837,564.0
4.020833333333333,0.5099246862180052,0.7498699112195389,0.1063361225975497,21.870485317644956,0.8701307466214907,14.738474033206323,1.7984330321011162,564.0
4.03125,0.514830732031062,0.7500448566920497,0.106336477228282,21.90336352009935,0.8704737462564229,14.533464770779425,1.7801105979149883,564.0
4.041666666666666,0.517144829461763,0.7492317949879419,0.10633320283872993,21.925704735168054,0.870458745906592,14.400490789363488,1.7640329209807764,564.0
4.052083333333333,0.5245308541039014,0.7516291661786906,0.10638417478224615,21.936532561722213,0.8701453914305075,14.247280528079072,1.743149783038362,564.0
4.0625,0.5314318423016594,0.7547985349505643,0.10656935523605424,21.937766146171313,0.8695942729106488,14.10691039887358,1.7206696412458664,564.0
4.072916666666666,0.5358483988522132,0.7577665603498916,0.10685693000562015,21.929911090626998,0.8688054690491873,14.021969532139346,1.7001691123474107,564.0
4.083333333333333,0.5430115776907609,0.7637523131522359,0.1072182584493585,21.914934428331332,0.8679005543656775,13.901507826065556,1.6730329114425624,564.0
4.09375,0.5491347936705891,0.7702618164214643,0.10775867559324662,21.893644301226118,0.8668725301149958,13.796703901839368,1.6723480644493842,564.0
4.104166666666666,0.5540183488832021,0.7768810788144429,0.10841777742976,21.86532972707354,0.8656811612874371,13.739378148591543,1.6804010581860613,564.0
4.114583333333333,0.561911496533323,0.7866590810613096,0.10918434035238969,21.833558009443106,0.8644634051179788,13.669017272065636,1.6842589428955457,564.0
4.125,0.5700550475653559,0.7978336431219722,0.11016880611017828,21.797686115941246,0.8631772889947675,13.618252712848308,1.6919991034699766,564.0
4.135416666666666,0.5780930719330624,0.8100747100547938,0.11132976962583965,21.756304195854344,0.8617700352893739,13.604360884442208,1.7037922545028223,564.0
4.145833333333333,0.5899244004581855,0.8262254450891696,0.1127866793674985,21.70903515568876,0.8602322515016994,13.62338443294133,1.7153649492632979,564.0
4.15625,0.6057943975697118,0.8471761111703563,0.11466749810213805,21.65280138041365,0.8584728621392171,13.689311229926744,1.7299130185900224,564.0
4.166666666666666,0.624522309140801,0.8734134458333133,0.11690597787146435,21.590072306919094,0.8565778257733448,13.769928414822752,1.7354536509641734,564.0
4.177083333333333,0.6504108375527132,0.9072262663379138,0.1199428408079149,21.51193895289644,0.854295208574252,13.910237549860334,1.4308981475389746,564.0
4.1875,0.684463517843054,0.9510749948278437,0.12369161206969226,21.421593528551785,0.8517444655849582,14.072680683239666,1.432214529125071,564.0
4.197916666666666,0.721795315607285,1.002927621461776,0.12816443895486104,21.32234270185191,0.8490394084651554,14.223193072364971,1.4326186284623594,564.0
4.208333333333333,0.7671440661177844,1.064004883642963,0.1337797291389799,21.205473748103284,0.84597930424902,14.395798253360704,1.4333319836739313,564.0
4.21875,0.819994181422832,1.1350942711813776,0.1403673373075036,21.07541086465112,0.8427368268199429,14.556492621454316,1.4388375286102368,564.0
4.229166666666666,0.8758439571550586,1.2134510189823824,0.1479217204423529,20.935046549472354,0.8394430308315035,14.684113286370874,1.7508065490840239,564.0
4.239583333333333,0.9326879324813272,1.2982581109321147,0.1565085804855267,20.788175773826357,0.8362425230279671,14.754111682951265,1.7488008040761036,564.0
4.25,0.9894392075746152,1.3866019133841885,0.16609465845221227,20.634940522828423,0.8331891685506387,14.776589321446298,1.7485837633547814,564.0
4.260416666666666,1.0489959254864583,1.4768227106689356,0.1766552352050855,20.47257458028217,0.8302865884991635,14.779637678654815,1.4386286954604754,564.0
4.270833333333333,1.1026572101611032,1.5680912895921957,0.18834951450120074,20.296337148939873,0.8275307762887383,14.793155468071658,1.4381635051760167,564.0
4.28125,1.154722248733952,1.661304120224906,0.201264274274297,20.102094432322954,0.824964776065778,14.836334540141841,1.4405895158563302,564.0
4.291666666666666,1.218293601529974,1.7593716666749484,0.2151992752623511,19.89744565713879,0.8227746338379854,14.874896624444236,1.749609526384444,564.0
4.302083333333333,1.2594131704870954,1.8534437396981198,0.23114750100039588,19.65850046171074,0.8208359595051244,14.996418019149647,1.7610967140710958,564.0
4.3125,1.2750095633448384,1.9430854084200568,0.24869537696071536,19.376287734329125,0.8193135070952365,15.238256757065972,1.7611047702172726,564.0
4.322916666666666,1.3196859209238796,2.0428512169793396,0.26704723089579213,19.08125066946662,0.818491443031774,15.461091770496648,1.732041222755794,564.0
4.333333333333333,1.2400838923926762,2.1038255839291415,0.28854536763847427,18.695803174918463,0.8184215032628288,16.000241483732946,1.7531941826234667,564.0
4.34375,1.1390765964834544,2.1539159315839336,0.30886483442682067,18.257660450361964,0.8195500798370936,16.786025217023592,1.731633681220139,564.0
4.354166666666666,1.1093237001297582,2.222243794734371,0.32879111755780166,17.829515802681822,0.821920861961216,17.402966306966764,1.7141149583813253,564.0
4.364583333333333,0.9319992164397098,2.1869421105305746,0.3431114390041811,17.333963516280868,0.8269073307227758,18.543046631203236,1.7726710772472078,564.0
4.375,0.7688516988881196,2.101579475130641,0.33911418765383367,16.91179679060875,0.8356043334738394,19.876138146131712,1.839429785127723,564.0
4.385416666666666,0.6873304089092602,2.0311719198678286,0.3270206706682387,16.691283745407045,0.8484684837926735,20.667781944381257,2.104236669318748,564.0
4.395833333333333,0.5943647650725726,1.9130762938236479,0.3065991788926857,16.73309892256475,0.8673221082366122,21.296753118058646,2.0833071087829156,564.0
4.40625,0.5429950836606132,1.8003131746391428,0.2816903035394672,17.074906625530918,0.8910235391891483,21.449338973357072,2.0685145580011897,564.0
4.416666666666666,0.5054081688332898,1.6923476466184548,0.2588090402079704,17.70297930144096,0.9188958437126735,21.379005627313436,2.065733445527254,564.0
4.427083333333333,0.4950579127148904,1.6052756831400035,0.23802926902423308,18.52610054872455,0.9477038508873817,20.996748811931827,2.0739040674217706,564.0
4.4375,0.4884176750853821,1.519340697291028,0.2197282557173968,19.482305586822566,0.9760582555348487,20.664058204986112,2.082363589628494,564.0
4.447916666666666,0.47346329486446426,1.4303936653807257,0.2038458761704144,20.541885174138933,1.0032458244377735,20.594931846523586,2.0926928337533877,564.0
4.458333333333333,0.485467003384712,1.3741919865753374,0.19101948403566293,21.563997525643774,1.0259847687120662,20.236152301016567,2.0919223343317084,564.0
4.46875,0.49590165720743234,1.3204730057218037,0.18045549961335972,22.535729909515798,1.0445615088501752,19.754916451522114,2.0866407659977146,564.0
4.479166666666666,0.49068379725114397,1.2584555439548561,0.17114671402564094,23.475830195876256,1.059541491336244,19.431739872967363,2.0839001220840023,564.0
4.489583333333333,0.5061558550644262,1.21941658421928,0.1630156905611546,24.250756969121177,1.0693737172903115,18.660130267203538,2.066449973813795,564.0
4.5,0.5112434113763227,1.1722466340826871,0.15588265016789465,24.923272525521785,1.07569620178794,17.852044550675675,2.0457418522012203,564.0
4.510416666666666,0.5020395304614602,1.1166453851814315,0.14925581096562462,25.53426709846737,1.0791873462408343,17.226340124858847,2.044758008914618,564.0
4.520833333333333,0.5039450823162098,1.0711703480516772,0.14311387219569308,26.038282267208775,1.0799008697031138,16.581142208148613,2.0459304415380086,564.0
4.53125,0.5023562896821779,1.0255615757102787,0.13770294252280374,26.47165580092929,1.0782648852824952,16.124830808327435,2.0483554389485947,564.0
4.541666666666666,0.4943288755647209,0.9815169340615824,0.1328359026896516,26.838193793514236,1.0743533605736064,15.853809806020719,2.050890003058999,564.0
4.552083333333333,0.49474075403879636,0.945150227974014,0.12851644644451204,27.128871504447144,1.0683924673934517,15.665974413102576,2.052994313289423,564.0
4.5625,0.49415464840192136,0.9130524964554579,0.12475880663991086,27.346046992626277,1.0606238775416905,15.519456231878001,2.0551829128596037,564.0
4.572916666666666,0.48777827626328246,0.8825175292215817,0.12149001963275217,27.496695159106526,1.0510344041442508,15.44344706590712,2.0577375971989533,564.0
4.583333333333333,0.48269549022084274,0.8555385721487405,0.11846344347980262,27.578359390924284,1.0403292741705081,15.326256975100176,2.059710568179361,564.0
4.59375,0.4744523304902073,0.8291916091511194,0.11576584196665615,27.600613516561495,1.028429827622655,15.230878560102738,2.0626148644985465,564.0
4.604166666666666,0.4648569437452962,0.804645598849674,0.11335411110950123,27.56667536681495,1.015342894738884,15.182448998346048,2.0657172915643542,564.0
4.614583333333333,0.4550160568768088,0.7821156400479774,0.11113235888361245,27.47887136042133,1.0012518023175918,15.170994623704747,2.06857438676363,564.0
4.625,0.4458006170789289,0.7628271635293291,0.10921091244991508,27.339357046595758,0.9862617101998565,15.193037333436571,2.0712141119219085,564.0
4.635416666666666,0.4381377362154306,0.7470716162572617,0.10760493164728702,27.151489533914635,0.9705943774878601,15.231268838498039,2.0734707511395705,564.0
4.645833333333333,0.42842087134037576,0.7325973505550558,0.10616396839926469,26.920814717613865,0.9545644639845028,15.262308830189014,2.0754207058355316,564.0
4.65625,0.41738593396220036,0.7195245785850058,0.10491409539159574,26.65254628978544,0.9383942383522883,15.278972113243244,1.8425311801577795,564.0
4.666666666666666,0.4086862280733391,0.7084225576392709,0.10387145947028034,26.348168405699507,0.9220973749923828,15.300054128051672,1.8394800654555505,564.0
4.677083333333333,0.39513652630316504,0.6964336826016606,0.10283943525381481,26.016042674796033,0.9060582869072172,15.304175934396413,1.835800196124647,564.0
4.6875,0.3787864840889317,0.6837961413038156,0.10188216131799005,25.652014891717606,0.8900470055413127,15.334628767965139,1.834087263078815,564.0
4.697916666666666,0.36788084171404073,0.6737685090510813,0.10104745493501593,25.26437263415274,0.874417429929534,15.369640496322516,1.8326427675708774,564.0
4.708333333333333,0.3482514128027565,0.6607331224086314,0.10019017452945973,24.844877302565273,0.858844235655747,15.461212082068913,1.83470266803362,564.0
4.71875,0.32952795817070013,0.6484146656819874,0.09939476453955075,24.39809234986177,0.8435301149372726,15.604245581204271,1.8394587626875358,564.0
4.729166666666666,0.31883044518397596,0.6403269050311029,0.09875462052305302,23.945562914708415,0.8291507943670271,15.724835073678106,1.8431359642024387,564.0
4.739583333333333,0.30581678635787657,0.6305096560059141,0.09831563850949343,23.433722177151186,0.814069447207636,16.097696820416907,2.0821275084657183,564.0
4.75,0.30097055718517496,0.6282864250011052,0.09819747841688611,22.908883069259595,0.7997701788680135,16.58595063173163,2.0768690950647297,564.0
4.760416666666666,0.3016576091418317,0.6327542590745735,0.09843630607106676,22.42176461781476,0.7875213374999929,16.95432970782421,2.070742622747911,564.0
4.770833333333333,0.30157680509890533,0.636907165607474,0.09909114691255454,21.936011982813202,0.7764111178726191,17.552303226661763,2.0669761876912314,564.0
4.78125,0.307612673595059,0.64855595662285,0.10013857880505095,21.511078791041953,0.7679750698861417,18.19098802354835,2.061323179091728,564.0
4.791666666666666,0.315692656723358,0.6648573145402461,0.10146783232777765,21.18464621728982,0.763026775105332,18.593299815996257,2.0568966714776504,564.0
4.802083333333333,0.3245223609271959,0.6809921583653537,0.10317227916286606,20.940163722513432,0.7615488219419554,19.17798138789023,2.0811469436792804,564.0
4.8125,0.33957454609270654,0.7040201002668789,0.10511747033060248,20.798864846752753,0.7639616034087785,19.890577588460236,2.10969031622096,564.0
4.822916666666666,0.35238949887914,0.7270876213358729,0.10713702130973438,20.74715101203195,0.769876632657003,20.646955210302515,2.1350661304319605,564.0
4.833333333333333,0.3704178467770656,0.7520158589938732,0.10928568478338208,20.763578331284574,0.7788535493869014,21.401721132771748,2.159008931115876,564.0
4.84375,0.39116336597798257,0.7781873042422323,0.1113835778371711,20.82528206458639,0.7900218048986162,21.91154482103324,2.177532207227743,564.0
4.854166666666666,0.405515472380903,0.7993760353314083,0.1132806035614168,20.911061058338483,0.8027932634148933,22.276270636602575,2.1933236668202563,564.0
4.864583333333333,0.4290666062164783,0.8227004262402117,0.1147722868792654,20.996186108996458,0.8155390435975145,22.00329569916124,2.1967500757372695,564.0
4.875,0.44748814957613053,0.8370676517423224,0.11577568787084509,21.070986758740734,0.828098379692733,21.53685826899249,2.195694703936369,564.0
4.885416666666666,0.4558863850194809,0.8417656932039322,0.1162875846296844,21.13031762762699,0.8405734007672474,21.266433353619757,2.195986566018469,564.0
4.895833333333333,0.4742293820378594,0.8486607060913425,0.11635795909681562,21.16603756522297,0.8517660007011629,20.69538569283522,2.1880289658482077,564.0
4.90625,0.4897965322892763,0.8501735922732669,0.11617504306955234,21.179657211623145,0.8619872909786923,20.14597876316223,2.178934209792718,564.0
4.916666666666666,0.496298342312352,0.8459171476668076,0.11573321851844433,21.171077441681664,0.8713783039597451,19.80720433355589,2.172037176233964,564.0
4.927083333333333,0.5128077420575277,0.8455878788121445,0.11514854513788436,21.14252047172257,0.8792459501433549,19.29773334797903,2.1593925593886794,564.0
4.9375,0.5254828933144999,0.8423147518990189,0.1144771903752463,21.097057464032638,0.8857772583683696,18.744737493967953,2.1444483349450634,564.0
4.947916666666666,0.5290065706616053,0.8345332211945801,0.1137232197873225,21.034471559229452,0.8912303392680809,18.364320833503587,2.13208129643148,564.0
4.958333333333333,0.5370891454913471,0.8292334352612863,0.11282037483423815,20.963062856427467,0.8951712892691296,17.789607041102197,2.112241849340486,564.0
4.96875,0.5401527300856046,0.8208087880399086,0.11191876739557428,20.882600927168344,0.897940528028976,17.22587533623842,2.0910415000606757,564.0
4.979166666666666,0.5378691302051245,0.8097728371414569,0.11098382686776308,20.790636074065343,0.8996686970417961,16.80535927865831,2.072475781707534,564.0
4.989583333333333,0.5380961295667871,0.8010579767833733,0.10994900025339327,20.69787488516886,0.9002849681590182,16.250843190470153,2.0464022801190103,564.0
5.0,0.5343974649070381,0.7902725310653879,0.1089667119348421,20.601025147045394,0.9000001129704289,15.713100309791201,2.0415821175264455,564.0
5.010416666666666,0.5283441370264826,0.7781891657446859,0.10799472577486337,20.49597221785912,0.8988338011735326,15.293779601943086,2.044716702355206,564.0
5.020833333333333,0.5263997789933381,0.7691888183815611,0.10700868756157304,20.394064724456914,0.8970036713633909,14.865068001482339,2.0470812246680476,564.0
5.03125,0.5241082441093622,0.7600427166639113,0.10614046661805766,20.291262651562082,0.8945776772396178,14.517556729854125,2.0509324446949893,564.0
5.041666666666666,0.5200947592042464,0.7504586552282223,0.10534494092102083,20.18216687788115,0.8914686039059915,14.297102244125094,2.05603873033239,564.0
5.052083333333333,0.5214885055742466,0.7446076814078844,0.10462251490858242,20.077998372023814,0.8880674910687228,14.074346795111929,2.060925300039933,564.0
5.0625,0.5226000415347232,0.73959889387199,0.10409004374202338,19.97293189464014,0.8842781304160109,13.904112349704125,1.828239787531512,564.0
5.072916666666666,0.5223275594038863,0.7352013863155232,0.10368562817497885,19.86255781208268,0.8799743833763012,13.808308053646167,1.8102219361786664,564.0
5.083333333333333,0.5259948920688367,0.7346494759070871,0.10345288415481672,19.754823179918716,0.8755124657978682,13.717897353111832,1.7886784819380581,564.0
5.09375,0.5303201096591468,0.7362669156047524,0.10346029723553611,19.646102159616593,0.8708011612081603,13.655237231417164,1.7666403916895752,564.0
5.104166666666666,0.5340043695107756,0.7393569423912925,0.10366372432735617,19.532338474341415,0.8656987867265517,13.63646442517792,1.7460688004519762,564.0
5.114583333333333,0.5409811207559851,0.7462257168284189,0.10405046559522649,19.424242710410336,0.8607310550775075,13.598786654971562,1.720378915324545,564.0
5.125,0.5481732300911523,0.7548398463015283,0.10468435913402836,19.316829906097876,0.8557167185427319,13.57217209564537,1.6934626271472542,564.0
5.135416666666666,0.5549674738830924,0.7646345170263136,0.10551268094672134,19.204962519004344,0.8504461984579729,13.57736175228605,1.6687619204179325,564.0
5.145833333333333,0.5648134001329491,0.7779884781523961,0.10652492801299084,19.098086613093134,0.8453931086798351,13.574492980212806,1.6724076005895245,564.0
5.15625,0.5756393351490633,0.7936513710793529,0.1078062456712763,18.991221212255496,0.8403466661742646,13.585159609655264,1.6789974011174875,564.0
5.166666666666666,0.5869882570517997,0.8113262982343002,0.10932392643566302,18.880448412444547,0.8351429674505645,13.61971662742291,1.6881791545355325,564.0
5.177083333333333,0.6018528047010511,0.8332686891957736,0.11110616574580669,18.77259698960718,0.8301201568421887,13.655404304125755,1.6936997800717084,564.0
5.1875,0.6190515219003793,0.858877020449608,0.11325776698007907,18.662544250599712,0.8250536491271904,13.705525170715978,1.7040840866260107,564.0
5.197916666666666,0.6379962458564105,0.8880738339579773,0.11575194764340772,18.548965298220796,0.8198997734483264,13.769527516449637,1.7157694081505774,564.0
5.208333333333333,0.6620767394817265,0.9230714021557631,0.11871554323022046,18.432276436915682,0.8146954153157788,13.842908746970277,1.7263938589659218,564.0
5.21875,0.6904965761541945,0.9641461540393428,0.12220638205468361,18.312641076410355,0.8094651538311135,13.921823098117073,1.4272616753742597,564.0
5.229166666666666,0.7216241864532605,1.010650721846202,0.12624795012240203,18.18966192825742,0.804209239433785,14.003706561265414,1.4158808925345356,564.0
5.239583333333333,0.7564951007630908,1.0636585896627555,0.1308807372303636,18.069096972725387,0.7991828821674498,14.075652358607282,1.4035628221713017,564.0
5.25,0.7938032633319732,1.1218846190955272,0.13617975327652165,17.94905094798633,0.7943091070519492,14.141604500306038,1.390316928721585,564.0
5.260416666666666,0.8340627168474483,1.1844919141393742,0.1421566824380508,17.826504828286744,0.7894746721539577,14.207365383215555,1.3773457385070638,564.0
5.270833333333333,0.8750615407728598,1.2518993911054144,0.14891530731234046,17.699065886213344,0.7846042183639165,14.276883200099457,1.3659766500491048,564.0
5.28125,0.9174115827239473,1.3243411377341943,0.15658129571662616,17.56235508684322,0.7795641555335556,14.356117434019994,1.3574140149598253,564.0
5.291666666666666,0.9673271414562462,1.4033682593187873,0.1650918754442772,17.42356832458986,0.7746503413286779,14.432317244553632,1.3507789620402029,564.0
5.302083333333333,1.0085839457921615,1.4850847193957089,0.17499415000834295,17.264387996643986,0.7692753566632843,14.532294025160901,1.346455203258788,564.0
5.3125,1.0382910662213398,1.5695211894365766,0.1860216327070538,17.08766746204627,0.7636470309861044,14.65267709990559,1.3503090519975276,564.0
5.322916666666666,1.0830539725742736,1.6619019799503834,0.1980783176280493,16.909942306282435,0.7583603908277777,14.762935555345539,1.3559465351228892,564.0
5.333333333333333,1.0563355466389999,1.7371491607913812,0.21170030342000598,16.693861844059434,0.7524584531391092,14.938226573276383,1.3647153738354467,564.0
5.34375,1.0050186220772408,1.8039383778095677,0.2253930845151555,16.456568176594338,0.7466722897688691,15.16488210936284,1.388033050531278,564.0
5.354166666666666,0.992713789760206,1.8784015566602754,0.23924261318729936,16.225053743642114,0.7417690763373672,15.36802752481601,1.4084477144768202,564.0
5.364583333333333,0.8869295248316649,1.8998713431552423,0.25222094746854756,15.938970509326039,0.7368177757935468,15.77459295149015,1.434831129157132,564.0
5.375,0.7765114866395386,1.8886251723256942,0.2588588099180772,15.648652771332726,0.7332844737487538,16.352749199718147,1.7918747449475487,564.0
5.385416666666666,0.7180511177027654,1.8780457371616697,0.26098914757713243,15.406160470506807,0.7319869792348271,16.83855384145418,1.7323485844274416,564.0
5.395833333333333,0.6278871951405347,1.8171233188066889,0.2577367100688837,15.207541228075518,0.7332891785478395,17.392384870122093,1.7282339363609327,564.0
5.40625,0.5673703540239609,1.743521692204481,0.24825157531502476,15.113493327828204,0.737703757077123,17.84975046894283,1.731808553414962,564.0
5.416666666666666,0.5296406176636205,1.6730567717750575,0.23696609290368958,15.151034538321044,0.7450212367240018,18.082272852430755,1.7593881859393643,564.0
5.427083333333333,0.5011573325609454,1.5930368298668196,0.22436386785399362,15.338620812668639,0.7552073676508299,18.217947461145272,1.792071040562366,564.0
5.4375,0.4889010466929253,1.52074014374012,0.21157662721659096,15.667816859147765,0.7671443280031875,18.16657335330301,1.8161502660356943,564.0
5.447916666666666,0.4738283676746892,1.4492829595729302,0.1999283741320515,16.13213884423699,0.78035805477331,18.055128508881864,1.8370423918007974,564.0
5.458333333333333,0.4814296295514866,1.39936860600927,0.1899030349039613,16.666345118015027,0.7930443435192831,17.7200183019358,1.8446349886975189,564.0
5.46875,0.4885954691131654,1.3520866517397925,0.18148378238149093,17.256977678522556,0.8050840076424739,17.336535491192464,1.8483662113702097,564.0
5.479166666666666,0.4850579333752703,1.301440760634512,0.17399850514618667,17.904695389005454,0.8164864815727574,17.04031854451682,1.8532208574975813,564.0
5.489583333333333,0.4982719657848736,1.264857938179013,0.1674981235193167,18.548043177264432,0.8262571868520253,16.701635791652908,1.8514651821065353,564.0
5.5,0.5115057777620112,1.2318863248456333,0.16208420211588656,19.188389510289927,0.8346076096989578,16.396102906388478,1.8486915617342579,564.0
5.510416666666666,0.5140111740334717,1.1974208761018745,0.15732197778394716,19.82936200424613,0.8416755156050646,16.17788996549269,1.847604449572654,564.0
5.520833333333333,0.5303731798770744,1.174087992582534,0.15317839173239406,20.415148867609744,0.8470314247507876,15.91077838990308,1.8404060526628934,564.0
5.53125,0.5439424487000994,1.1526610535250446,0.14976387538533006,20.958862621868104,0.8510498161088793,15.657873344337993,1.8321812588919002,564.0
5.541666666666666,0.5469842157327196,1.129126921035856,0.14677323177891435,21.475011681924176,0.8539778808509301,15.479280780578813,1.826159787389203,564.0
5.552083333333333,0.5578817232236648,1.1117873164740424,0.14406340503395199,21.929714608911105,0.855783673701569,15.280684758117282,1.8159313931996275,564.0
5.5625,0.567707562651801,1.0959003130898104,0.14188439279714193,22.3473327195669,0.8567240201167575,15.137140644703155,1.8075607643693203,564.0
5.572916666666666,0.5715533608007911,1.0810787372650923,0.1400274591520151,22.726544960865873,0.8568759886993511,15.04633936088258,1.800574990248025,564.0
5.583333333333333,0.586981388575624,1.072353550024002,0.13860984187491154,23.06794008363046,0.8562984124596494,15.011402366025196,1.7955773782487918,564.0
5.59375,0.6073386857681173,1.0706554276210116,0.13773702402480711,23.363584466484486,0.8550646189715119,14.9983696966337,1.7906856627266705,564.0
5.604166666666666,0.6209495313606913,1.071614502935508,0.13734589911185116,23.613735771449342,0.8532445846663749,15.00212508741406,1.786432063306895,564.0
5.614583333333333,0.6422958012365448,1.0783065623188708,0.13720022766607973,23.804311808533775,0.8510959270996984,14.923732429409807,1.77590838032589,564.0
5.625,0.6600618622477101,1.0851961967886965,0.13741357762959805,23.94950191570185,0.8486740059545137,14.816849419574028,1.7637543996341516,564.0
5.635416666666666,0.6702099372011708,1.0902052732372165,0.13783669007585544,24.058187340252562,0.845947883929171,14.73840090834741,1.753383577851183,564.0
5.645833333333333,0.679939913535856,1.0959036312278232,0.13825070857820143,24.129011587338027,0.8430682505299177,14.657816891173555,1.7412535048067632,564.0
5.65625,0.6854989344744234,1.101823844476359,0.13889512158343476,24.167023956244144,0.8399685932064507,14.615024724098653,1.7311095601100064,564.0
5.666666666666666,0.6907527083854342,1.1100185644752223,0.13974501221896962,24.17264461150696,0.836706121907058,14.59808405227179,1.721823560731508,564.0
5.677083333333333,0.6908928646767415,1.1187576999346547,0.1408045305695455,24.146150855105677,0.8332238614276599,14.625406500135664,1.7155840930206263,564.0
5.6875,0.6868020041725067,1.1293994074780458,0.14215271050248085,24.086080681803317,0.8295002668220576,14.700796573225643,1.7130148045900233,564.0
5.697916666666666,0.688322391859658,1.145029361467497,0.14379213866574245,23.995452692086836,0.8256983111994199,14.776246851998177,1.710199782253969,564.0
5.708333333333333,0.6712354966051756,1.1553884925487117,0.14564720658610125,23.86581503338608,0.8215063081943169,14.937978641623014,1.7157975466982731,564.0
5.71875,0.6534765556395652,1.167128105837784,0.14752628728599526,23.70109175654805,0.8171130511833281,15.137359679729018,1.7244168121896701,564.0
5.729166666666666,0.6474334637902475,1.1842975206527635,0.1495856250178362,23.51269322968231,0.8127604522910249,15.301541462764932,1.7312754357303144,564.0
5.739583333333333,0.6338447387433926,1.1954067418181136,0.15180196215629116,23.285603214682247,0.8080850022282906,15.566901709469931,1.748033344394574,564.0
5.75,0.6269958282465459,1.208438517050904,0.15384444831655567,23.03671337051184,0.803452671287572,15.86183775865646,1.7667957092926811,564.0
5.760416666666666,0.6288268078318282,1.226007031025355,0.15590213962934332,22.788226285253007,0.7992471583613635,16.08117386854043,1.781857700064426,564.0
5.770833333333333,0.6258747817171317,1.2381073716014865,0.15796405525046758,22.5368375245244,0.7954283346327963,16.337523015419563,1.8018111926689708,564.0
5.78125,0.6262396305256248,1.2507142373561622,0.1597169358235303,22.306796926510334,0.7924321823573117,16.549805922002225,1.8196971121433385,564.0
5.791666666666666,0.6297753552677593,1.2643117421929904,0.1613682755242031,22.11305304121384,0.7905116403389023,16.6765402245997,1.834093773330172,564.0
5.802083333333333,0.6301325401786649,1.2736390858223232,0.16280871751602685,21.96021630979188,0.789794594609581,16.779406406010168,1.84853225213172,564.0
5.8125,0.6342505744175052,1.282857649967141,0.16393147091550567,21.85774281263484,0.790401287640699,16.81453410951593,2.084063359418668,564.0
5.822916666666666,0.6378881894318712,1.2903907979371854,0.16489102792828159,21.805823196702697,0.7923267033702319,16.80886958944781,2.078881682239844,564.0
5.833333333333333,0.648269431375736,1.2988999072679672,0.16560728099311262,21.802111199535997,0.7954213348124491,16.726645181853392,2.0747055918216883,564.0
5.84375,0.6581500846830528,1.3049640183528954,0.16622065843074535,21.840717050381915,0.7995903277090599,16.63506884855761,2.072029723709153,564.0
5.854166666666666,0.664545610718766,1.3087077013025488,0.16663978839952198,21.916094055915586,0.8046934069296208,16.554680251392938,2.06990246120647,564.0
5.864583333333333,0.6751841879023559,1.3135931180590057,0.16734639407599317,22.027170840062944,0.8108348515802605,16.587498712806756,2.0683784131915672,564.0
5.875,0.6922248980716627,1.3254634660346407,0.16841627571464113,22.16716517735899,0.8177674583428617,16.673964179884262,2.066025518870235,564.0
5.885416666666666,0.7076490587087098,1.3411374021127416,0.16978111353832478,22.325719649837865,0.8251509292424646,16.734915036759183,2.0634536550837836,564.0
5.895833333333333,0.7359036751769875,1.365019901941427,0.17160011907213016,22.488830992336684,0.8325297108325349,16.675642281189123,2.0610628258917405,564.0
5.90625,0.7656699466641043,1.3906092046742229,0.1736853954638476,22.64697834322153,0.8396607968312629,16.497979726508937,2.0596174008523893,564.0
5.916666666666666,0.7841382310158346,1.409609868835185,0.1758560122847815,22.80116805630177,0.8467590120269904,16.346005716643976,2.0595637808093255,564.0
5.927083333333333,0.8139768060679867,1.433534311975585,0.1776450170188188,22.932710160473285,0.8530932392523594,16.043712100078114,2.0588372618575344,564.0
5.9375,0.8388189590567466,1.452581131727319,0.17945488020878914,23.045263304994858,0.8588989959184757,15.710873631517774,2.060180770273449,564.0
5.947916666666666,0.8525064998414699,1.4636331198244634,0.18109945257719706,23.143487026499656,0.8644904682441011,15.470339602120093,2.0629859716114582,564.0
5.958333333333333,0.8774987440285148,1.4807836465657866,0.1822454663851155,23.216006830787332,0.869196684336194,15.134774932744774,2.0650573877022436,564.0
5.96875,0.8969267427006499,1.4938613504349014,0.18360979840546443,23.27069795363737,0.8733878396614673,14.824053439505017,2.070315791482955,564.0
5.979166666666666,0.9077736307553801,1.5012270677916904,0.18491460460110687,23.31133533329752,0.877308663186327,14.611460581853413,1.8234394408422616,564.0
5.989583333333333,0.929842717308327,1.5154184124699097,0.18599292152448874,23.335193027011105,0.8805344853141048,14.367441610993207,1.8016875144091042,564.0
6.0,0.9498184014640638,1.5289285172911877,0.18748306798713976,23.346841738188882,0.8833184712185916,14.160955306755262,1.7792039719058912,564.0
6.010416666666666,0.963606521791359,1.5396275785253395,0.1891205220571879,23.34783707374212,0.8858043706330864,14.030401748970888,1.759041806556596,564.0
6.020833333333333,0.9877598935454953,1.5576973953475008,0.19080247243768672,23.339737293972505,0.8877502481452835,13.887470206138238,1.7329956248200993,564.0
6.03125,1.0117897660963797,1.5773273178714946,0.19307681641183236,23.324304332813153,0.8893195059774079,13.774827565919558,1.7058925789971258,564.0
6.041666666666666,1.0313261972662915,1.5959872941986808,0.19568242670532524,23.301494053825273,0.8905912544131218,13.716122398130526,1.6805254804307665,564.0
6.052083333333333,1.0601569802064335,1.621860359125103,0.19857771101050423,23.274223379503827,0.8914747593735242,13.659207720686823,1.670013650224462,564.0
6.0625,1.089998522684382,1.65043026832326,0.202279173080841,23.241468700191763,0.8920622425263672,13.63801216220588,1.677618355033171,564.0
6.072916666666666,1.1181722975131159,1.680510693467297,0.2063991993753877,23.203046032861103,0.8923496744332071,13.650369077115784,1.6855055583940668,564.0
6.083333333333333,1.1549083435109602,1.717457997414334,0.21138530785225454,23.15862472334893,0.8923206851327303,13.692907005337393,1.6927497278287376,564.0
6.09375,1.1976998525119125,1.7613895792969176,0.21737512553996421,23.107541230461923,0.8919483326246525,13.762227728720287,1.7002105847301077,564.0
6.104166666666666,1.2414362199990148,1.8100670649219608,0.2241352224598106,23.05066967299443,0.8912207402028681,13.84246416659979,1.705800184278895,564.0
6.114583333333333,1.2937389364289869,1.865745145456,0.232747716525681,22.981060272455508,0.88999734339631,13.970386177354568,1.720629831325019,564.0
6.125,1.3564680049701963,1.9319792695730782,0.24279713677932607,22.89966995072167,0.8882250857021117,14.126115472130312,1.7246392702572153,564.0
6.135416666666666,1.421804824400492,2.0054338790298454,0.25404405784358586,22.81029089512235,0.8859738721345712,14.273555413606793,1.718968322281376,564.0
6.145833333333333,1.495283307066224,2.086651750752435,0.2679806059005675,22.705435327480565,0.883052445098432,14.439981676362683,1.728136187502766,564.0
6.15625,1.5757707319221919,2.176197138021096,0.28367786626236224,22.58934817283868,0.8795905600186932,14.589170814164099,1.7247316824640389,564.0
6.166666666666666,1.6542411208116696,2.267859541400545,0.3010397885444495,22.46344104635983,0.8756820549702035,14.707401330947318,1.7205680217411272,564.0
6.177083333333333,1.7366891910123632,2.3630339554454833,0.3211007078977271,22.32319729300284,0.871247618087063,14.812873020486162,1.7229879872944642,564.0
6.1875,1.8218551047411415,2.4611349089944023,0.3434750182979578,22.16826712608566,0.8663451163472714,14.907252807414283,1.7219957428861141,564.0
6.197916666666666,1.905003421185456,2.5588761193399763,0.3674245674927849,22.002021260559005,0.8611555480718805,14.975327839094549,1.717409508974505,564.0
6.208333333333333,1.9914795559959,2.658745775299259,0.3953261999232467,21.814996275999786,0.8554613251992903,15.05948909359689,1.7204837377917959,564.0
6.21875,2.082749348219917,2.762671716148635,0.4256712341435981,21.614250544027488,0.8495497168739868,15.126664625911234,1.7146403848880671,564.0
6.229166666666666,2.170467872634181,2.864898082368076,0.4585759475180185,21.401354608827905,0.8435120181665522,15.169507535096873,1.7112317446985048,564.0
6.239583333333333,2.259445263949522,2.9677479255244297,0.4925263868650976,21.19212010129054,0.8377960550165884,15.126743315647351,1.7083839304823354,564.0
6.25,2.3412975887911758,3.0643923752670164,0.5288786535131565,20.983332655096767,0.8322828419227686,15.03647558671044,1.7083033617734191,564.0
6.260416666666666,2.4138376590127875,3.151355920625389,0.567030598238609,20.766397195397094,0.8267245305978883,14.952388217819323,1.7102209482178488,564.0
6.270833333333333,2.483917411552796,3.233736575210756,0.6040731516256,20.5518488073233,0.8213638541226088,14.851579528745347,1.7116248969997736,564.0
6.28125,2.5465433119346166,3.3082720586370216,0.6425067420983358,20.330308345484113,0.8159344053206095,14.774269701753129,1.7151801900352017,564.0
6.291666666666666,2.606161243077022,3.376646616786953,0.6798363828742745,20.102987399672923,0.8104371119000222,14.717776179477179,1.7182683164944743,564.0
6.302083333333333,2.65481448806233,3.4372088059734907,0.7175346906628733,19.862315759458387,0.8046576404181476,14.702638608286557,1.7247700831064594,564.0
6.3125,2.6860525304742495,3.4854375638688317,0.7548932122163617,19.59472449355593,0.7982342601162923,14.764618533694449,1.7336364507470756,564.0
6.322916666666666,2.7244385337638417,3.5310103850016024,0.785006250502781,19.322623800388047,0.7916618129935634,14.833518718299677,1.723413047909475,564.0
6.333333333333333,2.671682180788646,3.5376566165191443,0.8175676076834777,18.98737173456171,0.7834601096916881,15.087432361092228,1.7424631585674704,564.0
6.34375,2.5686352030505715,3.5170637578628727,0.8313991755666307,18.615309958585257,0.7741905970140698,15.478173485044875,1.73229269288557,564.0
6.354166666666666,2.5092535171450456,3.5022074053706085,0.8321558792131383,18.247780959666112,0.7648664389956322,15.824137094820722,1.7073915699546482,564.0
6.364583333333333,2.2531664560218903,3.3933852987202955,0.8207778456127869,17.803437804243988,0.7534461143586935,16.508765483913997,1.7256787577386847,564.0
6.375,1.9531326508860303,3.2333651817497864,0.7665426444701297,17.359616432008583,0.7420734027890434,17.42543930801792,1.7460366245744923,564.0
6.385416666666666,1.7496730558382514,3.0944723314496576,0.7000435520596517,16.998721312759727,0.7332115818518514,18.040781757203337,1.7786864355547847,564.0
6.395833333333333,1.5069733994299301,2.9145253698872815,0.627900391644663,16.738058747608147,0.7278051693083466,18.573314520610015,1.820292228494029,564.0
6.40625,1.3232649064727047,2.7413250125897894,0.5515393943012166,16.64258069475245,0.7278808058818664,18.83263449434298,1.8516626628350947,564.0
6.416666666666666,1.1827172401788049,2.5843081938572805,0.48732615448805755,16.72933500057589,0.734106630561001,18.89895539213734,2.090978836354749,564.0
6.427083333333333,1.083758287353813,2.4411654263668394,0.43171853159774803,16.993472606990537,0.7462333567985626,18.768345063644766,2.0793907738640893,564.0
6.4375,1.0078061062089838,2.3060024213318506,0.3850471568981237,17.41828000479008,0.7636204196365326,18.560392826884282,2.0719874155672064,564.0
6.447916666666666,0.9356748750361821,2.179697875602668,0.34694632456081725,17.986590489509034,0.7855070578069373,18.375937269152605,2.066908744973541,564.0
6.458333333333333,0.9191956126766443,2.088017596820919,0.3172593579736413,18.642825526425877,0.8096217393880432,18.094678992583965,2.0626319535956257,564.0
6.46875,0.9164050721116227,2.0130862015735507,0.2945065906946318,19.358937318200006,0.8347632314747315,17.790621563544995,2.0600851380302903,564.0
6.479166666666666,0.8958953048444499,1.9398771848701797,0.276080075982426,20.123918174476263,0.8602707946596088,17.567345760815325,2.0586669645051225,564.0
6.489583333333333,0.913356804937697,1.8916267055739566,0.26121780971386455,20.86467152431331,0.8835188596238567,17.239909238344975,2.0568940526665496,564.0
6.5,0.9303581784894014,1.8489924887539153,0.2496451893409973,21.58432270252475,0.9045499806874511,16.922944026152592,2.0566307694491424,564.0
6.510416666666666,0.9261777333370811,1.8030174073483358,0.23987278221935895,22.287380029988213,0.9233873849290397,16.703711922293163,2.0570934465589548,564.0
6.520833333333333,0.949529365285972,1.7735649455880986,0.23148453730777127,22.91610680226997,0.9385739065495823,16.40388126910537,2.0568972748963286,564.0
6.53125,0.9694423075906284,1.7467739777013462,0.22487557706358816,23.48638754554895,0.9507703166473536,16.11409175712528,2.0580760252126282,564.0
6.541666666666666,0.9696704506118327,1.716036822915885,0.21926366755706492,24.0122032186055,0.9604434738007672,15.917502341122642,2.060037022080359,564.0
6.552083333333333,0.9884926441438787,1.696272505968884,0.214191024912862,24.456100237853832,0.9671810434585972,15.665741170931732,2.061348266727287,564.0
6.5625,1.004170977071831,1.6789566742984938,0.21022059720654482,24.832101328863924,0.9715848693783247,15.412189426387352,2.064063215515384,564.0
6.572916666666666,1.0041820442986231,1.6584365458144192,0.20699546518510564,25.157176827716317,0.9740784697660642,15.241597187566189,2.067956389350786,564.0
6.583333333333333,1.0173821991025054,1.6464528950562958,0.2038362703596714,25.405707223393108,0.9747618458565833,14.996859657432992,2.0713838999426653,564.0
6.59375,1.0254061965099395,1.6341329079526765,0.20155478468754634,25.60039884907709,0.9740664568031109,14.776666166650914,1.824728252190878,564.0
6.604166666666666,1.0237235950482304,1.6200503806933162,0.1997515239144625,25.750544664975322,0.9721129547144637,14.633011384466034,1.8113940318112962,564.0
6.614583333333333,1.0334962670323413,1.6119970415320426,0.19811853161317153,25.851714494050242,0.9691364782892968,14.497903741195902,1.795774892900781,564.0
6.625,1.044540704607997,1.6074765625199885,0.19720491906216306,25.91103415407463,0.9652118559776658,14.4002999975255,1.780744729987356,564.0
6.635416666666666,1.050120196512018,1.60484475826516,0.1968514634703402,25.93112990621841,0.960353667791755,14.350668897036922,1.7672944104182882,564.0
6.645833333333333,1.0601047044970129,1.60656093079098,0.19685773393217534,25.913667960212774,0.954729922337033,14.319891443305044,1.7535564607350955,564.0
6.65625,1.0679222741070498,1.6118165767375718,0.1975321468248115,25.860862730774727,0.9483304743549237,14.317940868633594,1.7410436209472975,564.0
6.666666666666666,1.0755407401374601,1.620932949249255,0.19879381103421404,25.77474716562603,0.9412243716868817,14.337223235949608,1.7295093538229807,564.0
6.677083333333333,1.0769965972990845,1.6309407656793322,0.20047218302079897,25.656101910233684,0.9333828984020877,14.384885745316309,1.7199870585248658,564.0
6.6875,1.0707522577070159,1.641995665484131,0.20265284388807503,25.5040488899196,0.9247206464303316,14.472818018483816,1.713771072546294,564.0
6.697916666666666,1.072787747102451,1.6588101390046521,0.20525585856800838,25.325713596585032,0.9155799833550295,14.559541059711686,1.7076787574694339,564.0
6.708333333333333,1.041962962548384,1.6660894291211599,0.20808280076669253,25.109297504089753,0.9053391847396968,14.725756134759148,1.7091068605423183,564.0
6.71875,1.0074980772002449,1.673461268266752,0.2107700503564778,24.86292384897845,0.8943928115977723,14.930703280116996,1.7138855710987708,564.0
6.729166666666666,0.9930623096361925,1.6884007807132722,0.21364670329516,24.602343592137498,0.8833698812263173,15.10248875385243,1.71744409033179,564.0
6.739583333333333,0.9596393249152331,1.6913069299911805,0.21658851236403392,24.305018572842133,0.8712972480549099,15.393090238938555,1.7319174006788995,564.0
6.75,0.9339714545804176,1.6944217261038137,0.21872280765357272,23.994044211154662,0.8591321478273496,15.722881415529434,1.7491168277840143,564.0
6.760416666666666,0.9248501327567994,1.7037667998332087,0.2206048993021435,23.69509877550956,0.8478509195204369,15.973757908686178,1.7629423671630287,564.0
6.770833333333333,0.8997956808885839,1.6996448790867538,0.2223649831041618,23.389219840288398,0.8367784587959447,16.353210807902578,1.787115918567511,564.0
6.78125,0.8819007829760106,1.6962944595356628,0.22315983833686695,23.106552010871436,0.8271286551298492,16.76236117138894,1.8122639137028016,564.0
6.791666666666666,0.876356362478531,1.6995118357962673,0.22366068593265895,22.870059661910712,0.81977344519758,17.041870195204474,1.8318147878901754,564.0
6.802083333333333,0.8609411313827204,1.6927012270448853,0.2243094284926691,22.666785846261163,0.814487270919824,17.436970934025375,1.8587940741232498,564.0
6.8125,0.860260795893332,1.6924005959829675,0.22460321813311035,22.51123481082128,0.8119294734898052,17.832955959202025,2.082424949292316,564.0
6.822916666666666,0.8658305578680673,1.69862146262148,0.22492982968135847,22.403479190788232,0.8121365435745587,18.06928522268169,2.073411849968397,564.0
6.833333333333333,0.8861642528485868,1.7077964565652384,0.22651789978979395,22.32716665482061,0.8150320088940507,18.40372365423304,2.0675229732441545,564.0
6.84375,0.9233474910548769,1.7300464501220627,0.22844215136171583,22.2747679145714,0.8202769512473792,18.616415528281866,2.061373288727883,564.0
6.854166666666666,0.9501811662455724,1.7515577500337531,0.2307303614999064,22.23069191738001,0.8274327374568046,18.69497496376039,2.0567549425041047,564.0
6.864583333333333,0.9940108969660976,1.7815972310763994,0.2324200191696566,22.18532067408147,0.8353303138093185,18.360043135257985,2.0523694446302923,564.0
6.875,1.0249822350171367,1.8004984842359268,0.2339161546217925,22.128967415394285,0.8437594952112718,17.891367275976528,2.050510008626473,564.0
6.885416666666666,1.0364892321776449,1.8044914356049888,0.23473627765895266,22.053186296168516,0.852864407876963,17.543483669411117,2.0501877922112954,564.0
6.895833333333333,1.0636989415920672,1.8147494008432723,0.23411346383899173,21.964885776578797,0.8614304811695022,17.018604270725188,2.0489347070907415,564.0
6.90625,1.080999250883323,1.8164747377781096,0.23350059574837023,21.862028368677706,0.8697189091499551,16.514927213558494,2.049682717082562,564.0
6.916666666666666,1.0837378266343654,1.8080000617085294,0.23252930150163034,21.74015542523854,0.878029105010987,16.172568719885877,2.051594466754682,564.0
6.927083333333333,1.101415619044911,1.8081393922894753,0.23080075938913597,21.61510124800723,0.8853819950903866,15.747343171980795,2.0525289499790706,564.0
6.9375,1.1129345955841012,1.804559171022454,0.2296565353064144,21.48315567486793,0.8921855446109277,15.37703487518085,2.055477210396805,564.0
6.947916666666666,1.1146141277031478,1.795681982871171,0.2285605046648959,21.340559127596148,0.8986628065890757,15.132572972500242,2.059509821742192,564.0
6.958333333333333,1.129898445142713,1.7958862528132973,0.22742276809861425,21.20120562246963,0.904250033544867,14.866640284571725,2.0630863926221714,564.0
6.96875,1.1434670871674792,1.7970495479266315,0.22708139028296956,21.061306990567697,0.9092003049106034,14.644570785126975,2.0687423330700723,564.0
6.979166666666666,1.1502572434638287,1.7963222411200082,0.22709020606861413,20.917389856897938,0.9136476246091306,14.505914650416907,1.8267940066497357,564.0
6.989583333333333,1.1700515198862553,1.8048332732255812,0.2273942794726541,20.780963988369173,0.9172738125189012,14.349430689202403,1.8087574656059053,564.0
7.0,1.1899276808320147,1.8156849037293479,0.22858671452928542,20.647473139429906,0.9202613981691964,14.222750175144888,1.7908133248194866,564.0
7.010416666666666,1.2043490014189244,1.8258000737950906,0.23020299506575617,20.513834789479514,0.9226769386775014,14.151583776015128,1.774707342498782,564.0
7.020833333333333,1.2280376473150019,1.8441316516900652,0.23207967657683573,20.391271135032664,0.9243590334931302,14.04678682583693,1.7536205084029564,564.0
7.03125,1.2492564461947913,1.863808969254477,0.23470630922577176,20.275906964836683,0.9254472787000596,13.94311004444612,1.730875338031237,564.0
7.041666666666666,1.2654912044878075,1.8812842824370897,0.237777010367791,20.161744212713245,0.9260216341012768,13.884984623008943,1.7100320543644185,564.0
7.052083333333333,1.286542979662078,1.904184064255727,0.24087319282170683,20.057975691047865,0.9260842249803269,13.805612914056946,1.6843954023865026,564.0
7.0625,1.306283738481811,1.9266290817726694,0.2448790195449639,19.95479028887495,0.9256901025861886,13.77100364317616,1.6704384519589335,564.0
7.072916666666666,1.3266644359323287,1.9497993577208144,0.24898832809099972,19.852698016962858,0.9248338990659365,13.770176006188471,1.6771098540637657,564.0
7.083333333333333,1.3560194086844735,1.9785920068076053,0.2542356861926606,19.746586937047727,0.923438316209755,13.828604842238702,1.6862189700504482,564.0
7.09375,1.394087566827738,2.0156846806134405,0.2603375350889702,19.63936312367802,0.9214979927110456,13.918977923108333,1.6891303591193234,564.0
7.104166666666666,1.4329735728266606,2.0574257409873367,0.26723619944931276,19.53257087408005,0.919039883620644,14.017109351575309,1.690027216537617,564.0
7.114583333333333,1.478962006939287,2.106812737450166,0.27555543056037035,19.426609427396382,0.9160977080440992,14.104302507754147,1.6938840575783387,564.0
7.125,1.5277128513945144,2.161065447202485,0.28516729288783343,19.32116113032902,0.9126969088156006,14.176333370462778,1.6975235200758032,564.0
7.135416666666666,1.5747791011898193,2.2159890020839272,0.2956699288793318,19.21522213126216,0.9088371086193536,14.23987788485877,1.701230204055489,564.0
7.145833333333333,1.6269932975961137,2.275962709318028,0.3070621441738584,19.11291547347702,0.9047216847962664,14.269162665847729,1.7033186112398107,564.0
7.15625,1.6796382072102596,2.337348927343412,0.31953666399427966,19.013355948668014,0.9003829006890517,14.274146555380556,1.7073093059894229,564.0
7.166666666666666,1.728829821839091,2.3960421379453005,0.33282914111983175,18.913018096087118,0.8957075802752503,14.281997308897282,1.7135537052332324,564.0
7.177083333333333,1.7818327515947925,2.457567183087908,0.34621038837932167,18.81856440757403,0.8910544768491857,14.257867142528315,1.7171185950981986,564.0
7.1875,1.8323037230306658,2.5173086242242664,0.3606235253790328,18.726171461605375,0.8862881781303728,14.230667510775056,1.7243376664846084,564.0
7.197916666666666,1.8798124098433753,2.5734188837866694,0.3754401980533225,18.633064425502067,0.8812897768178162,14.218129737909603,1.73452282961392,564.0
7.208333333333333,1.9289446042338876,2.6305998875004395,0.3900360444832283,18.544278881878274,0.8763576011187337,14.195432062420883,1.4287323775962617,564.0
7.21875,1.9761867013575865,2.6857591882237557,0.40538638374361347,18.45672737060965,0.8713506850641777,14.179940893317198,1.417597188474571,564.0
7.229166666666666,2.0213683745822992,2.7376475086874983,0.42089275635935075,18.36842843742937,0.8661716770349484,14.179804379684077,1.4070740000143895,564.0
7.239583333333333,2.0659177871102026,2.789005994641269,0.4365570262238401,18.280165519076007,0.860879802161347,14.189383822246004,1.3974801389244345,564.0
7.25,2.1104360044714454,2.839428271773389,0.45263837518980893,18.190938698184574,0.8554286537523668,14.210310060788704,1.3882242693041174,564.0
7.260416666666666,2.1544674143536033,2.888119097248596,0.46869265373317365,18.1006747643394,0.8498263517957021,14.23915302286268,1.3794590409297987,564.0
7.270833333333333,2.1918676237908548,2.9335295882946335,0.4864328286440673,18.002261961373524,0.8436368239020465,14.301066922891154,1.3735317613063076,564.0
7.28125,2.2285425453149146,2.978173819517126,0.5045996501177976,17.894837781732207,0.8368076753616442,14.395994783866236,1.3739308981893403,564.0
7.291666666666666,2.271694141362732,3.025167715910823,0.5216620176075389,17.785460619557803,0.8298032159267491,14.488025654484186,1.3758110089359725,564.0
7.302083333333333,2.291870781526066,3.063439622492679,0.5430629328518759,17.656008137786138,0.8214835414899816,14.648531079573717,1.3801713015903583,564.0
7.3125,2.2911018276481303,3.094468040971227,0.5621777025944943,17.5106071442422,0.8121503345519716,14.862243581309961,1.3961524372408682,564.0
7.322916666666666,2.309573160652831,3.129068346004406,0.5781101901447598,17.361451201415935,0.8026429993240684,15.053621455055003,1.4109667274890287,564.0
7.333333333333333,2.173972289187362,3.112187135974073,0.5935070173666854,17.178478609800266,0.7911445234789563,15.372459693152036,1.4284083467684259,564.0
7.34375,1.9746793310229451,3.0645075099366563,0.5968470116579853,16.971411857458868,0.7784347257872354,15.796844669576421,1.79063057653343,564.0
7.354166666666666,1.8519644306103882,3.0318078481793513,0.593504140703143,16.76335900731489,0.7660598986404309,16.149409163884446,1.7427425581137477,564.0
7.364583333333333,1.5309253460961807,2.8915594902566712,0.5788010404276891,16.499498546562965,0.7510140473538424,16.939556240577524,1.767129881093654,564.0
7.375,1.2226499383015388,2.7095071677654072,0.5336308265864883,16.240421457920796,0.7370394437386764,18.081966127262827,1.7457774737886969,564.0
7.385416666666666,1.0403225009480155,2.5608499738983004,0.48376894013852706,16.057593566357593,0.7278412132082678,18.876869605259408,1.7697869804869426,564.0
7.395833333333333,0.8470751628987561,2.3680292309125623,0.43073729790384374,15.990012255328782,0.7250661256562695,19.570635378083207,1.8210435141211716,564.0
7.40625,0.7226865950488867,2.1884872261591783,0.37693829499816756,16.10610504140407,0.731524529983622,19.954900140610604,1.8628513425721198,564.0
7.416666666666666,0.6365580991185316,2.029804770165965,0.3325088001108901,16.42908883789936,0.747668994224767,20.066706407858092,2.0907730841740007,564.0
7.427083333333333,0.5850653565122391,1.8864554385916132,0.29498301339192096,16.95287831668043,0.7725976424729434,19.987795940818877,2.076797373107602,564.0
7.4375,0.5547262523260504,1.7607809882802847,0.26401866899514087,17.636948316415552,0.8039029263373566,19.735934489470274,2.067516178553968,564.0
7.447916666666666,0.5231300333512707,1.6431828401836368,0.23913230281488096,18.456886630130814,0.8399943905279428,19.502629328846023,2.0616756745275904,564.0
7.458333333333333,0.5253192741336675,1.5633005645718945,0.2199652561117159,19.30766135644293,0.8758979806353309,19.040203417069208,2.056583915584385,564.0
7.46875,0.5304448767082879,1.4931248129027332,0.2050006896059292,20.164535546927425,0.9104048302741441,18.532407671622252,2.0539274525141096,564.0
7.479166666666666,0.521116004655077,1.419200122852097,0.19246926983401938,21.030783517048672,0.9434375385869577,18.178634782045798,2.0527816392837073,564.0
7.489583333333333,0.5399338733534301,1.3728136481899709,0.18214829731560545,21.79420747309673,0.9708148375600252,17.61930314908888,2.050717820961325,564.0
7.5,0.5530541317486971,1.3243389185326697,0.1735696235624459,22.48868040300846,0.9941102793125445,17.082332387582678,2.0508378806825056,564.0
7.510416666666666,0.5484728239907224,1.2680846552309708,0.16586596178986746,23.14198045619413,1.0143991891861341,16.724177175697093,2.0520897951297807,564.0
7.520833333333333,0.5606819447590996,1.2254214122789826,0.15901455209333643,23.70309778579835,1.0303288165179347,16.334739519511665,2.0525061413157584,564.0
7.53125,0.5689045141094066,1.183544187942784,0.15318633885670907,24.203353428773205,1.0430993328998424,16.030340626171146,2.0543001565183867,564.0
7.541666666666666,0.5652349426622393,1.1409234197415918,0.1480040357621539,24.651037994000745,1.053064477208946,15.84064751728712,2.056417244218822,564.0
7.552083333333333,0.5736890849325256,1.1080785022339266,0.14348279383961018,25.028251289744432,1.0600142985904017,15.657006793701663,2.0579865438833784,564.0
7.5625,0.5811035683544777,1.0797042536782877,0.13967518868337847,25.341070237193996,1.0643396781652672,15.4769410001199,2.0600946716316884,564.0
7.572916666666666,0.5782119803989028,1.05086614522776,0.1364016936163477,25.602872052034677,1.0664130054078926,15.364029040018535,2.0629423053893348,564.0
7.583333333333333,0.5817156942679608,1.0277272744209196,0.13337314601087846,25.79999736478002,1.0664096925949025,15.182091535336006,2.0651524384271482,564.0
7.59375,0.5808195290280309,1.004358683317195,0.13075613910267952,25.949643534781384,1.064716196487874,15.01945130697005,2.069130635815312,564.0
7.604166666666666,0.5743131226668311,0.9809142992508493,0.1284147635440798,26.05842091118457,1.061453183358586,14.917930067254158,1.8401107727592145,564.0
7.614583333333333,0.5707281779518223,0.9605254394127865,0.12625642743171575,26.12664271835125,1.0568238970684756,14.842233597275094,1.8305295492768103,564.0
7.625,0.5672290137178104,0.9432658002973631,0.12444670263348168,26.158258000683883,1.0509067421370444,14.8039534184105,1.8220983217728386,564.0
7.635416666666666,0.56240670039781,0.9289157568980095,0.12296887029301916,26.155568026135022,1.0437860747820986,14.79804102339974,1.814807335252846,564.0
7.645833333333333,0.5586998835592518,0.91731650472254,0.12176139212643815,26.120399219602405,1.0354825724617922,14.827430306980785,1.8092294306862922,564.0
7.65625,0.5558026379771572,0.909705023862564,0.12091580735304305,26.054334109759523,1.026049328659142,14.885511113405956,1.8052418371934424,564.0
7.666666666666666,0.5538995373603829,0.9059730835443313,0.12041689429187456,25.960527276008296,1.0156866758600749,14.94666356913842,1.801566429980849,564.0
7.677083333333333,0.5501556064765165,0.9039282459552875,0.12021814733393484,25.838127301579064,1.0041572911828875,15.048483060290136,1.8011756570860082,564.0
7.6875,0.5436648285300413,0.9045964084827524,0.12033457877514465,25.688321870978136,0.9915022793261359,15.18852440496347,1.8035428742786386,564.0
7.697916666666666,0.5413429807993528,0.9098191080740784,0.12075147125412712,25.519082174408783,0.9782495525889502,15.307058537444524,1.8050898859135114,564.0
7.708333333333333,0.5243111196189763,0.9114409437284625,0.12137158063509686,25.321859263506006,0.9636079663647608,15.514318426534116,1.8134652815604713,564.0
7.71875,0.5076219428877748,0.9152432625732443,0.12215951731068357,25.104367597472606,0.9480232266167206,15.777173048903222,1.8249472144523424,564.0
7.729166666666666,0.5011971658018092,0.9249035881463848,0.12316921896582798,24.884567106515473,0.9325365809723744,15.981531444086938,1.8337545309255572,564.0
7.739583333333333,0.4926340805829055,0.9318323010520079,0.1246738092293211,24.637225065356134,0.9150367887830294,16.480261497205603,2.0882890442629756,564.0
7.75,0.4975337311903417,0.9489368059974613,0.12650664710216503,24.398834496140868,0.8975596525743753,17.10415097904799,2.0796449624324644,564.0
7.760416666666666,0.5093835745454112,0.9746580616271001,0.12870069732695022,24.20441795050079,0.8821134031544382,17.550820278175127,2.071119669752664,564.0
7.770833333333333,0.517738504070744,0.9980459100020495,0.1314899381776289,24.05333130942953,0.8680678959480398,18.15689431569148,2.065869338241283,564.0
7.78125,0.5291581338474305,1.0265366588476257,0.13441140547394434,23.972766053986085,0.8574933975985942,18.703400616237847,2.0595944660164585,564.0
7.791666666666666,0.5427564825098397,1.0580121062660939,0.1374440963155061,23.963267774871355,0.8513022976356794,19.008134260085146,2.063568639046278,564.0
7.802083333333333,0.5486410367550435,1.0833025924697317,0.1405752902090378,24.012943482784564,0.8495221932654369,19.442714358948862,2.087844287829703,564.0
7.8125,0.5617504057294004,1.1115079747468848,0.1435141207173722,24.10127913138754,0.8522859809409533,20.002690036054524,2.1117148935038763,564.0
7.822916666666666,0.5742670181622098,1.1378391715322413,0.1462824440347603,24.204418790084617,0.859008250379712,20.592101873412606,2.1326643784464747,564.0
7.833333333333333,0.595618760111508,1.164589240302588,0.14884237599101596,24.301903801539837,0.8688521780287976,21.059754730387095,2.1497466541663637,564.0
7.84375,0.6183725441055306,1.1890048532005775,0.1509873993017847,24.3787222789167,0.8807604678890445,21.272695427698363,2.1612776308926485,564.0
7.854166666666666,0.632073040802701,1.2054041780113451,0.1527278527057461,24.428579771255336,0.8942186864529618,21.4319152460544,2.1715276313503424,564.0
7.864583333333333,0.6509223160650781,1.2218721924560316,0.15335592121158764,24.44634667432774,0.9071545234863659,20.901640197606667,2.16687304835006,564.0
7.875,0.6565283000260673,1.2231489320595859,0.1532625256435335,24.438098391085187,0.9197427901912734,20.215178380438292,2.1577391539196227,564.0
7.885416666666666,0.6522447240992733,1.2120414692933645,0.1525163267945602,24.405548246258235,0.9323996410271392,19.776462252695108,2.1511326602278498,564.0
7.895833333333333,0.6565230648281495,1.2035146476160863,0.15085361631458835,24.356822969834198,0.9435502854419534,19.017990177812464,2.133677462200704,564.0
7.90625,0.6547657989337489,1.1865672279541117,0.1489429624741309,24.2950451972053,0.9537918837596292,18.283708920381873,2.1142513060846055,564.0
7.916666666666666,0.6461416644480951,1.1628131818090082,0.14677678651162443,24.22002027157286,0.9635364183124736,17.77633780829707,2.097950992367978,564.0
7.927083333333333,0.6476918526465131,1.1449085062177677,0.14431475042235628,24.142788889112794,0.9717506373610648,17.125630256275844,2.0737928524494897,564.0
7.9375,0.6449254625341182,1.1236664407854284,0.14196816234935686,24.062847459465157,0.9788986279759643,16.505514051681978,2.0480644962990078,564.0
7.947916666666666,0.6363973280586877,1.0990369836435483,0.13965418624437603,23.978094421902018,0.9852763055622282,16.013870207893117,2.0421299463611087,564.0
7.958333333333333,0.6350095823700976,1.0804048499733268,0.13734203092368,23.898114284024487,0.9902927847039319,15.465605727364926,2.0440196802125876,564.0
7.96875,0.6306847249447862,1.060972263087285,0.1353050053022661,23.81970471593766,0.9943109287826158,15.021254351251756,2.0472299727109617,564.0
7.979166666666666,0.6230029116066549,1.040589513969157,0.13340742459679428,23.740344937692697,0.9974680482288601,14.73406820480925,2.0512261758184303,564.0
7.989583333333333,0.6216513739192335,1.0258175562253646,0.1316727116343661,23.66598066789506,0.9995686876567558,14.48131882701262,2.0547956498045608,564.0
8.0,0.619788032252917,1.0123239000182218,0.13024348913173472,23.593683998293137,1.0007791202721652,14.298044435637166,2.0597857607300343,564.0
8.010416666666666,0.6158839605844098,0.9993706955840338,0.12900008212274705,23.521516748183082,1.0011310159473366,14.1965068165308,2.0657295654457934,564.0
8.020833333333332,0.6182978641511032,0.9920135097939767,0.12801186112120225,23.45326151521596,1.0006444358110909,14.102706315184403,1.8289353234010508,564.0
8.03125,0.6222818685331383,0.9874730730192548,0.12736502897820468,23.386823431529066,0.9993840392020619,14.037696069119841,1.8130319171943328,564.0
8.041666666666666,0.624391972478006,0.9841848583412377,0.12695141607752333,23.32047913872861,0.9973417541142723,14.015791824985804,1.7986906011345958,564.0
8.052083333333332,0.6334587927709205,0.9868369825033149,0.12686063847551357,23.257041540479367,0.9946625243139173,13.988208151036137,1.7820984072435275,564.0
8.0625,0.6441668687506432,0.9929659410041562,0.12712804578330267,23.19546803964025,0.9914039685756646,13.963542429947372,1.7646943019481705,564.0
8.072916666666666,0.6524569600286477,1.000256744820331,0.12766924978706956,23.133493748246206,0.987506124235897,13.965907329859217,1.7487834840565204,564.0
8.083333333333332,0.6662286849543047,1.0130633613947368,0.12848647801665325,23.07520827326886,0.9833200728985021,13.940060625022697,1.7287803725135633,564.0
8.09375,0.6805783448923606,1.0284066095623168,0.12968618288081046,23.017897293269286,0.9787642621011272,13.919635752768132,1.708451566321426,564.0
8.104166666666666,0.6932927553508894,1.0449120713212243,0.13114577518968443,22.959708524863377,0.9737508081631564,13.923121968474126,1.6895131942990296,564.0
8.114583333333332,0.7122003812676855,1.0669637458706651,0.13297622513779486,22.902159130751635,0.9684690450591839,13.93069212460016,1.6711093913362605,564.0
8.125,0.7344487369171413,1.0936446591223465,0.13526819320726838,22.843973524153146,0.9628647911301246,13.95194139731091,1.67504268399451,564.0
8.135416666666666,0.7564185686373968,1.123397315189173,0.13794483191512125,22.78446120257718,0.9569224836232507,13.98847297875344,1.6808234398016513,564.0
8.145833333333332,0.7844858891558164,1.1597286593461604,0.14110650591086607,22.726059494077774,0.9509448840127711,14.014505759778679,1.6834690955867362,564.0
8.15625,0.8143223016504902,1.2005443064592556,0.14480902244077648,22.66821125628887,0.9449360374058227,14.034231308486953,1.687918986165613,564.0
8.166666666666666,0.8436873771347119,1.2436695492140444,0.1490154902121274,22.60880380227652,0.9387260108990589,14.064099926383513,1.6945738365125198,564.0
8.177083333333332,0.8767985212917798,1.2923236086548617,0.1536687686721529,22.551742730088886,0.9327679947435995,14.074627265233417,1.6979878059101068,564.0
8.1875,0.9113455393274699,1.3442496716247896,0.15896874203158884,22.494676697192507,0.9268542494880988,14.086344023072755,1.7045697725949605,564.0
8.197916666666666,0.9472702340754935,1.398426421215801,0.1648352080870589,22.43594898958509,0.9208496303099079,14.110091995468204,1.713832849382466,564.0
8.208333333333332,0.9880466939621534,1.4580735674170082,0.1712964951890004,22.378213295000034,0.9150560656436375,14.129022029921236,1.719888180897869,564.0
8.21875,1.0320147150325667,1.5217310799078452,0.17856128698001397,22.31995976082763,0.9093450613501866,14.152534401389538,1.7295406663759518,564.0
8.229166666666666,1.078547564427834,1.5881157102190593,0.18659077489609538,22.259890475281185,0.903617873794463,14.185880762643132,1.4280060769426974,564.0
8.239583333333332,1.1294831930480687,1.6593601677918832,0.19539859838055723,22.2002623212695,0.8981104610020977,14.216416511474664,1.4171641205619816,564.0
8.25,1.18332237410383,1.7337302825281096,0.20517590611380704,22.13981177193144,0.892718217887308,14.249916370463538,1.4057197139383484,564.0
8.260416666666666,1.2398780662455904,1.80983741409395,0.21585718086904251,22.077447774611162,0.8873629356988652,14.289736154619531,1.3947188618985522,564.0
8.270833333333332,1.2933887760222622,1.8867908929766422,0.22773643425916726,22.009375352769837,0.8817599486567387,14.34864684927653,1.386236895943465,564.0
8.28125,1.3450828953253053,1.9653014246400657,0.24080374422987577,21.933438792328914,0.875804409849305,14.43104238084641,1.3828498143328392,564.0
8.291666666666666,1.4065385422912147,2.0487659210741804,0.25467459079945254,21.854848436004133,0.869957291453558,14.51195214644685,1.3814346730826692,564.0
8.302083333333332,1.4441285877029557,2.12680473827471,0.27086108789612356,21.75868242998196,0.8632164705070939,14.645586112502217,1.3829607256194274,564.0
8.3125,1.4561587827807243,2.2011446797474123,0.28810534611290345,21.645410222820093,0.8558137659307757,14.834887407975883,1.3971950882814428,564.0
8.322916666666666,1.4940203292036043,2.2848592776281587,0.30591321874110666,21.528258704891826,0.8487033259653114,15.013842809144233,1.4124062627729648,564.0
8.333333333333332,1.3945213437919415,2.327770656772534,0.3268079078372689,21.37013829088648,0.8398617285071331,15.378495279228003,1.4330983314741188,564.0
8.34375,1.2600753722861557,2.357386476219966,0.345980528957323,21.18546320958178,0.8304372814132874,15.933265146480485,1.7944319115635907,564.0
8.354166666666666,1.2049837196347344,2.4086189380642584,0.3644065554280425,21.004290865549443,0.821939375619267,16.430624849620962,1.7332610683882117,564.0
8.364583333333332,0.9910201265519734,2.360078163761227,0.37840118605727696,20.783129979499325,0.8123506868522687,17.394212284620526,1.7554874026443439,564.0
8.375,0.7993237820418022,2.268738340463432,0.37336939747237285,20.594119061191133,0.8047425550983267,18.684179651354597,1.7799987000130297,564.0
8.385416666666666,0.7003932357198165,2.1935578694422926,0.35964914488687966,20.506812850852384,0.8015125058200142,19.47253518943762,1.825537494512699,564.0
8.395833333333332,0.5870139440494905,2.063986332161639,0.3367060678125453,20.56808377383269,0.8040561940195193,20.106103330938684,1.8804160936156924,564.0
8.40625,0.5228739670983487,1.9375409320717383,0.3077382479643182,20.818273804047948,0.8134412176632417,20.372005849037674,2.086553798062732,564.0
8.416666666666666,0.48029353439824896,1.8190942384447686,0.2809067545668766,21.262598071982136,0.8293991685131669,20.386786487539336,2.0715953599606074,564.0
8.427083333333332,0.46254393254744264,1.7157781264694152,0.25642206448325244,21.86134243663144,0.8500503107014221,20.123511797335112,2.0617697461456976,564.0
8.4375,0.45241652721273246,1.6178791716676115,0.2349904987692276,22.573836573772294,0.8735645901184355,19.739999145796542,2.0589914551874444,564.0
8.447916666666666,0.4373635251382313,1.5210694690137814,0.21674113027950528,23.37586880419833,0.8986952665550416,19.461242363724715,2.0698463323628085,564.0
8.458333333333332,0.44609138618263255,1.4561405434792485,0.20225684851853268,24.1754535067402,0.92226506778937,19.12942205503724,2.0752100846732566,564.0
8.46875,0.4552480983543728,1.3978066815542798,0.19065411742841726,24.958377717663495,0.943767765145652,18.86292457969347,2.0784906166230996,564.0
8.479166666666666,0.4527354970180417,1.3364355838547621,0.18072470872402452,25.718570987755864,0.9629623541783023,18.73681399234709,2.0831985761514846,564.0
8.489583333333332,0.4701075777429236,1.2970235931885579,0.17254553417032858,26.3877708127069,0.9782792101368504,18.449114167989997,2.080146334438431,564.0
8.5,0.4851645541892373,1.2588919524295863,0.16571352413080628,26.979405559759996,0.9903684118550925,18.1228619193011,2.0748498974225873,564.0
8.510416666666666,0.4863373806802656,1.215116847833384,0.15959164780771784,27.505920831052105,0.9997201702416003,17.884407468898274,2.0714754220372478,564.0
8.520833333333332,0.5036825292382917,1.1860162903191487,0.1541609796687652,27.924784895044446,1.0059268421179435,17.446979154859577,2.0593853593840272,564.0
8.53125,0.5154041535944746,1.1544735500020835,0.1494310911005479,28.26561629341077,1.0098356181146437,16.985108992432714,2.045432665628018,564.0
8.541666666666666,0.5143793439295609,1.1178620654435891,0.1450723933005534,28.544803561620366,1.011830685828621,16.606496506411645,2.0446796736373583,564.0
8.552083333333332,0.5216463647120485,1.0881166817086176,0.14106524904633824,28.75393693031591,1.0120236816694723,16.228819802767102,2.0455411080009096,564.0
8.5625,0.525437387332216,1.059140367277783,0.1377048379725595,28.909275200973077,1.0105372100506556,16.03152610629201,2.0473005094222634,564.0
8.572916666666666,0.5253059695783309,1.0346553612245042,0.13478852575457315,29.005049026618998,1.0074122307735134,15.929792148541003,2.0483026953149177,564.0
8.583333333333332,0.5312815123780289,1.0157729938633544,0.13279795259408425,29.04378466374653,1.0021049340363075,16.13880963495605,2.0501108357227373,564.0
8.59375,0.5476465190815708,1.0130058682438359,0.13183182097788274,29.01034937102896,0.9945184304066286,16.522688921235932,2.050002230567819,564.0
8.604166666666666,0.5629039371877953,1.0209051080945029,0.13170771039504997,28.905265139394356,0.98519538459603,16.833921899656794,2.0492443248848455,564.0
8.614583333333332,0.5891411051701638,1.0374151436414705,0.13292330723646195,28.711865505370056,0.9732603821757893,17.39256136041877,2.068277217843692,564.0
8.625,0.6280873966795576,1.0704992481232372,0.13528739917514954,28.429513268247874,0.9595578242009412,18.1802488666684,2.093525337318982,564.0
8.635416666666666,0.6630630302917826,1.1116438211979474,0.1384220001941948,28.075597800874817,0.9455288393660846,18.97599614584334,2.114926439788181,564.0
8.645833333333332,0.7013700799041787,1.1576487002621747,0.14295638908496314,27.614297985765333,0.9307565773210749,20.208141084745083,2.146524844839235,564.0
8.65625,0.7427749131546499,1.2150855341007254,0.14838413744438167,27.06582017984423,0.917172643071287,21.479345049375436,2.176764110459058,564.0
8.666666666666666,0.781660346609701,1.2775775033558388,0.15447407570232144,26.453605821250388,0.9061454722965393,22.387713751317833,2.200750989846515,564.0
8.677083333333332,0.8077785415000776,1.3352905229338807,0.16124696184048032,25.75849822045693,0.8979566720362291,23.331070670596894,2.226029908663852,564.0
8.6875,0.8251450683385446,1.3918553875351687,0.1680904528438037,25.013400908698696,0.8933747925133302,24.01748461546567,2.4554164760247783,564.0
8.697916666666666,0.8461859174171479,1.4482765664044086,0.17515788130990592,24.237597567248667,0.8924182235466137,24.440268690464837,2.4538469043831976,564.0
8.708333333333332,0.8336646222188773,1.4868224170967606,0.1810905616878577,23.460900190656993,0.8947793102344547,24.552917531686813,2.452299532135598,564.0
8.71875,0.8140392544249703,1.514507107841029,0.18617343652678783,22.698156627597413,0.8999984423829295,24.53066893619053,2.451229285442157,564.0
8.729166666666666,0.807595789175691,1.5403674783519359,0.190857526096092,21.95984984049315,0.9077023993880544,24.546136544666467,2.4506573054063967,564.0
8.739583333333332,0.7942596451611487,1.555087460969368,0.19457984476957738,21.252246907908088,0.9177137315793238,24.76703154963809,2.450669872797195,564.0
8.75,0.7857147104256363,1.5665537044707836,0.19767066549955814,20.592417988588096,0.929852180232642,25.154356049791485,2.4508108005106872,564.0
8.760416666666666,0.7872207060727514,1.5816680627077213,0.2003324332434025,20.009605418908617,0.9436284326356024,25.388534375185355,2.4503479710098577,564.0
8.770833333333332,0.7820748985301527,1.5834151194629242,0.20332271731051835,19.467161640930392,0.9603516482935933,26.66808963766523,2.4528455206619255,564.0
8.78125,0.7940316836324391,1.5954322924285882,0.20599357953960815,19.00772915693106,0.97944697890926,28.09639476383493,2.4538601582822164,564.0
8.791666666666666,0.8108204945830334,1.6149947482948017,0.20835580513875934,18.650638825668768,0.9999639724053112,28.80582540203232,2.453264164473512,564.0
8.802083333333332,0.8288924747256614,1.6292884672831973,0.2114082588434616,18.368213923152958,1.022890002090893,30.149299844433507,2.4653665481868305,564.0
8.8125,0.849771739479233,1.6486398345821816,0.21362043993481283,18.164713768999235,1.046629259864184,31.957412773775015,2.4892405100592994,564.0
8.822916666666666,0.8628688288257184,1.662662991407041,0.21536327564599728,18.023103088319086,1.0705738069744501,34.07741339331982,2.513869319279926,564.0
8.833333333333332,0.8688067264254521,1.6699195985901305,0.2158611565999102,17.930642758282513,1.0936144240052956,35.46794044486661,2.5328252623991956,564.0
8.84375,0.8697500439759035,1.6693189123014973,0.21542853785827373,17.873860841409165,1.1151915013772538,36.31404732329707,2.5476862978690082,564.0
8.854166666666666,0.8668605343435156,1.6620689298033384,0.21435249804765327,17.84157459037106,1.1350015233162754,37.10394438338816,2.5617042667512804,564.0
8.864583333333332,0.8722757025334664,1.659047567614752,0.21275587233938303,17.824706593846063,1.1522086245198524,37.12849279768174,2.568306882706104,564.0
8.875,0.8762590443991781,1.6537587516319054,0.2110545621647282,17.81388695326993,1.1668164917764299,36.92215884136517,2.5710017767199638,564.0
8.885416666666666,0.8736318307848796,1.6428563975021773,0.20921696510757776,17.800543029755488,1.1788936443054254,36.98712933389875,2.574335925662595,564.0
8.895833333333332,0.8905803244893011,1.644034475627142,0.20631372518588703,17.779011113105344,1.1875126378066712,35.01798838543045,2.557368498424294,564.0
8.90625,0.8979817717041967,1.6324591899589636,0.2028962338262793,17.74489319264631,1.19328867928105,32.86123356605791,2.532565475540204,564.0
8.916666666666666,0.8878374013007084,1.604718818579058,0.1991506474439828,17.69240570847831,1.1965783067367444,31.596686127853605,2.5126557928419575,564.0
8.927083333333332,0.8960274604969832,1.587787915248821,0.19413155553612685,17.626749461034972,1.1972731890407515,28.740686888227152,2.473319722659997,564.0
8.9375,0.888129816388396,1.5564534311835556,0.18915349927448197,17.545910363769682,1.1959337672779584,25.850876184878913,2.44144481396933,564.0
8.947916666666666,0.8684176810234251,1.515283195299575,0.1842482178256555,17.444930562647173,1.1926100905170458,23.77528547490423,2.4413644555801235,564.0
8.958333333333332,0.8597899883792863,1.484443178982241,0.1790200494307804,17.335565012607024,1.1878920749180006,22.024948338497293,2.439539850092726,564.0
8.96875,0.8436322577691945,1.4489978841170794,0.17448065582922645,17.213831371386803,1.1818295865047288,20.853660643095566,2.439627768401645,564.0
8.979166666666666,0.8238906266526644,1.4119182480483912,0.17038013376591288,17.07569336456154,1.174262184032866,20.242149618100136,2.440783131093141,564.0
8.989583333333332,0.8193905930559254,1.3869029703455609,0.16671080819031847,16.93149691491647,1.1657831824830058,19.588235618577247,2.4406908154920637,564.0
9.0,0.8156876688078407,1.3647059597651483,0.16377624469602092,16.778995453092456,1.1562926396305266,19.026516821217342,2.4415705716797316,564.0
9.010416666666666,0.8078963866628736,1.3431303483181756,0.1613456794270698,16.614852790114846,1.1455597998001692,18.681651151645376,2.2163546745656886,564.0
9.020833333333332,0.8140781734151662,1.3327029263071721,0.15935625033738002,16.451499028101352,1.1344099959802785,18.203571819117055,2.196212694699368,564.0
9.03125,0.8211175910839416,1.325085236650693,0.15804506376414582,16.284789767913,1.122611554133944,17.761016256811956,2.1762708488207876,564.0
9.041666666666666,0.8231860787088282,1.3179869263068698,0.15715837925564358,16.11103648163611,1.1099319207668386,17.4611921526995,2.1586085378240294,564.0
9.052083333333332,0.8385092860292895,1.3213495357937295,0.156771301166127,15.94030066969845,1.0971649881401455,17.09607172375752,2.1379727731466702,564.0
9.0625,0.8542374729063728,1.3286648815438038,0.1569492865083393,15.77165896361831,1.0843311477567015,16.70755938483027,2.115960566051515,564.0
9.072916666666666,0.8642833710401493,1.3361728932114791,0.15759946231613425,15.598822035982455,1.0710284770244274,16.412383788982414,2.096079189476974,564.0
9.083333333333332,0.8819262495325499,1.351720544711054,0.15850258724279728,15.43584955118369,1.0584218297415229,16.006291155472677,2.070832146409611,564.0
9.09375,0.8977357588735728,1.3686747110380362,0.1599806232536833,15.275431892364855,1.0460229811628987,15.609070845036774,2.0449413833336956,564.0
9.104166666666666,0.9108109463303152,1.3861126660357836,0.161848699645187,15.112063633552332,1.0334734073974832,15.27349125028223,2.0411019671003805,564.0
9.114583333333332,0.9317883034874003,1.411664593980673,0.1640220120795277,14.957667118749237,1.0217410922266215,14.895812027971683,2.043416446967021,564.0
9.125,0.9532350994287733,1.4403669735267959,0.16682779607879025,14.806993497542116,1.0104573832227493,14.576075065582632,2.0466431620945422,564.0
9.135416666666666,0.9734474790186354,1.470432430450051,0.17018036805283182,14.653681838513458,0.9991815030518326,14.367301393519359,2.050656623950393,564.0
9.145833333333332,1.002474051860439,1.5088356001557686,0.1739078489839661,14.509752816701047,0.9888096113083534,14.16768733126874,2.0542964409010724,564.0
9.15625,1.033520785301917,1.5506045520083063,0.17843260594771548,14.36875817044953,0.978865499468005,14.015360158061405,2.059558794923567,564.0
9.166666666666666,1.0642167087912628,1.5941435785592875,0.1836263039349575,14.22550710033154,0.9689890700949949,13.930506438489017,2.0661294168346243,564.0
9.177083333333332,1.1046055197833753,1.64589895545416,0.1893918139637983,14.089409319968867,0.9598182751586678,13.846526501593965,1.8205693001286536,564.0
9.1875,1.1465276915311673,1.7014586825263223,0.19617003014412143,13.954984970006532,0.9509592464243848,13.791324174301574,1.8022865782881394,564.0
9.197916666666666,1.1891714741718047,1.7596973617691674,0.2038493383168554,13.818983515941772,0.9421896528427651,13.77570599450431,1.7853163177879778,564.0
9.208333333333332,1.236723837828898,1.8249627427755577,0.212470223057747,13.687104274370204,0.9338617274211733,13.765265747904254,1.7664954941679536,564.0
9.21875,1.2869487822479917,1.89496966722038,0.22240376800633108,13.556905178532135,0.9257990333925948,13.769327218446735,1.747535105287998,564.0
9.229166666666666,1.340258075423968,1.9681483556602224,0.23363470883197027,13.425987698596206,0.9178401795763045,13.795645598809786,1.7296131318988914,564.0
9.239583333333332,1.3971268500969116,2.0467104234279097,0.24590295185735037,13.302029797912388,0.9104315622490118,13.80764013001515,1.7085571267197266,564.0
9.25,1.4544863577065814,2.1265356793309125,0.25966068287747757,13.181472956783029,0.9033361939702304,13.822075588434206,1.6868638430969956,564.0
9.260416666666666,1.5142164279384895,2.2062651740858934,0.27478573102304343,13.061087345165292,0.8963512461630355,13.852471460556167,1.6706366094351457,564.0
9.270833333333332,1.5671574500483336,2.284460349098472,0.29168762627681116,12.934519305162246,0.889107414476116,13.922788558438095,1.6784738787799973,564.0
9.28125,1.617086344450266,2.3629243290673503,0.3104704660816906,12.798300989437518,0.8814155349761552,14.046295769959471,1.686981553803444,564.0
9.291666666666666,1.6809888362863399,2.448087556086747,0.33032230897453985,12.663674299501992,0.8739081746726891,14.174888247897774,1.6842584682256996,564.0
9.302083333333332,1.7124494286914704,2.5242239669743225,0.3545187425875251,12.507268555404659,0.8652857457201424,14.411450335968334,1.696418014778888,564.0
9.3125,1.708947385592456,2.5939652412718455,0.3797971765408504,12.338212181450178,0.8560528872156401,14.739044118901065,1.698524182138566,564.0
9.322916666666666,1.7381749092987369,2.674874840053143,0.4058134910425239,12.176587657072368,0.847259667420222,15.042329369783403,1.6861598351796712,564.0
9.333333333333332,1.5925381958311198,2.6979052647004518,0.4343025140971238,11.991961719047774,0.8371446020366923,15.543830588927339,1.7119616563192372,564.0
9.34375,1.4110044528649996,2.6996606974926585,0.45644673281494547,11.8137238841999,0.8270630760903535,16.13159806190138,1.7479228459551626,564.0
9.354166666666666,1.3229875040872445,2.722053858768235,0.4757846727113085,11.671263438446923,0.8182914656727405,16.578978522856286,1.7769149342082196,564.0
9.364583333333332,1.0937945144280135,2.6492543375805133,0.4833823696789999,11.566127481392604,0.8099444854166796,17.304384961677805,1.8262832616302191,564.0
9.375,0.8835940160820936,2.530189015496709,0.464792876087808,11.562129974941877,0.8042752765415548,18.10347543065722,1.873928602862163,564.0
9.385416666666666,0.7657592167067724,2.4231242603647276,0.4356628728451481,11.706352761233568,0.8028781811600563,18.617916057917622,2.081010166414312,564.0
9.395833333333332,0.636695810155495,2.264865001295965,0.3962041413378187,12.062709764440818,0.806900078658744,19.133456863790162,2.070049568495978,564.0
9.40625,0.5591345417596818,2.1077765419001273,0.3520814819057882,12.659068435381588,0.8171282192542322,19.445575734158272,2.062211861337634,564.0
9.416666666666666,0.508450863653032,1.964362440437204,0.31337428870939926,13.501150419999497,0.8333013164111567,19.574241247015657,2.0772468323984126,564.0
9.427083333333332,0.4868110746909292,1.8379822623000484,0.28020974228462353,14.559739160325986,0.8541549344024713,19.67626714268664,2.0976313475338317,564.0
9.4375,0.48093056344203133,1.729906986701706,0.25275967790730336,15.759400937780867,0.8773621577620558,19.710688104006547,2.111775893884251,564.0
9.447916666666666,0.46496058790868394,1.6204721420315076,0.2302697022912266,17.104116011240507,0.9021428170658485,19.83760398537781,2.125991186417662,564.0
9.458333333333332,0.4807013980615064,1.5517081810372795,0.21268653791206274,18.4014021803341,0.9243759036604592,19.501530399991402,2.1253550026884147,564.0
9.46875,0.4905373260160704,1.481056766831571,0.19849846855225134,19.68616380073905,0.9444468261677355,19.062743312634872,2.121339147566146,564.0
9.479166666666666,0.48452152823704575,1.4031962655260857,0.1861867358058153,20.98724227562177,0.9624967919806454,18.770811963304595,2.1195483791317677,564.0
9.489583333333332,0.4954462238869218,1.3429835834168504,0.1757535701730102,22.214305108535765,0.977140769034474,18.41069984825934,2.113237714460786,564.0
9.5,0.5046412357996355,1.2865435656652657,0.16699799611691526,23.386994295352178,0.988699682177072,18.09204665039892,2.1068180792201368,564.0
9.510416666666666,0.5020033006304059,1.2297012183946092,0.15936744115864224,24.511856544099473,0.9972478633239491,17.875068829557875,2.1022618051817217,564.0
9.520833333333332,0.5159371241824992,1.1878107648931389,0.15288995566895197,25.522438691398868,1.0024881288008844,17.575412584904544,2.093552965886963,564.0
9.53125,0.5295717424372933,1.1502489114676675,0.14747489943085637,26.43862312696764,1.0048939651120203,17.27116886104293,2.083996959773007,564.0
9.541666666666666,0.530739289082226,1.111350436634909,0.14273091775615854,27.278398810589053,1.004724936937216,17.040492581906836,2.0763778143468268,564.0
9.552083333333332,0.5444962242234906,1.0818146574045282,0.13858906814819552,28.00407485475163,1.0022689453245168,16.762885956886215,2.065837517690022,564.0
9.5625,0.5554418544819499,1.054623549935673,0.13509748713891262,28.638946370733446,0.9977813882851302,16.51452332978954,2.056110719802916,564.0
9.572916666666666,0.5568588959048452,1.0279318021150592,0.1320454617211599,29.186114133625164,0.991421357094048,16.308751937960803,2.04798086587973,564.0
9.583333333333332,0.5636664071466029,1.0061955876494675,0.1293889139415363,29.638116532519003,0.9834645592975928,16.11260118327899,2.043810688500015,564.0
9.59375,0.5697175169950528,0.9882662135501387,0.12721316693316442,29.999382800698726,0.9740388044156949,15.949858864674074,2.0446956104370617,564.0
9.604166666666666,0.5705170782581606,0.9726594294580174,0.12542009477323143,30.269041257228093,0.9633601689076846,15.834895460355538,2.0454606244193476,564.0
9.614583333333332,0.5754712790660605,0.9607064916427034,0.12400263243007309,30.451450622412864,0.9513874964423401,15.807770480080928,2.046270707837791,564.0
9.625,0.5823974072996341,0.9539601316957279,0.12300673206665162,30.54396164329285,0.9384133886094675,15.834310409710293,2.0466635581547825,564.0
9.635416666666666,0.5865720467179713,0.9505589816700424,0.12237956824673946,30.54920391522929,0.924824963932801,15.870969829442723,2.0467421695817944,564.0
9.645833333333332,0.5890060834620374,0.9487586193222264,0.12212952797577384,30.468722993012875,0.910211535391882,15.999379820676257,2.047187331536942,564.0
9.65625,0.5903891383303935,0.9516642812475439,0.1222662700579751,30.303504644771053,0.895021495247904,16.17741387101878,2.0474580185088507,564.0
9.666666666666666,0.5938205454936539,0.9596304818554297,0.12276717043536597,30.06613496504367,0.8799878667576372,16.31851864743166,2.0510762121012442,564.0
9.677083333333332,0.5879763412571882,0.9668312478619308,0.12362037485683774,29.751825311068536,0.8646318576236227,16.558493516323228,2.0620254743158206,564.0
9.6875,0.5777415631222543,0.976622998321539,0.12466420240408899,29.38133193037229,0.8498827153610952,16.83309805704969,2.0730274592567253,564.0
9.697916666666666,0.573910842719295,0.9901148397390908,0.12598596165813863,28.971702611604695,0.8361653351479313,17.108605901681404,2.08272356414093,564.0
9.708333333333332,0.5468949361249467,0.9951956507774407,0.12712575954148136,28.531384825370477,0.8235942365486345,17.394866211186194,2.0926307729096525,564.0
9.71875,0.5173613250698794,0.9970109554539366,0.12816392664464873,28.067712452106818,0.8123353989916291,17.715567409486678,2.1038504010242187,564.0
9.729166666666666,0.5025361400399799,1.0028527733587114,0.12920499314576972,27.601788411520168,0.8028632008601018,17.989927241474042,2.1135244159633793,564.0
9.739583333333332,0.4804387381460866,1.0020864071426212,0.13040181067093912,27.094482908613024,0.7946050640394018,18.652893407441447,2.135533309519261,564.0
9.75,0.47017650087006396,1.0096140635676438,0.13175629612372583,26.586616280041092,0.7886134872186308,19.501879004066936,2.160176989158092,564.0
9.760416666666666,0.4708048415472134,1.0261137001452707,0.13339394009045047,26.11600522165471,0.785393115798225,20.173438016137997,2.1802821276880264,564.0
9.770833333333332,0.46982772437871084,1.0394974411953781,0.13536484620732983,25.662814691801366,0.7849083956782821,21.06769752149141,2.206345692151088,564.0
9.78125,0.476486239102508,1.0582980854718282,0.1373968389573049,25.25733388816125,0.7873324504602,21.89758748918656,2.2302931676456796,564.0
9.791666666666666,0.4851391344729758,1.0790514974936354,0.13944247960343165,24.910347205844868,0.7923572607332762,22.446789917112717,2.450203657399463,564.0
9.802083333333332,0.4959055775995427,1.096664575029163,0.1414864727097439,24.6083926900467,0.7998534841820386,23.070926566884584,2.4495084136137235,564.0
9.8125,0.5140929480121582,1.116952403112951,0.143329506107664,24.356832739963295,0.8092570307249063,23.52880032746036,2.448329007359304,564.0
9.822916666666666,0.5276172852247668,1.1337590185345474,0.14491282736222905,24.150036238295716,0.8200815652293266,23.8103721347518,2.4473206466781563,564.0
9.833333333333332,0.555924766434271,1.1536933983954416,0.14638041470363597,23.982441352223695,0.8318836608304817,23.972943089991226,2.4464874295885144,564.0
9.84375,0.5857294983754328,1.1714729444820913,0.1475101356080592,23.85042754027748,0.844178242403081,23.99500868867685,2.4456172273163514,564.0
9.854166666666666,0.6031379683901499,1.1813424287981056,0.14822883207834964,23.74900906578216,0.856738139791807,24.023772730352636,2.4451504501232977,564.0
9.864583333333332,0.6254504570342153,1.1924133615848735,0.14848594688522546,23.678177378171583,0.8687009983062327,23.6587273376076,2.44362137789651,564.0
9.875,0.6399484386665384,1.1964206604097218,0.14842555857451348,23.63133548954855,0.8800631453857756,23.237225958136225,2.4428477295513895,564.0
9.885416666666666,0.6446680991698089,1.19308741825463,0.1480406523157222,23.603849503957743,0.8908345656824466,23.021514818507608,2.4427893574331936,564.0
9.895833333333332,0.6555064364241897,1.1927384649914299,0.14714334786974068,23.592857026315713,0.9000438513289667,22.35677146255242,2.4409931408749626,564.0
9.90625,0.6587837523581139,1.1851950144989127,0.14601010065969203,23.592579089682438,0.9078962338148374,21.638856464948944,2.4402073698985935,564.0
9.916666666666666,0.6540926145031338,1.1703726970253503,0.14466317982605584,23.599315412275054,0.9145811753471692,21.2347539712664,2.440569451410261,564.0
9.927083333333332,0.654813206664785,1.1590052943971998,0.14291110953217762,23.609024541528527,0.9194970645837987,20.535808698322356,2.4392015160048914,564.0
9.9375,0.6520478461504101,1.1433223975957627,0.14118889641076451,23.61922079523389,0.9229530409697834,19.89681842672843,2.439139354406559,564.0
9.947916666666666,0.6447938266432583,1.1240339419329348,0.13941902800427441,23.628077020606742,0.925006334765942,19.51978829988653,2.4399201283373047,564.0
9.958333333333332,0.6481497020339692,1.1113213147293992,0.13765781993109802,23.633332497465645,0.9255494421217215,19.018875252147147,2.439537499239178,564.0
9.96875,0.6500798961907427,1.0983184671980235,0.13609359404719945,23.63404841922865,0.9247382460752702,18.532460420586908,2.43997210346095,564.0
9.979166666666666,0.6466674559738649,1.083274154850034,0.13464397079166862,23.629013362534735,0.922579669951786,18.220827555119953,2.215059564488149,564.0
9.989583333333332,0.6498930605741968,1.0738873851009545,0.13311795318305664,23.618357194307478,0.9195003832716113,17.65750790047757,2.194118976063609,564.0
10.0,0.6476161743589288,1.0611203717817346,0.13175002331272392,23.60178750765463,0.9156066436010084,17.098073048350678,2.1720362799202126,564.0
10.010416666666666,0.6407293881377834,1.0451496923013353,0.13041351125028275,23.577767300056188,0.9107951283803927,16.716021198585,2.152765603558982,564.0
10.020833333333332,0.6403550283059016,1.0341029276606255,0.1290730172295765,23.54814957905147,0.9056181781949858,16.27047949890769,2.1282698584905075,564.0
10.03125,0.6399265112075105,1.0235189967639156,0.12798897297463108,23.511581724522138,0.8999528225164201,15.883793337138185,2.103848923984654,564.0
10.041666666666666,0.6373650277114127,1.0131193811786974,0.12704816043899123,23.466295438343394,0.893691811714735,15.60133184298799,2.0815583626690013,564.0
10.052083333333332,0.6430752314649097,1.0091256248942775,0.12636387716633105,23.41425958018858,0.8872304037352988,15.312374218816025,2.05692454454044,564.0
10.0625,0.6505024667533144,1.0085653856879833,0.12606981982157014,23.353494540611113,0.8804125175217785,15.060568879893827,2.0398375155077604,564.0
10.072916666666666,0.6561230679826277,1.0101736227861882,0.12603949344399673,23.28268894414629,0.8732131120475605,14.844846893479023,2.0422505292721995,564.0
10.083333333333332,0.6694217915246721,1.0189576906834146,0.12651751265156172,23.201042920049744,0.8656770040431777,14.678422331643523,2.0449613519258856,564.0
10.09375,0.6870781694825254,1.0344748553766876,0.12752605529859404,23.10769356159549,0.8578471586113744,14.574844081493165,2.0475757066658264,564.0
10.104166666666666,0.7038592273554423,1.0542474189939108,0.12896311026039686,23.002297684988026,0.8498100437684684,14.52424823838758,2.0500416962495778,564.0
10.114583333333332,0.7263381927073629,1.0813984717359777,0.13093513025188927,22.88827531472922,0.8418937503441796,14.480700217995999,2.052207791191107,564.0
10.125,0.750305531858635,1.113326666226545,0.13344378004469237,22.764744342212186,0.8340729445145494,14.448238872498022,2.054793727052891,564.0
10.135416666666666,0.7732180408260688,1.1477935856854493,0.13638564045481996,22.62936907855741,0.8262619461706036,14.4405026378785,2.057747103203836,564.0
10.145833333333332,0.80161425245355,1.1887771266081697,0.13989239855610158,22.484105703790863,0.81863456427147,14.44030604202564,2.060612438731972,564.0
10.15625,0.8341320976959122,1.2357570933891524,0.1440758564006343,22.32637301680637,0.8111148960813216,14.460933070185199,2.0637858673113407,564.0
10.166666666666666,0.8684326441630333,1.2875880829757322,0.14883825905532055,22.157118588402234,0.8038140425151415,14.492757380304553,2.0668253875340055,564.0
10.177083333333332,0.9105289528481405,1.3478554085856342,0.15454161618348675,21.974690943085566,0.7967250445262706,14.541063908712802,2.069883821473618,564.0
10.1875,0.9590738256602951,1.416530312818504,0.1612425749081012,21.779740843807065,0.7899388611195031,14.599044070333132,2.0726637895808664,564.0
10.197916666666666,1.0104031463080139,1.491329253794834,0.16889611352080153,21.574483954585947,0.7835783964657156,14.654659237973053,1.8411373123373844,564.0
10.208333333333332,1.070174830429588,1.5751322312270322,0.1781776268124805,21.349982829407416,0.7774490619707638,14.74674104109322,1.8402774114508673,564.0
10.21875,1.1396490990810386,1.6697782364471732,0.18921471506154497,21.10658141315716,0.7716895900394865,14.87025477208193,1.8419647063282385,564.0
10.229166666666666,1.2151791014027826,1.773335559067619,0.20187748179857923,20.854489570995483,0.7666162392804211,14.976228044284444,1.842377043007381,564.0
10.239583333333332,1.2966570409540592,1.885772799718274,0.21810828820680717,20.564594777254918,0.7618238022222116,15.188855506430063,2.079493793786574,564.0
10.25,1.3922406839767743,2.013414981774036,0.23755993344984716,20.25039624179662,0.7578134025592224,15.448222397546989,2.07684438813257,564.0
10.260416666666666,1.4973574338477482,2.152027493142951,0.26032823194667026,19.93003756002432,0.7549335414724968,15.653669878703138,2.0731745395715713,564.0
10.270833333333332,1.5880837253057585,2.2921461486051897,0.28994228335714056,19.565961907817993,0.7530923721627487,15.98543676541831,2.0708494090490874,564.0
10.28125,1.6771813362914243,2.4403473537801808,0.32525781916553864,19.178072777657803,0.7527668080131156,16.357809158035124,2.066408308679142,564.0
10.291666666666666,1.784839406737878,2.59742642694349,0.3665819024176777,18.790639557937578,0.7540998545713391,16.62153128086366,2.061596404198736,564.0
10.302083333333332,1.830921888531808,2.735351335946746,0.41957172179092783,18.359186193039733,0.7575140605624673,17.05941788167151,2.0590127845436825,564.0
10.3125,1.8221890529005351,2.8562877839840115,0.4809524902259325,17.895436614292727,0.76344077941237,17.674271248275126,2.062962332324162,564.0
10.322916666666666,1.8702089637233243,2.9922932695742297,0.5484504032884454,17.451520704732157,0.7713403056293889,18.15040254014613,2.0824681328460977,564.0
10.333333333333332,1.677877344257642,3.030009165653025,0.6271131452920534,16.95027950694392,0.7831096841756938,19.568423376158012,2.1347379077832374,564.0
10.34375,1.4310609849125693,3.00304078809691,0.6797075705745603,16.46574971368291,0.7982881987308932,21.98719537132615,2.1951645119305527,564.0
10.354166666666666,1.320145192104296,2.996972119041199,0.7089976750432733,16.09139126976013,0.8150966429865489,23.97235326951985,2.240707655094115,564.0
10.364583333333332,0.9533276959113858,2.7264464276444804,0.6584682314950014,15.825538488545336,0.8391338931558096,28.831709344989097,2.4624996696938872,564.0
10.375,0.7091989348513774,2.415764074727568,0.5410566627617767,15.878135491334481,0.8702236835523637,34.47509575248848,2.4753928798320484,564.0
10.385416666666666,0.6223287635319479,2.21382813162735,0.4493352707893777,16.30482889017503,0.9068398291908869,39.98381472044066,2.549766317090609,564.0
10.395833333333332,0.54585720458806,1.9728301622833422,0.37977688699862266,17.166632587529932,0.9550762318684037,53.74152853811788,2.691672847254081,564.0
10.40625,0.5463623473652368,1.8452124391924816,0.33657154438363485,18.29607903961785,1.0081416157010092,65.55611748868687,2.88016053578653,564.0
10.416666666666666,0.5639325051314181,1.781202081773772,0.3113599724648091,19.426351201910826,1.0583359276908944,79.38189298381549,2.928038454237766,564.0
10.427083333333332,0.6166384276940271,1.7581348436487336,0.29963527609809165,20.409573107382894,1.103727004346544,113.06742616005403,3.0490145438085614,564.0
10.4375,0.689476655250458,1.7905196403814134,0.29655211598231906,21.04881004417289,1.1398400763656973,136.70472362534903,3.2858728495228156,564.0
10.447916666666666,0.7374562452180533,1.805554672551489,0.29389616319332346,21.292697078873083,1.1671297389714093,154.62279219339382,3.2832917431851896,564.0
10.458333333333332,0.8248032075514965,1.8731762478944958,0.29824353520062,21.16441017690793,1.186477439189738,164.49645299668984,3.281914513224585,564.0
10.46875,0.9133422823075192,1.9427203920136233,0.3035257813819089,20.750075193282417,1.1996284467283387,190.54849421295032,3.303010841115117,564.0
10.479166666666666,0.958833283302278,1.9674839230231702,0.3046281656902097,20.11941545308911,1.2077508823071628,224.66302622897598,3.3306234160829087,564.0
10.489583333333332,1.0562967763220181,2.0436394977974444,0.30715035381064354,19.397467327770332,1.210927691358482,212.75899775788488,3.323286287499073,564.0
10.5,1.133971276465404,2.0892987195846917,0.3073319171816262,18.613825871482337,1.2096220387659544,193.0056595302766,3.3073684993131947,564.0
10.510416666666666,1.1616905994887454,2.0911290766125927,0.30385605964537515,17.762569044316265,1.203330919558853,181.8736925021769,3.298140601994852,564.0
10.520833333333332,1.2164693379099056,2.1139468304738838,0.29938362304171834,16.89785455044729,1.1929090706855332,150.70994363910145,3.273777547460766,564.0
10.53125,1.2475307371202986,2.1172963481015437,0.2942498397705601,16.008190303969393,1.1793962612993762,134.9314390890617,3.2675085729428837,564.0
10.541666666666666,1.2490898842477949,2.100655740645023,0.288845889403248,15.078422097113142,1.163446369806596,131.95431571342104,3.2679543676821448,564.0
10.552083333333332,1.2637839258572785,2.0945097516761684,0.28215143083321603,14.164801564183309,1.1469926779419657,122.72187322694964,3.266438298295356,564.0
10.5625,1.2771833036579165,2.084238054605177,0.27799459159170087,13.235856810412542,1.1303121927840496,119.65822998614577,3.2674916928602675,564.0
10.572916666666666,1.2800473998953497,2.0732276887622456,0.27446682745639234,12.310499637300497,1.114280505230551,116.86928506101094,3.2683777958451414,564.0
10.583333333333332,1.3204313619731753,2.084608547471371,0.2745569275256365,11.387396915542293,1.0993105994659758,116.79100137285741,3.2698393653786533,564.0
10.59375,1.3654850497015494,2.1071106549750196,0.2761746923106578,10.494324125494787,1.086168025649479,115.55770879557892,3.2704981859549003,564.0
10.604166666666666,1.389651000004521,2.1249110552397092,0.27837992037807047,9.64102169611874,1.0750714116843842,114.2027099611614,3.2710359870910093,564.0
10.614583333333332,1.4072793854193126,2.1391667781472328,0.27949991488657006,8.844599418369835,1.066179100319409,110.69812937474535,3.2710392696137376,564.0
10.625,1.4130187304542479,2.146369685850527,0.28060699168848313,8.098478899591774,1.059383222354625,107.96356973233708,3.271653813134594,564.0
10.635416666666666,1.4144522221700666,2.152272548377847,0.28223069816453983,7.40445586743679,1.0548197373590944,106.049442116181,3.1120029735533983,564.0
10.645833333333332,1.4094278040210708,2.154383271198837,0.2828500297117015,6.7804633616884775,1.0527435182778921,103.13141558121968,3.0963299970323535,564.0
10.65625,1.4005989145099649,2.1553545526537166,0.28385893608355045,6.233609757268233,1.0532962485615798,100.67985813002275,3.0814082145334885,564.0
10.666666666666666,1.3974742757627774,2.161286269339154,0.2859399942231372,5.77113391422564,1.0567378069259865,98.71402836959436,3.0683014649273908,564.0
10.677083333333332,1.378669355727839,2.1598342241945043,0.2873419798251359,5.398971048196511,1.0633586297366067,96.79161646400273,3.056080362602637,564.0
10.6875,1.3384066156160799,2.1489130354380763,0.28889352287485087,5.114789932325401,1.0735424975672923,96.3636098534629,3.0491005617758478,564.0
10.697916666666666,1.322378332625044,2.1528425471705823,0.2917098527606116,4.923216909351026,1.0874115982388168,95.21063485614904,3.041754535514034,564.0
10.708333333333332,1.244046692088933,2.123341485998012,0.29270706319679224,4.823400114267954,1.10551019031319,96.90383132117095,3.043625896028373,564.0
10.71875,1.1814382419966907,2.101073740038636,0.29385163115036017,4.825816304442383,1.1275859212948183,98.4464767600389,3.048212917836502,564.0
10.729166666666666,1.1585979447804735,2.1015025165236505,0.2967115163305422,4.941297217249521,1.1528758380935586,98.77571574321962,3.04996458727826,564.0
10.739583333333332,1.1495838960383107,2.103905341628325,0.29998074779060224,5.182480188840558,1.1812984771835935,100.55527824307367,3.0556479661725042,564.0
10.75,1.1539372725366441,2.1123738758825157,0.30238600191185033,5.546742061486776,1.2120775253011287,100.7975960835103,3.0579762106644504,564.0
10.760416666666666,1.1577797488160178,2.119209746237251,0.30447768150877064,6.023052882108262,1.2449152280792886,100.98355306903946,3.059081143930137,564.0
10.770833333333332,1.1699513644363686,2.1231694117887034,0.3065383063866965,6.603701823449062,1.2797539574775425,103.65444467217306,3.0676789063291,564.0
10.78125,1.1905233338922478,2.1292847157737955,0.3083388025926398,7.26714609423915,1.315482907691543,107.42007148537435,3.082138985375913,564.0
10.791666666666666,1.205406421686107,2.1358390980454516,0.30890157937564766,7.974115489752532,1.3501136088280434,109.13211703186118,3.092320136399773,564.0
10.802083333333332,1.2379792086607806,2.1458132370590293,0.3115760056632865,8.728051150906587,1.3837156381384186,115.28342145473282,3.1148533374163536,564.0
10.8125,1.2749239461705872,2.1633031650440517,0.312837584459062,9.480416549036551,1.414143730558682,117.71715873480612,3.1307116782794426,564.0
10.822916666666666,1.2922302075274315,2.1705728610759816,0.3131451560763455,10.21585630564297,1.4410779830539446,119.64829474200107,3.278167765934795,564.0
10.833333333333332,1.3200829741862745,2.1828978640049264,0.31284657664377374,10.91092450612803,1.4638208042846006,119.20233368776634,3.2771712548154417,564.0
10.84375,1.3431675272273544,2.190722290226919,0.3111629065116873,11.55104468963438,1.4819221157907956,116.90636897927335,3.276233029544577,564.0
10.854166666666666,1.3470749348314333,2.1845759447874817,0.30884348919287996,12.141342484599573,1.4952437715030842,116.57472724310631,3.276316559528768,564.0
10.864583333333332,1.370616433642038,2.188782198117866,0.30171383861381235,12.632401229878067,1.5026259994374602,105.56336236423618,3.1061473438872134,564.0
10.875,1.368474645896628,2.16712060411805,0.2928391336369966,13.047710160789412,1.504721368022093,96.64164795009032,3.066191315596185,564.0
10.885416666666666,1.3455582439372633,2.126643489487295,0.28405368027986344,13.40407917689897,1.5012838025961999,92.23579523682005,3.0371503530781627,564.0
10.895833333333332,1.3406663330972612,2.0979332039086773,0.2711704451311085,13.663589517756003,1.4931314653992847,78.01006369851007,2.9786563348749944,564.0
10.90625,1.3114093588126983,2.0463435816126885,0.25876246184159835,13.853179566327059,1.4809640903489993,66.15569581401239,2.919494602832556,564.0
10.916666666666666,1.2693871077977708,1.9824514320032574,0.2476838096383373,13.987637533394718,1.464443278575525,56.96096959864642,2.8739228961010097,564.0
10.927083333333332,1.2463287776152154,1.9332837457845213,0.23553971190257825,14.062233214817683,1.4459781141372936,44.80484124876067,2.850964066866637,564.0
10.9375,1.2173989719380085,1.8775665030893973,0.22599535708017526,14.095737019298376,1.4248382350823927,40.91785487250227,2.8520579678619815,564.0
10.947916666666666,1.1875150165579154,1.8245094156036143,0.21784741506549643,14.094791505356698,1.4010187562886325,39.40859586211626,2.8545221389567885,564.0
10.958333333333332,1.1901318888037073,1.7945042751471267,0.2119576643466373,14.065565509337105,1.3753443246399044,37.91431982500159,2.857036444383047,564.0
10.96875,1.199141049749596,1.7764719707157253,0.20793960072520665,14.013976523146159,1.3483564742043703,36.49206543482008,2.6443720521932454,564.0
10.979166666666666,1.1999438419711017,1.7622929261512081,0.2052603702466029,13.942817600167071,1.3203836219200646,35.36695432642949,2.6090936553677992,564.0
10.989583333333332,1.2034313773936458,1.7575764466140482,0.20296403426596582,13.857941489215378,1.2936357394886266,33.17017342628199,2.56686335671638,564.0
11.0,1.1983644425928053,1.7515124487963598,0.20169195455305328,13.757113958012107,1.2677273316341495,31.229230827451016,2.5272540386987825,564.0
11.010416666666666,1.1923596175555653,1.7466057281876954,0.20117107099271855,13.636480240397455,1.2424488775464366,29.650855553598486,2.493226256204582,564.0
11.020833333333332,1.2015251450775228,1.7546758600210137,0.20187609139403512,13.49502908499773,1.218243184453214,27.977573326330337,2.4621878272974107,564.0
11.03125,1.2231682856072663,1.7741622602027938,0.20391801299074,13.331449743388623,1.1951869080980628,26.134763685104094,2.443880556172662,564.0
11.041666666666666,1.24392531346695,1.7987953064269075,0.20692422050215623,13.145617744493599,1.1733200434950894,24.731599251909024,2.4440008057330265,564.0
11.052083333333332,1.2822059732748745,1.8362655027341568,0.2105261864674389,12.949454856163284,1.1536655031959693,23.64710783055468,2.44312240338241,564.0
11.0625,1.3144051273957253,1.8723738669199705,0.21422333350942688,12.750324858873501,1.1362664113415373,22.59319287198808,2.442159947215483,564.0
11.072916666666666,1.3345085335754416,1.9015237028836316,0.21876236991577963,12.539823110482466,1.1199094456376222,22.018252865718786,2.4429573875759694,564.0
11.083333333333332,1.3604041650132308,1.9366671420691126,0.2216291276893487,12.349011443416277,1.1064261848387293,20.830606557205467,2.440782170136154,564.0
11.09375,1.3738532590904642,1.962769670904266,0.22540027032548457,12.164165512130236,1.0942678513024537,19.798214913933116,2.4411351053546286,564.0
11.104166666666666,1.3848806223817745,1.9853471162911736,0.22976187643151516,11.977384135567753,1.0826227613978407,19.195486075157085,2.4429254443715607,564.0
11.114583333333332,1.4147344483183595,2.0213133115414275,0.23484293721693852,11.797784230349942,1.0718051539050282,18.671112896007806,2.2074919263930184,564.0
11.125,1.453446977735844,2.0670623598044293,0.24186859900535704,11.621678634921002,1.061357373593695,18.27570708038421,2.1880950581301337,564.0
11.135416666666666,1.4951395076940561,2.120419210266323,0.2507193062120935,11.448044028735238,1.051030807097549,18.014504384447797,2.1705896787180317,564.0
11.145833333333332,1.5505758385520252,2.1882413019440574,0.2608052611860885,11.289443233215186,1.0414418758237876,17.571453347066488,2.14810248886046,564.0
11.15625,1.604287364883109,2.259388128350049,0.27297801904406,11.142265261077801,1.0323192755896746,17.065671979242254,2.1234089786128405,564.0
11.166666666666666,1.6551281046629134,2.3301919175082926,0.2876026538328829,10.998620444281668,1.0231453663080385,16.686220118478545,2.1010041306912193,564.0
11.177083333333332,1.715488286282991,2.4101741296146644,0.3028623041525054,10.870586431978902,1.0147079114993816,16.177969068525464,2.0723945116810993,564.0
11.1875,1.7745804344726015,2.490143391506864,0.32141822262816644,10.748598522117977,1.0064195783129848,15.718016615463771,2.0440670693081726,564.0
11.197916666666666,1.8358395919247334,2.571392558693817,0.3427326961420907,10.629372801452496,0.998066724047588,15.33208711943273,2.0409814833271125,564.0
11.208333333333332,1.9099167898981484,2.6617678472043274,0.36694024946090936,10.516519997997209,0.9899104836401799,14.967972216662652,2.04393637236644,564.0
11.21875,1.9879094346961579,2.7565959354789493,0.395320470642728,10.408331421296378,0.9818353031947211,14.68668625504544,2.0473136942672636,564.0
11.229166666666666,2.066619172382036,2.8530860398997486,0.4282418171302282,10.302945170616127,0.9736887219701151,14.512072864114675,2.0510578767502228,564.0
11.239583333333332,2.1469227293361848,2.954072544075277,0.46384072978024515,10.207006145089291,0.9659839208529128,14.339070063931208,2.0544237509777177,564.0
11.25,2.2214931739256887,3.0517141357897217,0.5044543951871475,10.117114991134065,0.958460072421306,14.199685178587833,2.059103041804961,564.0
11.260416666666666,2.2957205610561937,3.145497813544231,0.54984984566247,10.030493327412266,0.9508637591704712,14.12160723817306,2.064873031305774,564.0
11.270833333333332,2.3553228075713375,3.234456898158025,0.5988890059592076,9.947586438885436,0.9431901952628967,14.092688378573841,1.8335992267834649,564.0
11.28125,2.402643969154444,3.317774950090397,0.6527581692799647,9.866605814139902,0.9351990205238156,14.13286810988214,1.824061545715444,564.0
11.291666666666666,2.46585730044514,3.4039543068575364,0.709293099354017,9.79069984650329,0.9271082145668575,14.1950351315283,1.8146416608270572,564.0
11.302083333333332,2.476350735301932,3.472883348655833,0.7724173982352314,9.715167212634546,0.9182335739223081,14.36135918807632,1.8122936036902844,564.0
11.3125,2.4325200698199074,3.5234970903113316,0.8359652464910778,9.642155016179347,0.9084330302288182,14.641576335405468,1.8166068428233346,564.0
11.322916666666666,2.4352435899870493,3.5856960366579003,0.8966263786899127,9.580678181305249,0.8985057014236714,14.894136863356195,1.8185739714662834,564.0
11.333333333333332,2.2211318703599545,3.5736512742848467,0.9583221818844088,9.526016253533458,0.8865754067439716,15.411735025527806,1.8382172342935208,564.0
11.34375,1.964024519281713,3.5363207015948857,0.999061917925772,9.495792980862497,0.873569993903458,16.079093831652106,2.0852533373536426,564.0
11.354166666666666,1.8325809099988395,3.5312430081678223,1.030525163872012,9.506164894889316,0.8609542630651865,16.59681148781121,2.0771726536701767,564.0
11.364583333333332,1.517032272547782,3.403970568332666,1.0324572903662828,9.593583572046569,0.8467134273016078,17.59445496049172,2.072682469848536,564.0
11.375,1.2315864365193154,3.2315337847558383,0.9632972901486251,9.814404732915811,0.8340105124468828,18.76360842266551,2.0644079296378517,564.0
11.385416666666666,1.0723498121201887,3.0903065747924003,0.8684376274094152,10.197806928711504,0.8257969637004335,19.5145160801744,2.072358459891427,564.0
11.395833333333332,0.9008334926675643,2.89551351355594,0.7544526900548086,10.812947951425096,0.8233875830091248,20.435901909820597,2.1086004890438264,564.0
11.40625,0.7992455156566266,2.7143086875833644,0.6355292174334336,11.63785305234076,0.8284561957224317,21.452008619266845,2.141963771612481,564.0
11.416666666666666,0.7261098300420752,2.548975356650149,0.5377480367163153,12.641733482022197,0.8408832091912061,22.36994557361233,2.170447079767981,564.0
11.427083333333332,0.695342507978765,2.4048018508158893,0.4594206235567109,13.761891166418279,0.8593480970602563,22.975565901308993,2.1926620477946637,564.0
11.4375,0.678789357831022,2.2726945613901,0.3978200926186476,14.937922738138134,0.8819344272521449,23.311169213748357,2.20992570182238,564.0
11.447916666666666,0.6525050960137221,2.145789419117459,0.3502397519689339,16.125935551526986,0.9067487903728246,23.56793054807141,2.224942003947589,564.0
11.458333333333332,0.66944417843572,2.060370850826403,0.31567864741665347,17.238655796627153,0.9308568282416606,23.482978013921663,2.233208165397801,564.0
11.46875,0.6937390299513091,1.992246931182405,0.2899811741588873,18.24591041928422,0.9526628417513814,23.173987629611194,2.453086802267525,564.0
11.479166666666666,0.6918476592552742,1.9163118154483663,0.2692633261730952,19.161255627015905,0.9718286793638546,23.02386781677948,2.4524778838700714,564.0
11.489583333333332,0.7308727742396852,1.8786599957641859,0.25234991333253803,19.88470962133126,0.9860642462314156,22.092125907457568,2.2305309669013282,564.0
11.5,0.7533747722169899,1.8295691062751382,0.2384141779745136,20.485057913647772,0.996882348558645,21.129441348394337,2.2174610136513646,564.0
11.510416666666666,0.74638252480874,1.7631124953920079,0.2258124277755317,21.006577467411997,1.0051591899495493,20.57395906539576,2.208142359688176,564.0
11.520833333333332,0.763263735690997,1.7144608576834863,0.21422912143217604,21.41548542357231,1.0105334028415982,19.80236019024969,2.191291204666135,564.0
11.53125,0.7695853803543505,1.6606202672305526,0.204355039517299,21.75273432463678,1.0138063742771617,19.148831003580444,2.174968331055497,564.0
11.541666666666666,0.758922972874411,1.6017207934610778,0.19550689549791697,22.03535818749493,1.0152280637700941,18.73966723019286,2.16167727533892,564.0
11.552083333333332,0.7623883683190223,1.5536779168551487,0.18758038142628491,22.25820088318061,1.0148823777450686,18.328030093309916,2.1464305957282415,564.0
11.5625,0.7614718259121713,1.506889950070491,0.1810571203471285,22.439187513049507,1.0128336093196544,18.115228796839773,2.135697352875907,564.0
11.572916666666666,0.7547143582160046,1.4656252590634227,0.17540375142511525,22.576115159306372,1.0091145758793412,17.97858371971077,2.1264548425256526,564.0
11.583333333333332,0.7574437587335942,1.431220341690492,0.1710949722975618,22.67606929545902,1.0034251618803312,18.1080605207663,2.125056174352619,564.0
11.59375,0.7687405342839574,1.4114057522283472,0.16781025990260012,22.732634577181773,0.996010086776435,18.26042097207682,2.1247198197524524,564.0
11.604166666666666,0.7737130749979424,1.3978514967646294,0.16548779766385807,22.74789348748999,0.9871496846864302,18.362071135973654,2.1244930076741237,564.0
11.614583333333332,0.7809997520586953,1.3893767470677176,0.16330477727407916,22.727960553922674,0.9778303897808517,18.157905580849842,2.1169582372477045,564.0
11.625,0.7780566690917513,1.3757026737859144,0.16137599262020066,22.680548464182564,0.9681746876447563,17.846191577917793,2.1071416676416495,564.0
11.635416666666666,0.7686705936006333,1.3575425138455188,0.15957142394760324,22.608667752538555,0.9581201131402552,17.60492336887207,2.09904336304592,564.0
11.645833333333332,0.7529592846541043,1.3362484431857988,0.15760776340777483,22.515256909353997,0.9478470507124938,17.445716297704262,2.0927063616377177,564.0
11.65625,0.7356575533969388,1.3163670960795133,0.15595847610868363,22.40074843211796,0.9372850219294485,17.426770517534504,2.090649463747178,564.0
11.666666666666666,0.7257859726025659,1.3041933449441383,0.15466601017567916,22.272080076334586,0.9269076372987409,17.42315807899024,2.088863183893599,564.0
11.677083333333332,0.7082450072466276,1.2917213720724747,0.15394429012814917,22.12539916865087,0.9162450765117093,17.615580015960035,2.094145645031299,564.0
11.6875,0.6896846299219714,1.2852183492544786,0.15366985983087827,21.967963247673765,0.9056765637956045,17.921025220610243,2.1026697976758304,564.0
11.697916666666666,0.6818309359366466,1.287909815043201,0.15390147166526555,21.810311658431903,0.8956836848809785,18.18288753717179,2.10988012025303,564.0
11.708333333333332,0.6493081106077957,1.2809012212800666,0.1543971636269444,21.647630369301556,0.885788161235485,18.67063278664369,2.1243684046195463,564.0
11.71875,0.6199740827736748,1.2769752968600716,0.15496715596002764,21.491464178863183,0.8765766736289212,19.256306686077483,2.140785027586236,564.0
11.729166666666666,0.607496028457857,1.281902326309326,0.1558029602674457,21.35414071766351,0.8686664387830899,19.718044203957746,2.1544442310612117,564.0
11.739583333333332,0.5826005360613945,1.2764428224705318,0.15679495451875547,21.235351935192803,0.8619476587022532,20.51300341605815,2.176501731831498,564.0
11.75,0.5668340709439114,1.2758249888327258,0.15765984264300473,21.154938540940073,0.8574445195799101,21.382759363239888,2.1991638354923335,564.0
11.760416666666666,0.5630591081738405,1.2828291655208355,0.15861437823938213,21.127495071738593,0.8559006228285073,21.99089105341354,2.217448744909116,564.0
11.770833333333332,0.555174320043504,1.284080968473774,0.15946652433167638,21.160929020161667,0.8577921960123277,22.600526236211795,2.452935512899576,564.0
11.78125,0.5528958566353727,1.2874598606636203,0.16003645833341487,21.257862713926546,0.8634457778330401,23.008027284080505,2.451391162840687,564.0
11.791666666666666,0.5525652449245144,1.2901137073114508,0.16047391026017294,21.41377197761006,0.8728993273029513,23.26738420231325,2.4502055673788825,564.0
11.802083333333332,0.5532530041980892,1.2903854880102663,0.1606181295763481,21.620111956267756,0.8860000164548768,23.46099727415052,2.4493109782322757,564.0
11.8125,0.5563399362246456,1.2891337174342983,0.16074683327340303,21.87117384081274,0.9027659797348946,23.816575833932983,2.4491126093193074,564.0
11.822916666666666,0.5608525276655493,1.2901005479973628,0.16071352745795675,22.149406492871492,0.922330014996688,24.065422782937695,2.448376641062787,564.0
11.833333333333332,0.5750048455671275,1.293545615176192,0.1612051291568081,22.455769851504556,0.9449944309760384,24.6812274599454,2.448984179326642,564.0
11.84375,0.5984378767332984,1.3064715244443181,0.1618339161518232,22.76499303192387,0.9690222690689869,25.093704276763987,2.4483559812371456,564.0
11.854166666666666,0.613456665063718,1.3165184422722012,0.1624445627445319,23.064626917501304,0.9934469653609288,25.31611136957234,2.4478038335984693,564.0
11.864583333333332,0.6391955111438391,1.3326320540552945,0.16262928243199207,23.327498700127354,1.0159245413294464,24.782626346279056,2.4455695254127283,564.0
11.875,0.6553953249135995,1.337778376583403,0.16240245929456334,23.557542480996748,1.036587444678784,24.151456057400907,2.4444991008962766,564.0
11.885416666666666,0.6590536423168182,1.3313140047198886,0.16167801328373133,23.75882115318396,1.0556586706259115,23.840450945457906,2.444483213549068,564.0
11.895833333333332,0.6764691031008538,1.3311445040209293,0.16076996410348116,23.92360384022316,1.0722141027330543,23.423675658783917,2.443627128193575,564.0
11.90625,0.6962660645648874,1.3315769470282817,0.16013778739318377,24.057877222909607,1.0865971385675366,23.15126063559928,2.443593380090704,564.0
11.916666666666666,0.7070179923898561,1.3295020435017144,0.15950302646883516,24.1638332261904,1.098796454567442,23.02391585911377,2.4436889887148707,564.0
11.927083333333332,0.7369085011084,1.3389224500677954,0.15936695463639106,24.242333466616852,1.1086455515139635,22.786737283194725,2.443228494103384,564.0
11.9375,0.7662933766424791,1.3508399646226585,0.159402465843037,24.296664836017158,1.116281444707859,22.3384361636191,2.4424404563290105,564.0
11.947916666666666,0.7800199391700531,1.3555141246295417,0.15955245790610398,24.332233376690425,1.1222746399039372,22.07028519432263,2.442705648441947,564.0
11.958333333333332,0.8020964662637826,1.3657534631944341,0.15933968015888808,24.349669899602972,1.1264902687188838,21.36456576552202,2.44112509510173,564.0
11.96875,0.8155834077473704,1.3694547845117766,0.15914721723250086,24.353406118038095,1.1294774925605324,20.64743152639213,2.440786177572784,564.0
11.979166666666666,0.8185497998459602,1.3661162057255214,0.15887436489097384,24.345056209346264,1.1315206809712182,20.22803013876659,2.441540228189168,564.0
11.989583333333332,0.8343508248878201,1.3703663049262815,0.15817335306530653,24.327729085851395,1.1325835647928866,19.459047982296898,2.4402906793731294,564.0
12.0,0.8437044430565687,1.369748164021618,0.15766691134164246,24.30316588187009,1.1329181594070017,18.722435287102016,2.440705841241654,564.0
12.010416666666666,0.844654161550031,1.3640237275849125,0.15720935130382876,24.271251502013815,1.1325683405190923,18.259766189623186,2.2075268683706595,564.0
12.020833333333332,0.8569314660191225,1.36655137169963,0.15645228208888856,24.23749125059257,1.1316475884243054,17.5606982803794,2.1823624798427788,564.0
12.03125,0.8638779003521471,1.3664909139565422,0.15601744000426995,24.201766815052306,1.130225385371996,16.87630323798296,2.1551741563159648,564.0
12.041666666666666,0.86409791390768,1.3627065492002017,0.15579712651712518,24.162334841679314,1.1282010727026412,16.40804460242027,2.131019740633829,564.0
12.052083333333332,0.8740644842071582,1.3673258458290078,0.15541704173969914,24.12528667056111,1.1258926595863772,15.817174710104588,2.098217597655598,564.0
12.0625,0.881384878132917,1.3717753747464825,0.1555455932307414,24.08861273953828,1.1232237441502093,15.280792623364613,2.063640950423518,564.0
12.072916666666666,0.8853239980623773,1.3754216331515046,0.15600371759755807,24.050320638343223,1.1200170491404844,14.8811670739008,2.0382511342495997,564.0
12.083333333333332,0.9000840358184384,1.3884566409314207,0.1565800467435998,24.015382833735746,1.1166936550915467,14.442225373931684,2.040483806583988,564.0
12.09375,0.9150015350656476,1.4043676609393414,0.1578428347329713,23.98134343561229,1.1130592427969261,14.084991007451439,2.0449577454772268,564.0
12.104166666666666,0.9288513781878832,1.422476729689256,0.15958735734779067,23.946925444076655,1.108943315077197,13.84745711054426,2.050557330692774,564.0
12.114583333333332,0.9507959860700148,1.4493367943379427,0.1619883634450945,23.91305452091158,1.1044026869777117,13.696849087725811,2.0566726338792134,564.0
12.125,0.9782838729357571,1.4846400732691973,0.165284213020786,23.879304142463898,1.0993200201912574,13.627713163848002,2.063888383714902,564.0
12.135416666666666,1.0089820646842613,1.5274063370249775,0.16939703855823698,23.84616245969878,1.093692828030656,13.61581105704273,1.8219075189148342,564.0
12.145833333333332,1.0485764481661104,1.5809586866826462,0.17452553786924987,23.814948298681955,1.0877082067068986,13.624489344028555,1.8047058379007697,564.0
12.15625,1.093623551280789,1.6426930572169747,0.18073106394493527,23.785956209149134,1.0814378517598227,13.6408720075999,1.7862042509306808,564.0
12.166666666666666,1.1398513056324755,1.708802185265389,0.18806948510487903,23.758275875866993,1.0746816184203796,13.679388044780975,1.7687977981376757,564.0
12.177083333333332,1.1945828653195927,1.7834205024955605,0.1963660284354459,23.733679305993807,1.0679169045987444,13.701908620018337,1.7480329740624783,564.0
12.1875,1.2523399394083778,1.8623748836849872,0.206109238322016,23.71085507729047,1.060863005998346,13.734013157964789,1.7276437845420316,564.0
12.197916666666666,1.3122754022536496,1.9445128397252354,0.21713507926716574,23.689526138782817,1.0534472000635777,13.780692041747574,1.7081586676712757,564.0
12.208333333333332,1.3791624153743527,2.032909312121946,0.22970821697289864,23.66997364361656,1.0457856157396577,13.834688726815791,1.6886433320060732,564.0
12.21875,1.4510276981780286,2.1263138277526545,0.2440651840854641,23.652130390245528,1.037889176536588,13.895109774845327,1.6709608581919422,564.0
12.229166666666666,1.5254261937035094,2.2226118217415327,0.26030391259313973,23.635884924833505,1.029737282056451,13.962199378366446,1.6749858676647835,564.0
12.239583333333332,1.6048046442963735,2.3235705344669184,0.27840419400113775,23.621832527794954,1.0217143266345066,14.01693195722691,1.6789300154091236,564.0
12.25,1.6852877290843375,2.425595237064776,0.298895355644409,23.609532738720993,1.0136939913876748,14.06778957500189,1.6835777427605871,564.0
12.260416666666666,1.766155526065153,2.526718479794003,0.32177470103566885,23.598686079814986,1.0055433192449545,14.122606070413381,1.6896156063322283,564.0
12.270833333333332,1.8426105736954488,2.626658900895954,0.34772954141155965,23.58894579156412,0.9969617766729861,14.195035743420327,1.697403789178741,564.0
12.28125,1.9161178784566038,2.726703963122994,0.3770750321483075,23.58034315970505,0.9878119490527162,14.290416939128207,1.7033246662953991,564.0
12.291666666666666,1.999011303764695,2.8306563263470275,0.40920893079376086,23.573442545831,0.9786122509966786,14.384003523389397,1.702031034819055,564.0
12.302083333333332,2.0556363963331883,2.927427975676556,0.44774017399464777,23.56761277318581,0.9681811168173033,14.525354043480387,1.7145041537202728,564.0
12.3125,2.0848134465259602,3.0183792198233013,0.4901225483397442,23.563482825692894,0.9567313492728404,14.71076662240617,1.7171085481610406,564.0
12.322916666666666,2.1388313661811083,3.1166626859393993,0.5351097717588043,23.56152830943164,0.9453571345677707,14.881094518038324,1.7045692394209575,564.0
12.333333333333332,2.057235159693285,3.170825226766223,0.5861814672253072,23.56170220835576,0.9318931795167218,15.159557841748201,1.7187205147840205,564.0
12.34375,1.9275109082641586,3.2020261922222613,0.6322602205861566,23.564730032474102,0.9172844646044594,15.525743619128573,1.7119395581469397,564.0
12.354166666666666,1.8696309949026775,3.246727392582257,0.6742888456188233,23.570818344888057,0.9031468079841053,15.840834780543448,1.694174785431755,564.0
12.364583333333332,1.6145636923283462,3.1843913638670904,0.7084514365123935,23.585898994784248,0.8852745940345873,16.54533116011224,1.7409512844086505,564.0
12.375,1.352632268462592,3.0752585764471387,0.6996386052760964,23.62087232804365,0.8669875511542916,17.49484557524416,1.801743653178574,564.0
12.385416666666666,1.2078023608171207,2.990458692020827,0.6692457246698434,23.689564174735054,0.8516133243673741,18.19819372797434,1.8474391830735293,564.0
12.395833333333332,1.0196201948102754,2.839251929689094,0.6215263968547711,23.831041094258808,0.8385380096876368,19.051211905127087,2.093915853841588,564.0
12.40625,0.9113355098501191,2.698876072779285,0.5572572095120901,24.066400607862043,0.8308276567831977,19.687310133207383,2.0750717659126323,564.0
12.416666666666666,0.8416058668907574,2.575781769393108,0.49806434682544765,24.402635403949997,0.8290764224519923,19.969524931667742,2.0659195292221684,564.0
12.427083333333332,0.8110403460635116,2.459198706527069,0.4456376480540033,24.84422933470535,0.8329279934367276,20.138332677769714,2.0878891769980528,564.0
12.4375,0.8069474270025624,2.360717177655706,0.4003402221569918,25.356330373426253,0.8411943209576401,20.308938807110625,2.1126313457239765,564.0
12.447916666666666,0.7879019314479371,2.2633488157059856,0.3634030896483709,25.919003322253143,0.8524882876570422,20.6395266941068,2.1362432931801676,564.0
12.458333333333332,0.8192833793895643,2.2041511966530276,0.3349900056211802,26.46968041852762,0.8645610286347213,20.687167808417914,2.14890094213244,564.0
12.46875,0.8524389862504298,2.1527984265218305,0.3134071494731389,26.997080316461926,0.8764028472868421,20.583508772176383,2.156900797218052,564.0
12.479166666666666,0.8569365196599525,2.0937924268849386,0.29541061246379724,27.496184862957236,0.8874371210803966,20.54411171161914,2.1648293451602703,564.0
12.489583333333332,0.9051898092776185,2.063142933516723,0.2811176943265506,27.926664945750225,0.8965453691490639,20.266766035514333,2.165314074857037,564.0
12.5,0.9535429030605511,2.0386397261571023,0.2704240780390815,28.294336766942237,0.9038251900303772,19.943734322257598,2.1636054747910993,564.0
12.510416666666666,0.9716175469139542,2.0067597101350967,0.26143983825558176,28.602906880379702,0.9093950071800624,19.742546293738428,2.163048308939012,564.0
12.520833333333332,1.0260920746766695,1.99620985958654,0.2540413522369967,28.833914668869358,0.913049501440093,19.343850330860192,2.1558981011918696,564.0
12.53125,1.0763108590055868,1.9883536179182688,0.24874541954326645,29.00042212249161,0.9151680443184939,18.927905640628982,2.147234404764282,564.0
12.541666666666666,1.0980082180731714,1.973246726157145,0.24442209915148222,29.10918787805907,0.9159448758753772,18.64574716114361,2.1404007884008016,564.0
12.552083333333332,1.1445452773394127,1.9713691073265565,0.24076936732127177,29.158905049861495,0.9154939634547266,18.280460138303287,2.1295428507589884,564.0
12.5625,1.1880843999199338,1.9719822407863037,0.23867907124013216,29.156734400637554,0.9139521516620127,17.977410004617997,2.119577735104961,564.0
12.572916666666666,1.211866972229858,1.9706107570799265,0.23730022874052276,29.10421270788968,0.9113622078938962,17.760363685812855,2.111076108490421,564.0
12.583333333333332,1.2549174026070555,1.9777963529373985,0.23702139415938658,29.000913649201337,0.9077163863187151,17.639737963015282,2.1048775397323216,564.0
12.59375,1.3014238989541405,1.9932786692098587,0.2380123955794156,28.84650535439867,0.9030306107792205,17.582533925120224,2.1004460377601646,564.0
12.604166666666666,1.3344920498793353,2.011864704077262,0.23992614533645013,28.642955675856623,0.8973939219855489,17.534756104425323,2.0964579091760567,564.0
12.614583333333332,1.3713185581298188,2.036290348642733,0.24246794200443053,28.397852348393904,0.8910448168255081,17.412382355126955,2.090316414881399,564.0
12.625,1.4023559144698388,2.063132775360434,0.24612647025016168,28.111433731687654,0.8840323636531295,17.26759043171232,2.0838552049683954,564.0
12.635416666666666,1.4265754326094935,2.090669827730992,0.2506522625020406,27.78264673590604,0.8763986940021724,17.140838990686518,2.078151329637206,564.0
12.645833333333332,1.44520513282633,2.1190009986931275,0.2553634232530537,27.420107745740626,0.8684094932214613,16.978417655305616,2.0709986224377865,564.0
12.65625,1.4587423620301911,2.149065066591893,0.26089004304098135,27.02592910984194,0.8601613704462661,16.794424065638278,2.0630674210867816,564.0
12.666666666666666,1.475063644923632,2.1815728959867924,0.267444781903303,26.597129274790078,0.8516397102699395,16.629520080579457,2.056008923730257,564.0
12.677083333333332,1.478787708796609,2.21222909529832,0.27390124936217464,26.147015274104994,0.8431344732478415,16.426255577009368,2.047248101076307,564.0
12.6875,1.473349162996974,2.23911975052581,0.2816554286288207,25.653146536884467,0.8342530645976883,16.31439654244873,2.044308191570383,564.0
12.697916666666666,1.4829999729190058,2.2730195466232987,0.2897498179385921,25.13609911497485,0.8253958667647561,16.209025401411587,2.0447898620551923,564.0
12.708333333333332,1.4654469632426852,2.295540963012731,0.2988122033667365,24.564870209184434,0.8160757559070712,16.28838025940316,2.0460501087454723,564.0
12.71875,1.4500889565484831,2.319995902202022,0.307565262235918,23.96641010239339,0.8067960158122999,16.46356470508853,2.0516246750255087,564.0
12.729166666666666,1.4547653723982406,2.353072601296455,0.316711118406686,23.372755979700443,0.7980817939576023,16.636326101204393,2.05690010441555,564.0
12.739583333333332,1.4368836854645437,2.3714954600275915,0.32710881374171896,22.74743941426911,0.7894955056320505,17.07808956234654,2.072503496815602,564.0
12.75,1.428288754749857,2.3925669528994145,0.33636972164122236,22.140153708593694,0.7819029693762277,17.693831866383807,2.0908036102022853,564.0
12.760416666666666,1.4378181023587446,2.4220614219438494,0.3453138227239734,21.597002366880943,0.7760345378579991,18.276132698786462,2.1059128586745417,564.0
12.770833333333332,1.441107973439527,2.444258426912597,0.35373623647651375,21.12598503514163,0.7721304797541504,18.823545028628814,2.120637534493644,564.0
12.78125,1.449739161982361,2.464258532398874,0.3599959640471753,20.750821489787786,0.7705030737144714,19.171451565956893,2.130916431346063,564.0
12.791666666666666,1.4561232591571167,2.4782226353011856,0.36538948554716066,20.467322189331288,0.7711560650746732,19.41349678463987,2.1397265981926292,564.0
12.802083333333332,1.4671677817271704,2.489742126911037,0.36755295490742845,20.28067128873401,0.7738935574034457,19.37914620095577,2.14198905173199,564.0
12.8125,1.4694230433973576,2.491568599530129,0.3674468616534156,20.176076261616032,0.7783615052227597,19.15305893503655,2.1396575922174277,564.0
12.822916666666666,1.4617244228640174,2.4823767396971306,0.3662465932215469,20.139681412871216,0.7844589882687002,18.986751919247087,2.1382228066793605,564.0
12.833333333333332,1.4588439070183938,2.4757459768118677,0.3610784142146982,20.16130727172822,0.7912538695370129,18.515079100338482,2.127022743336174,564.0
12.84375,1.4423133636684016,2.4569402366315747,0.35535369453591653,20.226792286581134,0.7986484015584921,17.999035922494674,2.1133319885179964,564.0
12.854166666666666,1.4188819923569038,2.428579129405514,0.34896271841140414,20.33260876012517,0.8067277660305091,17.628127074420547,2.1018954090958055,564.0
12.864583333333332,1.4065636073555325,2.4071745063612546,0.3405854407650659,20.46259769693816,0.8145625248706955,17.123957923260043,2.083434125233402,564.0
12.875,1.3869173236608678,2.3801423928089633,0.3331142761704627,20.616066502397075,0.8223489517800779,16.65380461857891,2.064392290203,564.0
12.885416666666666,1.3643149612460694,2.3493056621431294,0.3258854901424757,20.79482034587052,0.8301707870546585,16.28340712910099,2.047615884759624,564.0
12.895833333333332,1.3494265830327123,2.320817377228961,0.31952202912551103,21.002647085153765,0.8380639264736555,16.02847649903597,2.043040695452229,564.0
12.90625,1.3476876713250137,2.2998339366048595,0.31465078186628387,21.24344477818937,0.8459682384254162,15.900033823657411,2.044914030219435,564.0
12.916666666666666,1.3510716872321584,2.2885556865032974,0.3105357549445463,21.505502974357654,0.8533509614605456,15.82137524365741,2.045828061953569,564.0
12.927083333333332,1.3736463316609089,2.286908806089611,0.31004629236023756,21.806527693856502,0.8605354673263218,15.941251425041951,2.0472384182134102,564.0
12.9375,1.4144680875582631,2.302974151211611,0.3110658308255635,22.124834962913674,0.8668629652952833,16.088669472053937,2.047143144095691,564.0
12.947916666666666,1.4464663935511364,2.3232231915176786,0.3136670298137701,22.451182036169314,0.8721906574045617,16.206309643385886,2.0468604498440657,564.0
12.958333333333332,1.4922465045614273,2.3523463116147485,0.318775738078514,22.782565970742162,0.8765445832138667,16.319371433682168,2.046743588273153,564.0
12.96875,1.5428426481981903,2.3881838657780268,0.3256647918733574,23.108916166583672,0.879879269436098,16.42188335749418,2.0464640184609553,564.0
12.979166666666666,1.5837941340329853,2.4242053446873775,0.33329168196687775,23.417550686793984,0.8821842194192515,16.489585495756213,2.0474242565119147,564.0
12.989583333333332,1.6411548369536233,2.470317047533194,0.34351106369516377,23.701313219693667,0.883526515127116,16.549172636918417,2.0500682429601245,564.0
13.0,1.7055363861208512,2.5250791184986583,0.3558444320151684,23.948277461606,0.8839626600310199,16.580628350913663,2.051542381764776,564.0
13.010416666666666,1.7583334987984436,2.5781761949418445,0.36976636953107117,24.154319942876743,0.8835826542717864,16.61256826877372,2.052890356538228,564.0
13.020833333333332,1.8292376315616323,2.643597111178739,0.38465788726964073,24.305205151995455,0.8825517312790583,16.475342422433545,2.0464459555062042,564.0
13.03125,1.897050414821819,2.709735276683027,0.4021424023479726,24.407835945239736,0.8810165594522867,16.227435940766746,2.0442524707288876,564.0
13.041666666666666,1.9489083902955522,2.7673247310170153,0.4217250101587463,24.46849615780027,0.8789805400614967,16.014163503298423,2.0453024814920577,564.0
13.052083333333332,2.0168038978617275,2.835062825716498,0.4403284012191356,24.486114135684165,0.8767430516320597,15.671296561597002,2.045435078389165,564.0
13.0625,2.078508822855893,2.9002086279019275,0.462664853362924,24.469880525239525,0.874281050303418,15.344429157711872,2.0470844587408656,564.0
13.072916666666666,2.128926011470799,2.958427710559274,0.48724728474002554,24.421703647023946,0.8715148459816384,15.119223042925048,2.0496310606396166,564.0
13.083333333333332,2.19377532611932,3.0262614266336727,0.5114058768663144,24.350693383114567,0.8687471072682825,14.853013365340628,2.0514617496403647,564.0
13.09375,2.255407666152869,3.0938299542943355,0.5404771759990702,24.258922934271276,0.8658755119478483,14.627652505180187,2.0549213112614932,564.0
13.104166666666666,2.310256925326091,3.157564386922136,0.5726272756720574,24.14546570624148,0.8628139256182513,14.481696073754367,2.05931989647601,564.0
13.114583333333332,2.3765920728784202,3.2291335379588766,0.6074233749550199,24.017431030098642,0.8597021651552059,14.358202053344293,2.063687959877048,564.0
13.125,2.446062106258758,3.3048865971979007,0.64836615850423,23.87435060151279,0.8564728765626516,14.277203466287679,2.0691925595315985,564.0
13.135416666666666,2.513185037281481,3.3807030067700032,0.6938526922063999,23.716510304540517,0.8530903288325826,14.240160566901798,1.8278918351886038,564.0
13.145833333333332,2.5888073288910247,3.4636597925990236,0.7419856066372705,23.556657356666836,0.8497743898336495,14.176099369134095,1.812111248158637,564.0
13.15625,2.6622269217733225,3.546521669600023,0.7956379650890815,23.395549002661106,0.8464868875661364,14.100490858063162,1.7945011635893657,564.0
13.166666666666666,2.728045328417106,3.623208330692431,0.8543111957862816,23.22685302132542,0.8430573101822417,14.057942446968294,1.7786272359454829,564.0
13.177083333333332,2.798115159364102,3.7017629500464317,0.9099888485576858,23.068109490047284,0.839807872055112,13.975613687028261,1.7570399466051658,564.0
13.1875,2.860388019264607,3.7738617162912482,0.9693590135897044,22.912090148097963,0.8365660212607184,13.901302583224986,1.734555337533267,564.0
13.197916666666666,2.915871257341907,3.8381131308778453,1.0294510767497242,22.75278064987442,0.8331819014991299,13.86325186318988,1.7136258509292333,564.0
13.208333333333332,2.9728973972826416,3.9015189712905123,1.0834070191926362,22.60351065479377,0.8299224349624318,13.813756823368067,1.6883406826166063,564.0
13.21875,3.0233121755999552,3.9585402175286095,1.1373810164082563,22.45810598140756,0.8266466172769985,13.779460757808735,1.66919622765876,564.0
13.229166666666666,3.0679297007345485,4.008523180524087,1.1894710849316452,22.311540202256804,0.8232263835753273,13.775470432916553,1.6756185381435962,564.0
13.239583333333332,3.1140308635180873,4.057518343135417,1.234673555342789,22.17382701186092,0.819888678162483,13.769609285291457,1.680234966188572,564.0
13.25,3.1548544675746006,4.101451873734994,1.279466387400384,22.038378789405876,0.8164736309401371,13.781190148397043,1.6873932881860076,564.0
13.260416666666666,3.191905416360768,4.140702847368853,1.3215131881146307,21.90300764699022,0.8129144602313291,13.813260020333525,1.6958097498772267,564.0
13.270833333333332,3.219643361025248,4.173463922843544,1.3718049749429833,21.745027807718138,0.80855508031277,13.92136511147929,1.71515684605632,564.0
13.28125,3.2514323639283234,4.2084631315012055,1.4262080633717302,21.560247612838896,0.803140308866735,14.125124083179978,1.7255193098092008,564.0
13.291666666666666,3.3005882607270034,4.255304197254036,1.4726038256245368,21.37817953164813,0.7974291921465768,14.339618564095447,1.708980661631109,564.0
13.302083333333332,3.319792272108819,4.290878643196074,1.5580384324161918,21.134672144566757,0.7891264915953907,14.808677882140474,1.7408458671702547,564.0
13.3125,3.3416787223568987,4.336038506726737,1.639571257507146,20.867516166646563,0.7790177381013541,15.512349566566865,1.7259663827491258,564.0
13.322916666666666,3.3921081165557863,4.396650314437295,1.7133337867810787,20.617437714066945,0.7684812663682993,16.151027764456224,1.7091821396538567,564.0
13.333333333333332,3.247090045709743,4.388852227248158,1.8110203651281895,20.326758262250205,0.754791316647036,17.12928819997501,1.761136671211446,564.0
13.34375,3.0289490799385628,4.34742209479092,1.8729097210422063,20.0437184210722,0.7398850968521596,18.299148689818633,1.8256152545652493,564.0
13.354166666666666,2.917467978540571,4.335510983899981,1.9088923891309593,19.817056226170113,0.7268248428539219,19.07988349056165,1.8720047831166475,564.0
13.364583333333332,2.487758742567275,4.137209844563755,1.8802448547136583,19.623566320631713,0.7148236715774186,20.694118475857294,2.0873908960586687,564.0
13.375,2.0625522386553587,3.875289799532997,1.7106671479342168,19.56071806406801,0.7102238036344966,22.434534411985215,2.1029965129707806,564.0
13.385416666666666,1.80935506012741,3.6692893524655052,1.5015585643601748,19.67518838654455,0.7162015693330279,23.76847947493962,2.1509590249932544,564.0
13.395833333333332,1.54954885739598,3.422978149416025,1.276335670900034,20.00059946711021,0.7345820573474884,25.972220020087835,2.2100494663126455,564.0
13.40625,1.398863035802566,3.2167827973227916,1.0572365039330007,20.51819573666674,0.7640396286061755,28.00256716196184,2.466220127053412,564.0
13.416666666666666,1.2937702368975128,3.0485909384158574,0.881566433733913,21.16760015947842,0.8008446875874308,29.30918737660722,2.4629320968676076,564.0
13.427083333333332,1.2643942320070802,2.911364659324659,0.7488659264911453,21.89683511721311,0.8418618176516772,30.559884801547817,2.4618634098925156,564.0
13.4375,1.2704911493564812,2.8071713912675618,0.6484345763124976,22.616664748576195,0.88205384157627,31.413797838450307,2.4606944008396963,564.0
13.447916666666666,1.2520779810904192,2.7113518759630715,0.5728422395032234,23.255892702040807,0.9177032575260643,31.93252197912026,2.4598105647647848,564.0
13.458333333333332,1.3096114380529278,2.663532201944444,0.5240158038995446,23.763971894947638,0.9465990577947141,32.44176008759487,2.467858525641018,564.0
13.46875,1.3825005792206049,2.639878527471137,0.49120439088068085,24.10247258548788,0.9676246778103154,33.81856585118813,2.489810281108773,564.0
13.479166666666666,1.4077661067690672,2.6065777374064174,0.4644798579935209,24.250960080698047,0.9811097365232293,35.78747470252239,2.512567500778692,564.0
13.489583333333332,1.5082076680565826,2.615900559775154,0.4504603388246995,24.202887945747705,0.9882866307460362,37.58051796718462,2.533980164275812,564.0
13.5,1.6156068922783922,2.642023216914344,0.44510468162668826,23.96339930406803,0.9908047906101568,39.16476366717458,2.5546264318964993,564.0
13.510416666666666,1.6683154181783189,2.6535949553245595,0.4408051479615668,23.55013358171088,0.9903941615490741,40.38478194967426,2.572778992782986,564.0
13.520833333333332,1.766526161311318,2.688737377160018,0.44419957980601105,22.97949885743537,0.9886180717464672,41.85241401380198,2.593015505779316,564.0
13.53125,1.8579425423397828,2.7328200818947614,0.45085408709644054,22.291765237940275,0.9867384510292961,42.74174531400431,2.6089636051934186,564.0
13.541666666666666,1.9051135524672516,2.762705152988298,0.4580725302884182,21.517186223539714,0.9855318369813584,43.452019926876005,2.6226665636924613,564.0
13.552083333333332,1.9728238723227896,2.802641538248288,0.46263286937271403,20.725416251722205,0.9852735584297899,42.33890892908858,2.6199990359054635,564.0
13.5625,2.0198446019221423,2.832298628641228,0.46533275497568033,19.948368246561873,0.9857125349570579,40.31529160623156,2.603742631704326,564.0
13.572916666666666,2.0321869480939982,2.841823814276274,0.47001416069520674,19.15859518609709,0.9864769099931161,39.47099790873753,2.591318205416069,564.0
13.583333333333332,2.0540478771734367,2.854573593428183,0.46239121849542725,18.45888868665942,0.9870998443427315,35.80380333999653,2.55112441355185,564.0
13.59375,2.0479891326577913,2.8470444554568126,0.45724671146673546,17.801326829728254,0.9874047704226396,32.77366538873588,2.509138427429809,564.0
13.604166666666666,2.0312842481455533,2.8310595135301737,0.45419425156575477,17.157214943269828,0.9872643293217651,30.613414038797927,2.4741352919458577,564.0
13.614583333333332,2.033311737973701,2.8262333311097647,0.4471570963613956,16.575900957429727,0.9866858646744788,27.504716935165924,2.4464070024314917,564.0
13.625,2.031732427838513,2.8221035650132396,0.44390541822936097,16.0390213277313,0.9857673697335141,25.03864978284562,2.445596209270629,564.0
13.635416666666666,2.0271979779953715,2.8195410137746375,0.444860265735223,15.52959880755834,0.9845723510648524,23.925792251622198,2.4465202822131547,564.0
13.645833333333332,2.0240056548810403,2.824213567619179,0.4413735655664909,15.097054635143076,0.9833248431977165,22.604183251224576,2.4449561205134462,564.0
13.65625,2.0028997435275366,2.8219280211343976,0.44152057751221996,14.714731329095898,0.9820488269492814,21.52969097647896,2.4453188140680093,564.0
13.666666666666666,1.987976602683458,2.821551864656301,0.44520366042277726,14.367850280102324,0.9807376664605914,20.934489901713718,2.4470319711037027,564.0
13.677083333333332,1.961143192662134,2.82262294902031,0.4463367424739501,14.077103728659893,0.9795064497190201,20.246015524379207,2.2163746112940546,564.0
13.6875,1.9142742982613505,2.8174339436304585,0.4504436769029404,13.826605690692961,0.9783344446454048,19.76205208149334,2.1974900235176538,564.0
13.697916666666666,1.8912832835035651,2.8224060011280074,0.4570336698745117,13.61716552067586,0.9772794533142015,19.458894892707825,2.180808371751278,564.0
13.708333333333332,1.8125430600359131,2.8095035479736863,0.4632927847132479,13.446631987486173,0.9764205891124597,19.41963377264616,2.1690237193816277,564.0
13.71875,1.7298355950170516,2.794049354492334,0.47051132069339763,13.319402067634217,0.97594507231341,19.673392652596146,2.163657996164714,564.0
13.729166666666666,1.6970054930196152,2.80083961597607,0.4785443701818543,13.248213271854194,0.9761701554720317,19.830440848873263,2.1582574421971104,564.0
13.739583333333332,1.632381872195063,2.7796494569741568,0.49371388280687506,13.240642768275666,0.9778341550830628,21.09457337781841,2.17521806968723,564.0
13.75,1.606372630903144,2.774698302237553,0.5046418245405611,13.33270745355206,0.9821334916822667,22.825137268371204,2.1997082025993406,564.0
13.760416666666666,1.6164277422080686,2.7941195769586535,0.5135250461574709,13.527748428535046,0.9898734600059328,23.919448759855392,2.218209663606474,564.0
13.770833333333332,1.575363849637645,2.7739227970389844,0.5278612417692603,13.864625117402873,1.003982814348851,26.279449679572313,2.462623680193703,564.0
13.78125,1.5508139683883406,2.7645306524267674,0.5351062484128479,14.31271538974566,1.0255266383092299,28.71664145509189,2.4625877041972224,564.0
13.791666666666666,1.5555156360179458,2.775323308437064,0.5399374644895425,14.793365202931396,1.053512178817933,30.00832941886957,2.460928189902236,564.0
13.802083333333332,1.5173294446447663,2.752760023079706,0.5488690323305361,15.286862622296528,1.0905961170928145,32.592668759074435,2.464146077448482,564.0
13.8125,1.5278244321869485,2.758678166018264,0.5553748122140179,15.686127072590722,1.1335683399271455,34.782696562678794,2.479781032637639,564.0
13.822916666666666,1.5481844184254088,2.774485247651627,0.5608181919862321,15.930307017041521,1.1791412137593844,37.74542380775618,2.5180857529883394,564.0
13.833333333333332,1.5948267124905322,2.792865661073908,0.57429164018168,16.00735792905767,1.2281426396590864,43.14199740446218,2.5738145088210573,564.0
13.84375,1.6610952938864114,2.824507876722684,0.5866482827755789,15.916636499505232,1.278149445214858,48.02748140062738,2.6308678606581335,564.0
13.854166666666666,1.7029008787782658,2.847664488272046,0.5934399529597698,15.704448741292799,1.3280160018809128,51.19280917617307,2.6806023443073124,564.0
13.864583333333332,1.7820193537750235,2.8833055103753575,0.6047298508670327,15.425845771634767,1.3790047639941077,54.24037203909711,2.879162083554495,564.0
13.875,1.8610964260483545,2.9222578432734667,0.6136585254979567,15.13782094081912,1.4302303498492241,55.974505961170856,2.8767199531570995,564.0
13.885416666666666,1.89853572532444,2.9402132856190906,0.6179095280840995,14.87205615720735,1.4813611395254513,57.43134236409037,2.87527466727687,564.0
13.895833333333332,1.9829221037574478,2.9826033387017854,0.621787554209885,14.651236964463386,1.5293266999892674,56.55852029326249,2.8725533715678266,564.0
13.90625,2.0573273679723356,3.019662632114889,0.6279823007097027,14.47119508174996,1.5737275745443646,55.77986154048278,2.8710845854808915,564.0
13.916666666666666,2.089165491046296,3.0348151673889645,0.6323203609439855,14.3236546132797,1.6144798309315858,55.87669371854603,2.870875708943156,564.0
13.927083333333332,2.1657801652782664,3.07474433186639,0.6375417989742996,14.206848490024395,1.6495626284222478,54.09039786146695,2.8690732578762734,564.0
13.9375,2.231348575444664,3.111854091267539,0.6476884805695451,14.110718803300784,1.6797609582067228,52.77915179103018,2.8685088755184296,564.0
13.947916666666666,2.2634009711303156,3.1343290920991707,0.6587577312673156,14.028260260440995,1.705812087114937,52.32170610874545,2.8689284770243737,564.0
13.958333333333332,2.3277464379375856,3.176106655207749,0.6685704948148807,13.959488373302923,1.7270314337313735,49.88126317234041,2.867610584789637,564.0
13.96875,2.3792445370666093,3.2132488496979694,0.6817772203275843,13.901483904826994,1.7444714251092597,47.64201685554926,2.8675250617265426,564.0
13.979166666666666,2.4046908496161215,3.237885343515145,0.6986662435937622,13.853508261842528,1.759070743236356,46.64827875827062,2.8690589084813958,564.0
13.989583333333332,2.45440796222428,3.2779231703188976,0.706132415790523,13.820985699745696,1.7700023429373162,42.87324914132641,2.6699730353134727,564.0
14.0,2.485044206955044,3.306994895906394,0.7192036772303488,13.802771380360374,1.7781714849877923,39.906148889107605,2.6243363880357484,564.0
14.010416666666666,2.4999091198639833,3.326943632361102,0.7373415937842647,13.799846146212483,1.783772294363106,38.223693938208086,2.587147442265223,564.0
14.020833333333332,2.5339319861409058,3.361885112269045,0.7452100132958238,13.812178752384675,1.7861315286113417,34.49618834334007,2.5327875291522464,564.0
14.03125,2.5513852612854646,3.3882938878093123,0.7611653914873469,13.838075268464156,1.785430351977312,31.169546395523408,2.480028241973968,564.0
14.041666666666666,2.5633335373714097,3.410357625938756,0.7836321415720299,13.878206255143473,1.7812301225805078,28.318080693682184,2.4485221335947447,564.0
14.052083333333332,2.5914996818012375,3.446858725617951,0.8032997594976135,13.928841085992506,1.7735377010648767,25.526700291876548,2.446742281577502,564.0
14.0625,2.6181833872655376,3.48462139162789,0.8353086152360252,13.990955353759125,1.7618615941457827,24.131292919876447,2.4475232709371473,564.0
14.072916666666666,2.6489781454054304,3.526392695679966,0.8735661292166217,14.064258408944657,1.745762385626479,23.507364794710355,2.4487044701770726,564.0
14.083333333333332,2.6960006081912034,3.5824655074188807,0.9190747796270787,14.145727701850758,1.725501577769459,22.999190290767274,2.4492988848553767,564.0
14.09375,2.746849039530099,3.644762131035968,0.9732555951133912,14.233558293100629,1.7012884593359543,22.517136531899524,2.4500488231403845,564.0
14.104166666666666,2.7948786824233043,3.706748162004174,1.0362472358783295,14.327973550363689,1.6729049495087969,22.215835315408395,2.4514164992633525,564.0
14.114583333333332,2.855329510426856,3.779282672844009,1.0983492166544209,14.421729946353976,1.6426899479526673,21.555332597910255,2.2171028956012733,564.0
14.125,2.9086262520085047,3.847723697520698,1.1697386829497796,14.516766141229846,1.6103500618959166,20.919933144255612,2.199301266964074,564.0
14.135416666666666,2.9568424297468168,3.910859059701676,1.246620616428677,14.614721650010079,1.5754134451882158,20.51906681226002,2.1839643680318592,564.0
14.145833333333332,3.014498313324118,3.98056629142389,1.3258694551878476,14.71183036723617,1.5390539868220645,20.12481812608109,2.1679577887801527,564.0
14.15625,3.0714089681701258,4.050381896385162,1.41504304884138,14.808741917559633,1.500462385228501,19.887407275746014,2.154710739942128,564.0
14.166666666666666,3.1299445330229902,4.120928905913319,1.506195792619797,14.901249687153502,1.4602057564713564,19.711392934718404,2.1427410068478236,564.0
14.177083333333332,3.1910052359013883,4.194932190365099,1.612146263721422,14.987804689909996,1.4170593429780087,19.763818469385868,2.1359342895124747,564.0
14.1875,3.2624405510696404,4.277797549037934,1.7240754352514438,15.06007222916893,1.372399737824343,19.84435002294017,2.1306300083947507,564.0
14.197916666666666,3.3341440899602506,4.361910363308012,1.8396629949691585,15.111204261033976,1.3272658506826023,19.85853688059802,2.1254616792710426,564.0
14.208333333333332,3.4098199890645335,4.450825018652341,1.9636469302491482,15.136004195229926,1.282446603729935,19.805555550139903,2.1201094033422594,564.0
14.21875,3.4875898161355128,4.5415970717221255,2.0922423855826016,15.131104455873423,1.2388853414893664,19.673368905588585,2.1137923346311918,564.0
14.229166666666666,3.5585685917877052,4.626294517990975,2.221820274439443,15.094948787914824,1.1966458774163213,19.547244776006078,2.107970499015873,564.0
14.239583333333332,3.627110834518177,4.709066950432875,2.3499165613200126,15.027930929602107,1.1563579253246763,19.403396792657034,2.1018349089463904,564.0
14.25,3.6916059842935653,4.787234044054118,2.4770768615735883,14.93081004207839,1.11774793452997,19.310137822429056,2.0969905507878184,564.0
14.260416666666666,3.753920022908919,4.860680350913252,2.596887156702037,14.807087057438189,1.0812146831278215,19.221225373521076,2.092321479086937,564.0
14.270833333333332,3.7819800264228314,4.913386508089615,2.727647232001398,14.642524245824772,1.0428756097687149,19.740646779391643,2.1018692214697214,564.0
14.28125,3.8112037746260454,4.963199920066082,2.8438337266381644,14.442260013330419,1.0045970434377685,20.650780746345617,2.118239786801938,564.0
14.291666666666666,3.857213240702818,5.018806543967791,2.9396357422624817,14.225617210078864,0.9692299350863857,21.355747753284387,2.1306543626785643,564.0
14.302083333333332,3.8402907435265297,5.039843367004936,3.0364607598332745,13.977566871049893,0.9336358112030404,22.70431684234257,2.155064419724954,564.0
14.3125,3.7818199448049437,5.041503987154662,3.097751652519147,13.725306833591183,0.9011110182802989,24.082406261187753,2.178931925486632,564.0
14.322916666666666,3.7666820970266524,5.052679785676513,3.1395522999845387,13.495946672267142,0.8737520135513817,24.961778331795262,2.1968213267141183,564.0
14.333333333333332,3.5001093310534963,4.967180548870685,3.1379305546740746,13.303026726180873,0.8515146390905941,26.077312792050595,2.2178656675366684,564.0
14.34375,3.193668954275504,4.8499110812419,3.0892442807592193,13.186897017238648,0.8369437138996567,27.053471635824973,2.236484073364479,564.0
14.354166666666666,3.02194150802083,4.770522249301295,3.0312008835883066,13.18912066262128,0.8321954221481161,27.61460591970351,2.46425239082124,564.0
14.364583333333332,2.6240800920390526,4.550413513380842,2.868073379438386,13.35949484122548,0.8394681119449715,28.586407529306868,2.4645777570206495,564.0
14.375,2.214157600943161,4.266559241049437,2.5820299835159624,13.738498541357437,0.8605490619371001,29.32375929546066,2.4638555262979422,564.0
14.385416666666666,1.9411955805012613,4.020167668789036,2.2616084623418997,14.332193895031152,0.8950826873298863,29.72449889726254,2.462966084756457,564.0
14.395833333333332,1.713492904589451,3.790245086207611,1.9147039829179058,15.056568000198517,0.9377449590837248,28.845738633898385,2.459662405396365,564.0
14.40625,1.5265221162050124,3.5572503336754013,1.5644272613110406,15.859137791868921,0.9852566415588031,27.68868350814637,2.4575972818729532,564.0
14.416666666666666,1.3559593170231898,3.321078669036464,1.2465040421421896,16.73343826071529,1.0369364490057693,27.187190203797524,2.457695520959336,564.0
14.427083333333332,1.2665614213112308,3.1370859578367054,0.9791435740300627,17.567089520352855,1.085599119905267,26.02939502679762,2.4552785449089067,564.0
14.4375,1.1738841847334842,2.939336538904751,0.7710198592488844,18.387177707505256,1.1321252544108356,25.338240385157746,2.455511226502373,564.0
14.447916666666666,1.0806029203063598,2.749715755133347,0.6178362349707558,19.17334211748321,1.174371884645859,25.03917027308316,2.4559453429582185,564.0
14.458333333333332,1.0559564614074928,2.6052280095035987,0.5143898682337985,19.899880830988366,1.209844822649981,24.877763060825956,2.456138611602023,564.0
14.46875,1.050994023668298,2.4881325137750445,0.44273851808724196,20.544129009384342,1.2365504482239724,24.67932847908206,2.4559955269573543,564.0
14.479166666666666,1.020456520592872,2.3730273946019933,0.39016794264386745,21.102826491393788,1.2538757443012114,24.579302165071482,2.456140037386522,564.0
14.489583333333332,1.0261458165089898,2.2915536081075896,0.35069571936374994,21.54576948220932,1.2614309290993686,23.97530386733216,2.4547300221910824,564.0
14.5,1.0185268776778675,2.2074672569338567,0.32039485312831023,21.89852873547211,1.2610083955428542,23.442072823151435,2.4546685146344274,564.0
14.510416666666666,0.9897540491425235,2.118647821868887,0.29558943479700633,22.170898581012242,1.2537239364672075,23.17214706801067,2.227288267360892,564.0
14.520833333333332,0.986754070643116,2.0511438144022627,0.27524599033413905,22.35682189145293,1.2413382654250318,22.68842600411726,2.2191466219414053,564.0
14.53125,0.9785428558643605,1.9870000237078749,0.2591937122842323,22.468172400839656,1.2249804737961758,22.285754908413555,2.2118989839376857,564.0
14.541666666666666,0.9575138236268548,1.9236216589141903,0.24592476035849156,22.50745757979554,1.205468364144341,22.06695064701595,2.206728217368551,564.0
14.552083333333332,0.9517165920376266,1.873034458402675,0.2356391056745447,22.47270653695558,1.1833511015885867,22.068153091861994,2.204752668640914,564.0
14.5625,0.9615828984331225,1.8396087376626273,0.22896457617982047,22.3555543534331,1.1586310263585147,22.448805818309484,2.208960660422555,564.0
14.572916666666666,0.9696669394435946,1.8211501621569839,0.22411429090539173,22.156496955416735,1.1331311390130958,22.70970062691543,2.21236499129437,564.0
14.583333333333332,1.0171636310760779,1.8237752271440313,0.22423029276821843,21.842342373954203,1.1048846473944731,23.85352137085838,2.229603047515242,564.0
14.59375,1.0951641449326588,1.8619353214935381,0.2279306507470229,21.409684880977863,1.0762129884145866,25.261384857936978,2.459252833558205,564.0
14.604166666666666,1.157229871357019,1.9116960567937094,0.23318933095463976,20.88385847041057,1.049921074224013,26.066185931174168,2.4578718879821,564.0
14.614583333333332,1.2505646061214326,1.9774943498379625,0.24474198859752094,20.200132789213328,1.0244587790656252,28.058546473810253,2.460422144526213,564.0
14.625,1.3690054638297022,2.0736139393142707,0.26010094333200967,19.392454503370544,1.0030992938584877,30.072190683345298,2.4611281905924587,564.0
14.635416666666666,1.4627092709345002,2.171070211534699,0.2766828488479325,18.520006979783545,0.9878722797600107,31.071505346984186,2.460147908770437,564.0
14.645833333333332,1.5550080040888765,2.267250514408983,0.2995879579801695,17.540763243800143,0.9784553051999252,33.084745088415495,2.4663190949937017,564.0
14.65625,1.6408018196445115,2.3695363191291534,0.3248451456771424,16.52753286921416,0.9759668791620225,35.849498247382144,2.500944012084554,564.0
14.666666666666666,1.713656999447547,2.466787311775527,0.35083914048570997,15.54201891491418,0.9800775141611374,39.25111710777749,2.537522402371929,564.0
14.677083333333332,1.7448824670103098,2.5372258616120646,0.37972639834161076,14.562146710748358,0.9905833426731063,43.96728532353917,2.5868645029852524,564.0
14.6875,1.7332219870856354,2.5841768528387528,0.4050872959530419,13.637242257471085,1.0069850401112466,48.243650136529695,2.63786200202321,564.0
14.697916666666666,1.746484860579973,2.6349122775525493,0.4280997089423168,12.811814261894659,1.0284261130738561,50.92267208952478,2.6810883624015043,564.0
14.708333333333332,1.637092071048632,2.6170283237896967,0.44291036037839543,12.078088099399524,1.055817075800226,54.73860693231902,2.8799110774235666,564.0
14.71875,1.5458985866939174,2.5978834444650247,0.45248558755202756,11.486390592316356,1.0892213774992494,57.73020137530954,2.8783843793069903,564.0
14.729166666666666,1.5168291524105744,2.602519192862571,0.4619307427655038,11.0812916632352,1.1288645998710987,59.59621480471152,2.876875784807191,564.0
14.739583333333332,1.4847554342705536,2.594898742223356,0.4692973043365133,10.884566511762765,1.17620582185818,62.468331658281016,2.877126155107905,564.0
14.75,1.4729478085941121,2.595583530652332,0.47399634862707674,10.899904062944733,1.230092054644926,64.3491679813583,2.8769804260932887,564.0
14.760416666666666,1.4728005094011003,2.5998461597629596,0.4774330670484903,11.077702699241593,1.289019925478355,65.89029014814888,2.8796813274823356,564.0
14.770833333333332,1.4637582548228991,2.5914982220839153,0.4806831072924685,11.353162453337362,1.353091040850421,74.1688955059984,2.908155428720208,564.0
14.78125,1.469775253144421,2.5938422855229866,0.48497873882631914,11.65017394617897,1.4200426509238353,84.50527379792884,2.941829972915295,564.0
14.791666666666666,1.482087672958233,2.6037630757516177,0.4884521574057159,11.897631460737136,1.487309199171242,91.66967033596254,2.9686854131942364,564.0
14.802083333333332,1.501931677295237,2.616473284801412,0.4970711812893447,12.059141899723052,1.5561392520660005,100.3167941767198,3.000952531319218,564.0
14.8125,1.5311087219712147,2.642299614002991,0.5044692191527061,12.114248286783834,1.6238934013284934,104.44388693134287,3.021534749279432,564.0
14.822916666666666,1.5461838312859506,2.6572435725061063,0.5108072477037913,12.074096969202873,1.6907208874756718,107.86470521189828,3.0380700368903195,564.0
14.833333333333332,1.5715032159919062,2.679625966301843,0.5086402464597282,11.970992743328127,1.7522266835679856,103.22869348463364,3.0291915844049475,564.0
14.84375,1.5808271481215346,2.6829685907441325,0.5015025602953456,11.843000306845692,1.808047067755959,97.44225383643045,3.0100668777813775,564.0
14.854166666666666,1.5694291425135916,2.664521201487484,0.4931273877893796,11.720724126613073,1.858145630937357,94.88930530236242,2.997537159804081,564.0
14.864583333333332,1.5878929529948997,2.667950181132257,0.4776708720508133,11.636751937572653,1.8969726313229565,84.27747352705528,2.960207763128734,564.0
14.875,1.5854531083126566,2.6506865238131296,0.4625322117545396,11.592029828701047,1.9258854515211412,74.91639889811955,2.922194461577435,564.0
14.885416666666666,1.5655409428853584,2.6186946258622092,0.4488876422814344,11.57999962319624,1.945390006643291,67.9935458808827,2.894063600097549,564.0
14.895833333333332,1.574791671248991,2.6113451428865853,0.4274573539463245,11.587296019875794,1.954301486190718,53.67408174474322,2.8616598207593142,564.0
14.90625,1.5511705697855944,2.5746712699580865,0.4065185790113939,11.600320494900496,1.955462719802997,47.093384663509724,2.8600585625272132,564.0
14.916666666666666,1.5071303180683806,2.517308325277521,0.3883780409701062,11.613603065701353,1.949672635402832,45.01201898876828,2.8626171545394885,564.0
14.927083333333332,1.4891692780218027,2.482640588006516,0.36561327840876,11.623422771735072,1.9388055789159402,39.455982649701845,2.668699967081918,564.0
14.9375,1.4484964672410512,2.4281614566589496,0.3459697392758343,11.631249475437274,1.9236826706114565,35.25716961323807,2.5924800480142984,564.0
14.947916666666666,1.397147616985199,2.3618967174105943,0.3295560032796066,11.639550443106849,1.9035008909176299,32.75781435344492,2.531067044733224,564.0
14.958333333333332,1.374047002610443,2.3195133345882395,0.31180078974789355,11.649346382070492,1.8815855858738144,28.422876804419193,2.454594770862519,564.0
14.96875,1.3355925919272207,2.265324775489875,0.29762315712111165,11.66279890096316,1.857019378603487,24.557389844386133,2.4421571877782426,564.0
14.979166666666666,1.2930912289401701,2.207292725136534,0.28582321381699705,11.682201236032519,1.828575948710525,22.45402794888128,2.4436850381773403,564.0
14.989583333333332,1.2868346471550192,2.173241261780032,0.27539763503062786,11.707000082910765,1.7986305686119957,20.987250574149254,2.4437828717817855,564.0
15.0,1.2837191183989645,2.1433475700495785,0.26776437690913907,11.738284772408502,1.7662539896068394,20.018587227900937,2.4454960321361634,564.0
15.010416666666666,1.273902228997359,2.115208616970533,0.26195641822367366,11.776981922342365,1.7306671678961396,19.46997586170529,2.202649355023826,564.0
15.020833333333332,1.2884846067428302,2.1063538198887324,0.2574350359412382,11.819625755580056,1.694459060295549,18.827463568701003,2.176243647667281,564.0
15.03125,1.3007503689165674,2.1013318171151463,0.2548962719058961,11.865738288089515,1.6569374992089867,18.245742743014453,2.150173529226609,564.0
15.041666666666666,1.3054594242869053,2.09740447706149,0.2537851593383994,11.914893370229123,1.61727988366515,17.84020985976234,2.1267204935043433,564.0
15.052083333333332,1.327148797900401,2.108738862733306,0.2538899424643666,11.962785854559458,1.577666130318215,17.378961819187705,2.101096035831361,564.0
15.0625,1.3526132048157555,2.1269592811260396,0.25610491199688806,12.009122584145095,1.5370510673790494,16.979253614127014,2.077002286014443,564.0
15.072916666666666,1.3758298207040853,2.1500217031044113,0.2597052141011919,12.052384971570731,1.4954010445716157,16.64121189794792,2.0549340418664412,564.0
15.083333333333332,1.4209097495202276,2.189291975003676,0.2658746580231368,12.090993389055019,1.4528353703870176,16.337434391817762,2.041299566654975,564.0
15.09375,1.4768385149062275,2.241819928782721,0.2747735813420335,12.12358661516604,1.409408865702747,16.06772582878871,2.04362047526797,564.0
15.104166666666666,1.5315029580420023,2.30233275667138,0.28577843264325276,12.148500394236763,1.36605711828144,15.859566206812147,2.045844293858301,564.0
15.114583333333332,1.5962821545143298,2.3758741418354785,0.3010810183966861,12.165323131787195,1.3219639523742173,15.807744694384542,2.0481520091610044,564.0
15.125,1.6705520266775309,2.463412074060646,0.3202773082991656,12.172798674161628,1.2783896735565445,15.840970126610234,2.0497808872392227,564.0
15.135416666666666,1.7462508652271256,2.558370392876927,0.343328726346255,12.170597977255154,1.236270918533106,15.895406379900619,2.0510234680948574,564.0
15.145833333333332,1.8351160384779919,2.665252536013387,0.3719815520392678,12.15902336163682,1.196220671023191,15.936219306530594,2.0521118300423633,564.0
15.15625,1.9330536223178594,2.780160602467576,0.40672239619014383,12.13876267194614,1.158641798335163,15.952452221250878,2.0531708453301207,564.0
15.166666666666666,2.0276846836002056,2.8954381399693125,0.4477558775936908,12.110468518965172,1.123480345887839,15.967485507350355,2.0543448218016507,564.0
15.177083333333332,2.1368629858091595,3.0190457138095037,0.49764726972683465,12.075027571990244,1.0908933809932697,15.986300445384234,2.055458502649232,564.0
15.1875,2.2491747807831346,3.146594865746958,0.5589582814354319,12.03263305638757,1.0604051563435497,16.05958933949667,2.0566692572070124,564.0
15.197916666666666,2.3606577374711404,3.2759045591041374,0.6297256790023789,11.985334704863254,1.0327751621938852,16.124802927496813,2.057281036852133,564.0
15.208333333333332,2.4726131505618696,3.407456683020262,0.7205164699752586,11.931503512215686,1.0065733628705238,16.331464049086534,2.058364221639249,564.0
15.21875,2.5940151795840616,3.547298513954932,0.8271113330601215,11.87402742136952,0.9828265164838118,16.583283957630055,2.0581290536066144,564.0
15.229166666666666,2.716426208068531,3.688862748557335,0.9473784412883595,11.81613038435835,0.962136505057701,16.76451226992198,2.057243975328202,564.0
15.239583333333332,2.8308853646117975,3.8265968138836803,1.0918666135354262,11.75628731381634,0.9434232180404724,17.02241841259056,2.0569953677086343,564.0
15.25,2.947916552059698,3.9650175042597406,1.2506826207969461,11.696223456371131,0.9269345883847107,17.303591817122225,2.0559404331020077,564.0
15.260416666666666,3.0651328248534537,4.1008231682483345,1.4153501486654414,11.637537078061019,0.9127940807076393,17.485106303640478,2.054370204882258,564.0
15.270833333333332,3.142336692641802,4.217135578660934,1.6047440647742646,11.573022092748825,0.8992736178291694,17.95683820233257,2.0541832339754955,564.0
15.28125,3.213042061500899,4.330712994240608,1.7937358886473531,11.502694491979922,0.8865966433512209,18.562416238777313,2.0552556087564677,564.0
15.291666666666666,3.3055985170030366,4.449072836447043,1.973312909440299,11.428369599071175,0.8749682748282207,18.98227223967726,2.0649003743694885,564.0
15.302083333333332,3.2681695850664783,4.499032234068505,2.1506366285519753,11.338000469972034,0.862393601245311,20.16063760409523,2.0965815276305895,564.0
15.3125,3.0915956924037475,4.461819194668667,2.2503929212686247,11.235068064520602,0.8490862727081415,22.406392073619003,2.140627686276058,564.0
15.322916666666666,3.0052441253435966,4.438862332934429,2.2804116548317013,11.143021265046219,0.8371698287541164,24.324686729692885,2.1740763149651,564.0
15.333333333333332,2.549678345103069,4.235095040224464,2.243539021616414,11.073507161330186,0.8264686494956264,28.313032710670516,2.233247215038642,564.0
15.34375,2.132737213670885,4.024212702860668,2.1335600312014606,11.092273821903053,0.822837640178989,32.46347333771761,2.4734178588795848,564.0
15.354166666666666,1.9485213720386803,3.912700583610952,2.032041485010325,11.25536320692085,0.8314599951268551,34.63005845686791,2.4712033247807863,564.0
15.364583333333332,1.515234487714195,3.584617087663484,1.8135403645546906,11.660524171361647,0.8598289956791416,39.5440643696855,2.4865264123458415,564.0
15.375,1.1951526530858476,3.2471277009172237,1.4944475071104588,12.345376376429748,0.9108230816319116,46.63964109729963,2.559544212897747,564.0
15.385416666666666,1.0586338359267498,3.0201130333513344,1.216592949687083,13.246175085530325,0.9777136914768176,53.605411477459626,2.634039397842638,564.0
15.395833333333332,0.9755046101191868,2.80923444825949,0.9801257968578526,14.299917084726575,1.0533078661233113,60.05026207344936,2.7126833062535454,564.0
15.40625,0.9746218455115614,2.68373465168964,0.810414726527732,15.367282968750331,1.1260030990758565,63.58559443970641,2.8892784892332553,564.0
15.416666666666666,0.9630296764359324,2.5672409569519026,0.6865964251787914,16.362895619224467,1.1899582260640524,66.54289592520115,2.8871141081484994,564.0
15.427083333333332,1.0404391059457803,2.554624173042918,0.6139967195538101,17.180728507460067,1.2398950574461596,65.70737290788985,2.8829651862640007,564.0
15.4375,1.1021943248234662,2.535877855291374,0.5563662019665286,17.8076242094164,1.2774163002697034,64.15952867907639,2.879818879065215,564.0
15.447916666666666,1.1061013388277567,2.4696789148711433,0.5038123613895523,18.256961489377947,1.3058037933099569,64.5932150195894,2.8794459297744557,564.0
15.458333333333332,1.1598009440262824,2.460046056965184,0.4673707244806705,18.513190784622996,1.3258105439494723,61.852130979488564,2.87594471248806,564.0
15.46875,1.2044267491365759,2.4401421769724867,0.4404296538885156,18.608701083337003,1.3405690227043536,61.189355220274074,2.8754363918464274,564.0
15.479166666666666,1.2118859395041564,2.399914226371932,0.41546064925576753,18.55387706340413,1.3518442989883737,61.15098684971584,2.87533624067666,564.0
15.489583333333332,1.295329530067461,2.4107647141462576,0.40315243197461964,18.36011573444251,1.3609437994884863,61.565208468192274,2.8754952733351136,564.0
15.5,1.3880919080403715,2.435094910398688,0.39635946013796924,18.0485057732666,1.3684850957107604,62.04468236643543,2.875531374986164,564.0
15.510416666666666,1.4283748551178024,2.4364290124926162,0.3885430933301172,17.650540658834714,1.3745806747653901,62.35286197719778,2.87535477131036,564.0
15.520833333333332,1.5086265287780272,2.4643372041405462,0.38647386445403104,17.201459707289114,1.3790397647884607,62.517284051525074,2.8750968762404145,564.0
15.53125,1.5731968110569694,2.490372155580045,0.3862788832828886,16.730081592102053,1.381496209957803,62.566068094049086,2.8747794376307243,564.0
15.541666666666666,1.6000777807061377,2.5000875283825716,0.3856603116076753,16.247255167120148,1.3815327014185914,62.78704085076472,2.8747157262885397,564.0
15.552083333333332,1.640143480527452,2.5186200806656265,0.38673950558556297,15.75442259375919,1.3788991479364385,62.71496043327414,2.874360322172479,564.0
15.5625,1.6763582455795405,2.539114884149963,0.39042198950513185,15.23954792590208,1.373484768080725,63.13358340029054,2.874621339979792,564.0
15.572916666666666,1.696300121133525,2.555223712936324,0.3942817572976072,14.69276663298345,1.3652961695255343,63.34076288800972,2.874598042130331,564.0
15.583333333333332,1.7277628810121095,2.577105301703243,0.3997738026177803,14.102293103173624,1.3545799753635213,63.728980194536504,2.874814992930774,564.0
15.59375,1.75800174235316,2.601283056921755,0.40509825915028136,13.473535114808238,1.341971902927178,63.31026686071638,2.8741906161600177,564.0
15.604166666666666,1.7732809378870127,2.6185691186176547,0.41095932404888436,12.804246028071452,1.3278737003377719,63.28962306573564,2.874185661355482,564.0
15.614583333333332,1.7979035162376347,2.63686265176617,0.41132131851188997,12.131297498809165,1.3135598694499793,60.75101244634856,2.8715548693953337,564.0
15.625,1.807419937500443,2.640962853687049,0.4105623281588728,11.458001384030611,1.2994598026404438,59.05437783447808,2.8706517685247204,564.0
15.635416666666666,1.8055223574737402,2.637617628287468,0.4101797229757394,10.796712104604365,1.2858726114163708,58.45325112073958,2.870977637531657,564.0
15.645833333333332,1.7950312887770972,2.630100536198606,0.40890650064088185,10.17573799930248,1.2732325539383709,58.00620855695147,2.8712976383307516,564.0
15.65625,1.778343579754141,2.6236358672808637,0.4105298099479736,9.612311605475712,1.2617114659042854,58.46351719190975,2.872349806687954,564.0
15.666666666666666,1.7763461670919802,2.6306336482201345,0.41417854052272646,9.134396779101355,1.2519333637565397,58.337572743603495,2.8725306912220456,564.0
15.677083333333332,1.749690896070554,2.6273712125301185,0.42314356162571043,8.732738684936876,1.2443317283668929,60.999500423926854,2.8751985849709274,564.0
15.6875,1.7248216652760517,2.6343788477033745,0.4362176664481228,8.420925623977348,1.2405596727912125,64.08835105561364,2.877582953885318,564.0
15.697916666666666,1.733294332418325,2.666129051846598,0.45140029903032164,8.207317819711978,1.242697177450393,65.06859465871652,2.8775588957014175,564.0
15.708333333333332,1.687860165945151,2.668473547819772,0.4797717265394386,8.070180821650476,1.2543008104258744,77.60387656790977,2.912456657647887,564.0
15.71875,1.6799622776542165,2.7050961561249864,0.5169376485688807,8.021908007643328,1.2796596248161367,96.68341055076785,2.9716677682100157,564.0
15.729166666666666,1.715412444696456,2.773867724447219,0.5574230410935906,8.05806319433606,1.3203898406162276,108.38291421842598,3.015893720610817,564.0
15.739583333333332,1.691430368846048,2.7953661433490233,0.6097569115685515,8.17866571332869,1.3827705217662167,131.09612974891883,3.0924880303250384,564.0
15.75,1.6984388374724122,2.84027290596098,0.6628958472992683,8.384376892667065,1.4627075587520548,148.8769405824852,3.163458297889548,564.0
15.760416666666666,1.7331040467512802,2.9009976264545916,0.7145467148993639,8.670717800247042,1.5491325435467238,158.56852359452262,3.3014347374681607,564.0
15.770833333333332,1.7755505912513152,2.9478407995738567,0.781752712474321,9.051051146546941,1.6383282610939554,182.33050960975865,3.3065128932133967,564.0
15.78125,1.8637967009511807,3.0292981593123596,0.8550438014136884,9.503661754361035,1.7222038069040067,200.2802373904145,3.3097040296051774,564.0
15.791666666666666,1.9276884805170187,3.0956152632747758,0.9122822806102826,10.009231533664229,1.7993719018849688,208.14699877323733,3.311003068629869,564.0
15.802083333333332,2.037632965858612,3.1802929408316194,0.9880393175991485,10.5700265674918,1.873035927316221,246.5583937187396,3.3407008005697385,564.0
15.8125,2.1573368876591323,3.272777160797572,1.0527119227928377,11.147796381084074,1.9425509501937697,261.30913991945135,3.352928493795659,564.0
15.822916666666666,2.213111169549505,3.3180009671587705,1.0894836681455078,11.72110482324581,2.0074669700098857,258.7637149230638,3.3509813111810307,564.0
15.833333333333332,2.3351798281673917,3.399713019477842,1.1308921372968819,12.252508872445388,2.0626261560709227,241.0862728332814,3.3368425649263016,564.0
15.84375,2.424299402641455,3.45351032331737,1.1525202750421146,12.71000202090073,2.1034411701553384,217.3813845604382,3.3180095198931734,564.0
15.854166666666666,2.4521586697504802,3.464655671064836,1.1519899610585336,13.07144827256215,2.128595748804273,206.66256039655192,3.3133603409828467,564.0
15.864583333333332,2.4909564800907256,3.4808460250846185,1.1393325626073691,13.31865728527674,2.1403531815853696,196.17231652863288,3.3115117737081228,564.0
15.875,2.5065488586409446,3.479585791430001,1.119799572387113,13.439445341987794,2.1425284142334418,187.35165044665604,3.310727374461556,564.0
15.885416666666666,2.5025750800617543,3.465289987176093,1.0981111696808286,13.410724999721179,2.1360810335264158,181.32174405660118,3.3110481210113156,564.0
15.895833333333332,2.504057352070705,3.4543993626455,1.0581321869920002,13.243865546370284,2.121556419259273,165.69235593148827,3.235898315863574,564.0
15.90625,2.483921536114823,3.425555419970457,1.012845823543238,12.965114636311709,2.0998205038532496,152.89718620601786,3.183833479185877,564.0
15.916666666666666,2.45726075520425,3.3905924081764565,0.9763102196809937,12.579447772105672,2.0710023447864567,145.7575753786533,3.147449863288927,564.0
15.927083333333332,2.428759250816878,3.3557499949843095,0.9117180016883794,12.140270309778458,2.0387496725308165,126.97248117140391,3.081115060903797,564.0
15.9375,2.3733537816720958,3.2967836090185285,0.8420456915940415,11.672928697066713,2.004349762533023,109.45183173736243,3.0130640944376985,564.0
15.947916666666666,2.315934602756182,3.2311890951603055,0.7900570473836527,11.165556955280614,1.9661359646614263,98.93491435657859,2.967229379055635,564.0
15.958333333333332,2.2604241705033945,3.1715068276225535,0.7099010586640986,10.689797850753767,1.9289096639578969,75.24784904864376,2.8890222119906763,564.0
15.96875,2.173431374779325,3.0834408598650893,0.6424247690491225,10.226236855991168,1.8907272709531886,62.251131162949186,2.8801697432738464,564.0
15.979166666666666,2.095686414715234,2.9960884373726215,0.5927074892662342,9.754203665271392,1.849073867394912,59.04046245203439,2.882621747618824,564.0
15.989583333333332,2.0366252542753203,2.930888722608719,0.5419811854719645,9.314597678738554,1.8073357608762528,52.804059950019564,2.7144007041050084,564.0
16.0,1.9694542507217867,2.862096749205086,0.5055427081260258,8.886082858078463,1.764000180445567,48.68161198991074,2.6474862053727084,564.0
16.010416666666664,1.9167291881834174,2.804237779123601,0.48037899635972364,8.456890744476596,1.7184620144129834,46.01801391788224,2.5953942091637145,564.0
16.020833333333332,1.901419535964961,2.7787191982721278,0.46428741335358165,8.03672640526295,1.672669370186915,42.87421128336775,2.546673196828971,564.0
16.03125,1.909221861445323,2.774418623392656,0.45952776059979134,7.617128641452238,1.626774316369205,40.285746129961915,2.5082740783157895,564.0
16.041666666666664,1.919085480220402,2.781461322842029,0.4603723265834782,7.203481909167292,1.5823549058788615,37.665634646479766,2.476240275616626,564.0
16.052083333333332,1.9711299144872758,2.820625374277228,0.4728192702519503,6.799142513819532,1.5404930229993805,35.39088181809101,2.4684391190685675,564.0
16.0625,2.035400248193587,2.876268320026632,0.49020658572887704,6.4208579288151215,1.5031789870119026,34.08798701886115,2.468035200471228,564.0
16.072916666666664,2.081076714288306,2.9283601106184247,0.5127721414668066,6.072107785120751,1.470551826454066,33.58986664104,2.46850000500562,564.0
16.083333333333332,2.158334737287118,3.0019959954469377,0.5408976255187996,5.768478297563701,1.4434532096858423,32.811752424437756,2.467741987129903,564.0
16.09375,2.2348973962866365,3.0788753650825496,0.5775768005977582,5.508341563764551,1.4208458982509187,32.29589959687755,2.468028431704213,564.0
16.104166666666664,2.297278969836664,3.153490798312772,0.6207200887117945,5.294017685356842,1.4019296776055212,32.02482310475895,2.4686160533671626,564.0
16.114583333333332,2.3926244077286647,3.2510960997426133,0.6783118265323081,5.128572875558671,1.3859721244367245,31.783925296747565,2.469031760967498,564.0
16.125,2.4933923092404324,3.358414208459797,0.7493691359096231,5.013283339645208,1.3721784508580097,31.49329624363532,2.4693077416915847,564.0
16.135416666666664,2.5792853578517114,3.4636547462706693,0.8339733316984881,4.948914826418719,1.3596685793884855,31.304530604080416,2.469874765966396,564.0
16.145833333333332,2.670421932405253,3.579165932733979,0.9365657864895686,4.937563393661573,1.3478256920314768,31.02775093394397,2.4701112987873373,564.0
16.15625,2.7522307316008763,3.695933487413894,1.0592736234576052,4.979262865279289,1.3359940389253164,30.851446963470096,2.470710305485169,564.0
16.166666666666664,2.839163926486402,3.816655560499933,1.200354568478469,5.072621752496214,1.3238745922734776,30.7218188700572,2.4712784582546665,564.0
16.177083333333332,2.9166517725529797,3.9393524285154795,1.3608522666551446,5.213449877861821,1.3114748877002407,30.558594430210128,2.471717362375812,564.0
16.1875,3.002397626100792,4.065495938559789,1.5336845013861247,5.393489638118627,1.2991038174565328,30.194023726023918,2.23926828036693,564.0
16.197916666666664,3.092080559846683,4.1889993084059975,1.7194406710358783,5.608582953829487,1.2868689587704512,29.973176632010663,2.2338478477792925,564.0
16.208333333333332,3.1813555231230377,4.3110211641647345,1.903993154145575,5.848648825585851,1.2752113718988456,29.475015056001926,2.2260716840366066,564.0
16.21875,3.263001419535988,4.422955618451831,2.0883564780829023,6.113551445708216,1.2638673897576016,29.077871791765816,2.2186872432447866,564.0
16.229166666666664,3.345237294674716,4.5289728438268755,2.268794402876301,6.404642163659019,1.2523742564159255,28.8450714397528,2.212350811791559,564.0
16.239583333333332,3.432856553363661,4.6373473165569035,2.4462579988042275,6.719265772965138,1.2402603590403682,28.5182980856369,2.205281830315776,564.0
16.25,3.5195796048034027,4.742937784787919,2.622684658073101,7.058191368306846,1.2269425127154427,28.220874960568135,2.1984555718970524,564.0
16.260416666666664,3.6024578002039904,4.842674840239051,2.794598146777916,7.420437635764377,1.2121996248247702,28.021348387987086,2.1924673787872795,564.0
16.270833333333332,3.670069696012814,4.930700723643761,2.970919773593114,7.81884936434705,1.195605399710298,28.52167635347318,2.193045652670466,564.0
16.28125,3.73620212910557,5.013907834330147,3.1385570514066092,8.249434649089752,1.17796991708855,29.394215692136772,2.1981636241736093,564.0
16.291666666666664,3.8084816636573104,5.098188608226447,3.2870134397167283,8.69299644053158,1.161665382468093,29.78802163258007,2.2010244408389514,564.0
16.302083333333332,3.809294929096295,5.139405052469584,3.4317845006660463,9.196883326872795,1.147893071863988,31.654164523810103,2.2164636081539117,564.0
16.3125,3.69894912690591,5.125750696895008,3.518312312363392,9.757818874177593,1.1413521534685778,33.734591197283166,2.2350057308141227,564.0
16.322916666666664,3.6700185893646653,5.136927677310356,3.57620677263367,10.368821051450958,1.1469458013850091,34.68063892037612,2.2473291221944924,564.0
16.333333333333332,3.248960962708097,4.9519818412349155,3.5231514725525748,11.113952319355993,1.1706270155296568,37.081072380848276,2.4858881711155285,564.0
16.34375,2.8413431180441275,4.729660936877902,3.3765780623224484,12.018578839922016,1.2180878572652358,39.27339938412555,2.487209960227386,564.0
16.354166666666664,2.647021441062441,4.593092636959929,3.227785528918824,13.094769469236722,1.2913570351757708,40.21398544127386,2.4865031735763488,564.0
16.364583333333332,2.274269132901291,4.272398191022281,2.921282700578362,14.476990263894919,1.3992440234831096,43.608037932822086,2.4929743403125726,564.0
16.375,1.9672684907722795,3.933997124242018,2.4893500535931,16.086890367176682,1.5335982950311173,46.16843492332557,2.495686951001466,564.0
16.385416666666664,1.789278649293829,3.680231966814328,2.081008339614449,17.78280722200145,1.6790085361183833,47.84866022627116,2.515046523297737,564.0
16.395833333333332,1.6583601178786627,3.464801824733415,1.701228632753897,19.386218459186903,1.8169351303461017,48.73214867176025,2.5282149602335298,564.0
16.40625,1.5611646985142293,3.275163025161597,1.3650756230128966,20.81350744122801,1.936915099772403,48.34614675271745,2.530834755048843,564.0
16.416666666666664,1.4619009563629684,3.0864601540093717,1.0920002520769394,22.07378985346558,2.035584127332016,48.78222948185454,2.538073754292324,564.0
16.427083333333332,1.439629420761505,2.978585964811085,0.8884018839048708,23.067129735106725,2.102947713001652,46.130072634111215,2.5221227540333775,564.0
16.4375,1.4094964463516362,2.861309064216048,0.7361624372806337,23.856668286806322,2.1440041817343674,43.781202853689905,2.5062537379836263,564.0
16.447916666666664,1.3535163012585822,2.729893188130681,0.6213908894952,24.465784612846946,2.1604174693340643,42.52249060647624,2.4980301735808594,564.0
16.458333333333332,1.3732724306892687,2.669110032736313,0.5435457515060221,24.86595540940917,2.154091920029952,39.73779943618073,2.4773517549872213,564.0
16.46875,1.3888401723670978,2.6084456101359224,0.487189300200722,25.084083899370242,2.129977401897237,37.30740231153336,2.4730036270999394,564.0
16.479166666666664,1.3651267922929655,2.5271483727696333,0.4419024798057407,25.122285494830578,2.091066097096311,36.5196151936236,2.47288090114632,564.0
16.489583333333332,1.4071528658823071,2.49610165293957,0.4074044921977351,24.98495183154094,2.0438910572499007,34.882333509984036,2.4696023030607086,564.0
16.5,1.4362408685322015,2.4568257109850125,0.38052636296440306,24.69191624332912,1.9908506297914648,33.73389852205865,2.4685388472244005,564.0
16.510416666666664,1.4253869137994797,2.39929895227636,0.35748922863897814,24.25562294639529,1.9330816684593999,33.31406040133843,2.468769841876367,564.0
16.520833333333332,1.4435509357888414,2.3652338139487203,0.3370196626319238,23.72947357143148,1.8754760014142355,32.08432529133041,2.4664559638963652,564.0
16.53125,1.4389936943422459,2.32149361105422,0.32043666574606167,23.13180175147781,1.8175959770587715,31.146169700992697,2.465881007036742,564.0
16.541666666666664,1.4160552368567478,2.272483996430525,0.3069097019669305,22.475821184087,1.7590684108951251,30.75973485207421,2.466311364382678,564.0
16.552083333333332,1.4005827417177836,2.2341381650878707,0.29497208083438736,21.801966598810246,1.7020374399894995,30.147156689311174,2.4656199898850644,564.0
16.5625,1.3830520364682723,2.200914505614962,0.2863916242505764,21.118160396645788,1.6459188988048723,29.737934499417612,2.465786058606661,564.0
16.572916666666664,1.365819449230985,2.1744824601904367,0.28032505134255153,20.436602531093353,1.5907695067544128,29.54856764054303,2.466172072075045,564.0
16.583333333333332,1.3525200305091083,2.155669758970086,0.276005925711936,19.771897264261717,1.5370431562652178,29.420584170654035,2.4664004835235698,564.0
16.59375,1.3458205661486093,2.1472650933030324,0.274760898700252,19.12323044204128,1.4841539629757856,29.589739064094932,2.4671871798191303,564.0
16.604166666666664,1.3466690294999362,2.151018757760448,0.27526179328996786,18.506867300483396,1.4331706926703036,29.665747756161988,2.4672515840711426,564.0
16.614583333333332,1.3711644713441518,2.167713120371217,0.2807029024711601,17.891106829258696,1.3815558057012511,30.7104485298656,2.4695286741838434,564.0
16.625,1.4190224419602628,2.2087273247686867,0.28887652733328917,17.296555390306246,1.3317476313035674,31.683418707404613,2.470146798380438,564.0
16.635416666666664,1.4599720325173868,2.255837147667771,0.2982643778974447,16.726701734414046,1.2856040273650358,32.110403862750395,2.4696690852607683,564.0
16.645833333333332,1.4692649251993093,2.2889659852600235,0.30940128230412545,16.146110718413635,1.2423088861752751,32.95413573154569,2.4707077268664053,564.0
16.65625,1.4608606104745774,2.318912957831833,0.31987439778473076,15.55491226749927,1.2036375122847813,33.41933424880739,2.4703947431235673,564.0
16.666666666666664,1.4673451609780235,2.3556122738196743,0.3316972957178663,14.947494672639019,1.1700000410864655,33.640693216857116,2.4700481168735697,564.0
16.677083333333332,1.4280347518430698,2.3675736479110974,0.3386751492036495,14.343807413258356,1.1422955491816789,33.2701303089782,2.4686559285310596,564.0
16.6875,1.3797059399106464,2.3678082833926757,0.3431115297156054,13.758972202821152,1.120379128736534,32.66635046775292,2.46745847251959,564.0
16.697916666666664,1.3547273006991256,2.371664628319511,0.3484869190994813,13.20130992410919,1.103786006933805,32.443266279563446,2.4674832297423253,564.0
16.708333333333332,1.299123639265407,2.359454699035554,0.3461979376109829,12.724003114734142,1.0932031922893224,31.27555168984529,2.464980396535329,564.0
16.71875,1.2328428050698594,2.329509371352501,0.34198531319433867,12.327607507936232,1.0877049031318218,30.298764538806815,2.464233185554768,564.0
16.729166666666664,1.190583363094444,2.3035224774518515,0.3386270144379842,12.021676059232934,1.0869221450180326,29.88525510021887,2.464691321748871,564.0
16.739583333333332,1.1447802077163924,2.2747922530266678,0.33169632107453606,11.831736546476861,1.0904851807429932,29.157625959259853,2.4638042186575864,564.0
16.75,1.0981192197102738,2.2381698793461755,0.32389201320417127,11.757208819952615,1.0976748977154867,28.540509585628556,2.463757093207667,564.0
16.760416666666664,1.0650173585778588,2.2046822050471513,0.31696419501367773,11.791069674231148,1.107620784588523,28.24423700410376,2.464340521638179,564.0
16.770833333333332,1.0426578813387435,2.1780557327226324,0.30856259518196566,11.910069816632033,1.1186779445213149,27.586161656652465,2.463626241476688,564.0
16.78125,1.0223742258022406,2.1466031103051266,0.3007370726219766,12.087150646656985,1.1298693571889011,27.116421274092033,2.464035395283361,564.0
16.791666666666664,1.004571215052963,2.1162359197874943,0.2936528018653757,12.29666512396479,1.1401819285568264,26.88342339787807,2.2318869005896578,564.0
16.802083333333332,1.0010030504115497,2.0932789624877177,0.28797191412138823,12.517658319272911,1.148803298016487,26.884257151973554,2.2291633346182684,564.0
16.8125,1.002197210337508,2.0763014594184463,0.2837691653978919,12.734271500012305,1.1551379669165258,27.07312918931693,2.2291878389364723,564.0
16.822916666666664,1.0031567127866858,2.0658087730551933,0.28045616489843295,12.932730619190346,1.158814572216746,27.16569490485898,2.229388351966899,564.0
16.833333333333332,1.0098062410044082,2.057705480315081,0.2797416778019106,13.113825463475877,1.1598964288321023,27.783134801244785,2.2355853855051104,564.0
16.84375,1.0292717536544822,2.063996639098658,0.2805182568919634,13.265541789398688,1.1584402145058663,28.437579631414884,2.4676147808471587,564.0
16.854166666666664,1.045631510497512,2.075599242404027,0.2817871783668289,13.373642180799132,1.1548582116821695,28.77045483294674,2.4670042649698765,564.0
16.864583333333332,1.0781614126670644,2.0940976989864204,0.2857537851712008,13.424807429436191,1.1494240850425521,29.472174644733673,2.4676281732136913,564.0
16.875,1.1202981379701527,2.122768333045921,0.29090647845546685,13.399538785022777,1.142595542839833,30.172939477974708,2.4676336528701794,564.0
16.885416666666664,1.1508899921141598,2.1500277701420916,0.2957029372762989,13.289176001989887,1.1349663855902534,30.5363341867686,2.466966608466643,564.0
16.895833333333332,1.213087105891459,2.1927448512868715,0.30346602401815675,13.093272867342888,1.1267987142407034,31.012684719827043,2.46704189476323,564.0
16.90625,1.2879101638194261,2.2466673820204655,0.31220544773587766,12.826653275580544,1.1185207192683275,31.169467302247597,2.4662908674062254,564.0
16.916666666666664,1.3340716373139399,2.287239353214607,0.320487509324543,12.50418600865011,1.1103154350152953,31.271945942608266,2.4659232976531222,564.0
16.927083333333332,1.4171803884345997,2.3465450998103847,0.32958367505780994,12.152563179893914,1.1026395994279121,30.837996157107707,2.4644548887611815,564.0
16.9375,1.4970426708694708,2.4023581231801296,0.3396376913076752,11.781599551848904,1.0955552820423955,30.4309417923638,2.4638450219971917,564.0
16.947916666666664,1.5441018363436418,2.4417263313236446,0.34893245223735375,11.396946528476926,1.0891321853307745,30.27746303507587,2.463869649835688,564.0
16.958333333333332,1.6325499763451974,2.50098477647832,0.3597033488991585,11.01454198197295,1.0836143144826769,29.84835064842685,2.4630304481309673,564.0
16.96875,1.71355592652265,2.5578291645317015,0.3711496251769002,10.637897206831013,1.0789519873647686,29.329754538011855,2.4624637488758685,564.0
16.979166666666664,1.761438596693902,2.5995427151806068,0.3827002072760462,10.261560212604573,1.074904558098761,29.087758685276047,2.462742696124293,564.0
16.989583333333332,1.8187500803909504,2.6482516975339436,0.39030979023540957,9.911291986375252,1.0714677062467803,27.92832940854061,2.460513126631825,564.0
17.0,1.8525308931679525,2.681247662660706,0.3981057196368142,9.573467349228732,1.0681924763019555,26.85526101098724,2.460101192173356,564.0
17.010416666666664,1.8691475574818581,2.7022649920563886,0.4064054612494593,9.236370390323529,1.0646500876107343,26.329534140157158,2.461123868676442,564.0
17.020833333333332,1.9003336472687242,2.734086366253734,0.41048539684141117,8.927937420797633,1.0608616836402283,25.14182455840471,2.2245560355738148,564.0
17.03125,1.9185784621693314,2.7573719828319745,0.4161303487308808,8.637346834867659,1.0565157661158284,24.027610986188584,2.205589352713109,564.0
17.041666666666664,1.9278898982193489,2.773889685468524,0.42372698094069555,8.353897219821565,1.0512262021721144,23.407583821810224,2.1901878975131424,564.0
17.052083333333332,1.9548810197630089,2.804890153525499,0.4285486788225074,8.101042468859188,1.0453370827605382,22.359599492422024,2.167833041064596,564.0
17.0625,1.9775299036640377,2.8340961372115436,0.43790583862046273,7.86379764399244,1.0385548830832994,21.466642223559838,2.14605340168414,564.0
17.072916666666664,1.9984015476363695,2.8635476646753992,0.45035375574167524,7.6347901711284,1.0306385223261292,20.893837375560327,2.1273146698497074,564.0
17.083333333333332,2.045776640447063,2.9137489177933222,0.46611703931710735,7.421789995255499,1.0219272137823292,20.250200182801002,2.106444453246003,564.0
17.09375,2.1000710301055063,2.974523294277286,0.48958694919204976,7.217061831055731,1.0122852549098276,19.685808539564384,2.086796830390688,564.0
17.104166666666664,2.154332156086579,3.0411318171444877,0.5195186872001593,7.016592945980224,1.0016981039444874,19.228193051786057,2.0693275993347418,564.0
17.114583333333332,2.2248215077945566,3.123051009911503,0.5588596215319497,6.819137463471536,0.9903215933156923,18.813593312430218,2.0535370630677723,564.0
17.125,2.3035422601208393,3.215680055567796,0.6102348595911764,6.620394461090207,0.9781627672949865,18.469116169729787,2.0438722906227422,564.0
17.135416666666664,2.3855612115152347,3.3154150613617865,0.6711490650468321,6.42248092932624,0.9656320888318206,18.1237803042254,2.0452141623121416,564.0
17.145833333333332,2.4804770702823618,3.426552133985832,0.7563076752143401,6.213653637293779,0.9522578143579227,18.120410700788167,2.0473243880874206,564.0
17.15625,2.5963761390210616,3.5564632578155275,0.8620387086157768,5.999442427655575,0.938654300110731,18.32818203307059,2.0482727081426355,564.0
17.166666666666664,2.7144419246912914,3.6939541624044847,0.9847914420975347,5.78808514505968,0.9255619987639532,18.4994978622112,2.0483374171267767,564.0
17.177083333333332,2.8396281193740878,3.8378364045613282,1.1489204392761643,5.5666622918664395,0.9123522950943813,18.962118927142253,2.0492261907992018,564.0
17.1875,2.976544085167557,3.9929913290713626,1.3424203913485693,5.341519314202091,0.8995265213191231,19.62315336619623,2.0567368041543785,564.0
17.197916666666664,3.112676077285961,4.151185291736942,1.5451411990529638,5.129048670067032,0.8879840321898927,20.156264481992373,2.0652571971754914,564.0
17.208333333333332,3.233694751549124,4.298379497271967,1.7904140684912198,4.913364606329665,0.8767521065045595,21.37008025549192,2.087213793504002,564.0
17.21875,3.360829710761628,4.449271157203177,2.0328855662131313,4.716248240054035,0.8667759831902929,22.825571586820384,2.1094164385409635,564.0
17.229166666666664,3.478005069727591,4.591663036838801,2.2623508150200724,4.552455884219388,0.858552083753871,23.948135181387126,2.1261590260084247,564.0
17.239583333333332,3.5559467296601657,4.706757546801306,2.487511297705153,4.424010871489168,0.8519425747482194,25.203168899047892,2.145535345223534,564.0
17.25,3.624515672697998,4.8067585356540725,2.6828185881739475,4.343201095675584,0.8472858018745578,26.252004177164373,2.1622492915896885,564.0
17.260416666666664,3.691166956111316,4.894963813840746,2.848900708417004,4.311477958932218,0.8444055849731531,26.900617754744378,2.174437551277664,564.0
17.270833333333332,3.7101775829352484,4.95149786761754,2.992207397027701,4.321675045530561,0.8427087291976296,27.80379076537559,2.1887664911202136,564.0
17.28125,3.718401669472703,4.992930138118273,3.102186029892242,4.3631067742644705,0.8416327075094284,28.636049743522527,2.201665118370665,564.0
17.291666666666664,3.742440958267704,5.032562924560616,3.1872406740497947,4.422671861342536,0.8406782531099644,29.1058457290462,2.2107112431736247,564.0
17.302083333333332,3.6612189534719235,5.012847205855132,3.2321601622317844,4.495815306921399,0.8395806558243736,30.05911164636398,2.223332584555798,564.0
17.3125,3.432121472914636,4.901589612250829,3.18422767028345,4.584473367610891,0.838585284208554,31.261577355763997,2.237750154514028,564.0
17.322916666666664,3.2942116347034807,4.808535703445108,3.089240184369392,4.702434390290556,0.8388510204957537,31.87495095876531,2.247735457480628,564.0
17.333333333333332,2.7652408496972236,4.515897096094758,2.8668528836282636,4.897076106617334,0.8427369118780037,33.678252515937025,2.4778349244245246,564.0
17.34375,2.2579487389397923,4.193409909090875,2.5590634256650295,5.229300283736861,0.8540953119265736,35.34821050029599,2.478414749156357,564.0
17.354166666666664,1.9918036915012354,3.974306435005682,2.275616231061014,5.769139328039245,0.8771057660009428,36.11699145301958,2.4775308814784758,564.0
17.364583333333332,1.5717947729408592,3.630029734077198,1.9199863785056246,6.618609802498104,0.9165320929099882,37.714786759612196,2.479430665060618,564.0
17.375,1.24213644643945,3.291722078347464,1.530967898555853,7.7750275653602925,0.9714941940316363,38.76243065657088,2.479517884257935,564.0
17.385416666666664,1.0687318489639455,3.038170617193307,1.2062586657240293,9.158765961383322,1.0368155905470327,39.30608373853335,2.479384806555009,564.0
17.395833333333332,0.9381355818392823,2.813904594125226,0.9390276440602932,10.620318493589632,1.103829577472162,39.07259931339019,2.4777351349249677,564.0
17.40625,0.8656656317241922,2.6316165782235315,0.7420928502294467,12.046576109873737,1.165561721753043,38.635487157289774,2.4762855872530816,564.0
17.416666666666664,0.8100583511997851,2.4666128025382865,0.603586538170774,13.375354251761257,1.2171442600680382,38.63006576622934,2.477250722089412,564.0
17.427083333333332,0.8128753267748323,2.375386256395629,0.5145731473052605,14.512537545599923,1.2534978700257462,37.91748148671618,2.4752728800559294,564.0
17.4375,0.83057967136573,2.300761990991856,0.45238779070233526,15.463338369134627,1.2748499219652536,37.484090982118516,2.4752872966510164,564.0
17.447916666666664,0.8232485314878512,2.211900855939135,0.403019866364774,16.224517471344388,1.2819406190450777,37.580733520592126,2.478793825471447,564.0
17.458333333333332,0.8860389454810714,2.1922146738280355,0.37424220793931284,16.78242468945509,1.2765120667793952,37.75461504853722,2.482080884149567,564.0
17.46875,0.9607667463152001,2.1859837014032624,0.35439889913183686,17.14029124541463,1.261195788911258,38.29221858717584,2.4884987383651525,564.0
17.479166666666664,0.9888877048431011,2.1550246916732925,0.33567776813093275,17.290685392882217,1.238838400918038,39.02916676454637,2.4963651644974427,564.0
17.489583333333332,1.0891468995446993,2.176401036859792,0.32710619717583844,17.231773656138905,1.2119639906534314,39.98139778404436,2.5062664926774665,564.0
17.5,1.196341826944809,2.2088677277318944,0.32236976486441365,16.974797750018574,1.1828704545973605,40.9054167536734,2.5163029417742737,564.0
17.510416666666664,1.2436592597882277,2.212104710987534,0.31644242395429034,16.543905984091662,1.1532254233610026,41.81929098490921,2.526766198258495,564.0
17.520833333333332,1.3500832473740068,2.252284225163722,0.311554573711746,16.009980783275346,1.1257843666460796,40.56554964080467,2.5195241786492364,564.0
17.53125,1.4273547148566477,2.2697897864466463,0.30482629927493626,15.417943775194319,1.1004312011399027,38.441379434754474,2.5026661309725275,564.0
17.541666666666664,1.4426323614528171,2.2492371172304755,0.2973214856325229,14.767897162241594,1.075637255961807,37.16496462942173,2.4913624866541864,564.0
17.552083333333332,1.4819032228151583,2.2400932341706126,0.2843041168819123,14.161038960867053,1.0540853621208088,33.177249531108195,2.459137796159909,564.0
17.5625,1.4719990449218998,2.194948372906712,0.2711188909323726,13.57371480893225,1.0341013565045094,29.79355273757348,2.4561832805899053,564.0
17.572916666666664,1.4346424536973277,2.1315978545402503,0.25933770493217667,12.976701941587113,1.014297630529792,28.479305625838837,2.4568989835741073,564.0
17.583333333333332,1.391888906055278,2.069596556436293,0.24487385967630354,12.435101062558772,0.9966208140469555,26.591799821933826,2.4540508254278217,564.0
17.59375,1.3285317399962477,1.995195679801069,0.2327815321452912,11.911216701645266,0.9797493565686582,25.25713846538752,2.4542746936055324,564.0
17.604166666666664,1.2731856362879175,1.9263346237399905,0.2229400819856545,11.389038159870996,0.9631574926750279,24.609482224334602,2.4557706437494415,564.0
17.614583333333332,1.2145529303394398,1.8635498508019483,0.21408328639042346,10.880016139710404,0.9472430603594503,24.087687747745026,2.4567034901289895,564.0
17.625,1.160648266125273,1.8110991221108368,0.20759437244023438,10.373392653792738,0.9317413743095223,23.83863654504392,2.220983161774675,564.0
17.635416666666664,1.127358019978268,1.7770400999045535,0.2031528716738746,9.876659809471482,0.9169674651701382,23.678891376745653,2.2116124033217233,564.0
17.645833333333332,1.0807819930896303,1.746130090918198,0.20117354753182265,9.365801121634567,0.9023518261253161,24.184722227424132,2.211361730416351,564.0
17.65625,1.0506503515676142,1.7384025019422091,0.20150498274810583,8.865020647003178,0.8888501147748981,24.891417626945444,2.215253542669439,564.0
17.666666666666664,1.0471359689042226,1.7555624046809317,0.20382644871465538,8.407257982503626,0.8776961133416876,25.248641585359092,2.2177507619939303,564.0
17.677083333333332,1.0192133505000163,1.768230038588221,0.20838900275257782,7.983811880506216,0.8692570995703756,26.113066915083454,2.22753729938139,564.0
17.6875,0.9905473280297596,1.7907456258104038,0.21381175101145716,7.633605901801916,0.8651279439593828,26.79607073015305,2.2364949099770306,564.0
17.697916666666664,0.9876696820571808,1.8288051178000742,0.2207439049225391,7.375177849721891,0.8662231461122056,27.14018529788718,2.46386470124741,564.0
17.708333333333332,0.9315701816040817,1.838824271507416,0.2261632778542278,7.217438677813698,0.873040329316928,27.354585103396253,2.463395368524631,564.0
17.71875,0.8792965055409029,1.843421248444078,0.23088098380034605,7.168029414027755,0.8856675872397072,27.492450727806347,2.4629560989023456,564.0
17.729166666666664,0.8588309689839438,1.85926655904834,0.23604500308398874,7.233307041770937,0.9037815489131835,27.583962607963095,2.4625831117434984,564.0
17.739583333333332,0.8331714757087186,1.8636236745614165,0.24065853830813536,7.426138608598225,0.9274714179389081,28.055907174145332,2.463192483832046,564.0
17.75,0.822186540449576,1.8731270697703222,0.24474564887602135,7.754955000148565,0.9557921372080278,28.515128990096247,2.463155181790736,564.0
17.760416666666664,0.8233534385742283,1.8894271594297567,0.24875308040986363,8.218116367016917,0.9874810492164723,28.75492231661309,2.4626890344582657,564.0
17.770833333333332,0.8385642425295746,1.9043878072160598,0.25371910763243644,8.840037630715535,1.0230950914584258,29.60782673856069,2.463929864356869,564.0
17.78125,0.8780767503867484,1.9349395923807338,0.25940921513990933,9.60910064510662,1.061148571970341,30.514997281907622,2.4643748550526507,564.0
17.791666666666664,0.9101793047604358,1.9664861480192057,0.264582831393883,10.484244893842025,1.0997790423881624,30.959465280083226,2.463804788809198,564.0
17.802083333333332,0.9714248721970956,2.007485784191428,0.2711823733241065,11.448775899127645,1.139014010440587,31.57551771241787,2.464232332380801,564.0
17.8125,1.0263650663083612,2.047321659691612,0.2748292054533551,12.404282014500382,1.1760230369195201,31.206982575382934,2.4621884874215496,564.0
17.822916666666664,1.0469755643530316,2.0602967501891634,0.27691717036664293,13.345008797946962,1.2116978962258145,31.062798922628787,2.461954604947748,564.0
17.833333333333332,1.0663282959346536,2.0710016349564953,0.2738715687813444,14.166895550287922,1.2427810692749504,29.64138212914478,2.458389020688772,564.0
17.84375,1.0594265715805047,2.0523904055651454,0.2682748050029611,14.895867202708382,1.2704124546043911,28.34389903462806,2.4569581630009587,564.0
17.854166666666664,1.0381074147595342,2.01537290883222,0.26162174109704983,15.557903423393144,1.2952494148958051,27.789766499867614,2.4573508035466043,564.0
17.864583333333332,1.0301042999417298,1.9889242434497465,0.25252979963922983,16.100129041997466,1.3148180125081108,26.408514614230427,2.454763638603157,564.0
17.875,1.0055216124501745,1.9459256301241508,0.2435784138910776,16.56346821355727,1.330249589568995,25.23264635502878,2.4543763389350595,564.0
17.885416666666664,0.9748680299788239,1.8945954032560306,0.23512477003422633,16.971542620141346,1.3419682069589025,24.65542581764589,2.4554229091567676,564.0
17.895833333333332,0.9620362127035178,1.8589856567003828,0.22614744879966633,17.29673373123963,1.3491699874686824,23.50482933548847,2.4540558196392896,564.0
17.90625,0.9408797263426522,1.8155746344389216,0.21810006961401107,17.565397717976904,1.3528180200808284,22.432397968125986,2.2108538646046796,564.0
17.916666666666664,0.9131454681865828,1.7657660247506604,0.210878259682723,17.794619487193014,1.3532952498096218,21.827564139003893,2.194893713498142,564.0
17.927083333333332,0.9007457591134665,1.7302545443479367,0.20378518285937125,17.97160517740365,1.350938151491644,20.941233620440435,2.17306199157724,564.0
17.9375,0.884363576442227,1.6915786307551832,0.198017162707264,18.113633236000084,1.3460576444187016,20.258777829021724,2.15334552093572,564.0
17.947916666666664,0.8669995123089663,1.6545540335362272,0.19298744921470087,18.224222585165723,1.3387192608229008,19.824013072463075,2.1365238283348225,564.0
17.958333333333332,0.8681036564987045,1.6324569021929427,0.18902518967838972,18.302105124910884,1.3293157070438628,19.390527732014952,2.1191896128850494,564.0
17.96875,0.8733777788876494,1.617320790674406,0.18614790693470076,18.35047385355331,1.3180232142514485,18.98870996601834,2.1026662212137435,564.0
17.979166666666664,0.8732300106438002,1.6040362890921105,0.18401019574651373,18.371285457502346,1.3049158443879976,18.671174567590132,2.0882931343151965,564.0
17.989583333333332,0.8938806609180833,1.605660395172021,0.1828306880433335,18.36585725308103,1.2906564947562438,18.285352171513402,2.0726102323832225,564.0
18.0,0.9185846305443,1.6132256603653183,0.1826150288641831,18.336533910804683,1.2753367840629395,17.90375601058685,2.057683383039961,564.0
18.010416666666664,0.9345583111777056,1.6211798894272345,0.182941476340032,18.284482406522326,1.2590648571311356,17.558041546975016,2.0445582853174717,564.0
18.020833333333332,0.9684040024720987,1.6422718909436766,0.18391163343470632,18.214451212687713,1.2428320226292349,17.09524166636168,2.0437856804688397,564.0
18.03125,1.0011090035071524,1.6661946128515184,0.18554384157137135,18.128986740883246,1.2267302454222935,16.641629699114613,2.0454349638166915,564.0
18.041666666666664,1.022723460770256,1.687279384300699,0.18768147060923565,18.02729483902636,1.2104316153365156,16.346852571355484,2.04762546145792,564.0
18.052083333333332,1.0596241432815419,1.719622474272989,0.18991234524918238,17.919751937057168,1.1953043191625958,15.989694441891336,2.048965037900279,564.0
18.0625,1.0945427678891213,1.7521078637315488,0.19274885684441434,17.806472983488028,1.180972924227507,15.645775794365996,2.051476346492347,564.0
18.072916666666664,1.1191071948009192,1.7804252256437365,0.19611410396136295,17.68338778017721,1.1667458278998852,15.426146444251236,2.055103918874267,564.0
18.083333333333332,1.1624426372619723,1.8209966129544566,0.19935638894308283,17.56484704074741,1.1540278893548643,15.106115903516491,2.0579658624257493,564.0
18.09375,1.202737721515558,1.8611415049040547,0.20368825521656211,17.44425848796321,1.141831940805127,14.835738883884014,2.0633495556189363,564.0
18.104166666666664,1.2364270535060957,1.9004072154546163,0.20867360159084666,17.318658772406547,1.129715099671877,14.666717379843067,2.070073607289546,564.0
18.114583333333332,1.2876766204181458,1.9517631739262362,0.21523546672939445,17.18678500546251,1.117437863946121,14.608812593040014,1.82503654466344,564.0
18.125,1.35119916498731,2.016671885621976,0.22367376847658474,17.049654680459717,1.1049621998287698,14.636377801739636,1.8156578422661644,564.0
18.135416666666664,1.415168338929544,2.090921448010005,0.23382513531268198,16.91092199437251,1.092468252400997,14.693666326931204,1.8066626970647794,564.0
18.145833333333332,1.4956733231757977,2.1795323985599646,0.24720438681665424,16.768402542841244,1.0796143704167425,14.805319954823803,1.8005657782602211,564.0
18.15625,1.5867321697117283,2.2809708602206835,0.2636135821896756,16.625653453605295,1.0666018416816299,14.930090635254276,1.7953812477012832,564.0
18.166666666666664,1.6757950348289863,2.3883784288618775,0.2830305339760884,16.485393573954983,1.0536071063190884,15.037213177307182,1.7901617839062427,564.0
18.177083333333332,1.7770727148692704,2.5057066550169322,0.30742827755609525,16.345328757999805,1.040393644250141,15.166412317713528,1.7874187342587633,564.0
18.1875,1.8857903448993811,2.6315308853438015,0.33675191497090146,16.208256457013437,1.0272451972947383,15.289255627117871,1.785233070473117,564.0
18.197916666666664,1.9915207998346482,2.7598432976884295,0.3713125661360747,16.076034913804094,1.0144014374122752,15.383303623109697,1.782690765115873,564.0
18.208333333333332,2.1045206115138404,2.893445788316555,0.41405792860799756,15.946578330301234,1.001733340220283,15.488221652497078,1.7819933033720259,564.0
18.21875,2.2205852946122446,3.0307911435155246,0.4654795843656186,15.821181200454339,0.9894364967272824,15.593740329406238,1.7820834175935358,564.0
18.229166666666664,2.3334675903863116,3.1678444582475422,0.5258418688087804,15.701800684632033,0.977759378798783,15.67049580787124,1.7814967828580095,564.0
18.239583333333332,2.4429828516984595,3.3048662573030274,0.5995235418736924,15.58642457859406,0.9665448170817982,15.759538091187643,1.7825064387207972,564.0
18.25,2.5526807645729663,3.442750949001265,0.6857927564207505,15.476934880126013,0.9559975206765788,15.828098639430928,1.7829818577040042,564.0
18.260416666666664,2.6611138383294115,3.577921187295221,0.7852756491505347,15.373321991927947,0.9461154086397323,15.871065214766963,1.7828721890560415,564.0
18.270833333333332,2.7483782584986773,3.703322848673038,0.9057558581309119,15.26864323579509,0.9362147023815068,16.044989839160777,1.7896701833543474,564.0
18.28125,2.82919479229137,3.825716849451585,1.0403564982266673,15.164261078163236,0.9263538389042628,16.32641899816992,1.800509105166097,564.0
18.291666666666664,2.925867791324695,3.9520599077097733,1.181361455834754,15.066112976749626,0.9169282476013355,16.53955666620012,1.8082212433140812,564.0
18.302083333333332,2.9569882207005986,4.05083338579426,1.3421829898123445,14.966631787398832,0.9068426033714624,16.961092468841873,1.8261619855390256,564.0
18.3125,2.9174595885857673,4.123415203535434,1.4912264835089812,14.876953034063726,0.8964486995140432,17.442185199198374,1.845077675524931,564.0
18.322916666666664,2.926461402551049,4.2036678687447155,1.6309174747693151,14.811617734818356,0.8862264507040972,17.756754291656296,2.086956311858074,564.0
18.333333333333332,2.662667142037435,4.179908691504946,1.745319966312913,14.784381057005225,0.8753496543360969,18.309545047915048,2.081194529855392,564.0
18.34375,2.34716394832538,4.113760511733478,1.8116771440973314,14.833079663477001,0.8648575646231459,18.9835623533486,2.074008234419826,564.0
18.354166666666664,2.1880153309981725,4.086749225921492,1.8537810606446528,14.993211016008887,0.8566193473956374,19.391815365632404,2.06682945669092,564.0
18.364583333333332,1.8124722368804573,3.899950745072695,1.813948940062657,15.366452436005504,0.8518534926136272,20.506938464242108,2.0635771882611524,564.0
18.375,1.471480525074759,3.6568268664852805,1.643954108620978,16.034068951198012,0.8554574294223054,21.826634758084705,2.0819262744805176,564.0
18.385416666666664,1.2844065965808658,3.4634908402296443,1.4298684605736354,16.99476135369678,0.8704354360242418,22.942699725910167,2.1104976498435306,564.0
18.395833333333332,1.0780039831767911,3.2062809074047993,1.180998343302373,18.337431638330624,0.9002954583403259,24.878601170227398,2.1504225497401155,564.0
18.40625,0.9655679012912854,2.9879130549934017,0.9391683851635,19.94725137397322,0.9436233819023858,26.635552060503894,2.184396931305341,564.0
18.416666666666664,0.890135183785103,2.803939992082705,0.7519940720022207,21.707285293538856,0.9967844498573533,27.828314266820545,2.211600645375243,564.0
18.427083333333332,0.8730105486983173,2.66383915421396,0.6177351736401172,23.468758555443408,1.054083448331237,28.33991115034156,2.230622975276525,564.0
18.4375,0.8762494400589749,2.5520357777676588,0.5211313517392012,25.092690335188525,1.109498066185442,28.125045834960847,2.2402003867773255,564.0
18.447916666666664,0.8492386148387647,2.426508766748035,0.44949328640554564,26.57348403806889,1.1615565871730829,28.111168852519523,2.4652918384003435,564.0
18.458333333333332,0.8871522799555194,2.3655066502993263,0.39848413762436263,27.754202748484566,1.2037286134366385,27.039964805165553,2.461590766143097,564.0
18.46875,0.914640712441753,2.298639216562465,0.3600632882102957,28.69828226567245,1.2375750196003996,25.947450435629946,2.4600556563969236,564.0
18.479166666666664,0.9016704519417391,2.20773368595061,0.32808079421284736,29.456447538814132,1.2644486149073293,25.44642664746769,2.233991089893189,564.0
18.489583333333332,0.9451327484050854,2.1641449813915554,0.3021242840214152,29.97812352973948,1.2822737293146005,24.146985238575002,2.218233767534539,564.0
18.5,0.970254164180761,2.1076548819159506,0.28148217240920914,30.342730673866587,1.2937131290605766,23.00654185623216,2.201989787466368,564.0
18.510416666666664,0.9591871656162575,2.032871529235598,0.26352418945457845,30.586252267894928,1.2998000532810268,22.394248750525197,2.190007774380088,564.0
18.520833333333332,0.9828097321549936,1.9824293351068663,0.24823429667352084,30.714062738514095,1.3008000847025623,21.6372972758565,2.1739366661463544,564.0
18.53125,0.9988118970726887,1.9324771977457718,0.2359792727503387,30.75287333265478,1.2975858811653977,21.000081279868876,2.158771049075868,564.0
18.541666666666664,0.991574845711346,1.8777924926470917,0.22558087923979564,30.71571657321847,1.2905351913101815,20.60376842172678,2.1466143565838367,564.0
18.552083333333332,1.0050830215525695,1.8382992339059672,0.21665846358607335,30.61618451070493,1.2804646042657595,20.12670515036838,2.1323557210872686,564.0
18.5625,1.0163940188542762,1.8013645733482722,0.21007748053631276,30.45709143838665,1.267216070643943,19.914467437642955,2.123369601595729,564.0
18.572916666666664,1.0181598085793295,1.7703844063356082,0.20456286341645355,30.246891827482795,1.2514185475557686,19.772864599613065,2.115877849536969,564.0
18.583333333333332,1.0462190550254507,1.753502372231138,0.2019037426374046,29.96861876677572,1.231982374356141,20.12404214045939,2.1195145115469938,564.0
18.59375,1.090188571131371,1.7595199399036203,0.2008882443355331,29.63558338737478,1.210228424522134,20.553001698220452,2.1253259788343994,564.0
18.604166666666664,1.1206581463742709,1.7729095616099417,0.20112693540118182,29.258632946862107,1.1873180201117988,20.846232593994866,2.130199395757372,564.0
18.614583333333332,1.1382563932237202,1.7851889540205133,0.20102911092542533,28.861768710687475,1.1650949906275558,20.71198478980437,2.128182488283095,564.0
18.625,1.136105713984177,1.787454944108921,0.2007712145115458,28.445757306312654,1.143813731952384,20.369821450431076,2.12253874170915,564.0
18.635416666666664,1.1272346628587315,1.7830428905212732,0.20065673213354096,27.99838601637864,1.1230340230250684,20.12974621039279,2.118286741785514,564.0
18.645833333333332,1.097771479677549,1.7702491153070736,0.1993871117039569,27.537609446929945,1.103607670529825,19.79988385390456,2.111006967162069,564.0
18.65625,1.05701921476318,1.752119383274053,0.19827482290535056,27.053271705680178,1.0849737054582822,19.558652776203413,2.1051536352265865,564.0
18.666666666666664,1.0323241651529906,1.7409490425131036,0.1975811426831696,26.550476596037917,1.0671723972509597,19.391761035129377,2.1003850941474114,564.0
18.677083333333332,0.9846514014746874,1.7235484690868415,0.19678681206807902,26.033016528487025,1.0501361779575886,19.307849114361783,2.097355522462621,564.0
18.6875,0.9334260779661137,1.7067385738963385,0.19659300287506398,25.498529898822525,1.0336234537704214,19.399254800390768,2.0985353969876903,564.0
18.697916666666664,0.9092575739472433,1.7044310051119813,0.1970173071984929,24.973977475470598,1.018324944904339,19.47946649265005,2.0995104143888366,564.0
18.708333333333332,0.8517205609040797,1.6878274103727517,0.19790121832695232,24.43917159124813,1.0036297447624416,19.900524788654657,2.108801300263048,564.0
18.71875,0.8064257788480244,1.6796408971868606,0.19906483722431872,23.92685933356523,0.9905754257916015,20.46363179543315,2.1207305922985746,564.0
18.729166666666664,0.7894012664615889,1.6873954549860213,0.20089140583313375,23.465705308538677,0.9800736308451753,20.899898578262107,2.1305857386039264,564.0
18.739583333333332,0.766525515219193,1.6870683312570778,0.20351472454454558,23.035787731092338,0.9720557641795404,21.708366040240463,2.148266704964651,564.0
18.75,0.7601644225155512,1.6973586654099613,0.20636016147369218,22.661283591032248,0.9675269031114463,22.599324624147652,2.1670086571083225,564.0
18.760416666666664,0.765927587783667,1.7172904029805813,0.20943863304758617,22.352713582178136,0.9668180371989171,23.219080133026278,2.1821407401280464,564.0
18.770833333333332,0.7741634427669095,1.7324468815410663,0.2131805865322313,22.09205702388695,0.9698356237884821,24.092529567076838,2.2016001859870498,564.0
18.78125,0.7972549778103196,1.7569707787591082,0.21696155387169883,21.883747796158527,0.9761582767898755,24.87598208703683,2.2194639533707905,564.0
18.791666666666664,0.8175954470869956,1.7819400487067518,0.22051878881167433,21.72405867181576,0.9848639330668961,25.369009098282167,2.2337111393194506,564.0
18.802083333333332,0.8529928294202168,1.8098419619615163,0.22409987729684144,21.606253012130892,0.99504324288484,25.72320110774792,2.4597842788747424,564.0
18.8125,0.8868075024160575,1.8363055320574144,0.2261277261807085,21.529430082816326,1.005341251387495,25.491468882342783,2.4576168404929133,564.0
18.822916666666664,0.8988446736837952,1.8442123756084488,0.22738177210492785,21.486155260141366,1.0154580430983582,25.377467897291055,2.4570598972825826,564.0
18.833333333333332,0.9156956485577084,1.8535431884328102,0.22565403452416477,21.47516705999681,1.023959419363724,24.379323357149683,2.45411810628825,564.0
18.84375,0.9119354789549979,1.8391529557132058,0.22269908562311932,21.4891890629446,1.031078812563818,23.445825533354313,2.4534851748098387,564.0
18.854166666666664,0.8969491630672098,1.8100015250659962,0.21882479132337634,21.52593669964187,1.036748740599067,22.963553534497102,2.228321798112465,564.0
18.864583333333332,0.8994044951656969,1.78876834113468,0.2141261147996696,21.579930658185425,1.0404126639052966,22.34684596598765,2.217367706153048,564.0
18.875,0.8987731061867719,1.7633018924496382,0.20958420812541156,21.647543367180276,1.0420467919324903,21.825621250847632,2.2068900869580004,564.0
18.885416666666664,0.8898820762902192,1.7335311051833786,0.20516828338909904,21.724853775598238,1.0415287340654908,21.524881762155594,2.198749267425693,564.0
18.895833333333332,0.8989809206522146,1.715126710315023,0.20097261973492522,21.801873245103458,1.038921041300805,21.073595655978078,2.187493493024248,564.0
18.90625,0.9075318174605037,1.6968408705620344,0.19739112855835694,21.872958728837162,1.0343892645786916,20.6533721475999,2.1764837222144235,564.0
18.916666666666664,0.9057985648730916,1.6751885160882323,0.19412059249443187,21.931968218792704,1.0280423770475788,20.385889502586444,2.167549648330718,564.0
18.927083333333332,0.9198111645838487,1.664322682200785,0.19119818414432815,21.970467601409144,1.020452688567279,19.983552006677645,2.155550966580292,564.0
18.9375,0.9299453837575873,1.6538307891770345,0.18852654617951736,21.985637852010186,1.0120785810956545,19.455438869011747,2.1406449712954347,564.0
18.947916666666664,0.926816705610881,1.6365104108775133,0.18619617760022514,21.976535927133053,1.0028441700393274,19.083368746912424,2.128251296532325,564.0
18.958333333333332,0.9305990636781084,1.6264869260913566,0.18335925781723011,21.946153198392576,0.9939293743451423,18.414459690235798,2.1073573082601547,564.0
18.96875,0.9247450909988001,1.609624593565507,0.1807953460287308,21.898032326811684,0.985124509201867,17.735754875029887,2.084633075402653,564.0
18.979166666666664,0.9118861998724456,1.5866869393414036,0.17834424596760204,21.832490147867247,0.9761092019592129,17.230293066974824,2.064808137410725,564.0
18.989583333333332,0.9134500714520057,1.573859685883868,0.17550026970234803,21.761279974448712,0.9679701690107644,16.530583090424976,2.0406520546682363,564.0
19.0,0.9095613770069726,1.5569641915890204,0.1730880657028954,21.684813815813676,0.9602141990884273,15.85258024034961,2.0425305011517305,564.0
19.010416666666664,0.8992009163192637,1.5354614636235067,0.17087387217274783,21.601284504409087,0.952384533480662,15.358405682623703,2.046248362944124,564.0
19.020833333333332,0.9029148059273056,1.5241211590967945,0.1686985806649342,21.52040865166676,0.945143162156391,14.902220693959267,2.0492988810503405,564.0
19.03125,0.9076071750269952,1.5151228606252025,0.16723909589348052,21.43941494276306,0.9380274814506965,14.570024357162021,2.0539623746191173,564.0
19.041666666666664,0.908894355666325,1.5073912476656768,0.16621160508915162,21.35711487340861,0.9307827949470981,14.371486254714831,2.059575372207191,564.0
19.052083333333332,0.9254516033473893,1.5121534555986706,0.1657383251600643,21.279440063416978,0.9238131564444652,14.19620935119551,2.0652194146047655,564.0
19.0625,0.9454347765878763,1.5239411111286727,0.16606901067352725,21.205721435220337,0.9169860541977933,14.05029973524163,1.8227248386571777,564.0
19.072916666666664,0.9607620081723395,1.5378559286095559,0.16707703100801313,21.133123929353886,0.9099796098853259,13.971876258156984,1.8061730600304642,564.0
19.083333333333332,0.987558698502231,1.5631231134232821,0.16852091243411654,21.06826183470182,0.9034200793897101,13.85566164383928,1.7842131849884382,564.0
19.09375,1.0148482635689442,1.5927172751403047,0.17087767875735863,21.00716177777395,0.8969335311145885,13.760737668549377,1.7619996985535153,564.0
19.104166666666664,1.0395116450018393,1.6245217653977715,0.17387765348733017,20.94766703483085,0.8902893762842881,13.714370353023176,1.741446909315047,564.0
19.114583333333332,1.0751277948179343,1.6661539393412932,0.17762863275422852,20.891660672129778,0.8837049308303027,13.684176126707818,1.7197304219482852,564.0
19.125,1.1164279493935227,1.7155575052254515,0.1824280734271622,20.837743567438743,0.877036233026023,13.682982193367087,1.6987306212860926,564.0
19.135416666666664,1.1582216584973895,1.7704311284219956,0.18814199199906045,20.785515709618185,0.8702465616483839,13.708792392778163,1.6787646764428734,564.0
19.145833333333332,1.210806274874592,1.8356072375989492,0.19512396022865877,20.73531949029706,0.8634005346859681,13.749568233913399,1.6723457416594936,564.0
19.15625,1.2699115733914266,1.9095438920866066,0.20355212384899235,20.68678147215423,0.856474527147895,13.804133911199413,1.678364907623579,564.0
19.166666666666664,1.33036040802566,1.9892796482453297,0.21335906392481502,20.639883683315517,0.8494965338821328,13.868035636358307,1.6831278417631734,564.0
19.177083333333332,1.4003831953991095,2.078405074574663,0.22505061143173447,20.594693508409595,0.842513834138899,13.93586587473633,1.6864281037615825,564.0
19.1875,1.477520795839871,2.175905025897277,0.2387102647536891,20.551833347809755,0.8356702541425723,13.99215616172896,1.6896608310376573,564.0
19.197916666666664,1.5552290770877226,2.27712603917817,0.25463913231221286,20.510450233024404,0.8288784994099596,14.047006158889692,1.6951195963563408,564.0
19.208333333333332,1.6421800226869703,2.3863614981832413,0.27282374221744526,20.472301111886907,0.8224813219372102,14.070680930580647,1.697763847457861,564.0
19.21875,1.732190799265228,2.499139845968429,0.2943579587702497,20.435876631900136,0.8162787790311398,14.088925567751929,1.7031045976321513,564.0
19.229166666666664,1.8223526350759216,2.6130089766823885,0.31922348349981433,20.400652348474047,0.8102232245450041,14.111670554171234,1.709768096691227,564.0
19.239583333333332,1.9192859887229619,2.731035004065446,0.3490670519814499,20.365372057082485,0.8041366939077713,14.161590254783667,1.718935423686802,564.0
19.25,2.024313669179688,2.8553679263910308,0.3844236244895819,20.33047410726276,0.7981345007041567,14.231104790056595,1.7229775113936099,564.0
19.260416666666664,2.1321700333010805,2.9835327381107857,0.42575834282186176,20.29680528555133,0.7924018996833108,14.29972004146466,1.723050203685221,564.0
19.270833333333332,2.2350032684641663,3.112025661013592,0.4767308012477932,20.262576185985886,0.7866771765054241,14.39636300425261,1.7327927630415303,564.0
19.28125,2.3344143026268513,3.242230365729668,0.5367925095612013,20.228712886461228,0.7811636666278382,14.5030275006399,1.7336484770449423,564.0
19.291666666666664,2.439118800501633,3.374188475663535,0.6064949604922513,20.196234756843246,0.7760625090205194,14.594159190751451,1.7290378296269033,564.0
19.302083333333332,2.509681548421501,3.494616587720351,0.6904024812941196,20.162957255180586,0.7710723754400496,14.72025672034813,1.7375271113224335,564.0
19.3125,2.5354516365658535,3.599976026112112,0.7847260747564451,20.129016150974746,0.7662713911487855,14.897518010007834,1.7387904134712198,564.0
19.322916666666664,2.5875038129772614,3.709811394264968,0.8848658565110172,20.097496033817055,0.762094579618308,15.050100105758832,1.7238670860154195,564.0
19.333333333333332,2.467761141989015,3.760291445431518,0.9949215830698546,20.0645985072112,0.7580034583768149,15.356725347245852,1.738116633345972,564.0
19.34375,2.294704572820683,3.78180675903402,1.0928151076911787,20.035965175567288,0.7545332635498703,15.798181822657883,1.7285148382764348,564.0
19.354166666666664,2.2154583489373496,3.823055723206796,1.179656337151856,20.0200883685185,0.7522280871616949,16.167652720567336,1.7042383263435128,564.0
19.364583333333332,1.9548500136745952,3.744660586070483,1.2499784273805763,20.031049417881135,0.7511697801498848,17.119329808286743,1.734952946908828,564.0
19.375,1.7214041843478902,3.626571644225549,1.2368434712773702,20.11340507089211,0.7532947184746165,18.48007182767474,1.7842495452079508,564.0
19.385416666666664,1.600415172747675,3.5380678457007875,1.1762162870960025,20.301537860225338,0.7596879998958349,19.32996485136142,1.8287498034581986,564.0
19.395833333333332,1.4470297762637474,3.390349803847504,1.0824596778820479,20.664074321723003,0.772487375451146,20.173455261231776,1.8818420896531673,564.0
19.40625,1.3526031799793994,3.252777432480911,0.955438128795347,21.207693573435844,0.7916758992124089,20.656890916968344,2.083774374185732,564.0
19.416666666666664,1.2778889739631945,3.124837137316602,0.8343603634654357,21.922224853818832,0.8166066687909574,20.79988901886938,2.0701816114996228,564.0
19.427083333333332,1.2367853925850734,3.0061419228119353,0.7252755831929721,22.771005562463422,0.8456665201835172,20.70368574431338,2.061481550231841,564.0
19.4375,1.2123601490399922,2.8973742686794255,0.6318276006872243,23.694779925661383,0.8764503542363222,20.41600959211763,2.060117130434761,564.0
19.447916666666664,1.1712169112952784,2.786262608560029,0.5566266499948934,24.669209274920423,0.9077102221221212,20.212828310873775,2.071105632900061,564.0
19.458333333333332,1.1898628603535975,2.718134056909165,0.4989195363285807,25.586899507104754,0.9356748020654034,19.86404524459688,2.073972966459267,564.0
19.46875,1.2112742721172653,2.65967095319823,0.45623707726466917,26.436211690487323,0.9599020808758711,19.45633064007859,2.071722830864014,564.0
19.479166666666664,1.1980885535852888,2.5883084089351076,0.421992101772235,27.23864544189549,0.9808909109502011,19.196691870059343,2.0713952903605,564.0
19.489583333333332,1.2436096273568022,2.5595054929957817,0.39228627215369616,27.877658620593383,0.9958815601848005,18.435981036576347,2.0535691854194873,564.0
19.5,1.2675824466516359,2.5202504884567998,0.36980804963779296,28.4174626887295,1.0069740268628267,17.596354474928415,2.0444280305214093,564.0
19.510416666666664,1.2547288092837536,2.461853384260465,0.3503672271115901,28.900782868592668,1.0152472392681688,16.9641516744937,2.046560937635112,564.0
19.520833333333332,1.278425834591407,2.4256756769595356,0.33192772995664227,29.28197522604167,1.020209778622719,16.288098415152614,2.0476516534523386,564.0
19.53125,1.2933436987250693,2.386184866739601,0.3176648599309852,29.60185099843649,1.022802361851966,15.773657439483728,2.050669815138358,564.0
19.541666666666664,1.2873152396560708,2.3412200835009624,0.30534600317053107,29.873913564656107,1.0232533166969575,15.45404295342897,2.054433301794307,564.0
19.552083333333332,1.3092207612672675,2.313247474949229,0.2944181223357786,30.08503482676959,1.0217625597467748,15.155082382535278,2.0576436316860627,564.0
19.5625,1.3284512448449544,2.290773725049507,0.28601844742888294,30.247162512792308,1.0186682659290023,14.889461063513863,2.0621566372376794,564.0
19.572916666666664,1.3293110150267775,2.2653132893042915,0.27956208252039083,30.37234453397432,1.013988256744103,14.725706989632148,2.0681649126863797,564.0
19.583333333333332,1.3421150458812896,2.252233518326297,0.27333633383252687,30.454432951247373,1.0084496216205283,14.496848125907817,1.824293838862905,564.0
19.59375,1.3466222216769845,2.238766243200278,0.2691839877080948,30.506611136421053,1.001980438876235,14.30464710997113,1.8048088102569166,564.0
19.604166666666664,1.3431359381142012,2.224569495308607,0.26614675952774897,30.53321136679638,0.9944560579673415,14.188803105893232,1.7875964368770294,564.0
19.614583333333332,1.352360670175043,2.217379914269441,0.26380518362138833,30.53535648939763,0.9860587238769031,14.12046478629777,1.77075654274036,564.0
19.625,1.3680856471379281,2.217010472175852,0.262816550639144,30.51455531158606,0.97672735660339,14.104745568344972,1.7555329245718647,564.0
19.635416666666664,1.3814349201828497,2.221889790829053,0.2629154084987441,30.4719140922486,0.9665480748110903,14.124389453483488,1.7414199640106451,564.0
19.645833333333332,1.3967062968659711,2.2314666188121426,0.2640468942552646,30.408129635868256,0.9555172660700584,14.175026651311132,1.728914606359118,564.0
19.65625,1.4071151131173503,2.2455547807514735,0.2662470503304873,30.324342303272278,0.9437440393041628,14.242924421950818,1.7175884109830757,564.0
19.666666666666664,1.4190798907770723,2.2650389099984034,0.26955817326585585,30.222142370852026,0.9313771525912582,14.315184174181026,1.7070059845048209,564.0
19.677083333333332,1.4128650245382661,2.2812812679311967,0.2737633888444623,30.098693534576434,0.918097664322017,14.424696842320635,1.7001730556836492,564.0
19.6875,1.3948769952033067,2.2951874644855557,0.27908661236217985,29.94754327819234,0.9034054207242848,14.62076810839032,1.700706344991722,564.0
19.697916666666664,1.3959177849529965,2.3208231298699697,0.28473354788664984,29.779820270245708,0.8884922742491733,14.79851917388271,1.7003578290041652,564.0
19.708333333333332,1.3533832286428022,2.3271889304371545,0.2926316686566639,29.565352247478337,0.8709624805816413,15.20189519018652,1.7177726526040753,564.0
19.71875,1.3195683921264008,2.341283259269194,0.29993921203802576,29.32162577706654,0.8526196270168394,15.699416196832932,1.739689746797717,564.0
19.729166666666664,1.316376092829753,2.3722321773430286,0.3079511805140552,29.072176186577554,0.8352074436300154,16.09152255883239,1.7570756348621392,564.0
19.739583333333332,1.2808753078256518,2.38296603320491,0.3173600312508927,28.800615682139338,0.8175434904383025,16.605762808003064,1.7850817986675727,564.0
19.75,1.253809513454151,2.393319032006361,0.32467123902325423,28.53870511147874,0.8016446889263114,17.106271261459522,1.8126345255863765,564.0
19.760416666666664,1.2490077793739234,2.4114710528800942,0.3310462624210675,28.315095957126303,0.7889772594491703,17.429013400328284,1.8338769875188734,564.0
19.770833333333332,1.2333586219197759,2.4166819905011243,0.33649978006392195,28.137354856394133,0.779701245939893,17.704062956209288,1.8556740194503778,564.0
19.78125,1.2297692113607985,2.4219240631561414,0.33943270187899593,28.024230268480103,0.7745823990196521,17.843620540693383,2.083529535035954,564.0
19.791666666666664,1.2290435461369462,2.424555295150556,0.34126713803617786,27.979038294969882,0.7735555374409239,17.884304328464275,2.0764593870150123,564.0
19.802083333333332,1.2355677282352913,2.424901311156955,0.3414050900791992,27.99946809412317,0.7762856182676589,17.83807853813285,2.0711396014192087,564.0
19.8125,1.244443506725558,2.4210689050950127,0.34063120412875575,28.07923226785061,0.7823014267479547,17.78467120641115,2.0673514994328492,564.0
19.822916666666664,1.249332797336513,2.4148925896184714,0.33885386405953566,28.20900931495507,0.7909716067167527,17.725135161987705,2.0642212847718553,564.0
19.833333333333332,1.2743867417248167,2.4148290925404607,0.33762475854870555,28.37884678863341,0.8016831093590274,17.688270663501783,2.061776651758377,564.0
19.84375,1.308129054093535,2.421047295049077,0.33680762371750916,28.57453269381064,0.813611713076176,17.630376390503784,2.0595512450306344,564.0
19.854166666666664,1.3279877880526585,2.424071589571552,0.3362081666666049,28.784902764317152,0.8262023556188453,17.573132839985824,2.0578818630663025,564.0
19.864583333333332,1.3700210757109472,2.438388368317508,0.3357308294726784,28.990447729713907,0.8384820775723887,17.39675950449574,2.056137588908894,564.0
19.875,1.4080874331715536,2.451264262807598,0.3361615943539303,29.186134851655712,0.8503788826571981,17.19228207544905,2.0554755759059375,564.0
19.885416666666664,1.4278927786262352,2.4564314862543926,0.336540698162178,29.368690294101864,0.8619275529776429,17.042032970073315,2.055409331610975,564.0
19.895833333333332,1.4648999287122948,2.4697028103381373,0.3367901357561493,29.527447435577994,0.8726354487675253,16.853157685779628,2.0550642351383233,564.0
19.90625,1.498775602667456,2.4822676870610465,0.33788741591996996,29.66285175915008,0.882626380627361,16.684657850153542,2.055426024042433,564.0
19.916666666666664,1.5183196559267544,2.489841513831757,0.33900392255724043,29.77436863106168,0.8919116329781026,16.571992553781165,2.0560581898378754,564.0
19.927083333333332,1.5513001046781183,2.5046239221037,0.3405910053750336,29.858986596723575,0.9002049209140627,16.45843548635216,2.05645748049027,564.0
19.9375,1.5822502819024817,2.5208855745030077,0.3435164707111043,29.917983140309634,0.907536831015507,16.38908404582491,2.0572577406094954,564.0
19.947916666666664,1.6047524977129648,2.5364650434481493,0.346749746373213,29.95055203143027,0.9137326637419216,16.350899172657044,2.0579178190566734,564.0
19.958333333333332,1.635548663027172,2.559364596937487,0.35205115550428634,29.95611831652426,0.918684612808981,16.358443678004544,2.058570713786627,564.0
19.96875,1.673268888482749,2.5911834626395622,0.35911127449676933,29.93381505323807,0.9221928704461019,16.364091733206852,2.0588619738097944,564.0
19.979166666666664,1.705176125175325,2.6240994096278274,0.36755893159114583,29.882961456756146,0.9241996936418053,16.370782559465173,2.0592105444465427,564.0
19.989583333333332,1.7578946188378772,2.669876064531605,0.3771395777024557,29.806821172634002,0.9246890226713695,16.260311603752395,2.0591517048313834,564.0
20.0,1.8111084190179385,2.7172935303746866,0.38911784149996087,29.705508494113808,0.9238411452234885,16.112126178203972,2.060130110276103,564.0
20.010416666666664,1.8514429648834243,2.7587686187294045,0.4021367305649237,29.57656650347635,0.921734934874361,16.004553265981478,2.061695575818466,563.94125
20.020833333333332,1.9103773177874996,2.8118877997803255,0.41471879186445454,29.431958085551976,0.9187283891571012,15.773081619368634,2.062635243716973,563.8824999999999
20.03125,1.9653894743112847,2.864535398310319,0.42982612483983934,29.271734718660746,0.9149929419136592,15.506438458812768,2.0653848799058063,563.82375
20.041666666666664,2.006520659967622,2.909714290796132,0.4469516702222234,29.0894805623952,0.9104635647256024,15.319255586134618,2.069595723616621,563.765
20.052083333333332,2.0641269910613302,2.9663819008065935,0.46277849935264354,28.906609470354496,0.905742658639749,15.036685783432121,1.833984498911325,563.70625
20.0625,2.1169225947444015,3.0221085248443442,0.48241768777971,28.71842018213618,0.900763922769088,14.759743220674034,1.8153312416283898,563.6475
20.072916666666664,2.159577201618385,3.0719380254821624,0.5049256455252374,28.51617261267794,0.8953098887755446,14.572432551876934,1.7993487002424151,563.58875
20.083333333333332,2.2174517498040687,3.133237096417819,0.5263303303776824,28.324757099623728,0.8900611801639532,14.32680375907845,1.7760126412335064,563.53
20.09375,2.2717792088725184,3.194297442267763,0.553301053890289,28.134254940522478,0.8847552930447282,14.11111094127762,1.7517905978533637,563.4712499999999
20.104166666666664,2.3199030623177843,3.2515713210161667,0.5841121076527862,27.936181696110292,0.8791471309455714,13.972882208210498,1.7297401780868773,563.4125
20.114583333333332,2.379220415809504,3.3171938208528076,0.6158026514984506,27.746956485351312,0.8736949558114311,13.832336817225972,1.7033717708968796,563.35375
20.125,2.438232268693891,3.3841565887952516,0.6536144380706918,27.55916609894028,0.8681838823666601,13.72725111107038,1.6765873566283316,563.2950000000001
20.135416666666664,2.494229603405614,3.4494159332775136,0.6959930963488604,27.367738253797192,0.8624532323134607,13.673974660235027,1.6715337301196138,563.23625
20.145833333333332,2.5549072453439696,3.518777896328984,0.743499014575473,27.17400731781353,0.8565267902505637,13.66074862677633,1.678958847377315,563.1775
20.15625,2.618171744402688,3.5914323125045615,0.7989283922046757,26.972661668686737,0.8502205126867258,13.701186750500133,1.6872924013009876,563.11875
20.166666666666664,2.685994256867497,3.6678948087210834,0.8588891186661903,26.770397913618392,0.8437235683158338,13.76453379673827,1.6904188195909138,563.0600000000001
20.177083333333332,2.7542045119131364,3.7474691910608673,0.9308730895832369,26.55773408334118,0.83670731936523,13.877597244443683,1.697785571801136,563.00125
20.1875,2.83392439317146,3.8360276800592827,1.0083514068296353,26.349527905351042,0.8296472113121109,13.977598241904042,1.698768149146022,562.9425
20.197916666666664,2.91266144092201,3.924640213704583,1.0948455272216444,26.14340438765375,0.8224691678064588,14.068161936260001,1.7022390612379696,562.88375
20.208333333333332,2.995470499663962,4.016322730438637,1.1847679942516327,25.95098914169451,0.8156015590002139,14.103062651510617,1.7055793847170047,562.825
20.21875,3.0729515492016715,4.103906145856756,1.2822298174623006,25.765082917746042,0.8088194321863533,14.117658749421386,1.7108818702841055,562.76625
20.229166666666664,3.1452012138328134,4.185484495095088,1.3823030311433948,25.582484178704526,0.8020266743166679,14.13249868605514,1.718113089411383,562.7075
20.239583333333332,3.213118804940965,4.2637574909580485,1.4842635946922105,25.401727672779153,0.7951852646613692,14.158707036641037,1.7255594631783178,562.64875
20.25,3.280583914630097,4.340438899918269,1.5870686058701133,25.222992890123994,0.7883168279531396,14.197206602436184,1.7311152729879253,562.59
20.260416666666664,3.3481295986556057,4.414866182242358,1.6883935303590794,25.048225931573313,0.7815104891737263,14.238149171682855,1.734776340687741,562.53125
20.270833333333332,3.4002886314081717,4.481871485152957,1.7956861137852214,24.864384749048064,0.7742607720575049,14.332653710762,1.7494918953080107,562.4725
20.28125,3.4501535598675352,4.547440922874956,1.9019541110548823,24.67448793575994,0.7666771703991304,14.474468819020423,1.7530138450826398,562.4137499999999
20.291666666666664,3.5103720531386835,4.615967342166098,2.002058781258326,24.490555523629045,0.7592365426073863,14.605396007021215,1.7411575743734922,562.355
20.302083333333332,3.5278217755486088,4.667264830346215,2.1126257407137654,24.288146821897204,0.7509343284579596,14.843899938431788,1.7575511260412,562.29625
20.3125,3.4976232721556544,4.703589870457603,2.2174336704681243,24.071240844731733,0.7419043636970181,15.216447813303192,1.7544355154629026,562.2375
20.322916666666664,3.5094597286142006,4.753601172337138,2.3086110401177007,23.86715936865193,0.733306646072487,15.54825447221828,1.7243583471235338,562.17875
20.333333333333332,3.287316305309854,4.724242135605054,2.4048392989781857,23.630818782549735,0.7233321265790219,16.224339777644467,1.7447592351125512,562.12
20.34375,3.025064013590676,4.676591006397985,2.4693108045134573,23.399218458293873,0.7138292807307937,17.156624937248214,1.7257904674024995,562.06125
20.354166666666664,2.895474579646278,4.66910945057808,2.520498162156081,23.20837578385819,0.706754311144986,17.844337017643966,1.7308311064815705,562.0025
20.364583333333332,2.5583215168612456,4.525933202506246,2.523952957308223,23.041288926163993,0.7025715895944511,19.01178307679249,1.7906980183565298,561.94375
20.375,2.243442061047841,4.335104377034455,2.4104983560745326,22.971251032486542,0.7055721969270311,20.308427635592345,1.8530293972266079,561.885
20.385416666666664,2.0558065638730234,4.180137703732549,2.2388840626281934,23.040674096792966,0.7178511232683177,21.033625760352514,2.0972380100809955,561.8262500000001
20.395833333333332,1.8532649786794158,3.9786856338361885,2.016643023075241,23.276737925770934,0.741493604720613,21.614158085111235,2.0795408807146405,561.7675
20.40625,1.7170222878555121,3.7930799015203314,1.7567966125662493,23.66859474451376,0.775091860100893,21.755050271531626,2.0665912131686746,561.70875
20.416666666666664,1.5979523277295202,3.6179719643083024,1.5050583347798019,24.196252482733772,0.8173212029555083,21.67950196110233,2.0646949203657967,561.65
20.427083333333332,1.5522989969007834,3.4815719333084867,1.2759891064654871,24.793217076398467,0.8633484071841617,21.282736861335646,2.0708341099614365,561.59125
20.4375,1.5206757477505468,3.355761812231893,1.0773835583486238,25.415243010738752,0.910169169859267,20.805322316037003,2.0733414830223613,561.5325
20.447916666666664,1.453405358167244,3.216156717220134,0.9127487047390623,26.063028658213774,0.9578989778487084,20.58257335013699,2.0780745333478143,561.47375
20.458333333333332,1.4748868771708417,3.1394894532689848,0.7826099075544384,26.63669535701417,0.9991540841321043,19.864367906398577,2.0666652423350054,561.415
20.46875,1.4782672936587136,3.055913953750158,0.6868911755483162,27.16510263806453,1.036013698057664,19.08849957861249,2.0519291614801354,561.35625
20.479166666666664,1.4410379623205916,2.95547769528052,0.6099382961493847,27.667104040832672,1.069561776880954,18.488768980532548,2.0461208789743788,561.2975
20.489583333333332,1.460331934458451,2.88928797113324,0.5483214720531002,28.104097242969424,1.0970490102069013,17.802583642976202,2.0464454484109464,561.23875
20.5,1.4773713530394557,2.8280941971240656,0.5026744045305321,28.493673890924743,1.1195835791025224,17.263793255932875,2.0479413090449468,561.1800000000001
20.510416666666664,1.4647959958788637,2.7616137244475003,0.4659576614196626,28.843511169469615,1.1375085796401228,16.940185866537803,2.0498595613640638,561.12125
20.520833333333332,1.49812000121153,2.72505539865356,0.4355898491378086,29.127202355809967,1.149691943817477,16.523981593236645,2.0507676395334893,561.0625
20.53125,1.5238139557864507,2.691049413532787,0.4129182585190704,29.362084090869118,1.1574237799546188,16.119184991704604,2.053082663218329,561.00375
20.541666666666664,1.5183106778171584,2.647282544964609,0.39464630012821317,29.563568821860414,1.1614948051641178,15.860708462724585,2.0565698951400977,560.945
20.552083333333332,1.5383113864308353,2.619787929011676,0.377925175453433,29.721144006511153,1.162119008745313,15.554865492040046,2.0593772113137376,560.88625
20.5625,1.5494315467288908,2.589588588416775,0.3663487123590985,29.85310573807225,1.1598164783853562,15.39426979106664,2.0642018452860045,560.8275
20.572916666666664,1.5505053977605723,2.5629673886149997,0.3564459640598818,29.957818703890457,1.1547676782338108,15.319936874476687,2.0685300540416036,560.76875
20.583333333333332,1.5746036528101597,2.5470022331377313,0.35107996794683727,30.040502433268855,1.1466836608825706,15.436944845327854,2.072967264096375,560.71
20.59375,1.618619739797785,2.5528473338994204,0.3485694754204824,30.09527247884611,1.1360822009087992,15.585453981360303,2.075148825073443,560.65125
20.604166666666664,1.6511251525139576,2.5666050067816197,0.34926347524991386,30.122541638269784,1.1234171531179586,15.715729846810234,2.076871746905899,560.5925
20.614583333333332,1.6996755444646812,2.5959849453811765,0.3502159528118081,30.1238924128329,1.110582458407411,15.590675811243946,1.834643648793876,560.53375
20.625,1.7348157384166691,2.6222913653317774,0.35389274910950674,30.10487586739931,1.0975993507493633,15.366892313993294,1.8205206919735875,560.475
20.635416666666664,1.7532859249470034,2.640816926863882,0.35922446672570263,30.06604328450672,1.0840811408505715,15.20042851589331,1.8090674949093375,560.41625
20.645833333333332,1.770455366276482,2.6621538047282063,0.3630766230534526,30.01205484092809,1.0712495237425448,14.981108366659885,1.7927860883256035,560.3575
20.65625,1.775013718241063,2.680355086840088,0.36896192946046685,29.94248065746228,1.0585898755997738,14.810205499329086,1.777633308254426,560.2987499999999
20.666666666666664,1.7825253310665612,2.700921575956091,0.376204956297631,29.85739643381824,1.0460465582230807,14.706467304725553,1.7642236946702559,560.24
20.677083333333332,1.7776163627606087,2.7225637239668967,0.38345406394048087,29.761454922001306,1.0341031714018114,14.613071377459855,1.7493142303391174,560.18125
20.6875,1.7599230748720522,2.7436336989334116,0.3920606341720443,29.656517952234314,1.0226810517504132,14.537061570187833,1.7341675695202083,560.1225000000001
20.697916666666664,1.753777429022195,2.7683706307391622,0.4025455904896423,29.54327791795488,1.0115866483720088,14.49949232206618,1.7204553589228642,560.06375
20.708333333333332,1.7066757307093305,2.7823313177783713,0.41088378804173425,29.429677607094884,1.0012799593441877,14.440432159841325,1.704178911948645,560.005
20.71875,1.6424561158824154,2.785656731924189,0.41877092198297383,29.315094030344213,0.9913783660637435,14.405382855655192,1.6890570519731698,559.94625
20.729166666666664,1.6031513369406734,2.7917054464726503,0.4262720696342507,29.20271686497286,0.9818605384973411,14.396810574686237,1.6751416552546663,559.8875
20.739583333333332,1.5366911780792327,2.780035793804139,0.43221472745991807,29.08973877777722,0.9721485613433648,14.493612009847428,1.6772663941116739,559.82875
20.75,1.4778644799901006,2.764770065436275,0.43477515335033057,28.985722606931773,0.9625953579787432,14.656257926983313,1.683238376796261,559.77
20.760416666666664,1.4466576296598703,2.7578083015128034,0.43573532649405244,28.90170543412956,0.9536676337121639,14.815344582987471,1.6817506245544105,559.7112500000001
20.770833333333332,1.3893140236402295,2.730454982379732,0.43606178503600324,28.839114472374998,0.9446017296522288,15.110902434416323,1.6884000022311396,559.6525
20.78125,1.3408416377550871,2.7014264211321986,0.432439367436884,28.814375840965372,0.9360085793552025,15.479677300059308,1.692969981811137,559.59375
20.791666666666664,1.3162273319558662,2.6833207065110454,0.42721963081126774,28.83680122623734,0.9284974707061743,15.76939968744842,1.700905720507774,559.535
20.802083333333332,1.26760455758682,2.643959892456935,0.42266608233955844,28.91874203785521,0.921384988384938,16.200181055033674,1.7232714193843286,559.4762499999999
20.8125,1.239255608102544,2.610000497702182,0.41593938236448585,29.06838531928236,0.9152087197861652,16.715400223479687,1.7510964326230036,559.4175
20.822916666666664,1.2322309271145306,2.5926570568048737,0.40871744812021565,29.27021006309092,0.9104164125375865,17.08435935648358,1.7732619630251125,559.35875
20.833333333333332,1.2342211728058663,2.568522712904465,0.4071022619704869,29.542157971403885,0.9064464253588183,17.715246454593718,1.8096454897220937,559.3
20.84375,1.2757079966510372,2.573534229426105,0.40583497590871975,29.840876112806317,0.9037721437025312,18.269952285188293,1.8406695685644903,559.24125
20.854166666666664,1.3097534265496698,2.5862857363158747,0.40636753201005243,30.1298871800677,0.9023093580300033,18.58338726660016,1.8641335253376656,559.1825
20.864583333333332,1.363393234198578,2.614486040326802,0.40732912603115523,30.368927249739478,0.9018823939176942,18.460555349216225,2.0817354274289364,559.12375
20.875,1.402155466806436,2.6350649599382017,0.4091676040469951,30.551816550704007,0.9022078254441079,18.134696991675135,2.0759443618932876,559.0649999999999
20.885416666666664,1.416408551011023,2.639721719533177,0.4105089550358658,30.678087536076053,0.9031241037747347,17.864130866368622,2.072950737909243,559.00625
20.895833333333332,1.4596200334996368,2.6593984307461342,0.4092179121574375,30.73846528920241,0.9043599319859463,17.39973589457584,2.07002346793365,558.9475
20.90625,1.49727214989815,2.673369148409214,0.4092739153876513,30.745732748394413,0.9057850376688134,16.93249349156931,2.0702142568868167,558.8887500000001
20.916666666666664,1.5127213858117654,2.674414731112323,0.40914851367014116,30.705344759863106,0.9073400078752393,16.608707517498246,2.07195703490112,558.83
20.927083333333332,1.5613091573948006,2.693033487830041,0.40746651129593037,30.630127087747024,0.90877335557364,16.1912555049337,2.0731690754998984,558.77125
20.9375,1.6021342691921432,2.7079291181207994,0.4082759356438689,30.52676424674739,0.9100865541212693,15.827187053727476,1.8365113789778091,558.7125
20.947916666666664,1.6237114423878183,2.714646134457842,0.4094993540759022,30.397559791537805,0.9112528930867144,15.584548211528958,1.8261912591294036,558.6537500000001
20.958333333333332,1.6679080330122205,2.735123278294649,0.4108406546835541,30.256686534510397,0.9121481878395532,15.328175068524924,1.8118080430652972,558.595
20.96875,1.7105130347276567,2.75814693929185,0.414806217607802,30.106183232362923,0.9127714687628089,15.108176529489032,1.797190833368914,558.53625
20.979166666666664,1.7387691349576637,2.777180421929775,0.4201392059388233,29.945703211431884,0.9131009043842959,14.96754199130619,1.7846657992690111,558.4775
20.989583333333332,1.7876130818395588,2.809998189724895,0.42571297900765503,29.791078727731037,0.9130996462253919,14.776394861733376,1.7668105284457605,558.41875
21.0,1.8329765884893159,2.8435973457638846,0.4343338289441627,29.638732775619125,0.912780479715476,14.603218110929534,1.7485139366675873,558.36
21.010416666666664,1.866007386428337,2.8728283789084124,0.44440609381632834,29.485618445175383,0.9121144990529642,14.492633660385392,1.7322122188811933,558.30125
21.020833333333332,1.9126948864244921,2.911424676769741,0.45484671926311393,29.342035757447505,0.9111401705378833,14.364323739737223,1.7123123055132905,558.2425
21.03125,1.9570746889804382,2.9508778175391943,0.46802820298912157,29.203976270270218,0.9098446736510502,14.259013229492915,1.6922743045266861,558.18375
21.041666666666664,1.9932625946387927,2.9875429146212666,0.4826925969302961,29.068791497728693,0.9081930651063435,14.199983594179347,1.6738590564700937,558.125
21.052083333333332,2.0397477313322074,3.031571240325428,0.4981396439734428,28.942973680443906,0.9062746102017789,14.13170720085107,1.6742991728154604,558.06625
21.0625,2.086556590579639,3.0775510560586468,0.5160443041637037,28.824651689978673,0.9040979634601725,14.06698141449274,1.6786832460957886,558.0074999999999
21.072916666666664,2.126152325443724,3.120398617454225,0.5360177231510264,28.70987901676142,0.9016067468808094,14.035584408889708,1.6851199665824412,557.94875
21.083333333333332,2.1770084245975116,3.170972937184075,0.5561150538979784,28.606169243340098,0.8990042710093575,13.97298510219403,1.6877951227831465,557.89
21.09375,2.225407404853581,3.221207142674992,0.5796842761407249,28.50883871502822,0.8962326904406381,13.914780971345518,1.6936310807231125,557.83125
21.104166666666664,2.2675271442385814,3.2678394201964287,0.60538020986808,28.414359088300397,0.8932129369460252,13.886479094837728,1.7024132435025834,557.7725
21.114583333333332,2.3152395718799537,3.3197412685183787,0.6312059283241302,28.328137338653878,0.8901516387325492,13.842290442108009,1.7071879107808,557.71375
21.125,2.359967148569223,3.371240916257824,0.6606853747503458,28.246645351940504,0.886969026970103,13.807306141600018,1.7161120639759382,557.655
21.135416666666664,2.401618686269308,3.420222806150472,0.6925980309977248,28.167297010438354,0.8835779287789064,13.797672632059513,1.7291168122852756,557.59625
21.145833333333332,2.4482666003508498,3.473640976158601,0.7250370854049898,28.094084569027437,0.8801714371274022,13.779650925164752,1.4267917094288411,557.5375
21.15625,2.494641526292534,3.52730607894348,0.7614673804557895,28.024461446311673,0.8766627681098329,13.769939146077256,1.4133625573834596,557.47875
21.166666666666664,2.5392539733645965,3.578877109855969,0.8005475700345647,27.956553142195087,0.8729646060897807,13.779093336995286,1.4004870869609183,557.4200000000001
21.177083333333332,2.5882652910303383,3.633485971154621,0.8410071869672142,27.89244926959377,0.8692004298011667,13.789051962356092,1.3879597052228316,557.36125
21.1875,2.6351336761221646,3.6865292669289103,0.886701437022206,27.82840940201584,0.8651503510085273,13.824191396494193,1.3758289480770585,557.3025
21.197916666666664,2.683512087651989,3.7396964067681258,0.9328299679926283,27.765991588873568,0.860898832328396,13.869356738364099,1.3660886770310954,557.24375
21.208333333333332,2.729570302957699,3.7907103807255873,0.9861941214337504,27.700135622168883,0.8560587682709168,13.95983887287902,1.3593201309235838,557.185
21.21875,2.78224318224512,3.8455768294126504,1.0406109612887262,27.633657998337533,0.8507737905761265,14.071930917401913,1.3575607460268992,557.12625
21.229166666666664,2.837121184591386,3.9027628352877177,1.0956952177133472,27.569031142620098,0.8452260650928096,14.177568343050682,1.355741529889968,557.0675
21.239583333333332,2.8876515311175437,3.957847970357481,1.1583614498465495,27.502413062064065,0.8390686668279311,14.301230399365105,1.354249715729294,557.00875
21.25,2.9401044387427615,4.014134629892722,1.2217524699223643,27.435694959054747,0.8324592469281473,14.422695294814876,1.3571813545069904,556.95
21.260416666666664,2.992222142868273,4.070101853599035,1.284606657413965,27.370258556234912,0.8255784705674604,14.52182247420931,1.359321048106707,556.89125
21.270833333333332,3.019783545619803,4.115071939021997,1.3565465548648776,27.298188174855994,0.8176228965075719,14.677630983784972,1.3641900111497527,556.8325
21.28125,3.0381309815017663,4.157609251879769,1.4264105302580514,27.220502185165916,0.8087502139678129,14.883087035366653,1.3786806180119826,556.7737500000001
21.291666666666664,3.073253177103667,4.207071453277228,1.4911304384572812,27.141769487642755,0.7996347539413372,15.059479776509052,1.3922711431169539,556.715
21.302083333333332,3.044145261658034,4.233640676305265,1.568077467413479,27.04834188189128,0.7889132172588749,15.351718196139474,1.4078152417683933,556.65625
21.3125,2.9619103298209626,4.24592106855416,1.6340854916559513,26.942750566012965,0.7771951481923758,15.722504011699417,1.4351722463824008,556.5975
21.322916666666664,2.92721240683615,4.272725730963031,1.6924776002898214,26.832143237875997,0.7655733499003348,16.01651834539769,1.7648392984743593,556.53875
21.333333333333332,2.660633662101022,4.219735253455564,1.7418924219691672,26.699125584568584,0.7525949371405105,16.467575262688683,1.7680623190045421,556.48
21.34375,2.342504672578069,4.137286032200846,1.7572294380873943,26.553788366037455,0.7396575116646863,17.014318378697727,1.7415827383093023,556.42125
21.354166666666664,2.158520282878563,4.089437979762654,1.7582375326763542,26.41566853790392,0.7284787709380738,17.3963740645931,1.712456007107944,556.3625
21.364583333333332,1.755071437501997,3.901320311050072,1.7007714830994143,26.279863933130116,0.7183912165801648,18.164991191088294,1.7260517464212406,556.30375
21.375,1.3756103601404583,3.6584201737888886,1.5358925992287873,26.206158792491166,0.712924060864168,19.094261012283013,1.763390995961268,556.245
21.385416666666664,1.1545700098815062,3.4547325672724893,1.3301583214706105,26.2496276649716,0.7142875260747161,19.60303190055365,1.799811795542944,556.18625
21.395833333333332,0.9483542999185994,3.217353984320852,1.0997220800251992,26.45097438111697,0.723533568666808,19.918660898291865,1.835330665927004,556.1275
21.40625,0.8226995771516309,2.999301602704949,0.8749660150318426,26.815536882243766,0.7401935096647743,19.906597680271567,1.8593228257106733,556.06875
21.416666666666664,0.7295137410309415,2.792837205412251,0.6945017589842997,27.33944938840394,0.7635599856576946,19.793272274512194,2.0883669886208254,556.01
21.427083333333332,0.6897004090347807,2.6252787998030276,0.5599060033134706,27.96052289375404,0.7904865966927598,19.412898794225708,2.0785823628709044,555.95125
21.4375,0.6570848529941181,2.461357412843085,0.46189883398957443,28.653343401922733,0.819545466613094,18.995304279210334,2.0731926490208545,555.8924999999999
21.447916666666664,0.6179288917278298,2.2989268020170788,0.39015177017420605,29.40134188820203,0.8496013162621753,18.701497916436818,2.069820449741771,555.83375
21.458333333333332,0.6205707407805833,2.1837050704844367,0.339631827479466,30.128067710951374,0.877197912338086,18.29242359300403,2.0665224570254166,555.775
21.46875,0.6278076037482814,2.083776474870597,0.3031754616081801,30.819947840214887,0.9016332798154907,17.860701113886794,2.0651719053032433,555.7162500000001
21.479166666666664,0.6144912467970717,1.977583659398746,0.2746908729856283,31.48662235157729,0.9230511236162626,17.57171843127814,2.065171614069762,555.6575
21.489583333333332,0.6420880972418167,1.9168373143883377,0.2526610728848792,32.035947220303996,0.9387380053728034,17.012779916778317,2.064044159145781,555.59875
21.5,0.657990778953456,1.8496870165342407,0.23527745992867047,32.510843666284515,0.9505065932407973,16.457855890117838,2.06643979913197,555.54
21.510416666666664,0.6484293063081269,1.7673095404910024,0.22018462505279968,32.94106380579634,0.9593290838346428,16.089391931591816,2.0707035480915015,555.48125
21.520833333333332,0.6584152452304757,1.7001144718580263,0.20713845969065006,33.30497028544949,0.9649695320772178,15.774731673503455,2.0745257750925243,555.4225
21.53125,0.6663356077305294,1.6342908666644187,0.19634077882575646,33.62345003919391,0.9679549145807711,15.613363279416319,1.8339669572774675,555.36375
21.541666666666664,0.6632644131384892,1.5722758515781523,0.18698056750350864,33.888484063658694,0.9682863523471512,15.539935326917698,1.8274938189428414,555.3050000000001
21.552083333333332,0.6798130533386362,1.5240372191727587,0.17955184170879088,34.10335199699793,0.9660193266700688,15.578431611282864,1.8249258463586602,555.24625
21.5625,0.70314433645715,1.490521225211658,0.17364202091552916,34.258235620003,0.9613708917470678,15.620142293464378,1.8216923352075642,555.1875
21.572916666666664,0.7113495609440736,1.4591763768180246,0.16889926637192906,34.35552652253929,0.9545699943027125,15.666573465355528,1.8192856498289625,555.12875
21.583333333333332,0.7307617143860881,1.4380742831598916,0.16508277994644313,34.39536231290685,0.9461122019308538,15.66058088632819,1.8150614807371186,555.0699999999999
21.59375,0.7477106381711465,1.4210728094244702,0.16217934572129236,34.38155216811919,0.9361896864332799,15.647129535535507,1.8114493469524073,555.01125
21.604166666666664,0.7539189497940461,1.4047487545498878,0.1598393322649566,34.31520662466427,0.9250384664872529,15.643968171268025,1.8086962035776537,554.9525
21.614583333333332,0.7681881459357758,1.3938435096410513,0.15805501863753543,34.19615778016735,0.9128426846251008,15.667103001748403,1.8073304259055945,554.89375
21.625,0.7843257466736876,1.3886593077771519,0.15685977521299085,34.024900025877365,0.8998902938072849,15.706851280946543,1.806801087048974,554.835
21.635416666666664,0.7938589863076948,1.386126097283207,0.1561183022867962,33.80370475119299,0.8865177891853542,15.745173846577844,1.8064230213245644,554.77625
21.645833333333332,0.8007251660825422,1.3856597672472855,0.15565043360101358,33.537284365458504,0.8730908597767544,15.76196492600393,1.8054190464024322,554.7175
21.65625,0.7988783473460035,1.3859069375897521,0.1554678859591614,33.23115033150401,0.8599016858558307,15.751245176581888,1.8035847931667912,554.6587499999999
21.666666666666664,0.796155958414368,1.387668358314158,0.15563020686491988,32.88653575641047,0.8470152810957062,15.74241244732352,1.8022912533611908,554.6
21.677083333333332,0.7780064438358161,1.3860807351827775,0.1556491829207602,32.51682199762551,0.8348896010859689,15.69639464686047,1.7990698815797834,554.54125
21.6875,0.7499530895878583,1.3813738008783705,0.1557561334754323,32.12201693422698,0.8234495335194321,15.654534835816722,1.796283104497451,554.4825000000001
21.697916666666664,0.7320465433940063,1.379879343632168,0.15605256913441665,31.706948698825297,0.8127834048604365,15.628093016565927,1.794070652084165,554.42375
21.708333333333332,0.6900427988632578,1.3695916158586956,0.155978735406557,31.280134351700486,0.803034988781475,15.609334172897777,1.7919032321886839,554.365
21.71875,0.6449456120176627,1.3553042500958303,0.15583716598704903,30.837841543057216,0.7940614999029746,15.645007576171661,1.7925075584282668,554.30625
21.729166666666664,0.6194590137646425,1.3479061261586271,0.1557716705446872,30.398051637132568,0.786158765755153,15.683966663562744,1.792870374214431,554.2475000000001
21.739583333333332,0.5815550279714701,1.3288519511476387,0.15609722698511524,29.903962593143927,0.7784153831672278,16.039903679518766,1.8097958530042921,554.18875
21.75,0.561435500304309,1.3227600450195973,0.1566432626712455,29.40497766384445,0.7718265169249521,16.560078096426214,1.8310967159096072,554.13
21.760416666666664,0.5585530715700335,1.3330038551116665,0.15769571314472647,28.95355104563355,0.7670875630745491,16.96168938381515,1.8471602411774992,554.07125
21.770833333333332,0.546876924232289,1.3355521450391834,0.15956862589080656,28.520529443724882,0.7640314094226649,17.567090653765717,2.0851474571406703,554.0125
21.78125,0.5450500434373441,1.3486630415412835,0.16167909073601922,28.158970278973733,0.7633618810639548,18.16091111021217,2.076169683005439,553.95375
21.791666666666664,0.551260329484793,1.370523606673536,0.16407746123322708,27.893682189229043,0.7652124578134334,18.522239373149826,2.068390431583807,553.895
21.802083333333332,0.5483865737910103,1.3820356122620643,0.16690449183295114,27.711156111508647,0.7698783928736358,19.01425171431986,2.063517006288141,553.83625
21.8125,0.5569932788344968,1.402304140785082,0.16989776502286663,27.62255641173924,0.7773591114889576,19.491523291286047,2.058295398829771,553.7775
21.822916666666664,0.5701849425018741,1.428487809408669,0.1729147867731196,27.616433834721327,0.7871403568075842,19.755158383118463,2.066502993190226,553.71875
21.833333333333332,0.5919361231172233,1.454375556206606,0.17671895801907628,27.67318049471027,0.7994984012211627,20.3122097619817,2.091745274386919,553.66
21.84375,0.6276479978130104,1.4928298733638994,0.18057486963855157,27.765310572001596,0.8133442057899394,20.99218560318214,2.114486472800906,553.6012499999999
21.854166666666664,0.6532803580368309,1.5250883618629532,0.18420123938061422,27.862843588718995,0.82813025577997,21.65644725135822,2.1342613176279284,553.5425
21.864583333333332,0.6966664495784383,1.5671045588097774,0.18674010217455994,27.93249682036672,0.8420049308935746,21.543782038627615,2.138220918144341,553.48375
21.875,0.7259119793131167,1.5900335920743311,0.1882555444441194,27.963655445065136,0.8551170483777373,21.110516163234568,2.1361073385638423,553.425
21.885416666666664,0.7350464540926983,1.5916763038712023,0.1886611147099899,27.9483294633253,0.8678157959737675,20.835940686956217,2.1355482189036836,553.36625
21.895833333333332,0.7631416583214388,1.602778904976495,0.18755881678053893,27.889234547625907,0.8785724559608404,20.082046681532688,2.1223104730413236,553.3075
21.90625,0.7792366575226087,1.599359680689919,0.1859638009926495,27.792695218565562,0.8879888929747612,19.28953104950893,2.1059527033525747,553.24875
21.916666666666664,0.7784818558875878,1.5811016782464782,0.18383753644257006,27.65839135277745,0.8964821580224672,18.747080620198293,2.092724901701885,553.19
21.927083333333332,0.7952954735644746,1.5735666536941735,0.18102041468745853,27.50780654572332,0.9032078997806642,17.999738271417,2.0707163643155693,553.13125
21.9375,0.8057159935476111,1.5588216205582412,0.17853831968384787,27.338913736177847,0.9087485965694593,17.339775801156303,2.049142880469304,553.0725
21.947916666666664,0.8054115191320969,1.5383151505273012,0.17599971460586436,27.152026178044913,0.9131936004966582,16.812220877669,2.0432289579326373,553.0137500000001
21.958333333333332,0.8266126377098322,1.529884541374604,0.17382136790051808,26.95936469235733,0.9163378174524316,16.304374995845404,2.045039512977816,552.955
21.96875,0.8492336364132227,1.5244725720204806,0.17221329969993732,26.761094035319566,0.9182762645881326,15.923647785199538,2.0473475677469013,552.89625
21.979166666666664,0.8603706522975658,1.5173312317456855,0.17089286562282005,26.557178098636882,0.9190233620481054,15.693983613125704,2.049828150177233,552.8375
21.989583333333332,0.8864136922133665,1.5200442355377675,0.170030555616879,26.357127401545675,0.9185970969502268,15.503144332425654,2.0518463466801875,552.77875
22.0,0.9114114695235452,1.5246882439786498,0.16968880291806074,26.158174067856358,0.9170810293975477,15.37161730686232,2.054383669327169,552.72
22.010416666666664,0.926171671806869,1.527810797299157,0.16957392084760806,25.958926768225666,0.9145173290195083,15.304742584045023,2.0570680052615917,552.66125
22.020833333333332,0.9533789700482753,1.5396818055633288,0.1699084254238832,25.76571156024622,0.9110894685877744,15.228627189972942,2.0593881049032015,552.6025
22.03125,0.9814323428520202,1.5554043555792696,0.1707987510743129,25.576210312626614,0.9068999364958298,15.160114009029252,2.062209124588717,552.54375
22.041666666666664,1.001487748328061,1.5709901051436173,0.1720537766473015,25.38727875503047,0.9019959013572092,15.127019366709094,2.065363318175598,552.485
22.052083333333332,1.0339451349870408,1.5963344099737986,0.1738528939132476,25.20540552628266,0.8966824350998969,15.063181717360482,2.0682147277333054,552.42625
22.0625,1.0685152122338764,1.626809428465501,0.17629637671119605,25.029726062954193,0.8910850564782093,14.979080552003015,2.0718625786341565,552.3675000000001
22.072916666666664,1.0959725765367758,1.6571450772490122,0.17927869077076575,24.855292549996374,0.8851520234692037,14.927947616001873,1.8352699802865817,552.30875
22.083333333333332,1.1350026384594485,1.696888081624003,0.18259986200391615,24.693707230359134,0.8793773372277199,14.809195322475603,1.8219927858462097,552.25
22.09375,1.1741701611233952,1.7393407467602158,0.18682428785952945,24.537737857345064,0.8735852266423974,14.700575466540666,1.8091616418230378,552.19125
22.104166666666664,1.2087897316561989,1.7822572885733703,0.1916075757888101,24.384879770736987,0.8677208239001807,14.63339858126286,1.797892124435848,552.1325
22.114583333333332,1.256925071618046,1.835058396778395,0.197696366484153,24.232969195282127,0.8617160567649746,14.630880302323256,1.789414541791896,552.07375
22.125,1.3155386608062232,1.89949884369979,0.20523725005229831,24.083772990889763,0.8556458317172035,14.675605702813835,1.782760542301518,552.015
22.135416666666664,1.3745343669519747,1.9714115055902555,0.21407216512824742,23.94051119774564,0.8496530260239529,14.731201042909698,1.7762929869962787,551.95625
22.145833333333332,1.4423175912145647,2.0546561319393506,0.2245275451006144,23.808171139618587,0.8439784123338571,14.739414505137555,1.767030743590538,551.8975
22.15625,1.5092267436395572,2.1431255781850242,0.2366031718517596,23.687358615065143,0.8386979054803132,14.690373512369241,1.7548109315248166,551.83875
22.166666666666664,1.5719112923428347,2.2308667327384226,0.2506490535696264,23.572038968197084,0.8335991267927011,14.652550419758096,1.7439983642767491,551.78
22.177083333333332,1.6356396456998292,2.323333019825186,0.2655050115346892,23.470089340864327,0.8290840200499071,14.541830153671146,1.7271790507681004,551.72125
22.1875,1.6955505433160023,2.4142886727196884,0.2829757668528037,23.373388079316005,0.8248414708895673,14.447069621012965,1.711109194208796,551.6625
22.197916666666664,1.7579944789101023,2.5052306911635633,0.3025142615962627,23.28000532944786,0.8208312851143301,14.385992270084671,1.6963131484347014,551.60375
22.208333333333332,1.8230356018661986,2.6000939875043145,0.3247097445731439,23.19014051815667,0.8171004863560372,14.348536954559874,1.6817815858554637,551.545
22.21875,1.892117498340924,2.6989502432493286,0.3503248943580165,23.10296605221978,0.8136427237099889,14.332589552750992,1.6743308940670314,551.4862499999999
22.229166666666664,1.9659792435075403,2.80035563915122,0.3797621951146645,23.017695642034425,0.8104456073089681,14.336082276524467,1.678305694946851,551.4275
22.239583333333332,2.0421479212347506,2.9055412216138583,0.4134543909545105,22.935620469662318,0.8075612867578752,14.33572907128291,1.680439913440602,551.36875
22.25,2.1200705182100923,3.0122195523163273,0.45261351210713235,22.855678401910794,0.8049441040039014,14.337086044450201,1.683459166562012,551.3100000000001
22.260416666666664,2.2006141323158137,3.1186000673464034,0.4975999692356431,22.77691350812402,0.802553473030163,14.347384593212936,1.6872611900671293,551.25125
22.270833333333332,2.2686873269192516,3.220777836989514,0.5511468528351667,22.695072112811577,0.8002639127964686,14.415060680335952,1.694613273910377,551.1925
22.28125,2.3308036793973748,3.322270632771444,0.6131961738165138,22.609699079871863,0.7980788667860447,14.548411465845836,1.6981724647385985,551.13375
22.291666666666664,2.4082912370288296,3.4303996019180785,0.6819146596720856,22.525794950896277,0.7961248757187748,14.677528232969774,1.6931279179663683,551.075
22.302083333333332,2.437638681951654,3.522149587680026,0.7671832501207819,22.43325908934604,0.7941860419336341,14.928392584852931,1.703910451731644,551.01625
22.3125,2.414247531361576,3.5993470488850385,0.8577105739585779,22.336235587114338,0.7924034053633499,15.279535386865922,1.702817136545258,550.9575
22.322916666666664,2.4321117427681584,3.688755523347274,0.9517432486574419,22.24433976048874,0.7909879841408833,15.57985478744218,1.689825297993857,550.8987500000001
22.333333333333332,2.2293261455682596,3.6988565428667393,1.0502368400391702,22.14631577721634,0.7898916597037707,16.086356312595885,1.7050812511402655,550.84
22.34375,1.9707280330048045,3.674701089098785,1.1264831054632818,22.057071655623066,0.7896061358611909,16.72258555484608,1.7353997492015814,550.78125
22.354166666666664,1.8404647796116858,3.6821120116290884,1.1894011135610536,21.996356158710444,0.7906517115973357,17.166295360952418,1.761548907740174,550.7225
22.364583333333332,1.4679491612646771,3.525262645421056,1.2033567837891377,21.980475590894773,0.7947304170773676,18.247571482232992,1.820433516131103,550.6637499999999
22.375,1.1347062717747023,3.3112501423578165,1.1109417556419774,22.077260430192737,0.8042859980727679,19.599448725120325,1.8797020544300467,550.605
22.385416666666664,0.9666311972512818,3.1437466028385233,0.9791948992109825,22.33183107751349,0.8206853101457199,20.43272897324245,2.08276644231885,550.54625
22.395833333333332,0.7942849408699358,2.9145685626067768,0.8219920547710351,22.818021249396075,0.8473325592683826,21.261359387433753,2.070438156612899,550.4875
22.40625,0.7108718495387428,2.7160909632384134,0.6679959996595672,23.53574029219833,0.8831998454797472,21.71671794511883,2.0782578449127542,550.42875
22.416666666666664,0.6568831691983349,2.541413716055496,0.5491323502659625,24.464260578686414,0.9264584105440876,22.083031541982123,2.1050197065927443,550.37
22.427083333333332,0.6504791745331551,2.4043016163285924,0.46189851733903897,25.536868295560996,0.9731547653632064,22.490967671951523,2.1281637644684,550.31125
22.4375,0.6580223410284884,2.291919427501155,0.3973985334608268,26.658327852695695,1.0185320222342218,22.572834242309415,2.141436557419304,550.2524999999999
22.447916666666664,0.6401682216251946,2.1656640277961854,0.34837366110169143,27.829691359122293,1.0620530952703358,22.716003526408187,2.1545475339566362,550.19375
22.458333333333332,0.6678329617198311,2.100244280097128,0.3124491776174039,28.867952960018286,1.0969951385534282,21.979749691855154,2.149442407321426,550.135
22.46875,0.680507209004118,2.0233519341388875,0.28491360280670885,29.823604814089645,1.1257283101747277,21.139315865036057,2.1403811904717047,550.0762500000001
22.479166666666664,0.6661573726386816,1.9269641083101463,0.26155757988712347,30.734554413792168,1.1495396923152659,20.63442214245275,2.1346446327526167,550.0175
22.489583333333332,0.6902512209077987,1.865622862362953,0.24267348298257507,31.521714542871898,1.1667450614288146,19.92532591642561,2.121327484946089,549.95875
22.5,0.7103481792191377,1.8042816079909383,0.227574567294667,32.224752127598265,1.1788771967718663,19.282915390978594,2.1074991993337044,549.9
22.510416666666664,0.7070528064784077,1.733964781589754,0.21453320067363418,32.86578016926034,1.186600437819196,18.850022468152506,2.0966958626859715,549.8412500000001
22.520833333333332,0.7295345846420237,1.6844520026905103,0.2036986998153377,33.41719694987645,1.189950246625168,18.37334652226459,2.082987223138411,549.7825
22.53125,0.7483830799032166,1.6381926062957741,0.19495114308220166,33.9017885163982,1.1895348315063892,17.970830512528874,2.0706473345319325,549.72375
22.541666666666664,0.7494700702735979,1.5901890419735454,0.18742354068701403,34.32539554520907,1.185602947972745,17.657105344213015,2.0605079692640014,549.665
22.552083333333332,0.7671108598349927,1.5548727807156681,0.18124923154317052,34.684008131689524,1.1784894675784892,17.362450633984057,2.0508238245704797,549.60625
22.5625,0.7863288225243549,1.5271737008038624,0.17637108348116123,34.981584686944935,1.168505808776608,17.088800372191013,2.04432527153792,549.5475
22.572916666666664,0.7918086007528852,1.5003108501864144,0.17234387058442266,35.22075604837838,1.1559370610145219,16.851347684892264,2.0452003189616588,549.48875
22.583333333333332,0.8121601660995363,1.483275033347267,0.16919891386158084,35.40140924252013,1.1412131180476341,16.67136250609634,2.0460326025166093,549.43
22.59375,0.833491081606921,1.4726293852906007,0.1668807292405573,35.52477894941636,1.124771743710421,16.55172815471405,2.0467402038182723,549.37125
22.604166666666664,0.8432031015859445,1.462784238079528,0.16515321170677802,35.59259857096324,1.106932948340987,16.490087620915208,2.047429559990544,549.3125
22.614583333333332,0.8582351107557593,1.4585348212763714,0.1636588508438232,35.605769550451896,1.0887885773343766,16.368765870631048,2.047645900452033,549.25375
22.625,0.8681141883535974,1.4548341561301403,0.16263732864454575,35.56925033552778,1.0704162036549758,16.236911042254768,2.0483794306652627,549.1949999999999
22.635416666666664,0.8708540857887606,1.4504464390625615,0.16198806837747104,35.4842049401541,1.051744906205715,16.1517439134262,2.0494308971667157,549.13625
22.645833333333332,0.8697187482678654,1.4467951402528165,0.1612953787519979,35.355536405552776,1.0334957455791758,16.045844439633328,2.050118402667563,549.0775
22.65625,0.8613438202036627,1.442486713099807,0.16089377261784754,35.18470107238563,1.015504244134569,15.96124626914476,2.051204011217547,549.01875
22.666666666666664,0.8550306930229576,1.4407541971718727,0.16082702923502917,34.97318284842244,0.9977516298221196,15.91431620116742,2.0523498190492124,548.96
22.677083333333332,0.8364278852039534,1.4365425270123218,0.16065425456306356,34.72812785923396,0.9805819671475927,15.865663100954498,2.0532433832496695,548.90125
22.6875,0.8065415566093388,1.4293448211979407,0.16055568294449635,34.45193963144687,0.9638708961546439,15.835874175961433,2.05432296516128,548.8425
22.697916666666664,0.7875613100768118,1.4263716365329135,0.16071955236832072,34.14930469310223,0.9476499382458832,15.826680318121126,2.0553418899045854,548.78375
22.708333333333332,0.7371177788589417,1.4119853470160926,0.16042186317628018,33.826812992644676,0.9320185621701943,15.830403051038973,2.0562301078876986,548.725
22.71875,0.6836362361399904,1.3931436205305934,0.159979933609801,33.48537130826978,0.9168013918526272,15.88230530098865,2.0571680391787206,548.66625
22.729166666666664,0.6531067449377427,1.3819059171572743,0.15964127244292456,33.138814353142045,0.902389797197343,15.93487242580361,2.057562525686472,548.6075000000001
22.739583333333332,0.6111223531522605,1.3591640158848555,0.15941812171837083,32.75955697479719,0.8874971794589852,16.238101987090875,2.0587479311098633,548.54875
22.75,0.5841835172650075,1.3440234818734145,0.15909742086108275,32.38065541367758,0.8732721970467753,16.65677058616177,2.0576315790957187,548.49
22.760416666666664,0.5742612827630988,1.3413243823674779,0.15902633894211513,32.03869357951101,0.8608081701069128,16.97427000906706,2.055345880103153,548.43125
22.770833333333332,0.5573236520616901,1.33037844166488,0.15926166484385762,31.72531460253158,0.8495756751194236,17.43454897072166,2.0542675368187955,548.3725
22.78125,0.5493052066503473,1.32593813554724,0.15940869165731902,31.47643502226896,0.8407575100820613,17.874791559906978,2.054609398921934,548.31375
22.791666666666664,0.5483997704700722,1.327839328903784,0.15965551725559812,31.30761338502552,0.8349624319686466,18.172787868544507,2.065080867021146,548.255
22.802083333333332,0.5439299136982065,1.323540060585019,0.15997578924770925,31.212114828909005,0.8322191232677546,18.64082626503867,2.0842348905708508,548.19625
22.8125,0.5483751895340887,1.3249666425872835,0.16006426137457935,31.18640799468706,0.8327837390212511,19.15282089519087,2.1015308162320596,548.1375
22.822916666666664,0.5516299170958371,1.3249045832822117,0.16002374691687402,31.210926908802538,0.8363895564835218,19.637112557608,2.1168641734267437,548.07875
22.833333333333332,0.5638815024987969,1.326943699946283,0.15974389326383584,31.26209289451961,0.8425165845507423,19.96472572545907,2.1284710773580526,548.02
22.84375,0.5766823387209972,1.3260228571829378,0.1591064729223985,31.317232830536035,0.8505612496368536,20.130989681402735,2.136867571211303,547.9612500000001
22.854166666666664,0.5813870122771154,1.3178641084103784,0.15810316732234367,31.358209847288578,0.8600919521872896,20.26358265390234,2.1446865599093945,547.9025
22.864583333333332,0.5954415241394125,1.315593287256631,0.15676232655934896,31.370155660219176,0.8700361914038366,20.078415104216166,2.1449281754884693,547.84375
22.875,0.604359219855501,1.3077228890607684,0.15529693337903935,31.347747338976262,0.8801719585177573,19.791609656062178,2.1425883764664384,547.785
22.885416666666664,0.6043429046911418,1.2924745243894566,0.15362954214527022,31.286582032829582,0.890459957365805,19.60751129181911,2.141463403173797,547.72625
22.895833333333332,0.6182968559464845,1.286135129480485,0.1517948209320263,31.192689651367587,0.8999507153418538,19.18167083003926,2.132968167445247,547.6675
22.90625,0.6304984888964508,1.2765116345882193,0.15005359961096695,31.06896950511237,0.9088138662984214,18.718946415827958,2.1225109672748,547.60875
22.916666666666664,0.6321674142309229,1.2599210798554883,0.1482337427190933,30.914494513962207,0.9172453792060793,18.397727315516146,2.114168470983082,547.55
22.927083333333332,0.6483405862248206,1.2520924030108647,0.14639503591609782,30.74480743569575,0.9246126597459046,17.941717056405498,2.1000828999126013,547.49125
22.9375,0.6611471507544356,1.2419984692701942,0.14478580782153067,30.559062184583567,0.931195795139241,17.51195089929116,2.0856364715074975,547.4325
22.947916666666664,0.6643697511187705,1.2278855002446922,0.1432143225706638,30.356129007359797,0.9370899230751437,17.186387303743956,2.073294375425716,547.37375
22.958333333333332,0.6782649613757461,1.221380269563299,0.14184336115774732,30.148544400445623,0.9419887848782121,16.815501141250344,2.058065528729567,547.315
22.96875,0.6912329127491683,1.2163855319123107,0.14078268481722445,29.93619367160001,0.9459729945180398,16.443667842708695,2.0430215961273728,547.25625
22.979166666666664,0.696261175790695,1.2094893313429373,0.13989334811772794,29.71608891374902,0.9490944611561535,16.121751317278108,2.043754852967214,547.1975
22.989583333333332,0.7116828177699069,1.2101659895480599,0.1390706626746091,29.507935020565117,0.9511435723024667,15.714863051560721,2.0447153580074704,547.13875
23.0,0.7234068949507759,1.2092909600801973,0.13849860128404626,29.304230982115232,0.9523177844367842,15.362235244471627,2.0467426674976186,547.0799999999999
23.010416666666664,0.7274370849408317,1.205025459234314,0.13800740480612095,29.09758686564192,0.9526762341988291,15.13155023037437,2.049440260850996,547.02125
23.020833333333332,0.7396828846514042,1.2069254365211637,0.13747073324321168,28.90743964834279,0.9522669342005676,14.862104778884122,2.051350798622137,546.9625
23.03125,0.7486082577430782,1.2079290291392808,0.13716169752811233,28.72566699751793,0.9512136419121651,14.618545593014412,2.0547829430858195,546.9037500000001
23.041666666666664,0.7517189660238317,1.2065095169270044,0.13699003370738375,28.542642146497013,0.9494977378298229,14.462231884284078,2.059460894707977,546.845
23.052083333333332,0.7615544704152758,1.2111850309660734,0.13682352762117028,28.375719836008372,0.9473561963733204,14.273175875760156,2.0638320085770108,546.78625
23.0625,0.7698244429544795,1.2165655179943737,0.13703492616874682,28.213130627883377,0.9447369285434822,14.127000073792212,1.829157593020638,546.7275
23.072916666666664,0.7759605434132351,1.2226411070825436,0.13745667940616205,28.050150490660663,0.9415769024434699,14.043534383186614,1.813626140907001,546.66875
23.083333333333332,0.7897505131276809,1.2360742060372334,0.13820842555557078,27.893754344166204,0.9380342155603425,13.975358557017287,1.7963017318759769,546.61
23.09375,0.8066383777559674,1.2549848626578486,0.1394544647890153,27.741045581141133,0.934085908038275,13.931942557037745,1.7788980979200149,546.55125
23.104166666666664,0.8227907395780798,1.2772610730543565,0.14113027064588887,27.588598547961546,0.9296566945376176,13.924088574046536,1.7628328425445585,546.4925000000001
23.114583333333332,0.8474307605524274,1.3081761765969286,0.14318971217804666,27.44762256636731,0.9251244392149988,13.890508447144198,1.7424030725134332,546.43375
23.125,0.8739696661064569,1.343539405348656,0.14584236026051237,27.312489393424407,0.9203869614521597,13.859905073775252,1.7210788855479902,546.375
23.135416666666664,0.8991841879957961,1.3811446900360722,0.1489814481843983,27.178046675866252,0.9152954709591195,13.855835022573247,1.7011847603908987,546.31625
23.145833333333332,0.9309900517366811,1.4261291391919582,0.15253383616038138,27.052711885365355,0.9102151268914441,13.839638655340169,1.6778857789548534,546.2574999999999
23.15625,0.9639167196845823,1.4753646730989576,0.1567562768107469,26.931382743088584,0.9049982610663213,13.83452730789894,1.67204925950473,546.19875
23.166666666666664,0.9973595607105166,1.5278111738629203,0.161573021793296,26.811047442091287,0.8995432171913661,13.851273898202338,1.6787962565422048,546.14
23.177083333333332,1.0352310205892632,1.5869823627685689,0.16698130316024512,26.696869305143476,0.8941185278361118,13.867436316412476,1.6823976617434377,546.08125
23.1875,1.075799893899762,1.6510860357568546,0.17322632809403699,26.585965321379383,0.8886271044618353,13.892928355371001,1.6883281077117402,546.0225
23.197916666666664,1.1189512135950899,1.7191722242864806,0.18029782426539354,26.476478228000992,0.882999845452485,13.93237865882011,1.6957315112455593,545.96375
23.208333333333332,1.1681735849795103,1.794250361733293,0.18827274419687587,26.371889050413643,0.8774402845397662,13.971285943962451,1.700235873293379,545.905
23.21875,1.2214610789798397,1.874688331964032,0.19743409833405284,26.27038082867782,0.8718773347329359,14.015068051366775,1.7075800715387595,545.8462499999999
23.229166666666664,1.278157423559501,1.9592356644539173,0.2078183361422659,26.170957227564376,0.8662709810981911,14.065903334189093,1.7164484380407263,545.7875
23.239583333333332,1.3383830798909935,2.0493401545720964,0.21957756257648903,26.07555420421827,0.8607432103863081,14.11623251424038,1.7228704414351588,545.72875
23.25,1.4014478783228006,2.1437228913411066,0.23301826320822544,25.98340264608082,0.8552606870875641,14.168297431334834,1.7312939934636824,545.6700000000001
23.260416666666664,1.468551625943946,2.2413866392528456,0.2482533520353549,25.894293766125614,0.8498153998305639,14.222343193316409,1.4312620407789185,545.61125
23.270833333333332,1.5256347077920414,2.337601879933532,0.2665324096269767,25.79862752991068,0.843792875914594,14.31613537870945,1.4267082928800974,545.5525
23.28125,1.5786736074167582,2.4366869806980556,0.2879072145683309,25.69712605783737,0.8371659746691106,14.458602658309788,1.4313090818849163,545.49375
23.291666666666664,1.649197939665828,2.5475005855716732,0.31181219062934107,25.602639815800654,0.830720903825775,14.597692475855204,1.437438108817667,545.4350000000001
23.302083333333332,1.6758454522847497,2.6459493858462837,0.3438398514141312,25.494815282335473,0.8229214583764621,14.862769086181647,1.784116808175039,545.37625
23.3125,1.6650564348734112,2.7396319310474126,0.38062972015161944,25.387126891210507,0.814410775183167,15.268740187377,1.7698307222386143,545.3175
23.322916666666664,1.697336963025896,2.8531727551884933,0.4216066822395677,25.299886295669033,0.8065843630298846,15.651191054558506,1.7266231610746674,545.25875
23.333333333333332,1.5295783448300806,2.89042464371819,0.47350766792120275,25.21868502612795,0.7975241950869462,16.372330137712368,1.749124177403057,545.2
23.34375,1.3348887529717712,2.9063213864411472,0.5203892421134176,25.17583886185807,0.7892888829085762,17.367607517869978,1.7439175241119829,545.14125
23.354166666666664,1.2564215383251598,2.955435523423232,0.5659186395041785,25.188516201905976,0.7835951264040247,18.0871591071038,1.7729875144623577,545.0825
23.364583333333332,1.0142212302534248,2.8731171750901257,0.5978628429980309,25.290648338829868,0.7807547687976986,19.250144822955534,1.8457391576054691,545.02375
23.375,0.8239237398544933,2.7521802651301326,0.5851966886861685,25.52583714712714,0.7841521781087023,20.531182246257885,2.1013626782401245,544.965
23.385416666666664,0.7417370304150184,2.662350800794689,0.553662985251364,25.90145091828087,0.7951207987503796,21.235646955961393,2.0770441009562735,544.90625
23.395833333333332,0.647295030361306,2.5191779114068806,0.5044490429669825,26.455520011352316,0.8151128357162095,21.79927866328293,2.0867763426203663,544.8475
23.40625,0.5987625130575545,2.3863081568990796,0.4469263614515858,27.148764342506492,0.8425271541354092,22.191112880354368,2.119411068093388,544.7887499999999
23.416666666666664,0.5648146085999401,2.25814363338641,0.3963261382214032,27.958483076066763,0.875832619730309,22.800594625067262,2.152069404203291,544.73
23.427083333333332,0.5574424130987969,2.1546441813926527,0.3527516395542818,28.802550867988536,0.9109211855716514,23.06659672041421,2.1726954544917594,544.67125
23.4375,0.555726413706024,2.055675024436222,0.31645322685436544,29.64065283976519,0.9454776595022676,22.97478390295227,2.1848554317008104,544.6125
23.447916666666664,0.5401483175840817,1.9450853797632461,0.286139275995529,30.47258614942553,0.9789633761818499,22.97742223130494,2.1967385617958364,544.55375
23.458333333333332,0.5615339846901789,1.884459604462916,0.26278507896237296,31.194028363754335,1.0068799830462847,22.316466169574976,2.1942393786216132,544.495
23.46875,0.5775581881926722,1.8217740634180222,0.2441939337711675,31.82650214745082,1.0300573711805736,21.52546648434838,2.187233974946931,544.43625
23.479166666666664,0.5708861060545376,1.7412367367210249,0.2279455545499273,32.39693303375612,1.049425860122116,21.0667958199416,2.1833193933486017,544.3775
23.489583333333332,0.5984110445157148,1.6994420040450315,0.21415877250285179,32.832092281388846,1.062746114260657,20.05768740893394,2.1646827234274126,544.31875
23.5,0.6123625335301094,1.644317449168088,0.20241678995830353,33.18373755437204,1.0721062395726557,19.08159794123395,2.1436401425580502,544.26
23.510416666666664,0.6035472690924605,1.5717750190473425,0.1915867099437307,33.48050484682685,1.0784403399000282,18.453424678741584,2.12680933621495,544.2012500000001
23.520833333333332,0.6159607820138238,1.5197968961613721,0.18167133732430782,33.695584219158526,1.0814948029187939,17.642775472402413,2.1004625818965197,544.1425
23.53125,0.6181207239090512,1.4614564044874496,0.17308880977626648,33.85868014627741,1.0822039402167754,16.917212614541306,2.073230226217592,544.08375
23.541666666666664,0.6059612846222684,1.3965153141103188,0.16531123513640422,33.98271088933161,1.0808031278279138,16.386759415293604,2.0495007458899632,544.025
23.552083333333332,0.6065963809957439,1.3446683813876572,0.15821167569711944,34.06233361203685,1.077703736311923,15.798281479530463,2.041362014547218,543.96625
23.5625,0.6023758293448733,1.2929378631744757,0.1521137366823682,34.10987982709521,1.0730679896224111,15.297055331259976,2.0444230729708757,543.9075
23.572916666666664,0.5906470653735796,1.241417912968814,0.14670183246043722,34.129415722830366,1.066845650055488,14.952743234549216,2.048066218514942,543.84875
23.583333333333332,0.5879443486724475,1.1990453000825962,0.1418692159357527,34.12306728726353,1.059470669356121,14.681485210596096,2.0512941054902956,543.79
23.59375,0.5846206697720667,1.1607250999330747,0.1377608251877906,34.0942804597955,1.0508869977011124,14.502392080449768,2.0553109723476335,543.73125
23.604166666666664,0.5768805753718129,1.125233095662523,0.13421647697681824,34.044409979451935,1.0410295426156966,14.409861129471789,2.05971428524404,543.6725
23.614583333333332,0.5757074465157435,1.0962877378902511,0.13112515221983906,33.97651254382398,1.0302180251216602,14.354438889114082,2.0640032050630888,543.61375
23.625,0.5753378663612145,1.0717112193391036,0.12854960711756983,33.89156884728079,1.0184027929750212,14.3382731811338,2.0688111847322075,543.5550000000001
23.635416666666664,0.5719754913850196,1.0502676834791682,0.12639937768629997,33.79049223694412,1.00561312748729,14.355174279595074,1.835314566497282,543.49625
23.645833333333332,0.5693060312125306,1.031599496082998,0.1246297460278442,33.6705032958455,0.9914910219344336,14.431638111420565,1.829790358239974,543.4375
23.65625,0.5665137617412223,1.017614902177117,0.12327498113517954,33.53117146932137,0.9760380613258487,14.56026663728682,1.8273344983252944,543.37875
23.666666666666664,0.5651088201321189,1.0096101559350017,0.12231492441686832,33.37809542426436,0.959888831747508,14.68584619298485,1.8245805370868418,543.32
23.677083333333332,0.5588492695841232,1.0025278885707682,0.1218167583506946,33.1997490285445,0.9418902117229694,14.897137506329937,1.8289495397166928,543.26125
23.6875,0.5492731587410036,0.9999071280682952,0.12169518476081412,32.9992590305023,0.9224737152122832,15.165266295273051,1.836985643503212,543.2025
23.697916666666664,0.5461749945543402,1.0050438228781546,0.12196385958650297,32.789404890781526,0.9028974883428148,15.388419605814311,1.842838289725988,543.14375
23.708333333333332,0.5210811149844777,1.0036432313160752,0.12261470709266578,32.54900792157829,0.8812549982799337,15.743623812327392,2.0816504345724356,543.085
23.71875,0.4981318437516316,1.0072399097937994,0.12348377793108954,32.29478396531,0.8591551362529758,16.127124143109707,2.076653708039247,543.02625
23.729166666666664,0.4889905812620194,1.0195894576848852,0.12470731053717451,32.04360528200694,0.8380402104627591,16.408402411203678,2.0713334251175315,542.9675
23.739583333333332,0.4686460108153365,1.0251073113538478,0.12612304859073944,31.78284881732875,0.8168432892338436,16.756441484749224,2.067674339973296,542.90875
23.75,0.4536749289295338,1.0331596984691267,0.12752587123129525,31.53112916086036,0.7970864740036282,17.07945882611407,2.063066075034938,542.85
23.760416666666664,0.4488981771706373,1.0463579290496146,0.12902127849984477,31.303061925809835,0.7798218059021564,17.281837539088826,2.0587236683633936,542.79125
23.770833333333332,0.43738035794716945,1.0508369961729687,0.1306677035630355,31.085151726501973,0.7639481427117522,17.67963555622678,2.056341613078467,542.7325
23.78125,0.43701460679870546,1.0628523301589055,0.132462922074156,30.898901365264557,0.7509338301219328,18.17571251204983,2.0690419787986536,542.6737499999999
23.791666666666664,0.444223672258178,1.0835058074380584,0.13440550126761786,30.761915136040052,0.7417919580379624,18.61247707287149,2.090152562585023,542.615
23.802083333333332,0.4545724468242464,1.1020283001434223,0.13690845845503258,30.66787245811312,0.7359627130086384,19.51685844962899,2.1239006419285036,542.55625
23.8125,0.4762092286684409,1.132068992417127,0.13960324269338703,30.624745796955477,0.734004290572642,20.535192971360956,2.154744389781278,542.4975000000001
23.822916666666664,0.49465511009535607,1.1621702269067,0.1423315112445477,30.62145153857726,0.7354833369082177,21.361106771626616,2.180250111145766,542.43875
23.833333333333332,0.5207952563022685,1.1936271485047778,0.14526563565313072,30.640419159290474,0.7399157355793468,22.088566363089775,2.20418045677714,542.38
23.84375,0.5507879419625527,1.2267713505101414,0.1480734931803868,30.660445933319433,0.7466659441750971,22.56970749613753,2.2231135785426615,542.32125
23.854166666666664,0.5714243691823204,1.2528106527571947,0.1505430765441944,30.660345961109357,0.755167708393879,22.8902593946085,2.452851533370908,542.2625
23.864583333333332,0.6043534185105283,1.2836138751164572,0.1525774479477148,30.62414198696862,0.7643771690104556,22.719085315699868,2.4504494827529717,542.20375
23.875,0.6321700931262062,1.306082515648838,0.1541737497961729,30.542666713600976,0.773919643251392,22.393102571223285,2.449099358334002,542.145
23.885416666666664,0.6463844376236618,1.3165087877132644,0.15520708578076683,30.40773160483775,0.783637399720162,22.220718592986596,2.4486737931687546,542.0862500000001
23.895833333333332,0.6740046592313674,1.3322078003335238,0.15578203094383145,30.226896864825243,0.7927143277958001,21.80489019017814,2.447301794406623,542.0275
23.90625,0.6981093535664284,1.342778378305197,0.15620005136874934,30.001660354242887,0.8011741939034084,21.40459250570884,2.446885726979362,541.96875
23.916666666666664,0.7100730902937457,1.3456000484075976,0.1563135020861923,29.7328740712649,0.8090012700221703,21.179251335311363,2.4470432792575414,541.91
23.927083333333332,0.735190908358501,1.3553816341013707,0.15628134763217538,29.441001706393518,0.8157286530590576,20.780469646243024,2.446300997091769,541.8512499999999
23.9375,0.756508274805926,1.362642347656883,0.15619997422138954,29.13225296259574,0.821420098463716,20.312004287161713,2.224937605592314,541.7925
23.947916666666664,0.765108232729816,1.3624576806670239,0.15602683180606097,28.80116414483633,0.8262570586311748,20.0172036521634,2.217969330469426,541.73375
23.958333333333332,0.7819968267587164,1.3677294978290921,0.15553722116400662,28.476059391698524,0.8299432661193843,19.48971472477653,2.2046922711065586,541.675
23.96875,0.7922238625226998,1.3681518368636585,0.1551480998627838,28.14626866772122,0.8327436962278034,18.996112823397777,2.1912684051355464,541.61625
23.979166666666664,0.7945866881344404,1.363808930649441,0.15469581549259523,27.80362206740636,0.8347533072790277,18.676842210339036,2.1801092317435935,541.5575
23.989583333333332,0.8076697571519613,1.3660504372852282,0.154325132385007,27.461515948608476,0.8359258270018393,18.333202420644305,2.1668114873347903,541.49875
24.0,0.820945001222321,1.3696178024699435,0.1542614391827194,27.112916737047886,0.8363373808185354,18.03954041917988,2.154137919146423,541.4399999999999
24.010416666666664,0.8287208234035897,1.3723978328978015,0.154340374591813,26.753605541208536,0.8360081092720196,17.833974844715037,2.1431170499577687,541.38125
24.020833333333332,0.8466302906710782,1.3830405850751502,0.15448857333871902,26.40843172811009,0.8350401312923575,17.470406187898895,2.1268378634357408,541.3225
24.03125,0.8616187276405497,1.3931569815169347,0.15486315017826852,26.072588337978132,0.8335462692745808,17.046520260701723,2.108188432791291,541.2637500000001
24.041666666666664,0.8688142021459582,1.39923663502208,0.15540337135129204,25.73116957948658,0.8315233996226807,16.72215722550606,2.0917704975023907,541.205
24.052083333333332,0.8843221085700292,1.4118615292411907,0.1558245373756049,25.414434696216937,0.8292322581539406,16.280427613858215,2.0690700486134355,541.14625
24.0625,0.8980541856693475,1.4240683204935813,0.15672695522920135,25.102467399162165,0.8266152431240854,15.8839788773485,2.0469631795711587,541.0875
24.072916666666664,0.9087975771598322,1.4362595922026522,0.1578278751850262,24.790307078097825,0.8236592430713437,15.552338551574561,2.041792349702289,541.02875
24.083333333333332,0.9325928627330509,1.4583756536832069,0.1594661688807965,24.48697314324996,0.8204762150055025,15.241845168592366,2.0439614634513945,540.97
24.09375,0.9616900144763392,1.4881858946880981,0.16182649786291115,24.19136403652618,0.8170870008715223,14.9958043626555,2.046343961792821,540.91125
24.104166666666664,0.9884003838480915,1.5217345850326889,0.16481780820422676,23.899681706225124,0.8134698789953447,14.83939006269985,2.0489292483998636,540.8525
24.114583333333332,1.0219136715457473,1.5647190443402978,0.16828913067331666,23.63162222592833,0.8099117873962006,14.66916409531051,2.050947376112909,540.79375
24.125,1.0540343613589598,1.6109883237159222,0.17257066324579703,23.377760120112224,0.8063427024354418,14.522936684798402,2.0540108199448444,540.735
24.135416666666664,1.084310556156703,1.6584514028422728,0.1775247345123986,23.1296403838783,0.8026769923406895,14.433794394819309,2.0578289608675346,540.67625
24.145833333333332,1.1229264214795398,1.714394271145774,0.18291419524755015,22.904234011921353,0.7992073296961011,14.319462984327547,2.061346579846947,540.6175
24.15625,1.1647008864275268,1.7744823137194015,0.1892857415212752,22.692516257608087,0.7958420455496966,14.218133737063255,2.066506301245612,540.55875
24.166666666666664,1.2063178208831007,1.8364607951331127,0.1965784430324305,22.486731304580513,0.7924895061782716,14.160649864862863,1.8298447959288702,540.5
24.177083333333332,1.2596207429805741,1.9077795938732223,0.2046362306041646,22.29877543672723,0.7893750057900236,14.091050695180211,1.8133715584426768,540.44125
24.1875,1.314504579814777,1.9831300796546267,0.21421532299909304,22.11832843299506,0.7863566418572531,14.0504554960151,1.7979950971820822,540.3824999999999
24.197916666666664,1.370835725399796,2.062070553743063,0.2250910094574518,21.943876709523938,0.7834320653430011,14.040679624860708,1.783729806563132,540.32375
24.208333333333332,1.4302348114497432,2.14729717054598,0.23769911477796207,21.775865958912384,0.7806303808938452,14.055288800993736,1.7702184688824456,540.265
24.21875,1.4934039395072485,2.238610589655302,0.25228237898832107,21.615064775577586,0.7779845158007305,14.085876171149426,1.7571631615793832,540.20625
24.229166666666664,1.5606700537869407,2.3344172880094507,0.26907224619580433,21.46135432625495,0.7755110684226176,14.12876245073601,1.7447765627738834,540.1475
24.239583333333332,1.631089221834749,2.4358743448078695,0.28812545214181845,21.319890648388814,0.7733066574931218,14.15627232753835,1.7304864585354902,540.08875
24.25,1.7026649064555437,2.5395759110932143,0.31017215667776765,21.188374517628837,0.7713443347175782,14.17820936596599,1.7158394781745332,540.03
24.260416666666664,1.7767789798978604,2.6438261443713764,0.3354559609671868,21.064754808540094,0.7696045541329117,14.206731484060306,1.7020882487037652,539.97125
24.270833333333332,1.8423588938091144,2.745476957086991,0.36533544633057197,20.943027317676496,0.7680270424710501,14.279300954315573,1.6935524731706766,539.9125
24.28125,1.9042770177866777,2.8469441433420366,0.40010715748349696,20.823661860719778,0.7666629900188496,14.405918842790394,1.6909778605157524,539.85375
24.291666666666664,1.9799025198141063,2.9555592634904326,0.43877817850980616,20.716950209438043,0.7656665580369965,14.526910103745148,1.6876439375923022,539.7950000000001
24.302083333333332,2.0148307245757944,3.0493969620712584,0.4878560758816431,20.610086533134805,0.7650014866313251,14.766746141037217,1.6984373953678196,539.73625
24.3125,1.9941681532642144,3.1283080715087035,0.5410185345807599,20.514797155500755,0.764919174496959,15.104441695082363,1.7174631228344477,539.6775
24.322916666666664,2.0107873742677196,3.22008649073553,0.5976576240862744,20.44559277422459,0.7655633161781829,15.396128236460855,1.7324089119640607,539.61875
24.333333333333332,1.7954258824755902,3.228736835612736,0.6602859867832026,20.399512525709763,0.7673832239965789,15.929150661500769,1.7684478157292036,539.56
24.34375,1.538333042879464,3.209755888855132,0.7098399565494632,20.40151301229052,0.7707666703012558,16.577296032869622,1.8077695269940774,539.50125
24.354166666666664,1.409690956269656,3.223143625258195,0.7547559478522246,20.464714440409406,0.7757414062189778,17.05929678182035,1.8373632445373622,539.4425
24.364583333333332,1.1396620576506098,3.1237774908759794,0.77381675751546,20.63061821200388,0.7839341440435563,17.840398132825523,2.0919896892076646,539.38375
24.375,0.9110391757648828,2.977329301596831,0.7353959068024287,20.938119716997143,0.7958990002208971,18.6913835819776,2.076735045693532,539.325
24.385416666666664,0.7931151854598913,2.8513916132006165,0.6715831948183903,21.398421734394493,0.8114552722216146,19.21365126795372,2.064776418486737,539.26625
24.395833333333332,0.6529381398615327,2.653125874056353,0.5856829874455031,22.097769066068338,0.8329138350963379,19.89226986318959,2.082877598227573,539.2075
24.40625,0.5729813202845694,2.4618682716068876,0.4936363997694063,23.021707616755446,0.8592278551919945,20.674606177437923,2.1201185463203807,539.1487500000001
24.416666666666664,0.5273726873354768,2.296210403575101,0.4192928269523457,24.129236041512627,0.888859907463574,21.556153843146937,2.154602599688042,539.09
24.427083333333332,0.5030379576333814,2.14205753350888,0.3606807579365284,25.391081987354763,0.9206328059949452,22.458597306306416,2.1863796352767695,539.03125
24.4375,0.5001321404824121,2.01944872363544,0.3159255403164308,26.693186877767776,0.9513394576890762,22.90906211283809,2.2081898147921035,538.9725
24.447916666666664,0.4873123533660356,1.8972350136203404,0.28156847397555934,28.014125767439914,0.9802063311627307,23.227186271943,2.2272364910624987,538.91375
24.458333333333332,0.5088757119497374,1.8265421781855802,0.2565935611461179,29.205261630218697,1.0039824529992483,22.857542427257624,2.232716643178013,538.855
24.46875,0.5273015289807991,1.7585902285165829,0.237285721646526,30.28061671697863,1.0232436373492446,22.309883072297783,2.233559999780834,538.79625
24.479166666666664,0.5250058202632938,1.6769647674355848,0.22083763390544495,31.265559502673128,1.0385843309450964,22.019166440339205,2.449937942328689,538.7375
24.489583333333332,0.5486700660862048,1.62945432541375,0.20729379237287343,32.05425700202087,1.0487961232127323,21.200903224003042,2.226197441292857,538.67875
24.5,0.5615720013425688,1.5735074556220272,0.19587164582082062,32.70874350642104,1.0553550034866641,20.377445423844062,2.214157935857314,538.62
24.510416666666664,0.5549567726237681,1.503677149491116,0.18551038735163877,33.26800711315106,1.0589579199909942,19.888478280430697,2.2056759705321993,538.56125
24.520833333333332,0.5685955595134103,1.4538305669582618,0.17638108506361241,33.695463096986344,1.0597616222635193,19.239073760615078,2.190561296190486,538.5025
24.53125,0.5786041423676035,1.402995306004337,0.16866223965330499,34.030000519724226,1.0583589807055607,18.69012136195947,2.1760962859875934,538.44375
24.541666666666664,0.5751218979372458,1.348373391259854,0.16176414072206285,34.2856224576152,1.054936477061201,18.342225132232418,2.1644300344435474,538.385
24.552083333333332,0.5888331702716799,1.3081938739830343,0.15583775767318114,34.4583545197193,1.049886197733972,17.981851152317287,2.1506361311529196,538.32625
24.5625,0.602115321658784,1.271966628866318,0.15096765838090676,34.56242728679868,1.043260674330389,17.724598340816257,2.1390695887746802,538.2674999999999
24.572916666666664,0.6047420475893877,1.2369771039734732,0.14674215644504762,34.60156017102198,1.0352065192996476,17.55050989190617,2.1292514397460356,538.20875
24.583333333333332,0.6213216985957615,1.2112270130579015,0.14332963298701834,34.57926765907315,1.0257589793494555,17.471986501973294,2.122236669678496,538.15
24.59375,0.6408795231686172,1.1931173766615033,0.14061412065429002,34.49956770853905,1.0151983282773585,17.42042988879536,2.116283867506984,538.0912500000001
24.604166666666664,0.6498296214165755,1.176653661350883,0.13841973178583242,34.36800194314266,1.0037385626278401,17.377191912125785,2.1112419403042764,538.0325
24.614583333333332,0.6638409577887266,1.165521358415413,0.13652240218070938,34.19748731318615,0.9920472760681618,17.227149970813596,2.1031484336405115,537.97375
24.625,0.6726477216704161,1.1544550816433692,0.13497204737988866,33.993445222601174,0.9801523981837367,17.043857438979995,2.094494538413228,537.915
24.635416666666664,0.6738212523283478,1.1423042284177711,0.13366625348828398,33.75778703197531,0.9680243591345522,16.893748416442172,2.087145464333323,537.85625
24.645833333333332,0.6712535097970634,1.1303786007952217,0.1324125639430623,33.49855505497176,0.9559859811884435,16.741607368152458,2.0794696628835476,537.7975
24.65625,0.6629202792867191,1.1188561146332725,0.13139290878764406,33.21641273502239,0.9439928981119011,16.621381728829228,2.073116844311613,537.73875
24.666666666666664,0.656126532643292,1.110504293826708,0.13063656466540705,32.91609471888726,0.9321880859076985,16.520506550696535,2.06760383629414,537.6800000000001
24.677083333333332,0.6391254850600607,1.1005962328328225,0.13002404028984638,32.59572438748784,0.9204468723138365,16.47700937915419,2.0648224514041855,537.62125
24.6875,0.6159944201262815,1.091251142465838,0.1297159224645862,32.24978586159612,0.9085487294305028,16.550791560106347,2.0673833199901477,537.5625
24.697916666666664,0.6043105616979801,1.090022009199231,0.12969491825011717,31.89816752999005,0.8971150749681753,16.62483163588613,2.0694700699978434,537.50375
24.708333333333332,0.5693167833752276,1.0807721331073612,0.13001747376981437,31.509768635006342,0.8851011617734779,16.972087252427674,2.0830751125183697,537.4449999999999
24.71875,0.5408781566835423,1.078635493467931,0.13047826177212735,31.11871872799541,0.8735375177043291,17.40100507754962,2.0973856142479947,537.38625
24.729166666666664,0.5278929136288677,1.0852495173945083,0.13133436693377015,30.74161207775067,0.8628297708748398,17.790452983012457,2.1095477381379846,537.3275
24.739583333333332,0.5080395754242493,1.0872468673305489,0.13181483509415273,30.39854231282441,0.8534670493154097,17.954281010517715,2.1150867500948793,537.26875
24.75,0.485894286158104,1.0808698338581906,0.13184908063526743,30.086262984759607,0.8453034021613309,17.967191783056133,2.11735250296441,537.21
24.760416666666664,0.470377466738247,1.0707280670098753,0.1315676733967707,29.799012749228712,0.8381654588413259,17.96690971661324,2.119844152261226,537.15125
24.770833333333332,0.44424553381444276,1.0482856038010127,0.1307617678478427,29.525620187230405,0.8317842729463918,18.17948472115034,2.128913543110219,537.0925
24.78125,0.423031043052967,1.0254798971747494,0.1297594276872446,29.271729781387563,0.8263023685648687,18.647314480678123,2.1444440448982003,537.0337499999999
24.791666666666664,0.41429679379849493,1.0133335525557317,0.1288409987303819,29.058654020331947,0.8221040488443079,19.05105643971951,2.1574658314259945,536.975
24.802083333333332,0.40220160780270564,0.9964611013607668,0.12826178945869782,28.872184834072996,0.8188066515814661,19.862700035633978,2.181624642869747,536.91625
24.8125,0.4006770373399909,0.9922978869363632,0.1279425102919021,28.732574393463608,0.8166666028692687,20.640045095565743,2.203747778619494,536.8575000000001
24.822916666666664,0.4021321595438023,0.9933606531513073,0.12791203938758644,28.637542076651744,0.8155341797023083,21.177751418464467,2.22196239920975,536.79875
24.833333333333332,0.4044053396624041,0.9944754392498721,0.12811803722135762,28.57507282893056,0.8152136318968823,21.69775826228948,2.449383225837535,536.74
24.84375,0.4107926694885638,0.9998402229541595,0.12845003765393853,28.533225772576348,0.8155798539897152,22.082263624876447,2.4480108821611277,536.68125
24.854166666666664,0.41569293359806997,1.0043820243938282,0.12877012235075755,28.4965425084179,0.8165032313674749,22.33450263806327,2.4468567371016423,536.6225
24.864583333333332,0.43292543414263585,1.0166781887755123,0.12920862657577234,28.452288733766295,0.8178288604913398,22.30598712508174,2.4453665768448354,536.56375
24.875,0.4520658828498228,1.0281035615360117,0.12961798088151064,28.390533168697004,0.8194400118675768,22.16740304448843,2.444382660971628,536.505
24.885416666666664,0.46284807505990355,1.0325460256455672,0.1297841234101549,28.304043189270597,0.8212525265240055,22.102268254208216,2.4439414520126137,536.44625
24.895833333333332,0.4860413450293932,1.0443161513799812,0.12981464400323228,28.196786055663043,0.823046432957346,21.671842479595643,2.442270453838104,536.3875
24.90625,0.5049754084409723,1.0502594539159933,0.1296357894184498,28.069086772805505,0.8247607714077261,21.14248889816356,2.441392883836082,536.32875
24.916666666666664,0.5123478421051011,1.0466394310856661,0.12917031509027826,27.917480249826284,0.8263705295183176,20.832804815443616,2.4415309687990234,536.27
24.927083333333332,0.528952899674302,1.048317823416343,0.1284413366561252,27.75697954872011,0.8276734823548056,20.247280937301316,2.4401699743274743,536.21125
24.9375,0.5410136423750652,1.044631829983203,0.12765857885946946,27.58411320301623,0.8286758886866845,19.708093665053845,2.440077893917096,536.1525
24.947916666666664,0.5444896010123672,1.0352347719563495,0.12672485216517498,27.395623108273348,0.8293279917088577,19.384423929338087,2.440691363956833,536.09375
24.958333333333332,0.5581149989894594,1.0321206845462536,0.12580617471318958,27.204029799821626,0.8295346299934907,18.969869232450133,2.4403693312938866,536.035
24.96875,0.5703054867807598,1.0284671205808937,0.12498667653357264,27.008474439869786,0.8292786612834778,18.550815075805733,2.4406566823109257,535.9762499999999
24.979166666666664,0.5744421236130276,1.0212115389084055,0.12419643165512274,26.80388858150749,0.8285100133387154,18.277173094113145,2.211460215017391,535.9175
24.989583333333332,0.5878724908706524,1.0200701057415844,0.12325631739806668,26.616206779350986,0.8273572365728112,17.708912355577937,2.191581606075509,535.85875
25.0,0.5948805364487575,1.0137221144343185,0.12235605056791422,26.4352287792152,0.8258417023940425,17.12782942429745,2.1700609216204367,535.8
25.010416666666664,0.5939152113756148,1.0019376869147385,0.12139149643047759,26.250880457276725,0.8238873978150368,16.727650042119652,2.1514463407154913,535.74125
25.020833333333332,0.5994226528379413,0.9944680160344438,0.12029916210897437,26.082641029724865,0.8217343235020419,16.243014036188303,2.1262658934603706,535.6825
25.03125,0.60198267462836,0.985533654064008,0.11935626552620186,25.92031704416904,0.8193102425859029,15.814056834206438,2.100589935056345,535.62375
25.041666666666664,0.6005532654501198,0.9753850143903287,0.11848763621882187,25.757541138057963,0.8165189475863662,15.501722184934241,2.0771784025121156,535.565
25.052083333333332,0.6053206065543115,0.9707247696705552,0.1177356871002144,25.606354571285024,0.8135806651679982,15.170177036813849,2.049847868181541,535.50625
25.0625,0.6103709632335238,0.9680522380011791,0.1172843791026739,25.458866869302643,0.8103678629803374,14.88332390231861,2.0399584618462447,535.4475
25.072916666666664,0.6135021864503433,0.9668133575322583,0.11702533986454369,25.312609504994057,0.8068151880694493,14.651639193961858,2.042994488534796,535.3887500000001
25.083333333333332,0.6241686062702989,0.971895079784106,0.11709629700623296,25.171334852125938,0.8030068796634828,14.463357167227993,2.0459415325300405,535.33
25.09375,0.6377424446477938,0.9816713586397862,0.11755398717082263,25.03239888148226,0.7988711158083488,14.342907514590474,2.0492076798413277,535.27125
25.104166666666664,0.6499348262553575,0.9945611078998297,0.1183048994522067,24.895785420318877,0.7944002044219419,14.281411419475303,2.05251856913843,535.2125
25.114583333333332,0.6694167861586863,1.0143941698302332,0.11960652193929067,24.75763970182359,0.7894493777940549,14.290100569414804,2.056015226537179,535.15375
25.125,0.69438073815058,1.0418782359792422,0.12143134595222718,24.619591639941486,0.7840571422355269,14.345252248812933,2.0590124596425214,535.095
25.135416666666664,0.7193778574072898,1.0749981154783972,0.12369909614376165,24.484614551350006,0.7783557083913282,14.414164586165938,2.061510884862908,535.03625
25.145833333333332,0.7523471364336444,1.116550912372795,0.1266490170332842,24.351543562371962,0.7723378621164865,14.49327240245967,2.0639847846703367,534.9775
25.15625,0.789847327585502,1.1653850362641753,0.13017110794080083,24.222780491684617,0.7661761949009719,14.558288964951124,2.0661533271231645,534.91875
25.166666666666664,0.826259310755025,1.21834465980654,0.1342376957505175,24.096750966585393,0.7598766119995092,14.616352372339263,2.06852645710163,534.86
25.177083333333332,0.870311471259285,1.278920494063675,0.13901251442782736,23.97330912926417,0.7535174095005408,14.667014194452081,2.070862599291275,534.80125
25.1875,0.9206855443726919,1.3470039782825567,0.1447938893759378,23.84567152076385,0.7468339288953557,14.760426903824301,2.0733304656708236,534.7425000000001
25.197916666666664,0.9746314954950878,1.4232315202884667,0.1512763930388206,23.720176080126866,0.7402566072339815,14.845012728873945,2.074338579572849,534.68375
25.208333333333332,1.043956362041139,1.5126730720062407,0.15993218996636585,23.58005027625802,0.7330404284231896,15.05327407080991,2.075647053654803,534.625
25.21875,1.131817156443377,1.6224309063122757,0.1703941395221236,23.43596232811674,0.7259217138293257,15.294870930804512,2.073588381637345,534.56625
25.229166666666664,1.2248257783155776,1.745989630017015,0.18287389152148947,23.293646995414985,0.7193581587303025,15.489278885317368,2.070774272100798,534.5075
25.239583333333332,1.325533155924182,1.8812747158802705,0.19814928870877405,23.151661513297995,0.7134364471632433,15.6314659490068,2.068556531578024,534.44875
25.25,1.430297273589364,2.0242352858449975,0.21623248082691418,23.011482016767264,0.7083562776219142,15.709278671851505,2.0665637362418066,534.39
25.260416666666664,1.5348222801823863,2.169574849647796,0.23740739106352102,22.872313991616792,0.7042037542783787,15.742964306895862,2.0650777428533797,534.33125
25.270833333333332,1.6290755945531425,2.3149287036885133,0.262184637992597,22.73413254660609,0.7010775924125743,15.745333665726093,2.0638993181954968,534.2725
25.28125,1.7115272705726483,2.4583582643813235,0.2911901705203869,22.596301318235035,0.6990432272994334,15.732635272934557,2.0630259871197167,534.21375
25.291666666666664,1.8021798158459967,2.603224863013623,0.32527936181682954,22.45886772913229,0.6981586343534901,15.710655194068265,2.062325495225021,534.155
25.302083333333332,1.849708739405287,2.7356505576985164,0.36514242365238914,22.319431637676928,0.6984698392710724,15.71053558602979,2.061913397638068,534.09625
25.3125,1.8383579812722664,2.847241026595565,0.41154387753313704,22.173092589522312,0.7001355647223035,15.79272838633691,2.0615820219803274,534.0375
25.322916666666664,1.8638774279150203,2.966549824464477,0.4640937423768515,22.028987418228226,0.7031620697661566,15.860209714640847,2.060062001119549,533.97875
25.333333333333332,1.6982340744471998,3.016584375292838,0.5218863492409114,21.87195590708008,0.7081781344482847,16.12667810294284,2.059756608730503,533.92
25.34375,1.490929515108363,3.036119769605709,0.5754725077523513,21.71627827246223,0.7153928101942211,16.50346606137014,2.057355333179945,533.8612499999999
25.354166666666664,1.3921925240315536,3.078822692551344,0.6282487464295723,21.582906552254407,0.7245229499285776,16.78645573896052,2.0539168575197584,533.8025
25.364583333333332,1.1504875557235268,3.0087793714407556,0.6626022018247986,21.47140935583685,0.7380762640047086,17.474605273647676,2.0701294798551726,533.74375
25.375,0.9375636999930608,2.8871705733959963,0.6474677095600307,21.44044011758081,0.756348814863942,18.475662544185543,2.107424753336446,533.6850000000001
25.385416666666664,0.8284499312539714,2.7827482547410725,0.6066479441169051,21.53923229234189,0.7787596466958387,19.516923568181298,2.1404090507444593,533.62625
25.395833333333332,0.7004030927391076,2.6137701462912477,0.5425708919212131,21.82798141951087,0.8078562692881929,20.90988196790566,2.180469316352447,533.5675
25.40625,0.6228675723929489,2.443880605545804,0.4675492504419596,22.336756459136264,0.8421657410580662,22.109303212941242,2.2144218779746914,533.50875
25.416666666666664,0.5732890770054695,2.2870796524158403,0.402960475533762,23.068086157499884,0.8804222449238669,22.922277939752366,2.4530070693946815,533.45
25.427083333333332,0.5428938881468844,2.1357788573388548,0.34892949898102776,24.010657354018992,0.9212771849596051,23.49057104169516,2.450928077010352,533.39125
25.4375,0.5266249580597199,1.9990985735325635,0.3054768151019079,25.111783833647454,0.9620979106287932,23.760242332321706,2.4489828245883554,533.3325
25.447916666666664,0.5070761150044631,1.8693664021654826,0.27162245711027033,26.336714699292372,1.0014673829352858,23.95001384850384,2.4477664444901213,533.2737500000001
25.458333333333332,0.5145742765724987,1.77845585431129,0.24663034728229605,27.583452769525895,1.0363417922001348,23.754581631489977,2.4458369203365864,533.215
25.46875,0.5260106308415978,1.7020722809133573,0.22769156634244486,28.815773582871365,1.0662669869466537,23.411827349808547,2.4445103908046066,533.15625
25.479166666666664,0.5222313855319554,1.6214255556763297,0.2121571153008242,30.029263427912984,1.0915064108424941,23.250985399256262,2.444088385124828,533.0975
25.489583333333332,0.5487317763142602,1.5757825040528162,0.19993717692964294,31.1032978207221,1.110261073354562,22.589741693179178,2.441871062811463,533.0387499999999
25.5,0.5709738324540474,1.5285685081589981,0.1899157433122347,32.07180365731213,1.1240386030818403,21.918497155526275,2.440964557057015,532.98
25.510416666666664,0.572612533598891,1.4699434735859904,0.1809130323813695,32.96102672478271,1.1336774374542218,21.557835318223,2.441069339356869,532.92125
25.520833333333332,0.5956051147930077,1.4314225828204346,0.17298235748350188,33.696195657735196,1.1390039544337385,20.862779301099746,2.4393741695954017,532.8625
25.53125,0.6094324120767822,1.388034765803569,0.1660508477540876,34.321202859077246,1.1411237921723525,20.18529043656378,2.438906880781725,532.80375
25.541666666666664,0.60558865008674,1.3360473704686167,0.15967556034122182,34.86627515899708,1.140517795871446,19.789877593812754,2.439450352848932,532.745
25.552083333333332,0.6126491827117809,1.2944981881065947,0.15368409654423368,35.2973694528607,1.13769012370108,19.221653184748437,2.4385653991759977,532.68625
25.5625,0.611833689818158,1.2499549224175242,0.1483589407099716,35.648189773052046,1.1330009928856022,18.721862472728624,2.4388650105446423,532.6274999999999
25.572916666666664,0.6016253466607054,1.2031551601809658,0.1434984443169189,35.93334428900567,1.1265019391062232,18.41610016397086,2.43980571470741,532.56875
25.583333333333332,0.5962949542370098,1.162472357935642,0.1389272491059264,36.14438591906729,1.1187267118330635,18.060355193848622,2.215313120451455,532.51
25.59375,0.5872125891496358,1.1224774599869474,0.13487748166040558,36.29627294442812,1.1096137693666603,17.768496956731266,2.202820473296426,532.4512500000001
25.604166666666664,0.5749612926992224,1.084323624807895,0.13125778326957815,36.3943637825885,1.09910586202797,17.58262282041163,2.1923083599598083,532.3925
25.614583333333332,0.5647304145043148,1.049871577695558,0.1279843587804366,36.44078197659051,1.0872423271289238,17.474404254266986,2.1833650831223848,532.33375
25.625,0.5555177713097906,1.0200608577149948,0.12516328912624214,36.43793891308578,1.074012378709722,17.42769342015955,2.1761833687789385,532.275
25.635416666666664,0.5466765412587861,0.9948587897572977,0.12277118605673572,36.388713457336905,1.0595517366575926,17.402751812863947,2.1699778606050977,532.2162500000001
25.645833333333332,0.5331834437757238,0.9706162562679506,0.12065805894414952,36.29525985840436,1.043726717905689,17.430534882387207,2.166066158174362,532.1575
25.65625,0.516505830088194,0.948784582096555,0.11883058531335715,36.160933924572866,1.0267191689670028,17.48236611255944,2.163507101635171,532.09875
25.666666666666664,0.5042336271280159,0.9315627329067988,0.11733518397423108,35.9908209416767,1.0088182647857211,17.522061173556665,2.161351692329262,532.04
25.677083333333332,0.4817378934560095,0.9118688476874635,0.11594009114556894,35.78576864289557,0.9899006420340591,17.60000612663164,2.1613208859850106,531.98125
25.6875,0.4579588002294375,0.8933902802742253,0.11467195362094153,35.55200580041552,0.9704196099427032,17.671595817331323,2.161650656526225,531.9225
25.697916666666664,0.4424779875637595,0.8792288773429143,0.11363850233191734,35.29426319052773,0.9506673469681118,17.724183000111772,2.1621089811480116,531.86375
25.708333333333332,0.41590717479991357,0.8604344467204255,0.11251298789122789,35.01586842679767,0.9308438356987614,17.76961039347656,2.1629856937510397,531.805
25.71875,0.39040644149899406,0.8411291751571516,0.11141315170543742,34.71820383922898,0.911033600187153,17.84036162197051,2.16512517462455,531.74625
25.729166666666664,0.37502556009536203,0.8264614863130639,0.1104523261914028,34.40879506185187,0.89170091485939,17.89994275914211,2.16716029451744,531.6875
25.739583333333332,0.35809584589476945,0.8089281748974976,0.10954674734371006,34.07203555558947,0.8718741609746223,18.173181139895757,2.176270875809289,531.62875
25.75,0.34807602209327054,0.7965952344374525,0.10876812516923055,33.72541462224516,0.852540477753165,18.534839195810548,2.1874146588789705,531.5699999999999
25.760416666666664,0.3436640100582802,0.7898121154655926,0.10818998485662824,33.389747886932504,0.834611464138418,18.812200379674703,2.196801285968616,531.51125
25.770833333333332,0.3393470123818075,0.7814276156065209,0.1079000112614168,33.04420781385503,0.8166868304277485,19.46595202793533,2.217128098551421,531.4525
25.78125,0.34313539521208797,0.7822457175597944,0.10799664990569971,32.721265525245386,0.8000761121183075,20.329570810402313,2.4460332845755515,531.39375
25.791666666666664,0.3498078424713083,0.7902469567039054,0.10840261112369866,32.45653027544609,0.7861448382461159,20.944095067040514,2.4444603106910616,531.335
25.802083333333332,0.36109133140909666,0.8008226278329451,0.10938420917714312,32.24392047765403,0.774105512306276,21.92090842385714,2.44498677733967,531.27625
25.8125,0.3781579367583412,0.8207529429365923,0.11062064197259454,32.11517176580506,0.7653923397490537,22.57487055824457,2.4435877201589222,531.2175
25.822916666666664,0.39026204017646926,0.8387821450608434,0.11196165425628386,32.06701968993094,0.7598527600140452,22.940517587246305,2.442575670619557,531.15875
25.833333333333332,0.40157586267721074,0.8556767360428414,0.11315749237227421,32.090586136223564,0.7573192072421029,22.93764273200421,2.441167173646189,531.1
25.84375,0.40969804416261785,0.8678582724580722,0.11414268049354359,32.1722288043181,0.7573233607122365,22.811881827507285,2.4402863667655486,531.04125
25.854166666666664,0.4142130542158183,0.8751078874063125,0.11487581305941845,32.30096951935556,0.7594942554927807,22.7544046082193,2.4398927768738106,530.9825000000001
25.864583333333332,0.42288223000844416,0.883661008151017,0.11540763542677175,32.46040943625413,0.7633458759473843,22.531959094494784,2.43890856790616,530.92375
25.875,0.43077357973360847,0.8898938293786107,0.1157914391553612,32.640026064291646,0.7684773114930376,22.277663162883588,2.4383234807872283,530.865
25.885416666666664,0.4346892760175733,0.8921788253858026,0.1159987583512689,32.8326711702574,0.7746171985274534,22.143025768071574,2.438196749239008,530.80625
25.895833333333332,0.44736117541963577,0.899248307506328,0.1160465022742703,33.01737470292477,0.7810276928483059,21.66707953536416,2.4367339046014793,530.7475
25.90625,0.4590307973655035,0.9027321442847553,0.1159467659888796,33.19113373248467,0.7875340877516859,21.11711331570027,2.4359625606407693,530.68875
25.916666666666664,0.46325519329420234,0.8996064315496877,0.1156399806945685,33.35478855465382,0.7941604034290206,20.797354750283937,2.436120676496257,530.63
25.927083333333332,0.4763719391744907,0.9008865755835156,0.11513800265889049,33.49209533902398,0.8002226848367278,20.22183552096259,2.434770287515808,530.57125
25.9375,0.48574880978126295,0.8977256040682351,0.11452798331623783,33.606773015961714,0.8058229594973837,19.650891054338462,2.4343514834952127,530.5125
25.947916666666664,0.48774701646073604,0.889313715112634,0.11377965863678048,33.70102250829478,0.8110665186239863,19.307668959374148,2.4347878448970843,530.45375
25.958333333333332,0.49556356930261125,0.8844577623720185,0.11290656378654608,33.76730829002767,0.8154860946993568,18.80682064498356,2.433896266976543,530.395
25.96875,0.49968124610816805,0.8767212187172982,0.11204079903185249,33.80997746473763,0.8192538686477028,18.347689512034666,2.4339723564271525,530.3362500000001
25.979166666666664,0.49885242075229014,0.8662867955136602,0.11114018305223873,33.82979409776167,0.8224273124361766,18.06147873398454,2.434696641094438,530.2775
25.989583333333332,0.5027165868257025,0.8596592420906349,0.11026806364615982,33.82616986321309,0.8247974306050526,17.714281505603065,2.434540060538189,530.21875
26.0,0.5050666563851552,0.852976900201191,0.10952330798884519,33.80068285164057,0.826455168731715,17.40608221464582,2.4350972203633905,530.16
26.010416666666664,0.5045037878994384,0.8457841690292599,0.10885104313391157,33.75276073653965,0.8274094693607129,17.206444155125038,2.436118662185127,530.10125
26.020833333333332,0.5101838825523158,0.8433378105556092,0.1083076926120935,33.686320153165774,0.8276244638648733,16.94190284751441,2.2089119290255,530.0425
26.03125,0.5169873597969759,0.8423575959330312,0.10795229286517431,33.60211036732016,0.8271678531502868,16.681028244073655,2.193667515207797,529.98375
26.041666666666664,0.5205078627342741,0.8410694857772619,0.10771262093687617,33.49859747404539,0.826042026100559,16.499846799845837,2.1802235635040352,529.925
26.052083333333332,0.5317828704665611,0.8449655623809207,0.10763149299594164,33.383839325731415,0.8243670317966961,16.259642912042125,2.1632094585188826,529.86625
26.0625,0.5435418894216871,0.8504522324526629,0.10773749565347637,33.2588472513518,0.8222112412849528,16.00262201411029,2.1447362982252693,529.8075
26.072916666666664,0.551067645169558,0.8554074838794863,0.10798327492618398,33.119828518391884,0.8195298436831987,15.81283037234355,2.128083516367446,529.74875
26.083333333333332,0.5644190087494606,0.8648310873265782,0.10831323869348392,32.981677537653596,0.8166459812946489,15.54296626787003,2.1056700969036983,529.69
26.09375,0.5767360438424003,0.8749045781956739,0.10887470163819923,32.83773785776519,0.8134614236579873,15.299754080216447,2.0832742699499964,529.63125
26.104166666666664,0.5863482371969583,0.8853690808599916,0.10957070647356398,32.68516919334516,0.8099249020020107,15.11327222810315,2.0624871534071323,529.5725
26.114583333333332,0.6027769246246353,0.9016140385250759,0.11067798662436026,32.51845310203888,0.8059044199721107,15.006877565870015,2.045918139099365,529.51375
26.125,0.6255188344141359,0.9258468939016001,0.11226259677567826,32.339146207301845,0.8014282819048588,14.943838166330682,2.04142378246363,529.4549999999999
26.135416666666664,0.6491110783188101,0.9566097516055796,0.11428283453836124,32.153406377319065,0.7966523577605608,14.88138300916931,2.0430769159318594,529.39625
26.145833333333332,0.681883275495696,0.9969681692970646,0.11709210470225771,31.954066799315132,0.7913975521019216,14.872296480365812,2.044944292470141,529.3375
26.15625,0.721629071635038,1.0472346367648204,0.1205870135352107,31.74745346274633,0.7858425015226123,14.892454076496296,2.046129988751482,529.2787500000001
26.166666666666664,0.7617052094941944,1.1043769258899312,0.12471308062700155,31.537557976039864,0.7801257877923888,14.922415075089338,2.0469947841778846,529.22
26.177083333333332,0.8105516960620822,1.1709907897468654,0.12972655224729085,31.3220883145255,0.7742303437427824,14.970057665749012,2.047912864300919,529.16125
26.1875,0.8637040473117911,1.2457747746280259,0.13540875173087263,31.111090875758077,0.7684884490926264,14.985462883213923,2.0483247064930907,529.1025
26.197916666666664,0.9160451192618151,1.3250466788569502,0.1419076748476801,30.898994976332936,0.7628125802604458,14.997192824086957,2.049210918722798,529.04375
26.208333333333332,0.9716001314614164,1.4111626010544778,0.14893253371119536,30.702307047165146,0.7576951178696962,14.933928560978401,2.049538008382375,528.985
26.21875,1.0264170478570263,1.4998209050304427,0.15688504635847003,30.51079358933161,0.7529012955284494,14.855869448717549,2.0510521257588072,528.92625
26.229166666666664,1.082681548772533,1.5908116143450646,0.16575518842943465,30.318373888954195,0.7483209454933681,14.79778721814073,2.0531003224217375,528.8675000000001
26.239583333333332,1.146080848452819,1.688996119739589,0.17580247512198047,30.126156080385773,0.7440232084583062,14.756962974232858,2.055094028645056,528.80875
26.25,1.2170642347648226,1.7953680137106938,0.1874358043688658,29.93229823415162,0.7400033495698418,14.73822595811814,2.057200496991154,528.75
26.260416666666664,1.2941668464465073,1.9090708414910924,0.20086759775998472,29.73703161759025,0.7362979237954218,14.735482163688243,2.05924625201677,528.69125
26.270833333333332,1.3750938952486085,2.0301712063576436,0.21718613942493914,29.529977867869295,0.7327631062514769,14.783734718182139,2.0615308638872256,528.6324999999999
26.28125,1.4618302730823665,2.1608091233808886,0.23680630985680004,29.311529694579672,0.7294859080923696,14.875149433482145,2.062924716670566,528.57375
26.291666666666664,1.5597447488307634,2.3019780824889335,0.2599437061308819,29.09195563342248,0.7266692508629504,14.960082667381153,2.0632522814738543,528.515
26.302083333333332,1.6399952704154224,2.442772976472124,0.2891809715595214,28.853053404687863,0.72416291087968,15.10936702597277,2.064048102406836,528.45625
26.3125,1.686705759155115,2.5799147449016284,0.32300546399193775,28.609363970652716,0.7222340954563997,15.260361204523406,2.0631227418767955,528.3975
26.322916666666664,1.7517217695387528,2.7227714606058306,0.36336336368818595,28.36805296269616,0.7210000435110498,15.376248138758172,2.0618760089030577,528.33875
26.333333333333332,1.6772605695149443,2.822319374070443,0.40805680097249897,28.122737756397942,0.7205231885129099,15.494911761377468,2.0611006584971747,528.28
26.34375,1.5524680390222116,2.894195371648467,0.4552555745397025,27.87748119997301,0.7209763623575082,15.61762059123068,2.059946026830871,528.2212499999999
26.354166666666664,1.4956401008808315,2.974111234289655,0.5062528826166824,27.644484665233158,0.7224949359322991,15.70294260397878,2.0583279982522007,528.1625
26.364583333333332,1.3209723343889048,2.9791680605918365,0.5514156144714266,27.401226996448756,0.7256623384205588,15.946065994976202,2.0579822949018616,528.10375
26.375,1.1392496121609008,2.9360704168597342,0.5716272253646997,27.17889151632071,0.7308971302695944,16.26373502344736,2.0555169440430663,528.0450000000001
26.385416666666664,1.0331237546246004,2.891568169396979,0.5723400257517263,27.00854755954958,0.7382283161776608,16.506682274984446,2.0522476093547315,527.98625
26.395833333333332,0.8981825301301044,2.7904704023667524,0.5504561328903445,26.901238592987966,0.7486205476369017,16.818920033770382,2.0611856291481305,527.9275
26.40625,0.8044323780645771,2.672996016112226,0.5074955386183267,26.892804279247226,0.7618833083434811,17.12787010182185,2.0800085412055753,527.86875
26.416666666666664,0.7421839658022666,2.5573330829861467,0.45996437890955505,27.00241327665914,0.7776605616480236,17.444696208577437,2.0984508802169652,527.8100000000001
26.427083333333332,0.6959938565432107,2.4297280786547026,0.4126105488841995,27.25169166915575,0.796328669987096,17.891312470439463,2.1203871542774917,527.75125
26.4375,0.6627069814910926,2.299417692730146,0.3681387038112788,27.657810836972857,0.8174831574190511,18.45481391034047,2.144343278257972,527.6925
26.447916666666664,0.6365311912960484,2.182261141890696,0.33033442040107336,28.205276704574175,0.8396043487454656,18.944034901846937,2.1647862302704537,527.63375
26.458333333333332,0.6283485484546967,2.0727578666992676,0.3009034243881093,28.927397906406902,0.8633173846955531,19.649393090595762,2.191747235667712,527.575
26.46875,0.6434497533457191,1.9954628110676838,0.2780240531862092,29.763279676515246,0.8860994853983408,20.256835885730087,2.2148255594378816,527.51625
26.479166666666664,0.646939883479578,1.9280789266234426,0.26024298747021585,30.667732454988524,0.9068413418191932,20.681071621018077,2.4465935179617637,527.4575
26.489583333333332,0.6837504391630895,1.894073619083657,0.24664211308680029,31.52707114393723,0.923636634233032,20.526112828635334,2.4436890315532076,527.39875
26.5,0.7145691860705062,1.8610149240302758,0.23607541729758588,32.33814800662128,0.9373057931659496,20.150173724693275,2.4421275934523656,527.34
26.510416666666664,0.720493305169313,1.815843149712685,0.22679257976483116,33.11544443197826,0.9486196748853797,19.906859933909423,2.4417459767202145,527.28125
26.520833333333332,0.7506661505227962,1.7889793166197705,0.2184184837330501,33.78210509250257,0.9569863394467046,19.41388498740092,2.4400731625439827,527.2225
26.53125,0.7733577838592741,1.7601028147066562,0.21156117521706935,34.369063443341204,0.9632935022479295,18.927578656017133,2.4396715371755993,527.1637499999999
26.541666666666664,0.7771267823742183,1.7241371260076843,0.205419762572976,34.89456125588627,0.9679807459299234,18.618713455392097,2.4400661411135007,527.105
26.552083333333332,0.8005319762400246,1.702845952877008,0.19984485576224312,35.32238682597356,0.9709487606135097,18.183945687080044,2.213549615998666,527.04625
26.5625,0.8239312070714278,1.6848644251583866,0.19552560281234968,35.67774803543092,0.9726024931451631,17.757914210888735,2.2010653387963304,526.9875
26.572916666666664,0.8315996298077359,1.6628949659028076,0.19189985662362702,35.97867848430156,0.9731174184445937,17.471332449425702,2.190914567022776,526.92875
26.583333333333332,0.8635207766066172,1.6553518071606699,0.1887103997186185,36.20919877245235,0.9725974722987164,17.091620396333724,2.175285319837757,526.87
26.59375,0.8937699186819699,1.649966913669623,0.1865637728521257,36.39089703332308,0.9711818587099161,16.75584270889223,2.159914344659559,526.81125
26.604166666666664,0.9095766519896374,1.6425653916990244,0.18493930761280708,36.53217617378484,0.968874245520478,16.521718420512162,2.146517234645986,526.7525
26.614583333333332,0.937153569379782,1.642262147599668,0.1839197599875187,36.63488612465854,0.9656826502859763,16.36267786997493,2.1344225270725588,526.69375
26.625,0.9675051922828731,1.6492584437449436,0.18378791080011933,36.70169560654664,0.9615762957286739,16.26929243798465,2.124185395045119,526.635
26.635416666666664,0.9902888599951886,1.6606775415260253,0.18435205629365328,36.733876573982144,0.9565917869849377,16.203702308188515,2.1148328533160337,526.5762500000001
26.645833333333332,1.0152153114227633,1.678250940408549,0.18550472483858077,36.73392814239587,0.9508789234015995,16.11512986428298,2.104554719164095,526.5175
26.65625,1.0332987306711883,1.699387786014106,0.18730816489713656,36.70582068392838,0.9445632766627543,15.9940339672843,2.093098583672764,526.45875
26.666666666666664,1.0472541460213398,1.7219029730712558,0.1897994983917732,36.651671945917045,0.937578615741165,15.887707271632252,2.082770491578482,526.4
26.677083333333332,1.047771246141785,1.7434165065137326,0.19225193708016938,36.576438891927246,0.9302919431937685,15.739304925559198,2.0700350016237765,526.34125
26.6875,1.0320565451513286,1.7603329850882514,0.19507412845116057,36.47969275454295,0.9225164400406013,15.614164126702967,2.0588904670956607,526.2825
26.697916666666664,1.0251477935086744,1.7803226986225273,0.19817959502397137,36.36336861479596,0.9143816514733681,15.501849367477806,2.048632100142572,526.22375
26.708333333333332,0.9800003431936148,1.7880253423692312,0.20096962746126487,36.22621373300168,0.9058063320005456,15.424615734912084,2.0426828701720092,526.165
26.71875,0.9283776736351277,1.7919505235499773,0.2035027101528549,36.070285408798675,0.8969362616479006,15.36940451699059,2.0435738769032783,526.10625
26.729166666666664,0.9001486328550952,1.8024088083611118,0.20615823163715452,35.90101930867847,0.8880504055774021,15.322520577770838,2.044267811229952,526.0475
26.739583333333332,0.8570882200178864,1.8012052118635302,0.20855765676879204,35.71017622205067,0.8787079825300802,15.373237001377221,2.0453788528802503,525.98875
26.75,0.8227656915336261,1.7982366074268428,0.21013642113603198,35.507434798422736,0.8693679565497977,15.476576419620509,2.0455789689105894,525.9300000000001
26.760416666666664,0.8058756752104024,1.8001869265096069,0.21136797204436167,35.30534323462358,0.8605074423118666,15.57059583122895,2.045266487594531,525.87125
26.770833333333332,0.7753301687262744,1.7869132983260383,0.21244300929195534,35.08974830649587,0.8514141032886315,15.812524540573149,2.0582356843040355,525.8125
26.78125,0.7546527986986665,1.775130894453569,0.21278782266378346,34.87953640078791,0.8427691861531135,16.192048094811057,2.0777428497121817,525.75375
26.791666666666664,0.7495391344401562,1.7745088457519271,0.21294683092816635,34.699297267125296,0.8353875101392728,16.59806197401576,2.0944350928873257,525.695
26.802083333333332,0.7383881386491514,1.7655546653937548,0.2138531181047397,34.543336910376695,0.8288110191165612,17.264725287332936,2.121115860290339,525.63625
26.8125,0.745225310476577,1.770762148866019,0.214286399692373,34.43740149442388,0.8239145786695182,17.8692310454874,2.142363623630299,525.5775
26.822916666666664,0.7508624465548911,1.7768339061969796,0.21504800327717413,34.380580852949045,0.8205835265090483,18.34475693354417,2.1603731436798794,525.51875
26.833333333333332,0.7623121059547338,1.7849272021437181,0.2152956044957226,34.368760495327926,0.818734699708556,18.54014612006058,2.170981434992625,525.46
26.84375,0.769476545917343,1.7860422027241944,0.21505171736486786,34.39193672332077,0.8180607885438086,18.560952854294534,2.177728407635765,525.40125
26.854166666666664,0.7694749631020934,1.778721554363249,0.21424086855875174,34.44240308755131,0.8183336566289086,18.562752855169393,2.184045637973372,525.3425
26.864583333333332,0.7790689118563482,1.7767796336925457,0.21266464145967306,34.507814577493384,0.8192841015055407,18.35119391773708,2.18275514397724,525.28375
26.875,0.7844684239498135,1.7704510852494317,0.21106092903186024,34.581685221105836,0.8206810343069085,18.07198679658032,2.178906711802812,525.225
26.885416666666664,0.7822486235049482,1.7573951497768043,0.209278798453932,34.66102638767061,0.8223912289329152,17.87423209780581,2.1763126961011388,525.16625
26.895833333333332,0.7968920659049352,1.7551899096489672,0.2071989708020583,34.73499862065205,0.8240998879653725,17.521774235798883,2.166287656330278,525.1075
26.90625,0.8112877814643275,1.7519984464746896,0.2055921466744314,34.80375314004852,0.825729416659056,17.149566277140607,2.154307204380492,525.0487499999999
26.916666666666664,0.8154741324575491,1.7425634376828008,0.20406751334009754,34.86844463997739,0.8272373451367164,16.882684837666016,2.144347864465185,524.99
26.927083333333332,0.8382189305940903,1.7445786260848382,0.20251172405927087,34.922853069970884,0.8284162100172104,16.53394992405144,2.1283066456811266,524.93125
26.9375,0.8593118296232458,1.7458582105498872,0.20161809691950436,34.97007713984196,0.8292854156243668,16.222553676895277,2.1121653209411817,524.8725000000001
26.947916666666664,0.8704442743605402,1.7433995348422275,0.20085706918654694,35.01106182136806,0.8298044233517751,15.993391445723931,2.0978628396904244,524.81375
26.958333333333332,0.8977612387801169,1.7502369585608937,0.20043443773427497,35.0441047989009,0.8299066319188072,15.764549707930215,2.081413608995423,524.755
26.96875,0.925944448027197,1.7596829465331987,0.2006977113738773,35.07063331818985,0.8295687999394414,15.57561172937102,2.065948661589697,524.69625
26.979166666666664,0.9455181637805434,1.7685731477683764,0.20122893421067095,35.09088856393309,0.8287463842837729,15.42295898942242,2.0518235317535765,524.6375
26.989583333333332,0.9748405234740087,1.7836598857875825,0.20271967487536163,35.10528950760825,0.8273453437465746,15.332636937124581,2.042368729543718,524.57875
27.0,1.0107178353558506,1.807362514599278,0.20507920044123637,35.113183186269005,0.8253019703097215,15.274514590061449,2.0431424271540335,524.52
27.010416666666664,1.0424459810777875,1.836075726863476,0.20804255529181995,35.1141378499076,0.8226326214546663,15.222134023955483,2.0440722692201545,524.4612500000001
27.020833333333332,1.0886160075314688,1.8761160930357437,0.2122074677512962,35.108145358692646,0.8193980278699422,15.170137648421937,2.0447844979713237,524.4025
27.03125,1.1401509480357037,1.924026912612367,0.2173510173305575,35.095499846394254,0.8157339995835843,15.100512023020514,2.0453900182259463,524.34375
27.041666666666664,1.1818290609683648,1.9703444584952428,0.2233688069385802,35.0755854689828,0.8115823687017092,15.052562114271199,2.0465028809993404,524.285
27.052083333333332,1.236433170749227,2.025585689626162,0.229874286501231,35.04977877477793,0.8073146736671136,14.960362938818312,2.0470755220211734,524.2262499999999
27.0625,1.2908129786140816,2.082354572054776,0.2375790712884878,35.017319089189506,0.8028583913134071,14.870283169211154,2.048540910671732,524.1675
27.072916666666664,1.3373047760575627,2.136628073946544,0.24601404133113103,34.97683881514736,0.7981537250153953,14.809813464104645,2.0504346228162644,524.10875
27.083333333333332,1.3973532013843946,2.1999098890421145,0.2552513944829514,34.930331184315236,0.7935128428440485,14.736127662015118,2.0519469463234126,524.05
27.09375,1.4607591416164445,2.2677471817212247,0.2662288671043191,34.876527206827134,0.7888474616134683,14.675947678076822,2.054220735446256,523.99125
27.104166666666664,1.5189676953866729,2.3357725389397284,0.2785845899786509,34.814025673262805,0.7841063591651715,14.64248975348156,2.056858528835373,523.9325
27.114583333333332,1.5894203136733558,2.412182043515779,0.2929404474247357,34.74327888739158,0.7793853260946846,14.624126348680864,2.059420735194028,523.87375
27.125,1.6664830017333843,2.495632520949318,0.30994305265860556,34.66352478345024,0.7746781147165417,14.623030353191627,2.0621810614088973,523.8149999999999
27.135416666666664,1.740621334952131,2.5814351465280327,0.329370668664537,34.574501699551774,0.7700104814181149,14.635846715259962,2.0649737131388037,523.75625
27.145833333333332,1.8267304680814764,2.6764558534780765,0.351596787869678,34.48077540731946,0.7656170118450594,14.630061035432387,2.067597590645544,523.6975
27.15625,1.9159108422847322,2.7760787205120776,0.3775860030599699,34.38320469907222,0.7614959075740662,14.609194160730704,1.8401116247031486,523.6387500000001
27.166666666666664,1.9982562529989327,2.8732463202245326,0.40775753770899525,34.27828542369536,0.7574845888831443,14.600579233338262,1.830568730253522,523.58
27.177083333333332,2.089028780044089,2.976124118043775,0.44054182335150255,34.175574997984405,0.7539094752824473,14.562726547488106,1.8163415284757942,523.52125
27.1875,2.177383191363921,3.077883099345396,0.4789855807627403,34.07088729205901,0.7505698100958885,14.528302265112032,1.801906530901197,523.4625
27.197916666666664,2.259936454676244,3.175556467474684,0.522421332475624,33.961360124456824,0.7473594717496481,14.513629723524447,1.788807591914786,523.4037500000001
27.208333333333332,2.347316293978243,3.275592855204345,0.5696110267840693,33.85358369842321,0.7444474210623995,14.496088734838004,1.7731366534622182,523.345
27.21875,2.432765940277352,3.374115074408571,0.6232745521143308,33.74476888788853,0.7417256579735695,14.489528626266255,1.7574310854797153,523.28625
27.229166666666664,2.513841648572417,3.468897081367156,0.6826677199009165,33.63306955796365,0.7391331903603082,14.499972828555897,1.7427265042085072,523.2275
27.239583333333332,2.594614815577714,3.5631593933732453,0.7467079525089997,33.52199443597051,0.7367340520463603,14.516027686771302,1.7270926088106695,523.16875
27.25,2.672657496666296,3.6549897791958417,0.8167794040243749,33.41023297864935,0.73447882750306,14.541400874733942,1.7117511828803178,523.11
27.260416666666664,2.7480444499148784,3.7431769085632647,0.8915543555285718,33.297341464469355,0.7323426259380335,14.576343427626822,1.6971087446774393,523.05125
27.270833333333332,2.8116711487948596,3.823479069513151,0.9776421805140139,33.167848894266854,0.7300436462994446,14.660023426367346,1.6919486619141384,522.9925
27.28125,2.8749799505332625,3.902881612868287,1.0709334847093517,33.01974573769754,0.727579327110882,14.799480804754065,1.6965408806286468,522.93375
27.291666666666664,2.952736459817781,3.990618207625784,1.1621844177734637,32.8732531689733,0.7252788144593921,14.93440486179788,1.699163291205628,522.875
27.302083333333332,2.995079932492985,4.063356533422497,1.2804455913324808,32.69093444448005,0.7225516121632239,15.202005016824627,1.7237243769549735,522.81625
27.3125,3.013660468427031,4.134493342803082,1.3939174045299763,32.498552605110525,0.7197683813827934,15.546794829702252,1.753291581519942,522.7574999999999
27.322916666666664,3.0593468295921427,4.216145549959933,1.504247705076117,32.317915326700096,0.7171779123482297,15.84335121846086,1.7764861561418375,522.69875
27.333333333333332,2.9204845691577828,4.232392451266964,1.618062201726868,32.12251380559853,0.7143339808737165,16.274802305227265,1.8152895802892892,522.64
27.34375,2.7202939209686976,4.216345924721587,1.7019649262736796,31.93447984276369,0.7115098231725548,16.773674733181295,1.8556331393379797,522.58125
27.354166666666664,2.611547807626502,4.2199989134462355,1.765136307343063,31.77578556074251,0.7090764550850372,17.13252813190524,2.084015788045769,522.5225
27.364583333333332,2.2861041989038706,4.094950919583576,1.7821909146608692,31.62541205232114,0.7069204668561653,17.85829133701976,2.074614425426656,522.46375
27.375,1.9410928401625447,3.9065110049873013,1.690171147273141,31.528702703454854,0.7062966928602359,18.72640780795088,2.0742957438801946,522.405
27.385416666666664,1.721587683406877,3.742376894473587,1.540326839554181,31.51625061329836,0.7083823511656017,19.357335256830268,2.106275847011589,522.34625
27.395833333333332,1.4810558893828398,3.530801731342562,1.3468795160498817,31.6083283721496,0.7144841487856408,20.22153146845731,2.150669864901418,522.2875
27.40625,1.31563630856588,3.331246192233704,1.128722840299816,31.812722573339844,0.7250956124958212,21.02177230543425,2.186435628215944,522.22875
27.416666666666664,1.1885923931317603,3.145054686476361,0.9313709760727846,32.127252740615795,0.7404144775149514,21.664741741862162,2.2163827006674466,522.1700000000001
27.427083333333332,1.1190549624035224,2.985529207537262,0.7663750036055137,32.52409374358396,0.7593212435776293,21.910953449907968,2.236394777000318,522.11125
27.4375,1.060494985046727,2.82825786774916,0.6364611695978244,32.9907274203449,0.7813275203471675,22.061832578375732,2.4477028802537313,522.0525
27.447916666666664,1.0020816442145484,2.680682802090985,0.5376778644657744,33.501876958028575,0.8052157393372642,22.192161380455033,2.446312772672999,521.99375
27.458333333333332,0.9932330701504803,2.566887403894043,0.467616826921438,34.026963768455346,0.8294478670018044,22.276159975305813,2.4451356011760357,521.935
27.46875,1.0061890649481988,2.481585673802823,0.41775943236076174,34.52898435454004,0.8522023966971077,22.186926550248522,2.4437997964511564,521.87625
27.479166666666664,0.9954599302874114,2.3973273222634943,0.3803072230513054,34.99658767700526,0.8728989007490107,22.138927206890454,2.443203244754406,521.8175
27.489583333333332,1.038668433966347,2.3574626702076986,0.35128569606115756,35.367403954382134,0.8888647899837594,21.36688075456477,2.440272321770273,521.75875
27.5,1.067408929491725,2.3135004849734977,0.3296258437806668,35.669113097887035,0.9014797851246191,20.514265772001924,2.4391802351451464,521.7
27.510416666666664,1.061032874761714,2.2526628877711805,0.3111398761106627,35.92056034598902,0.9116474697272793,20.005490295983968,2.439561610921448,521.64125
27.520833333333332,1.0886135893928481,2.2127161013278616,0.29462016257616125,36.105297640320735,0.9188221517997885,19.36038652566898,2.43849704394619,521.5825
27.53125,1.111585174235282,2.1723610094949115,0.28169328923520875,36.24211847845639,0.923858150614486,18.847437680489787,2.4388490109962655,521.5237500000001
27.541666666666664,1.1125543934184596,2.127335580008272,0.27045477469309515,36.3363927393399,0.9270241440861322,18.53664611360273,2.439675843822176,521.465
27.552083333333332,1.1432881775053039,2.0996250654540947,0.26107988083344785,36.38828474646177,0.9284053843508678,18.2147240454261,2.2196776836712733,521.40625
27.5625,1.175453963095245,2.0795137231338727,0.2540575927636931,36.40405566104989,0.9282909331563267,17.920372487434545,2.207757030947285,521.3475
27.572916666666664,1.1874854467159524,2.057832538324156,0.24850737808437523,36.38726453961501,0.926849029533349,17.72412707562606,2.1976930933276084,521.28875
27.583333333333332,1.2178898254240935,2.0483840239814413,0.24397945704875604,36.34250306047308,0.9243384391665918,17.474055061429613,2.185134844859932,521.23
27.59375,1.2469378097093173,2.0439197893800025,0.24105025954655937,36.273364775209764,0.9209312383469312,17.2326211242648,2.1725480217146336,521.17125
27.604166666666664,1.261196611301832,2.038741134924599,0.2391467099516221,36.181056309440585,0.9167075449402503,17.061183900439588,2.1615786987013363,521.1125
27.614583333333332,1.2867250411408562,2.0423700325956866,0.237564390066255,36.073928760709485,0.912063047469217,16.807272456510077,2.146914818391448,521.05375
27.625,1.3086849763640938,2.048126557376707,0.23714601018213186,35.95249169532542,0.9070243325403576,16.554616468807257,2.1319507087010714,520.995
27.635416666666664,1.3210954536052086,2.053104272794071,0.23749079988133878,35.81574832799395,0.9015653764975081,16.36501198924757,2.1186323107621305,520.93625
27.645833333333332,1.3347296836158116,2.0624436857997663,0.23787718479683165,35.67182420596215,0.8960109049244431,16.139361000687266,2.1027173660724663,520.8775
27.65625,1.3419540559710796,2.0732948165936875,0.23918737867195708,35.51951402769932,0.8903000456136184,15.925218337367221,2.086771734112643,520.81875
27.666666666666664,1.3484456078128864,2.0863886030917675,0.24133077138394446,35.35736581438451,0.8843655248351362,15.752545890358801,2.0722844879302924,520.76
27.677083333333332,1.345646662077265,2.100923889549829,0.24353349096473767,35.19242551729688,0.8784415531983429,15.558021259725233,2.056031290657256,520.70125
27.6875,1.3294313927336643,2.1137753215749475,0.24636827576486878,35.02274256054049,0.8724272539228762,15.371446617878462,2.041576399663298,520.6424999999999
27.697916666666664,1.321328790532563,2.1297241122035935,0.24986244750121217,34.84770223466552,0.866270632960825,15.202026976533405,2.0426573396744407,520.58375
27.708333333333332,1.274312445435471,2.133998214155351,0.2524447985431138,34.67207242350883,0.8601062389070467,15.040376131985559,2.044246903698645,520.525
27.71875,1.2139077733114094,2.1297718236519927,0.254502223340752,34.494059684481286,0.8538364954794984,14.927935791615662,2.046029165093708,520.4662500000001
27.729166666666664,1.1754885824128072,2.128625628041812,0.25637202853562313,34.31574282226347,0.8474977581160966,14.862304254810077,2.047682198231159,520.4075
27.739583333333332,1.112075962598956,2.112537318170468,0.2573063614033703,34.13026412363303,0.8407975179493434,14.889854909372847,2.049594865760709,520.34875
27.75,1.0521006408509757,2.091833818781032,0.25684494809790853,33.94460703423127,0.8339216619034052,14.97369130323954,2.0506872817424715,520.29
27.760416666666664,1.0161196799872974,2.07726511089289,0.25585913634006824,33.767989206798056,0.8271437482667826,15.061056163740059,2.0511199375249602,520.23125
27.770833333333332,0.9639466943226744,2.0473670459067717,0.25454626629086824,33.58835087846748,0.8198844230691443,15.268770517828576,2.0522422306008763,520.1725
27.78125,0.9262807257656803,2.0189671998729275,0.25217667083880974,33.41996416007997,0.812531079988152,15.552129638803095,2.051866967101373,520.11375
27.791666666666664,0.9086947919552284,2.0020262172609424,0.24954423078922683,33.28007429431364,0.8056959294294059,15.786654066152776,2.0503025086748017,520.0550000000001
27.802083333333332,0.8892352968332936,1.9773579677620967,0.2477991449617371,33.16290570496929,0.7989013688544985,16.135531537385482,2.051208568634905,519.99625
27.8125,0.8866164134363271,1.9645726855773158,0.24542663125403802,33.08613741485946,0.7929870827187043,16.428140779129407,2.0611337011760984,519.9375
27.822916666666664,0.8855045177945614,1.9555219023920307,0.24348721641471435,33.04965492710567,0.7881276958611568,16.668521952310925,2.073555591193178,519.87875
27.833333333333332,0.8844415394438412,1.94611269099882,0.24149239812352505,33.04933160212825,0.7844293268748411,16.877950487213454,2.084764498328751,519.8199999999999
27.84375,0.8825894241617348,1.93427053655395,0.23925400370768116,33.07861217117066,0.7819230284369736,17.060719694028297,2.094415329691042,519.76125
27.854166666666664,0.8778872665838438,1.9194148590052884,0.23676964749891924,33.13041838183068,0.7806033031186179,17.22435471890264,2.103193970796767,519.7025
27.864583333333332,0.8856108817552477,1.9089799972457508,0.234232607871761,33.19636889180648,0.7804446474289127,17.322262080771967,2.1092945111257717,519.64375
27.875,0.8974244322789962,1.900000580253101,0.23187159313215985,33.26972968090794,0.7813458218001833,17.368867249556796,2.113690945672737,519.585
27.885416666666664,0.9017230903645655,1.8880546891659462,0.22951892970027424,33.34566899924224,0.783209786758829,17.405742674098615,2.117848898627488,519.52625
27.895833333333332,0.9249399176134936,1.888297589091652,0.22716689188837125,33.41477798971729,0.7857047185477855,17.250886629284878,2.1140810624798543,519.4675
27.90625,0.9447760474408892,1.8882202074091095,0.22532924917349642,33.476209280014785,0.7886277816640131,16.986254342407364,2.105957440878461,519.4087499999999
27.916666666666664,0.9499832507724272,1.8795934648102401,0.2236860140892755,33.532122196471086,0.7919751249217934,16.774702825391557,2.0994035635985857,519.35
27.927083333333332,0.9695214166115702,1.881837285382933,0.2215687161662332,33.57659334055617,0.795217666291832,16.40205736778274,2.0832899615353884,519.29125
27.9375,0.9837573772409206,1.88095354756957,0.22013122093605988,33.61350172278611,0.798405523520218,16.017068452532474,2.064693764658676,519.2325000000001
27.947916666666664,0.9866924518995225,1.8729382945959576,0.21880451190167577,33.645348428920514,0.8016216454182208,15.713978892621713,2.048286758203252,519.17375
27.958333333333332,1.006622043410928,1.8758720645463016,0.21721768792158372,33.66971194114477,0.8044564221468941,15.344218384817111,2.0414019682056463,519.115
27.96875,1.0233836490756585,1.877918424870724,0.21637575725204328,33.68938592523773,0.8070469778790256,15.009328186178573,2.0435813443429036,519.05625
27.979166666666664,1.030665092547261,1.8755591749063343,0.21575826525808553,33.705887718750425,0.8094750631422932,14.76862162524589,2.0465113268000796,518.9975
27.989583333333332,1.0508390271003725,1.882504466312622,0.2152235937313268,33.718561710589306,0.8115197368424416,14.550811277763565,2.048914833765526,518.93875
28.0,1.0705975782391692,1.8917103202679177,0.21551514829618745,33.72878943263222,0.8132769136654072,14.39002653738078,2.052458733429366,518.88
28.010416666666664,1.0839251016147275,1.8999111333746652,0.21623164596286207,33.737370379835006,0.814783876481387,14.296444232366008,2.056745666704218,518.82125
28.020833333333332,1.1063673172725195,1.9159182608190441,0.2173934154639893,33.74435238718307,0.8159564603279403,14.228400539898944,2.0610059047971276,518.7625
28.03125,1.1297412012875128,1.935655770062712,0.21944436577752596,33.75041768284682,0.8168303857289652,14.19819616502695,2.0663645708719582,518.70375
28.041666666666664,1.1500770469779151,1.9570647941911765,0.22200635765102641,33.755952206191466,0.8173906962982023,14.201038291177252,1.8308160954927724,518.645
28.052083333333332,1.1770004761378814,1.9848940785801725,0.22542415017621042,33.76124809329882,0.81761264944341,14.227692409193958,1.8195744194377517,518.58625
28.0625,1.207405242999443,2.01789426731364,0.2299160019084758,33.766712721092105,0.8174682795016763,14.283960727838734,1.8106149065608523,518.5275
28.072916666666664,1.2383173890343575,2.0553392553220893,0.23503190284088915,33.77244651485074,0.8169304705912417,14.349909312270388,1.8018717019969273,518.46875
28.083333333333332,1.2766468345116047,2.0989009242925767,0.24201818068615227,33.77907110685377,0.8159057878246063,14.457259384506154,1.7984735493327777,518.41
28.09375,1.3258286698773323,2.1535429512899604,0.25033811760006985,33.78646537112902,0.814372577855838,14.575809977781548,1.796142956754569,518.3512499999999
28.104166666666664,1.3761660506349727,2.214645325263792,0.25999854548581225,33.79443992242116,0.8123594070095187,14.683652800326213,1.7933133924557974,518.2925
28.114583333333332,1.4353054208177933,2.284500499792645,0.27153758297608344,33.80266557324473,0.8099337385059514,14.764421339818345,1.7890758506795494,518.23375
28.125,1.497111038868463,2.3590162226578792,0.2849732975074296,33.81081539809585,0.8071451716908195,14.81913803617706,1.783976524708779,518.175
28.135416666666664,1.5550517987394419,2.432916618279504,0.3000202602233758,33.81854896282545,0.8040037899123336,14.861124016177982,1.7792877538092537,518.11625
28.145833333333332,1.617399573117128,2.510123844030024,0.3170731330800996,33.825283248963736,0.8005605970460876,14.894781102496982,1.7748285799328467,518.0575
28.15625,1.682721020962592,2.5900417450440614,0.3365670473244875,33.830400631817426,0.7968190751888712,14.931561783283394,1.7716418666022749,517.99875
28.166666666666664,1.7479841401902236,2.6712226139519086,0.3579856486452281,33.83304507501164,0.7928876965697562,14.963779177224772,1.7683734634260295,517.94
28.177083333333332,1.8186566507930035,2.7562560646920304,0.38327409878501484,33.832383575579854,0.7887102000828895,15.009447001791756,1.7674579747409802,517.88125
28.1875,1.8951796348375598,2.8466003422123944,0.4124310179887116,33.827358905773934,0.7843800010527452,15.062002481887323,1.767724727257971,517.8225
28.197916666666664,1.9723093609373659,2.9392651625510453,0.4451163826026395,33.81718030627662,0.7800495158311264,15.10549441769528,1.7674078172604422,517.76375
28.208333333333332,2.0511881556551006,3.0337825623007757,0.48434475286831913,33.80037783929164,0.7756078992805474,15.166644011633837,1.7702285764944043,517.705
28.21875,2.1356716011491503,3.133147835438333,0.5287410561652585,33.77639030381846,0.7712658431229185,15.22042616859992,1.7726475572879887,517.64625
28.229166666666664,2.2190843258129482,3.2326051882853983,0.578799860771954,33.74475529025785,0.7671142247043833,15.259030598632883,1.7743187222495567,517.5875
28.239583333333332,2.3012527723124268,3.333800312694681,0.6336641252181008,33.70685522153666,0.7633607543828331,15.249998075574172,1.7717806186783494,517.52875
28.25,2.3776498142403337,3.4317965665061383,0.6952916560541789,33.66254301276128,0.7599520154671637,15.212290850063615,1.7674088275014979,517.47
28.260416666666664,2.450201830339482,3.5239260873827423,0.763100090030015,33.610641722216684,0.7568044736132021,15.174631250411334,1.7636169805549837,517.41125
28.270833333333332,2.5060618357930133,3.606938217560421,0.8382806889120737,33.54749218449583,0.7537830083354347,15.179949536343162,1.7645277765068337,517.3525
28.28125,2.5550459166953763,3.6848396730596833,0.9197641030125902,33.469631806398,0.7508750007627832,15.248502589805586,1.7713627739309201,517.29375
28.291666666666664,2.6182822979664158,3.7677909322768484,1.0010801966679337,33.381934104747685,0.7483314767386222,15.31290557804559,1.7761642197702971,517.235
28.302083333333332,2.6379015508280643,3.831563587700616,1.097174318364311,33.26888533992033,0.7458250216264267,15.504740955101362,1.7942870567387328,517.17625
28.3125,2.6024501101338338,3.8793120565536476,1.1859038023504411,33.134942559677924,0.7436165022488198,15.764850242688256,1.8156354620028057,517.1175000000001
28.322916666666664,2.5996948562457454,3.9358893123369096,1.2694484685885967,32.990945916682826,0.7418768880659475,15.97403682680711,1.8318510108846278,517.05875
28.333333333333332,2.3617496246846024,3.9076224946278355,1.3415714041653932,32.81849880927821,0.7404297954432421,16.32209567736917,1.8603179421187805,517.0
28.34375,2.0559762279965055,3.838726461356946,1.378001519833969,32.631166466766054,0.7395351394884214,16.741174492423806,2.0796511177005828,516.94125
28.354166666666664,1.8751367519124988,3.798022027821009,1.3954193367259238,32.453436677394315,0.739444752980981,17.039598556416646,2.0702556370163627,516.8825
28.364583333333332,1.499686774139268,3.620050066507765,1.3579284114844994,32.2700755910854,0.7407701244365722,17.726050255822123,2.0653393456608233,516.82375
28.375,1.156777566790392,3.3855428566279517,1.2196165767416112,32.144013653308484,0.7447192138221688,18.5798107056189,2.081945221309309,516.765
28.385416666666664,0.9625365174071219,3.1851501785122913,1.0429489726332588,32.13209235875153,0.7521642277772999,19.305007786394032,2.116191318166826,516.70625
28.395833333333332,0.7709632134599493,2.928196199723169,0.8456092157204413,32.28481105098554,0.7650183255001745,20.48277844491567,2.1626249325774998,516.6475
28.40625,0.6620449575226881,2.6889782356480816,0.6591161036251553,32.63799639705446,0.7833607909540656,21.670283906028274,2.202680626032337,516.58875
28.416666666666664,0.5923907628859887,2.4760303175239855,0.5205210519764143,33.19381079703287,0.8065809715676806,22.56261569623424,2.235324726289752,516.53
28.427083333333332,0.5579773135454544,2.2847359274044097,0.4220522071425609,33.93898227459857,0.8335717110005141,23.219440491834284,2.450536184472208,516.47125
28.4375,0.5382906303526862,2.113979492057258,0.3520969821655839,34.833457021347435,0.8623013310192532,23.660752995549185,2.4485840186896994,516.4125
28.447916666666664,0.5163918444090096,1.9599997593376377,0.30246246869806326,35.8292173750606,0.8906980293453777,23.96188606877041,2.447137571526056,516.35375
28.458333333333332,0.5205477471373172,1.846160688985232,0.26844044748791795,36.86122872770078,0.9165698311395024,24.077386599472735,2.445758467163999,516.295
28.46875,0.5345322137827484,1.7622642532291497,0.2444372863477139,37.859440264644746,0.9382038920380648,23.91204819944988,2.4442037978789597,516.2362499999999
28.479166666666664,0.5319159909293084,1.6775664735257307,0.22589732371230534,38.80935935105407,0.9555235151069206,23.83728941152572,2.4436310951561673,516.1775
28.489583333333332,0.561535265960748,1.6384921621764046,0.21159317548234877,39.567240638250716,0.966772652240593,22.746417892360064,2.4399042862746803,516.11875
28.5,0.5771103854389735,1.58744975981236,0.19982800283995886,40.19437900565788,0.9739990870507182,21.604177114726607,2.4383896050911833,516.0600000000001
28.510416666666664,0.5694214971066709,1.5167572502041973,0.1890431235910619,40.733639817896474,0.9782113142904918,20.97097831671303,2.438694485226501,516.00125
28.520833333333332,0.5803608462629851,1.4653599198430087,0.17924786640479023,41.1353576105385,0.9795521617570313,20.102663229159145,2.4369505436843006,515.9425
28.53125,0.5828391074552718,1.4085854620371798,0.17085156053479686,41.443790621451626,0.9787792983146718,19.399177889444854,2.436957671349684,515.88375
28.541666666666664,0.573229136781012,1.3474989706946516,0.16327832545864554,41.6717207071617,0.976101152305161,18.990860338895608,2.437706284440731,515.825
28.552083333333332,0.5771785289943738,1.3002917946029897,0.1566375054142123,41.81255587954254,0.9719206590276903,18.554061450031664,2.437512782343879,515.76625
28.5625,0.5811150001920629,1.2573358040364355,0.15116107252098926,41.88052369850594,0.9663057046378978,18.239109238835223,2.438277682676534,515.7075
28.572916666666664,0.5773055598574962,1.2164445448260248,0.14642025978107048,41.87832808341637,0.9593405663952497,18.051373472864185,2.4391878778774063,515.6487500000001
28.583333333333332,0.5886838488774474,1.1866617929846612,0.1425482315764652,41.80782706288913,0.9511610735449069,17.942804588684332,2.2172038078423264,515.59
28.59375,0.6034902130549193,1.1649021149454586,0.1394744002848494,41.672201907951674,0.9419661572886737,17.86230675669963,2.209486933651561,515.53125
28.604166666666664,0.609110190194417,1.1450910442088473,0.13697883499758312,41.47397880591,0.9318958786255231,17.810576644629588,2.2028966194413004,515.4725
28.614583333333332,0.6204306427943814,1.1314483851230253,0.13481274802809642,41.22914037817858,0.9216529202120661,17.62958901111741,2.19290693683129,515.4137499999999
28.625,0.6268012574348839,1.1177777102646138,0.13302353948693643,40.94028643858658,0.9112410088519437,17.42247681375411,2.1826661027167447,515.355
28.635416666666664,0.626180915819125,1.1030334682782184,0.1314868313229659,40.60630262426755,0.9006496530495917,17.274609026207585,2.1739763620503036,515.29625
28.645833333333332,0.6229592625328622,1.08856349998729,0.1300814153680495,40.22904097311361,0.8900206541316374,17.194872824655956,2.16693934900677,515.2375
28.65625,0.6167388087458083,1.076025277420835,0.12897548296288727,39.805734449545064,0.8793844092316228,17.207907800362843,2.162790094954327,515.17875
28.666666666666664,0.6125274086090315,1.0683492766725395,0.12817139193693144,39.34996847285284,0.8691539124230175,17.228771534940105,2.158974113643495,515.12
28.677083333333332,0.6017176893065114,1.0604783728287663,0.12769636996851907,38.84578822448343,0.8590539937210001,17.37332659318891,2.16008095910358,515.06125
28.6875,0.587947028618839,1.0556625611991675,0.12748410978254887,38.30617641953135,0.849442269057021,17.5814733784956,2.1635599724342107,515.0024999999999
28.697916666666664,0.5809311305065783,1.0568312842021756,0.12758682482996495,37.75371013362183,0.8407146088988338,17.74053617848164,2.1662942453304956,514.94375
28.708333333333332,0.555046470731045,1.0504877029542168,0.12775825151253883,37.166734407098545,0.8325439843190654,18.030305198661658,2.174448975651601,514.885
28.71875,0.5296647897229352,1.0447095124917678,0.1278807330186182,36.57241582242669,0.825343603527988,18.342295437042523,2.1834422496718835,514.8262500000001
28.729166666666664,0.5161622287900971,1.044075518062595,0.12813843072869852,35.993241009212134,0.819333733843969,18.57027208657915,2.190924362007729,514.7675
28.739583333333332,0.492386416038672,1.0358544554548244,0.1281815298583964,35.4225422876437,0.8144061673907746,18.837116212084577,2.2006120334865913,514.70875
28.75,0.4706298395193579,1.025451964733786,0.1279415411826419,34.87970434029044,0.8107113679397784,19.08628665053878,2.210046258372882,514.65
28.760416666666664,0.45814170249520814,1.017507093813817,0.1276229926891684,34.37928764098029,0.8082880215537185,19.262766212898867,2.218068482203119,514.59125
28.770833333333332,0.4400830803176073,1.0026956704716314,0.12702124892599403,33.91416947331092,0.8070582304302425,19.527809971587043,2.4438387736115192,514.5325
28.78125,0.4265491278779215,0.9879947746458049,0.12620555824487487,33.49998827948872,0.8070227774080728,19.81642139544322,2.4432892556110977,514.47375
28.791666666666664,0.41910887681145154,0.9763952518722449,0.12535200265326607,33.14912224861241,0.8080543053773691,20.020982974510478,2.4424762452623905,514.415
28.802083333333332,0.41135123346933344,0.9622746641698652,0.12442502291106328,32.85626085508639,0.8100077574276734,20.296793994952964,2.442250696343292,514.35625
28.8125,0.40834495623072614,0.9509934806975726,0.12347293751583521,32.6293594766678,0.8126297512631969,20.541217663365245,2.441666628894037,514.2975
28.822916666666664,0.40656988245574693,0.9411221154758442,0.1225482587979227,32.467241586154785,0.8156211719119957,20.70408409306775,2.4410121411992227,514.23875
28.833333333333332,0.4099753791498356,0.9340135223162966,0.12176802044011459,32.36297695492032,0.8187232721777687,20.86753130291188,2.4406449199741793,514.18
28.84375,0.4155388239860864,0.9293698754509986,0.12109303534777548,32.309934659869,0.8216337378713792,20.993377822934917,2.4401598161900107,514.12125
28.854166666666664,0.4185038547606197,0.9241560866028531,0.12044632563246145,32.29808520282447,0.8241085446916854,21.078613304037514,2.4397072997049007,514.0625
28.864583333333332,0.4229263352814483,0.9206879469666417,0.11988926397143855,32.31591321614004,0.8259560923053154,21.09997032916574,2.439191895057946,514.00375
28.875,0.4265269840101326,0.9175618358841692,0.11940837664676379,32.35156950553676,0.8270743480463423,21.09159314319169,2.4387909062059725,513.9449999999999
28.885416666666664,0.42780907366984655,0.9133241262741458,0.11893147681318607,32.39411715773058,0.827420268024649,21.094081061547623,2.43852595362569,513.88625
28.895833333333332,0.43460604576809514,0.9133622906128205,0.11846735952295606,32.432196840404515,0.8270338411858958,20.847845223203358,2.4374211515934916,513.8275
28.90625,0.440905137792204,0.911934387607416,0.11797735772921808,32.45963640331723,0.8260387627081403,20.487698957699426,2.436683085065651,513.76875
28.916666666666664,0.44198329260452035,0.9055927966089877,0.1173790741071704,32.47281503377946,0.824497909747935,20.26531969607303,2.4367309825612224,513.71
28.927083333333332,0.45016826993844344,0.9036931399054391,0.1166420157720978,32.46923082559589,0.8226436695132792,19.78276509288155,2.4353978111296346,513.65125
28.9375,0.4563901305569099,0.8985552646712025,0.11581006572881587,32.450272911480916,0.820561311149427,19.217227164057736,2.4347152827723133,513.5925
28.947916666666664,0.4559166139520617,0.8874035772893744,0.11484891233021047,32.415530443913646,0.8181894684573106,18.85804069391333,2.435165841816772,513.53375
28.958333333333332,0.4631296934324134,0.881114071113568,0.11368668633966035,32.371415270325926,0.8158473322335856,18.237700910847398,2.4337414037739626,513.475
28.96875,0.465842769735941,0.8700001631579266,0.11249894275841225,32.31840547401359,0.8134158485704711,17.648623740841174,2.4338035965089526,513.41625
28.979166666666664,0.4630214539545019,0.8545025882407541,0.11121432239044293,32.25495082979508,0.8107559662027346,17.266872693614626,2.434896535907268,513.3575
28.989583333333332,0.46813558952048756,0.8439828197760969,0.10991791558827319,32.187830081418184,0.8080776419196768,16.83750819026453,2.211563185656078,513.29875
29.0,0.4725142680184518,0.8332425200738098,0.10875291759568465,32.115668308594415,0.8052536600200451,16.466530259157057,2.1928349813101544,513.24
29.010416666666664,0.4725849895677593,0.8213616798959984,0.10764973469166285,32.036738134643336,0.8021612766359902,16.218662593694212,2.176335655719135,513.18125
29.020833333333332,0.47952042302053177,0.8146707350532696,0.10663828617544562,31.959405527776177,0.7990851976503806,15.89769615571065,2.1543320123875733,513.1225
29.03125,0.48485781165626646,0.8080105074540558,0.10578153802246971,31.88190790985626,0.7959316591551593,15.580834819858561,2.130731682960023,513.06375
29.041666666666664,0.48555765505776555,0.799861862041799,0.1050114742619198,31.80033439283178,0.7925211730020307,15.352998460497021,2.109277743536281,513.005
29.052083333333332,0.49065655804520064,0.795464213819236,0.10429178746244033,31.72355757710242,0.7892204635654013,15.077074993505999,2.0820350238999152,512.94625
29.0625,0.4940392265012152,0.7910240140565764,0.10373828795062236,31.646858355771045,0.7858354269892169,14.836102614727693,2.054347540587684,512.8875
29.072916666666664,0.49484723453590423,0.7863958836315378,0.10327394766093381,31.567402277801193,0.7822402312741537,14.654387337169005,2.038962929430888,512.82875
29.083333333333332,0.4995801754994354,0.7855159833351552,0.10294531493475917,31.490200711632262,0.7786667070226007,14.473711473584393,2.0414065243136177,512.77
29.09375,0.5045628189493758,0.7865672728749185,0.10284152294179126,31.411460129643896,0.7749475479519485,14.339837344085627,2.0447687115301467,512.7112500000001
29.104166666666664,0.5086291740191485,0.7892564375510025,0.1028955146024357,31.330437516012672,0.7710502221095583,14.259251411093963,2.0483419243169863,512.6525
29.114583333333332,0.516536540683726,0.7960398790723853,0.10332681383914169,31.24027906048168,0.7666398518721509,14.266705092615865,2.0524317286239735,512.59375
29.125,0.5293787599787179,0.8091265746781008,0.10411929788933381,31.142708610967468,0.7617931905397856,14.334633322598487,2.0555723121631773,512.535
29.135416666666664,0.5434156505520115,0.8275284120391,0.10523194034181696,31.042496388753282,0.7567527843105042,14.419479161203064,2.05773362091753,512.47625
29.145833333333332,0.5629493330704225,0.8523011250392754,0.10685267145035239,30.93740790055569,0.7514215825452377,14.521765140713422,2.059930074939302,512.4175
29.15625,0.5853146947393485,0.8825287364985441,0.10882243385342524,30.832578061824222,0.7460842354199348,14.601808957199678,2.06149301832489,512.35875
29.166666666666664,0.6061541088851807,0.9152592289066517,0.11113241913232236,30.725588390815215,0.7406497095417985,14.67185322904913,2.0635194487732176,512.3
29.177083333333332,0.6297845760920913,0.9523374289618863,0.11371580280782832,30.62170363597805,0.7354199089270455,14.703488139667018,2.0653280491229147,512.24125
29.1875,0.6531575126803941,0.9917366553839351,0.11663748979237219,30.517036339181317,0.7302337881337467,14.725221542001746,2.06813353861998,512.1825
29.197916666666664,0.6765548523259942,1.033292957324552,0.11982137254357697,30.41056834400515,0.7250809004245288,14.747174352720048,2.0711879502874577,512.12375
29.208333333333332,0.7018826546299071,1.0793170389685787,0.12336806395994572,30.30323746966218,0.7200466293381577,14.7670710487848,1.8385815160587253,512.065
29.21875,0.7292752305779567,1.1299856643220354,0.12732998983914898,30.19495011442595,0.7151621661717759,14.786399805474158,1.8318808102156958,512.00625
29.229166666666664,0.7587349490849835,1.1847516265496498,0.13172935143200984,30.08492094713031,0.7104256633339173,14.80906331792642,1.825669588594165,511.9475
29.239583333333332,0.7908742779462801,1.245171026157267,0.1365770591633641,29.97733172925474,0.7060339741990935,14.815572449131558,1.8172450591924667,511.88874999999996
29.25,0.82456717892829,1.3096589135714543,0.14198270915495698,29.87075345945065,0.7019298264003637,14.815536978568096,1.8082458004429567,511.83
29.260416666666664,0.8604630931231674,1.3772966915443754,0.14796395031116633,29.763036069390285,0.6980384471268072,14.821345063605156,1.8000919445911407,511.77125
29.270833333333332,0.8934570012549604,1.447439007158797,0.15493497921953597,29.644062606876098,0.6940446316877484,14.87737065057301,1.7989444167876878,511.7125
29.28125,0.9286600137954055,1.5244466718208636,0.163083206037021,29.510800929663667,0.6899515086866296,14.997535537376802,1.8052610793049464,511.65375000000006
29.291666666666664,0.9766932304819711,1.614474735303312,0.17218865838343472,29.377726713851743,0.6862642198153497,15.112241633653133,1.8090595073356408,511.595
29.302083333333332,1.0046194732779137,1.704271648999498,0.18432164058661815,29.214285169279243,0.6822838704258618,15.384354104616605,1.8319620451486538,511.53625
29.3125,1.0012891817221605,1.7973772363413205,0.19854138239012858,29.0318832136541,0.6785776906556662,15.807065616358075,2.0874570439691693,511.4775
29.322916666666664,1.0294938720710605,1.9125031635347134,0.21485302055013922,28.859527343350553,0.6758651720740879,16.178099145367092,2.076852878190276,511.41875
29.333333333333332,0.8882770444155899,1.9675107995293026,0.23534684478519585,28.6586701170977,0.6739505999052413,16.938706972226047,2.0711024206435455,511.36000000000007
29.34375,0.739517042618548,2.0120721813616687,0.2559992377236303,28.476435033689828,0.6741825916765979,17.909145929995805,2.0738555068625755,511.30125
29.354166666666664,0.6859755893515341,2.089773002671097,0.2786377586652516,28.3530296869423,0.6772530853479269,18.666485471037785,2.1067843254482197,511.2425
29.364583333333332,0.5392617613142924,2.057832949479715,0.2966576481195682,28.303882947103467,0.685261789830788,20.294901626348732,2.1740350191523374,511.18375000000003
29.375,0.43776257138895497,1.9823136783986717,0.2995999888135273,28.398940006123073,0.6997867315320917,22.577869218127418,2.240745775149685,511.125
29.385416666666664,0.3995056874347609,1.924288225469174,0.2951423172372225,28.66725585623226,0.7206501178372685,24.326769612091244,2.451221267817429,511.06624999999997
29.395833333333332,0.3608291344134572,1.8177516384809962,0.28122489589753313,29.137352036844415,0.7486478034393422,25.895461469411522,2.4499016685147574,511.0075
29.40625,0.34756674028228174,1.7220230046045406,0.2626581385725826,29.774586928857712,0.7809418269861643,26.72920262406127,2.4478473513006294,510.94874999999996
29.416666666666664,0.3392475203180338,1.6275001636163295,0.24431133651178438,30.546073967789344,0.8155506852846515,27.19579262015855,2.447750163831321,510.89
29.427083333333332,0.3479568758157211,1.5609872837746697,0.22788505070781667,31.371098046204693,0.8487642936151001,27.307320393098745,2.46230710093605,510.83125
29.4375,0.3582444651703152,1.4935357327457386,0.21286460192056503,32.214328798101796,0.8792652701104473,28.168898281336674,2.4834262330398085,510.7725
29.447916666666664,0.3598385357046524,1.4176474428580617,0.19908161039855402,33.04583913704646,0.90603007125115,29.584100371825016,2.5066263777895705,510.71375
29.458333333333332,0.3808031613922448,1.3777126964529522,0.18857596819230651,33.800096572160236,0.9272567890229569,30.32217739064048,2.5220972858628534,510.655
29.46875,0.40448116708463294,1.3458096918724642,0.1799601196882107,34.45804610873526,0.9430175035878209,30.44833825665877,2.5310351457415763,510.59624999999994
29.479166666666664,0.41214992343767043,1.2980683860984543,0.1719175302798934,35.02627957355542,0.9540487123726632,30.749518178684898,2.5406752173273577,510.5375
29.489583333333332,0.44183758567410986,1.2842218366268303,0.1652651538678234,35.44151260720086,0.9600678282196551,29.13095661583514,2.5269806380128053,510.47875000000005
29.5,0.46158290870435653,1.2540452211098367,0.15899500978334927,35.75185894993955,0.9628562260821225,27.458944526749924,2.5066862783200796,510.42
29.510416666666664,0.46223912436822184,1.2039135094610547,0.15263997951443806,35.98191999032007,0.9631940116229021,26.42760415989668,2.489908429754005,510.36125000000004
29.520833333333332,0.47826093019339283,1.1698579111618013,0.1467181209353894,36.1210771994204,0.9616430877605492,24.698998401697704,2.4612054153765484,510.3025
29.53125,0.4883111225655613,1.1299784461524829,0.14135228253969687,36.1933229797042,0.9586773950707922,22.976569713734655,2.4345547121939193,510.24375
29.541666666666664,0.4860332947381537,1.0841904842957588,0.13631176021238828,36.20698826196564,0.9544378231812345,21.50993150228143,2.4336259892028695,510.185
29.552083333333332,0.4958884276855016,1.0501367354086615,0.13178606686428035,36.16948976001069,0.9493965522679482,20.35096372124329,2.4328051404004687,510.12625
29.5625,0.5031350210274658,1.0172926660419985,0.1278415152605538,36.08976284758557,0.9436081587567403,19.59462591598929,2.4327468295501546,510.0675
29.572916666666664,0.5009045521161816,0.9829231506782149,0.1242981309217756,35.97128451459192,0.9370142863783827,19.192545212227504,2.433244438294856,510.00875
29.583333333333332,0.5066014154726767,0.9559502225947857,0.12109683796366259,35.82598363974897,0.9300310461840176,18.791683099731436,2.4328781927479426,509.95
29.59375,0.5101342461022776,0.9305285341161342,0.11831555416837494,35.65666730335275,0.9225833471899885,18.461128990104072,2.4330710097623642,509.89125
29.604166666666664,0.5072245683071671,0.9052921523734566,0.11585350599362015,35.46403387223328,0.9145818702122286,18.265770138092236,2.433646262538895,509.8325
29.614583333333332,0.5098877359971798,0.885088860949544,0.11360667060850244,35.26056734634856,0.9064408152006305,18.012359878719295,2.4335133586129296,509.77374999999995
29.625,0.511070269934239,0.8664367289057672,0.11167098577586504,35.045494542934854,0.8980441768979969,17.78496645980621,2.433883157718762,509.71500000000003
29.635416666666664,0.5081496038520504,0.8486876661920167,0.10999053496397475,34.817992000341725,0.8893106962217064,17.643445912307484,2.434559887827263,509.65625
29.645833333333332,0.5041839713118582,0.8328861161171596,0.10840687476988282,34.58926788979232,0.8806373564239148,17.4516173106802,2.434660344867526,509.59749999999997
29.65625,0.49505490381003747,0.8170865736820583,0.10700347971517402,34.357695542741176,0.8719456061998513,17.262225789704686,2.435147570119803,509.53875
29.666666666666664,0.4861183283200137,0.8028129419414405,0.1058073693740672,34.1202262854307,0.8631256458990166,17.137243701795214,2.4359886524295815,509.48
29.677083333333332,0.46980133931397217,0.787701017078217,0.10461858491145622,33.883650467093304,0.8544462463522102,17.003108718057774,2.2116039339105824,509.42125
29.6875,0.44737664228450896,0.771350327960462,0.10356574249616284,33.637802068585884,0.8455646313238925,16.971371754944315,2.2047968722508346,509.3625
29.697916666666664,0.4326166539048736,0.7593517845403405,0.10268931415344652,33.389159884063034,0.8367550860907838,16.967166082709007,2.19852197416447,509.30375000000004
29.708333333333332,0.40214876022729024,0.7422587472115492,0.10185282696332582,33.122609199942396,0.8275381967959621,17.141556324268873,2.198710508967372,509.245
29.71875,0.37364526649922686,0.7271064469011502,0.10111679766382739,32.84619141679539,0.8182611817463449,17.408596545244873,2.201846943113503,509.18625000000003
29.729166666666664,0.35780103324905455,0.7186912195797941,0.10062214855166349,32.57333234765884,0.8094088233048631,17.614725232903126,2.2040554250850057,509.1275
29.739583333333332,0.3360762113375421,0.7059057763795448,0.1002540926804021,32.28043778736837,0.8002593986821488,18.101602445287387,2.2166686780111675,509.06875
29.75,0.32106186137877063,0.6975989738806494,0.10000613807825277,31.99132893602063,0.7915938228271612,18.69851802158474,2.441534321559077,509.01
29.760416666666664,0.31466692163540444,0.6958860141477078,0.09997729246107896,31.730453015547965,0.7840966350361013,19.130363915584145,2.440556044368761,508.95124999999996
29.770833333333332,0.3063367698232423,0.6911685714209594,0.10006706003219924,31.490639674440462,0.7775052582151695,19.759529473380717,2.440982283145012,508.89250000000004
29.78125,0.3036513204625492,0.6910024405890071,0.10025719166843867,31.29706172067165,0.7724682031138906,20.375065383768977,2.4404733099531057,508.83375
29.791666666666664,0.3040967466357624,0.694062605805292,0.10055333835656505,31.16144103655586,0.7692353890148256,20.775941097359027,2.4395201644907734,508.775
29.802083333333332,0.30501621710743115,0.6955629939042293,0.10093883625874842,31.08013826283276,0.7677099455361028,21.345597355373254,2.439826981925933,508.71625
29.8125,0.3092641721056673,0.7003073577639953,0.10144557001829,31.056590271956402,0.7680009624971921,22.00436873438771,2.4398491651362773,508.65749999999997
29.822916666666664,0.3145688828330679,0.7079091185216736,0.10202377208247221,31.084752179057055,0.7699540863736638,22.421816459591,2.439102434636301,508.59875
29.833333333333332,0.3233365267568462,0.7169541491680016,0.10291983055368016,31.158372867721784,0.7735652541098327,23.187672513406323,2.440093123760021,508.53999999999996
29.84375,0.33776396403080206,0.7334554157414757,0.10405807933116246,31.26388545188683,0.7784876916122911,23.794185696973127,2.4398104331864054,508.48125
29.854166666666664,0.3490714979814268,0.7494476263329455,0.10525345807955452,31.386311280888407,0.7843796065718217,24.22013124715976,2.4504108474073933,508.4225
29.864583333333332,0.3639000441029685,0.7677251403558343,0.10639409264113091,31.50766435378313,0.7907095613634193,24.63063428209094,2.461566991300826,508.36375
29.875,0.37527699724872143,0.7809716956192128,0.10731520676597509,31.619425410509468,0.7973171205597048,25.06652532737995,2.47049951977006,508.305
29.885416666666664,0.38107406336285005,0.7875962888902929,0.10794014068265793,31.716027153438052,0.8041671974361458,25.603497673632795,2.4801245762105917,508.24625000000003
29.895833333333332,0.39451506397304364,0.7977979403932869,0.10826648604308863,31.78550878286242,0.8105535783810721,25.261815163775754,2.4767910402430235,508.1875
29.90625,0.4061586786830971,0.802343758732007,0.10829838663950414,31.829417853340292,0.8165214356380609,24.51434518925265,2.4673309414431293,508.12874999999997
29.916666666666664,0.41010820316340696,0.7987608821662018,0.10800395895602444,31.84840148028634,0.8222099248390408,23.92149513437707,2.459418786005877,508.07000000000005
29.927083333333332,0.4230078311602432,0.799263891581451,0.1074517614009085,31.842087423782623,0.8270235370085708,22.722320990617156,2.4400070536207186,508.01125
29.9375,0.43203656701402277,0.7943941466112711,0.10679129917507992,31.813041816022018,0.8312308398006403,21.467565804369663,2.4320462663331925,507.9525
29.947916666666664,0.43497586147317235,0.7856361784499201,0.10596118251970481,31.761278780041557,0.8347913402540649,20.568402744779657,2.43219934486768,507.89375
29.958333333333332,0.4450557448828682,0.7811109652495573,0.1052127755022431,31.68929143607086,0.8375156122623487,19.984123517256677,2.4319969519950266,507.835
29.96875,0.45529749198330866,0.7776104924496371,0.10457485738067057,31.59814215194593,0.8393656491630056,19.62514936686614,2.43206581196912,507.77625
29.979166666666664,0.46019401607142624,0.7729704210958201,0.10397792798980983,31.4882388591789,0.8402825380213035,19.43684674580671,2.432329850550503,507.71750000000003
29.989583333333332,0.4727075075795952,0.773108308997382,0.10357578606295313,31.363757451178124,0.8402125955586914,19.234953313826434,2.4321371449908264,507.65875
30.0,0.48561060205635265,0.7745425617196695,0.10334322969673927,31.224085356916977,0.8391656459284709,19.07098675437429,2.4322541049918813,507.6
30.010416666666664,0.49313968019739374,0.775045184774345,0.10317098303517681,31.06843645385851,0.8371381153570692,18.975844988778196,2.432516911424899,507.54125
30.020833333333332,0.507500680797812,0.7798693297576964,0.10321908158445957,30.89912728600199,0.8341978981881365,18.871416081868762,2.432527860017147,507.48249999999996
30.03125,0.5228581228824242,0.7867477081088454,0.10345734753265788,30.7151149033155,0.8303950031035109,18.783230800523242,2.432687172390764,507.42375
30.041666666666664,0.5333798087978853,0.7933713858696875,0.10378571619237065,30.5156022652986,0.8257872660038161,18.73089243894971,2.4329284194440683,507.365
30.052083333333332,0.55041215770732,0.8043047059424155,0.10432780352493297,30.305584801324326,0.8205841138263557,18.618774825359072,2.432793046362213,507.30625
30.0625,0.5667504819581125,0.8163043618631096,0.104931458057558,30.092254713790823,0.815074272310699,18.36193912048891,2.43228552217828,507.24750000000006
30.072916666666664,0.5770010492159968,0.8261328333287689,0.1056157211932588,29.86664327345692,0.8091161956913154,18.17601052838248,2.432667324078303,507.18875
30.083333333333332,0.5890382781039682,0.8374680269235757,0.10613219303970083,29.655946690715513,0.8035056101943402,17.70667180248436,2.4313212563774713,507.13
30.09375,0.5965609209068236,0.8455081766774346,0.10667115526988018,29.44755842186835,0.7979623007134062,17.229280376473096,2.431330056043009,507.07125
30.104166666666664,0.6005914686611585,0.8508827955825441,0.10716920723796103,29.23134530540821,0.7922509630146419,16.90918279051231,2.4322583349828566,507.0125
30.114583333333332,0.6097625316076255,0.8592871590994109,0.10765152586937325,29.02137408087981,0.7867630612938286,16.579425008752708,2.43242295782658,506.95375000000007
30.125,0.6199572326217373,0.8691448530010153,0.1082935582541275,28.810487536802224,0.7813179001123135,16.304449136022374,2.2081419830027245,506.895
30.135416666666664,0.6288862417717445,0.8800125469979334,0.10906948005793787,28.59361219386432,0.7757878090172463,16.121809497081994,2.1936921667386535,506.83625
30.145833333333332,0.6421586562161561,0.8954935460399862,0.11005737487027019,28.3783771286576,0.7703630294353302,15.951408290423538,2.1779023785135267,506.77750000000003
30.15625,0.656147931848176,0.9141968079939237,0.1113454519164397,28.159785788062255,0.7649078196537865,15.822649205170817,2.1629825079815697,506.71875
30.166666666666664,0.6702508875121084,0.9356866105589555,0.1128802653345046,27.936900701863713,0.7593888553799126,15.735254940428861,2.149118555035801,506.65999999999997
30.177083333333332,0.6864288564299094,0.9620422778790191,0.11474800209232118,27.714071024507362,0.7539024844254766,15.65263164003298,2.1348596669221656,506.60125
30.1875,0.7034159822140974,0.9923618496612053,0.1169110889740861,27.495419407418574,0.7485392751329721,15.547937194495393,2.119191133198219,506.54249999999996
30.197916666666664,0.721251441537565,1.025397221352861,0.1194164822292739,27.274871556227687,0.7431432663884455,15.463227078824321,2.1046588414121863,506.48375
30.208333333333332,0.7392036662194356,1.0625638735821081,0.122100429451802,27.06894910484107,0.7381153075245156,15.311783618433642,2.085472086417098,506.425
30.21875,0.7565142066543398,1.1015866584219793,0.12514830845466846,26.868290920716984,0.7332269114853687,15.158230269414767,2.0657754848057284,506.36625
30.229166666666664,0.7762539809757573,1.1429534906748402,0.12851760385812316,26.66778745753723,0.7283578150277639,15.031043154784422,2.0473325919960397,506.3075
30.239583333333332,0.7999865431134928,1.18963742286276,0.13228911712028296,26.47067193220597,0.7235933726951896,14.911678105095325,2.040644481155477,506.24875
30.25,0.8284311810124427,1.2422613589406857,0.1366192801641799,26.27471917008173,0.7188885144746567,14.809206800043356,2.0427238403677372,506.18999999999994
30.260416666666664,0.8613406499238173,1.3008643897805579,0.14153480872592553,26.080394516059695,0.7142650633425501,14.732099644442084,2.044792090829415,506.13125
30.270833333333332,0.8948313336747366,1.365377566823758,0.147758317003971,25.86183922275642,0.7091318443156037,14.775867910461269,2.0476316620492936,506.07250000000005
30.28125,0.934067724858296,1.442172656713594,0.15538761873872153,25.620509540812446,0.7035714679287259,14.939926803934656,2.049194683909425,506.01375
30.291666666666664,0.9878366786137711,1.5362857864289365,0.16423216743578056,25.385154273276353,0.6982924787360352,15.106816439879584,2.0486602914267142,505.95500000000004
30.302083333333332,1.0201590995770082,1.633527644793975,0.1764657103294628,25.10756695215508,0.692314797013219,15.493620433152667,2.050407913029758,505.89625
30.3125,1.0216044852708872,1.7365991945633934,0.1903982027259095,24.825113134450202,0.6866261692411623,15.97012513622081,2.0680966893920836,505.8375
30.322916666666664,1.0499470950203933,1.8566892661273342,0.206762630336559,24.56259731794446,0.6818771243611849,16.41058009173228,2.0876442463686673,505.77875
30.333333333333332,0.9232034551122504,1.9234709328546555,0.22484421608196345,24.295295929715582,0.6778968239744249,17.121572458759697,2.120588607200714,505.72
30.34375,0.7731135368254748,1.9654390812039597,0.2424644655019246,24.048330871434278,0.6755672121308457,18.079436146067476,2.15734170877904,505.66125
30.354166666666664,0.7090312919621228,2.02722612713115,0.2606605517227039,23.85185000217526,0.6756274032484583,18.92324474091687,2.1868890852577905,505.6025
30.364583333333332,0.5557501269487494,1.9865245964947524,0.27411124590460356,23.697496403106673,0.6794843764431839,20.632818613076292,2.449199293441651,505.54375
30.375,0.44905284772558746,1.9071364603642922,0.2748657413432553,23.663201343772567,0.6890927238630346,22.699788947186438,2.4478645716758427,505.485
30.385416666666664,0.40683040842827756,1.8466288270198599,0.26960904055184026,23.79825696192194,0.7048454498279929,24.0684416467643,2.445551889733931,505.42625
30.395833333333332,0.361377081475082,1.7314075803882503,0.25657892173181907,24.15897956629535,0.7287079090513071,25.649790739965702,2.44614533099533,505.36749999999995
30.40625,0.34357847753728543,1.626074457808301,0.2393810170286676,24.755515339993188,0.7590993714394957,26.777644511662537,2.4535322883356154,505.30875000000003
30.416666666666664,0.3343921678664701,1.5314012301924003,0.22286852714386363,25.564662793367958,0.7939937944563922,28.360481939968743,2.4882533346439883,505.25
30.427083333333332,0.33819630372220233,1.4507018269913285,0.20778554031585453,26.545275924785976,0.831127054204814,30.94828915956668,2.5293212304995722,505.19124999999997
30.4375,0.3486552228967289,1.3843670663549457,0.1944420488742596,27.618923433829515,0.8673602984561436,32.96960317793051,2.566232134847936,505.1325
30.447916666666664,0.35066555823674617,1.3122098001676201,0.18249483966091587,28.745758914117538,0.901346122087478,34.6354890070283,2.6023135233716905,505.07375
30.458333333333332,0.3718282587730801,1.2768614083473557,0.17343979191401387,29.81463546806178,0.9300430543808863,34.82298631698762,2.6250917716142776,505.015
30.46875,0.39361908002715973,1.2452967370171326,0.16586778082019404,30.798919986646084,0.9533691211325456,34.47391463596559,2.638949956185029,504.95625
30.479166666666664,0.3997626473038635,1.1978262237309851,0.15871469509925729,31.70875823914683,0.9720460253624941,34.6678652957982,2.851978744632378,504.89750000000004
30.489583333333332,0.42287852883887217,1.178417288357321,0.1525642430425844,32.42527188765589,0.9844920460368342,32.455599405586554,2.6407538766658414,504.83875
30.5,0.43538078022801274,1.143788287193744,0.14673360294252252,33.01267514129142,0.9928412827460971,30.556484056186616,2.620914156982082,504.78000000000003
30.510416666666664,0.43221445841824196,1.092692344446928,0.14090681514406683,33.51098858096097,0.9981188455337672,29.738177848297674,2.6050225491710393,504.72125
30.520833333333332,0.4435513464013017,1.0583038848863342,0.1354440585292865,33.87371899500766,1.0003361684184984,27.68697798785075,2.5720793250867704,504.6625
30.53125,0.4491833815601738,1.017679730064157,0.1304338726273389,34.14716235191794,1.0003865617712244,25.94283407962329,2.5371475682069335,504.60375
30.541666666666664,0.4439001927735618,0.9705941493588933,0.12567821959114173,34.35199084383119,0.9984988559802884,24.82628511405662,2.5069581274278137,504.54499999999996
30.552083333333332,0.45019077529320506,0.9353352465864508,0.1212671700994332,34.4786205461664,0.9951685284835343,23.10877087415325,2.4670829108044736,504.48625000000004
30.5625,0.45179456839015886,0.8987844232618903,0.11726638825027172,34.54865148451569,0.9906694199441802,21.29115130194093,2.429720330174979,504.4275
30.572916666666664,0.44447197420798235,0.8589796214369902,0.11356721554299966,34.57338384864671,0.9848473739609893,19.746601273862712,2.428810615577322,504.36875
30.583333333333332,0.4420296350751696,0.8259043787386312,0.1100009399546514,34.55930431831697,0.9786665134731655,18.354138522582517,2.4273422135561775,504.31
30.59375,0.4339356252424374,0.7905894499890322,0.1067403725154409,34.516068816046605,0.9718347940759001,17.40581115685176,2.4274759050930226,504.25124999999997
30.604166666666664,0.4224601506077152,0.7554629151838607,0.10370252858598976,34.44505276844139,0.9641019123236532,16.85646917846395,2.4283892584259816,504.1925
30.614583333333332,0.4147769480895777,0.724696128766956,0.10090789646077013,34.347994846160105,0.955510076372051,16.55085261897254,2.4292777576605187,504.13374999999996
30.625,0.4093672984632761,0.6988934624891882,0.09848138586221822,34.224594479914344,0.9459382315288084,16.418840188491437,2.430367378659304,504.075
30.635416666666664,0.4037157732898846,0.6775074576127846,0.09641272973361667,34.07734304971854,0.9355048016034556,16.367872744756728,2.431264945335911,504.01625
30.645833333333332,0.3990044547772375,0.6597365717481879,0.09462520138734189,33.91085245383201,0.9244450159743708,16.319932256830853,2.4319249895766837,503.9575
30.65625,0.3919431413383002,0.6439902072614772,0.0930836636654143,33.72931934108821,0.9129519312976873,16.243514909046166,2.4325321925186176,503.89875
30.666666666666664,0.3845896059495433,0.629846019874859,0.09177432131148383,33.53009864152677,0.900816879095538,16.19256515290925,2.2082037143979756,503.84000000000003
30.677083333333332,0.3721361971236248,0.6154946257784609,0.09052236432654356,33.321256176104946,0.8885120104821603,16.10999612236078,2.195934226050515,503.78125
30.6875,0.35526986234453023,0.6002161071509453,0.08937888027347193,33.09128939916844,0.8753769153413028,16.103551522817586,2.1872572061382143,503.72249999999997
30.697916666666664,0.34353430882444946,0.5878984166622787,0.08836525135940879,32.84714224208123,0.8618555762665783,16.11620346968548,2.1791290525256377,503.66375000000005
30.708333333333332,0.3218524532367792,0.5726210159230831,0.08739991032663101,32.567339403796005,0.8468513695495836,16.289656757937347,2.1786436182982674,503.605
30.71875,0.3012535090882275,0.5589344501538114,0.08653993722286159,32.254553374355964,0.8306501116548125,16.58790281044007,2.1832091891775516,503.54625
30.729166666666664,0.2897178254089104,0.5506280148447623,0.08588642798276226,31.92988482724224,0.81441013773839,16.838018527305238,2.186478157554556,503.4875
30.739583333333332,0.2730924009380971,0.5394059839678171,0.08550316277713509,31.513973663256564,0.7943482257959998,17.655570692489853,2.212712036262687,503.42875
30.75,0.26570393068849724,0.5371430388074953,0.08551288387921333,31.05187753343776,0.7728466038227573,18.825171334318778,2.44153865147512,503.37
30.760416666666664,0.26592605907212225,0.5437079025801554,0.08596721106772104,30.604488409274126,0.7526089839435618,19.722804153491264,2.4397645297745734,503.31125000000003
30.770833333333332,0.2670271701796163,0.5510965354992138,0.08682072865255362,30.148677845243746,0.7323569562025093,20.81071523386092,2.440150538023553,503.2525
30.78125,0.2731847557945786,0.5639197131025548,0.08789980269506191,29.744942157329735,0.7145341443900609,21.646962729160542,2.439063623342971,503.19375
30.791666666666664,0.27915177148032555,0.577217864257078,0.089076938180371,29.4133240994685,0.6998164288324795,22.135628808910305,2.4380071831756833,503.135
30.802083333333332,0.28588412715262146,0.5892421385866848,0.09023692905761799,29.156355169452233,0.6882132916349832,22.556109622248297,2.437676310710552,503.07624999999996
30.8125,0.29362023376450785,0.6009499344874698,0.0913495516311038,28.980287970183475,0.6799855530097804,22.970844298863877,2.437482602509496,503.0175
30.822916666666664,0.30043750353874127,0.6120605657918159,0.09236594574500656,28.886510436721796,0.6752464963113268,23.243221875193612,2.442587102921767,502.95875
30.833333333333332,0.31116003401397685,0.6244000931392298,0.09344594638472548,28.86685460215739,0.6736729636537631,24.113375044162225,2.464285232810416,502.9
30.84375,0.3249237720495897,0.6392213074576704,0.09454489892171714,28.913507979039572,0.6749900496690412,25.59259026890065,2.4884489543610386,502.84125000000006
30.854166666666664,0.3349584300371907,0.6518282444353659,0.0955598338610251,29.01323018310758,0.6786745702187543,27.11069347971384,2.512630967817131,502.7825
30.864583333333332,0.351339630828376,0.6670509253561668,0.09652726773071278,29.147652175930514,0.6840172372544386,27.958304481002212,2.5306396656311163,502.72375
30.875,0.3667239164421275,0.6795934331879933,0.0973470408785271,29.30358108917202,0.6905247043676099,28.421669367570733,2.5450072813542963,502.665
30.885416666666664,0.37585768672876435,0.6870411660486868,0.09793680068049422,29.471806006335886,0.6978969996701677,28.881290896313047,2.5587641783603385,502.60625
30.895833333333332,0.39168578265729387,0.6965983278781517,0.09830631496094606,29.63130633059394,0.7052839445535845,28.363423188905035,2.560169666295259,502.54750000000007
30.90625,0.4043485813319789,0.7012342145650364,0.09842376630015157,29.779236515926378,0.712577876636808,27.61048742288433,2.5552491578791394,502.48875
30.916666666666664,0.4093479036999485,0.6995227422661431,0.0982814593152618,29.917472159619802,0.7199037938994574,27.256863195195503,2.551379760190094,502.43
30.927083333333332,0.4194220686270094,0.6991601345496525,0.0978548821272688,30.03177471815048,0.7264652022165031,26.04293276511428,2.5341490000546836,502.37125000000003
30.9375,0.424678365859397,0.6936698793514264,0.09719346631959738,30.12665825436313,0.7323908329726027,24.66649072615079,2.510432253409249,502.3125
30.947916666666664,0.4232104965888782,0.6827783687109721,0.09634326244321009,30.20865514887628,0.7380047941036458,23.740962380193984,2.4895178376795526,502.25374999999997
30.958333333333332,0.42413734725029534,0.6727989212218074,0.09519662114389571,30.268889033311936,0.7425485372198452,22.069603492752236,2.4537620275474534,502.195
30.96875,0.41967256543534814,0.6579656409447926,0.09395193508627209,30.316462051547283,0.7465123016526815,20.43024874165059,2.4272624300042205,502.13624999999996
30.979166666666664,0.4124117443959332,0.6407480693323185,0.09259535845543586,30.354658203437126,0.7500676742065944,19.100998742135072,2.4272026207915975,502.0775
30.989583333333332,0.4098494444028344,0.6265517679380705,0.0913199835830026,30.38358069091078,0.7531356559196796,18.26551775797039,2.427609747483973,502.01875
31.0,0.4099669807597036,0.6155534640019659,0.09022517342992734,30.403965369540156,0.7556893379495669,17.838991853452104,2.4282404629864214,501.96
31.010416666666664,0.4092552109328821,0.6066993617459684,0.08928468749267553,30.41607862395687,0.7576359822025959,17.62897877057535,2.4286880232909858,501.90125
31.020833333333332,0.4136737781499151,0.6020032115133729,0.08861460691431534,30.420677502163915,0.7589218133974398,17.51076979190104,2.4290055360046328,501.8425
31.03125,0.4194883343527684,0.5997425726113647,0.0881470983817433,30.41883038799696,0.7595310038060329,17.415217073428455,2.4292163749797653,501.78374999999994
31.041666666666664,0.42263917674435647,0.5979181501325675,0.08781033734438372,30.411606297329328,0.7594808907490687,17.360209810120455,2.4296162315394323,501.725
31.052083333333332,0.4294907733828785,0.5988091993153688,0.0876515344327647,30.400276120695416,0.7588126582021804,17.277856073524532,2.429696633868651,501.66625000000005
31.0625,0.4363156191517084,0.6009187369884116,0.08762999385680201,30.385856446585464,0.7575945194081873,17.183109763271126,2.4298920411569758,501.6075
31.072916666666664,0.44078952188882853,0.6031598142829715,0.08769432290776083,30.36890294057432,0.7558744864329946,17.12094551308073,2.430321585755298,501.54875000000004
31.083333333333332,0.4471624695333402,0.6075312900384133,0.08788656156632066,30.350478501379015,0.7537853354538853,17.01680022551064,2.430340409501372,501.49
31.09375,0.4534102950508911,0.6129537515043159,0.0881957129724611,30.330738831153262,0.751399504093541,16.89688476113164,2.430559844919944,501.43125
31.104166666666664,0.4582903590930937,0.6186628559353299,0.08858635709037492,30.309278334559373,0.7487410763324164,16.814294319396232,2.431093503358862,501.3725
31.114583333333332,0.4646597452804248,0.6260144345858583,0.08901375305751322,30.28761198639074,0.7460878490840079,16.610806372406554,2.4306778236017643,501.31375
31.125,0.4697743984343267,0.6329833689323412,0.08950212347628075,30.264850887668608,0.7434138793543313,16.379278950292363,2.430976453365399,501.255
31.135416666666664,0.47363128268345184,0.639347391433326,0.09002014840193742,30.239671526646397,0.7406463315512769,16.213258366230058,2.2096049423752686,501.19625
31.145833333333332,0.4787364290990664,0.6470252671058706,0.09051958054544477,30.214051996260558,0.7380553654945855,15.977002326573736,2.192636644616473,501.1375
31.15625,0.4828236286278421,0.6545241037878446,0.09107754719733813,30.186878405255353,0.7355455999274811,15.746523134249284,2.1747194977004387,501.07875
31.166666666666664,0.4865135830179394,0.6619685131208246,0.09168367389970421,30.15670595743902,0.7330143543279807,15.58343552454406,2.158534671400592,501.02
31.177083333333332,0.49159126789689295,0.6713297414298853,0.09232011994080018,30.12580805759657,0.7306584003022719,15.397683784061424,2.1383657397228792,500.96124999999995
31.1875,0.4974475139981004,0.6819461246195776,0.09312366205570893,30.091820529431065,0.7282935839329315,15.265712647932776,2.119928946150058,500.90250000000003
31.197916666666664,0.5044804726448745,0.6944045669321572,0.09404232351645844,30.0545710267422,0.725921698703504,15.176665004191777,2.102543780339057,500.84375
31.208333333333332,0.5163582173672805,0.7111164413094737,0.095252333059432,30.012414658770886,0.7234569758266141,15.147033053368064,2.088427040937053,500.78499999999997
31.21875,0.5322681287668822,0.7329722158100319,0.09675802323364635,29.965974150027726,0.7209530950645371,15.140996296373189,2.0755550840779287,500.72625
31.229166666666664,0.5495098417933151,0.7591177177313267,0.0985671194079165,29.91563413183116,0.7184344594168597,15.137231148369624,2.0631501514548543,500.6675
31.239583333333332,0.5675045528476454,0.7897047159098365,0.10069460418347016,29.862849139532447,0.7159664510371652,15.108959486099549,2.0492916992557286,500.60875
31.25,0.5850907518747963,0.8235482463040804,0.10313153998690555,29.80730127873768,0.7135245349478266,15.06411837291227,2.040793564923276,500.55
31.260416666666664,0.6040012752849729,0.8604667278724747,0.10586315191359905,29.7481300197795,0.7110702150276846,15.01649476769801,2.0423190238065474,500.49125000000004
31.270833333333332,0.6195453283485801,0.9009608169949239,0.1091360817435153,29.67837020423831,0.708344763791579,15.036029476291374,2.044530071134859,500.4325
31.28125,0.6362876381069587,0.949358660811669,0.11307665513704916,29.595177367833724,0.705305609155894,15.138877570925919,2.0459987005314115,500.37375000000003
31.291666666666664,0.663092715744283,1.0098487495779767,0.117617679891372,29.50648950416771,0.7022975396560469,15.241917112226082,2.045707922976805,500.315
31.302083333333332,0.6750614960133008,1.0765910696223853,0.12371100497142838,29.39124679048457,0.6987267060776263,15.518535416592071,2.055402556759552,500.25625
31.3125,0.6690892360640328,1.1525002657154373,0.13077657223087702,29.258946915730892,0.6950871153249714,15.888727810397722,2.0772669958594294,500.1975
31.322916666666664,0.6822953668218088,1.2444355452403313,0.13908238675716486,29.1187596435505,0.6917693015417663,16.267059356281592,2.0969654165955403,500.13874999999996
31.333333333333332,0.6015317153681471,1.3081421155523771,0.14829524688271012,28.952724454811914,0.6885745918563783,16.876334988146287,2.1282584687419757,500.08000000000004
31.34375,0.5096919654382066,1.3575219742248095,0.1575033816202337,28.76790410496357,0.6859940409179026,17.67228844351703,2.1626775273210646,500.02125
31.354166666666664,0.47025545234266364,1.4201789455795344,0.16710552731788442,28.58104133555618,0.6845064181245025,18.36849333880322,2.1904167777769037,499.9625
31.364583333333332,0.38075485964210726,1.412666068949442,0.17507351117615305,28.362471572008516,0.6844600736567981,19.75854884898284,2.4455310760257363,499.90375
31.375,0.3188156391975842,1.3758025953625228,0.17851861832755977,28.15792699783904,0.6869455638390076,21.478737923371412,2.444308242313491,499.84499999999997
31.385416666666664,0.2948009720418059,1.3522928325247525,0.17969640819627658,28.017827584956386,0.6923244735598211,22.669925562757932,2.4421141923775362,499.78625
31.395833333333332,0.2677074016109418,1.2844008706862515,0.17704212315999796,27.97228218466374,0.7014161980140801,24.006894155624828,2.44244779989083,499.72749999999996
31.40625,0.2570043734177002,1.2225169430631917,0.17182805067715334,28.063670189315324,0.7137389415680563,24.941122877201916,2.442281377027397,499.66875
31.416666666666664,0.25227946918344385,1.166340218845458,0.16591852340974836,28.30349996707828,0.7285781632416926,25.764614234302922,2.4655393715701623,499.61
31.427083333333332,0.25442735359370694,1.116870881233788,0.15967143826019548,28.684517809700477,0.7450314784166518,27.54258202408771,2.499865720682863,499.55125
31.4375,0.26047047427677505,1.0746954162664124,0.15347422252478363,29.176820250413247,0.7618398737894134,29.411798563689782,2.5329668375226664,499.4925
31.447916666666664,0.2625424117225919,1.0273067091571795,0.14736241834283847,29.75573782193809,0.778311459427232,31.05441951870737,2.565963411310305,499.43375000000003
31.458333333333332,0.2750453556225497,1.0049628887301696,0.1424843779749168,30.35994225623528,0.7929910278865887,31.594461038566394,2.58914436480503,499.375
31.46875,0.2894441465375741,0.9870948768792326,0.13824477153305575,30.95788243912221,0.8055141677119813,31.511124112032793,2.6042262331882107,499.31624999999997
31.479166666666664,0.2948107325326585,0.955812578998811,0.1339773969375578,31.547198426559927,0.8160811216921414,31.76351223568718,2.6194157358167676,499.25750000000005
31.489583333333332,0.31578639306262657,0.9527083023288805,0.13047308222064852,32.03311688895633,0.8234517446464426,29.80716974694032,2.60805631135098,499.19875
31.5,0.33118593086570985,0.9349978890266645,0.12688155136725165,32.45214834194171,0.828729106738762,27.997720003460493,2.5883804587516535,499.14
31.510416666666664,0.33359940306897495,0.8995292366681898,0.12295690168546672,32.83273783385064,0.8324770198293578,27.139945270380014,2.572051994263205,499.08125
31.520833333333332,0.3464308693131353,0.8753031951311249,0.11923716190075825,33.14313661715931,0.8345643823082941,25.74815944605962,2.545619989092075,499.0225
31.53125,0.35686974000035854,0.8474970192915603,0.11578813989360337,33.40906653028741,0.835355205345551,24.73454682171153,2.521275098721555,498.96375
31.541666666666664,0.3595948015235199,0.8172458880867696,0.11251310225557708,33.632507505827384,0.8348938597707377,24.00296566292053,2.4998205347017106,498.90500000000003
31.552083333333332,0.37281558642785806,0.7966166458430113,0.10969497536851086,33.807682416488056,0.8332606357415524,23.143535874804023,2.4771806211797065,498.84625
31.5625,0.3862155742677387,0.7794059402712534,0.10723767014421559,33.9360268107233,0.8306293692507504,22.059438726882213,2.4518209973386353,498.7875
31.572916666666664,0.3900204681294909,0.7591226957377557,0.10502298701221695,34.026116528834955,0.8269838020144257,21.024688933734765,2.4302167784864515,498.72875
31.583333333333332,0.3982387153425537,0.7432025366580072,0.10289668072065741,34.07487981200129,0.8228388023894493,19.644202767010153,2.4273258336156225,498.66999999999996
31.59375,0.4010631580064954,0.7242291800536248,0.10090510121997638,34.092470387350765,0.8181282509966438,18.59606166806077,2.4271188157247585,498.61125
31.604166666666664,0.398128512105034,0.7033328589327686,0.0989915195791241,34.08140557415798,0.8127533836965984,17.990824596061838,2.427575567294606,498.5525
31.614583333333332,0.39758082414189583,0.6847936536735009,0.09715006308632178,34.04341325183611,0.8069397972478078,17.586923869666627,2.4275929015546667,498.49375
31.625,0.396388409746505,0.6679154154537706,0.09549673488219607,33.97934100708099,0.8006280331954931,17.339886096030092,2.4279579990495117,498.43500000000006
31.635416666666664,0.3932432240749774,0.6527070286769512,0.0940356499606506,33.88933895494393,0.7938214666691364,17.208026629970654,2.428415102138659,498.37625
31.645833333333332,0.38895693845659773,0.6390223571490716,0.09271360430559841,33.774383884445264,0.7865937198328652,17.137371004322613,2.4287917596831594,498.3175
31.65625,0.3820602113121183,0.62663666569381,0.09156524043868687,33.63457400636359,0.7789528337218647,17.113866308319228,2.4292270922289996,498.25875
31.666666666666664,0.3760664693630504,0.616438239499576,0.09060686072829557,33.47112341501115,0.770969343313265,17.113813032943757,2.4295960650476807,498.2
31.677083333333332,0.36397813475872315,0.6055030311007343,0.08974722591701384,33.27959240985102,0.7624597280275617,17.198616416405635,2.430325998682245,498.14125000000007
31.6875,0.3484162019893496,0.5950993955201146,0.08906576038867785,33.04967272454655,0.7530752510583986,17.47659344118507,2.4315559989816586,498.0825
31.697916666666664,0.3397943091188403,0.5897971575817773,0.08859420099247405,32.79703547781691,0.7435203068324209,17.711132100312078,2.4315529816315964,498.02375
31.708333333333332,0.3188767202421515,0.5811236164962522,0.08837825426479427,32.476850371275546,0.7322611822370958,18.418375604133104,2.4339487854376882,497.96500000000003
31.71875,0.3025131558972998,0.5782785459535715,0.0884598955580199,32.11176472698739,0.7203227608573504,19.29770506778923,2.4346120021699154,497.90625
31.729166666666664,0.29604642706238127,0.5829975724306179,0.08892498492549658,31.73090879522047,0.7087036154486198,19.89852549946961,2.4340079828485526,497.84749999999997
31.739583333333332,0.28480006809216213,0.5850462118820082,0.08965458221949386,31.301579159580932,0.6965101280691549,20.789617967556868,2.435436217569275,497.78875
31.75,0.2784762876795025,0.5914094925782171,0.09059816769497568,30.856512957713676,0.6848646521617968,21.684287726359578,2.4357284231096976,497.72999999999996
31.760416666666664,0.27801049009454004,0.6025796381970144,0.09175020904963314,30.42650661514844,0.6746759791071991,22.215382201686733,2.435903372751132,497.67125
31.770833333333332,0.2751915595160875,0.6101030214784876,0.09315068534073408,29.97021181097581,0.6652727960966884,23.865418110963216,2.469414882803576,497.6125
31.78125,0.28110637646028097,0.6269366873387853,0.09496116722576958,29.528182611340316,0.6580423803557506,27.399321171385992,2.5197631037818873,497.55375
31.791666666666664,0.2907793872141863,0.6507948028547047,0.09706131045503386,29.13971614159065,0.6539346283412362,30.66412068459855,2.569123825916088,497.495
31.802083333333332,0.305659041851295,0.6771291093933868,0.09971045751837179,28.776296517186186,0.653060808539546,35.025175719092985,2.6371135781065442,497.43625
31.8125,0.32660885170862874,0.7126594594142797,0.10260457403862404,28.473348259567004,0.6558637680302131,37.83914389831289,2.850138611642559,497.37749999999994
31.822916666666664,0.34294695715473245,0.7452198191621404,0.10547448712088853,28.22310082434205,0.6621033923588345,39.719996094154624,2.847455497214054,497.31875
31.833333333333332,0.3602189270950065,0.7765344513556042,0.10813224228518684,28.018967230363568,0.6712455588911121,40.60884790673036,2.845156748474536,497.26000000000005
31.84375,0.3760208776926838,0.8031828017210602,0.1104204412969697,27.849138896534104,0.6827319442710794,41.01308654401574,2.8434250915927004,497.20125
31.854166666666664,0.38621769185637833,0.8219486419759408,0.11226702874768418,27.700819222889468,0.6962505370909786,43.46942418204379,2.8600140652986763,497.14250000000004
31.864583333333332,0.406018217368375,0.8446940725441695,0.1136862374020962,27.574267475320696,0.7103326488965892,46.38379851120889,2.8742464482743517,497.08375
31.875,0.42276466100002213,0.8592287934043545,0.11461342268598994,27.458519175694235,0.7247779730563471,48.06463932808185,2.883223032479128,497.025
31.885416666666664,0.4307047577147926,0.8636609691206412,0.11503488258814681,27.345435266155413,0.7396120909139473,49.849887745176204,2.892374481868271,496.96625
31.895833333333332,0.44782689591905533,0.8723303438109509,0.11487276850731361,27.244434843903434,0.7528672662334978,46.46061983096701,2.880221961883389,496.9075
31.90625,0.45676399213628965,0.8692769955648612,0.11417232532744112,27.149424198541343,0.764949889958126,41.79020909404718,2.8584676845325734,496.84875
31.916666666666664,0.4554309667838333,0.8549313730027536,0.11303947830762517,27.05326614559118,0.7765309700222385,37.80785776048211,2.8400402724726694,496.79
31.927083333333332,0.4598394025191663,0.8435134200746935,0.11139305289547402,26.968227399499852,0.7860779639496797,32.1633058935648,2.832675829681923,496.73125
31.9375,0.4574837812415457,0.8238431695739267,0.10955166079262131,26.88733226589527,0.7944574586711024,29.39880704074135,2.8325151545040494,496.6725
31.947916666666664,0.4498287752654595,0.7992453369912645,0.1075439797021207,26.806355461372572,0.8020749360574179,28.33452727167974,2.8337543445898055,496.61375
31.958333333333332,0.44863658530284795,0.7793567859141959,0.10544765404539307,26.73316098283725,0.808220772548338,26.623849537360314,2.833728609848735,496.55499999999995
31.96875,0.44474399522591335,0.7576454607791766,0.10344280715801561,26.663131234783272,0.8133687514061049,25.310998038353944,2.8354597040877128,496.49625000000003
31.979166666666664,0.4377926912643461,0.7351630442654948,0.10149335751105189,26.593873164215477,0.8176727899108859,24.51685984918158,2.610467672389365,496.4375
31.989583333333332,0.4375182690470515,0.7180669779489559,0.09976570389659001,26.52741535154855,0.8209772118526578,23.67671670735443,2.57057017314422,496.37874999999997
32.0,0.43898990841434443,0.7041808741229211,0.09831340862373653,26.462107389233587,0.8233464215376481,22.943284217340743,2.534074147752509,496.32
32.010416666666664,0.4381668517370925,0.6920047505931745,0.09705927338310825,26.397323504802998,0.8247579412916053,22.274543093581652,2.5010497983521867,496.26125
32.02083333333333,0.44245600055306616,0.6845138277859655,0.09602610499013176,26.336515368172005,0.8251887165292504,21.2362788107692,2.4644828812275343,496.2025000000001
32.03125,0.44512561924119326,0.6774748294411505,0.09514392668987284,26.27841037063653,0.8247920036303018,20.00273704117772,2.4275439097513014,496.14375
32.041666666666664,0.44389171266662486,0.6692221502209216,0.09435507467432595,26.219275304882874,0.8236225730778608,18.824373239061014,2.4253260277600845,496.08500000000004
32.05208333333333,0.44477627807871367,0.663057208038709,0.09358429446585018,26.16411858225945,0.8219103462373262,17.741989195482933,2.4244717493476524,496.02625
32.0625,0.4440660134386377,0.6562298998836712,0.09291500105326325,26.108864571536607,0.8196853840856452,17.00193721281823,2.424676283349499,495.96750000000003
32.072916666666664,0.4418469393385634,0.649148972769722,0.09228671257794431,26.051397404533464,0.816931200274888,16.56317958733236,2.4253494043126063,495.90875
32.08333333333333,0.4435639942783687,0.6450653455849089,0.09176888633642263,25.99423467285567,0.8138407345799877,16.235024415080918,2.425452138175551,495.85
32.09375,0.4461794748885369,0.642699923395416,0.09141150161769966,25.93573681016103,0.8103971680045318,16.006218434914036,2.425984935139361,495.79125
32.104166666666664,0.44779622906242367,0.6413846594239109,0.09117765682105441,25.87477161891526,0.8065729622194378,15.873133746615842,2.4268082235207706,495.73249999999996
32.11458333333333,0.4528900776561827,0.6433120115871411,0.09113208623280228,25.813089134856476,0.8025089312441697,15.76797154087081,2.427355871990386,495.67375000000004
32.125,0.45918182356776327,0.64755636335984,0.0912858351309172,25.75001187435358,0.7981846959315271,15.695399429443441,2.428169508906348,495.615
32.135416666666664,0.464735676011467,0.6532973115955704,0.09159650594539537,25.685216199972096,0.7935875986301596,15.658855487003025,2.4291632690402,495.55625
32.14583333333333,0.4730359036993687,0.6621601274934112,0.09208332716904412,25.622204402128865,0.7889784014475401,15.587747059967285,2.203325669482898,495.4975
32.15625,0.4813936517207368,0.672700481459132,0.09274113134834533,25.560705820695713,0.7843539090613879,15.49781902230722,2.1876278275756933,495.43874999999997
32.166666666666664,0.48884988466557366,0.6841157346165974,0.09354736964055704,25.498743214877297,0.779571483201699,15.436391340189259,2.1732178403808424,495.38
32.17708333333333,0.4977773083335099,0.6981143357187256,0.09447635234541644,25.44035454426292,0.7749533716125272,15.343196875078991,2.155717163036028,495.32125
32.1875,0.5065988962543991,0.7137829627910749,0.09562643903884195,25.381726644696183,0.7702088809108699,15.283852476585272,2.1399927980449385,495.2625
32.197916666666664,0.5164969267324855,0.7317557224548781,0.09693635693270894,25.323445639212505,0.7653875874044241,15.249209098899007,2.12506520348872,495.20375
32.20833333333333,0.5278757234800703,0.7536237417122555,0.09857765123401947,25.263103319950353,0.7602882614592612,15.268578178532364,2.1138146481089155,495.145
32.21875,0.5421688522258038,0.7808197668428871,0.10054338405377318,25.20251940495102,0.7550620632942527,15.308945487087813,2.1039610921625114,495.08625
32.229166666666664,0.5591767622556567,0.8130678876329288,0.10285025718900817,25.142945353356026,0.7498234957179298,15.34557538386818,2.094312246658483,495.02750000000003
32.23958333333333,0.577327284557686,0.8504381264914382,0.10556579277670815,25.084730892313033,0.7446147941020715,15.370021205962937,2.084747791890058,494.96875000000006
32.25,0.5969693338661429,0.8925078468080451,0.10867171580179098,25.02813263097004,0.7394726435182885,15.379517341546412,2.075137682844928,494.90999999999997
32.260416666666664,0.6192424764429973,0.9389780274381203,0.11216500978128717,24.972944348804567,0.7343932575641994,15.37960241712231,2.065912838799786,494.85125000000005
32.27083333333333,0.638782291013731,0.9896669536471622,0.11629771962157524,24.914627211911135,0.7289689430677141,15.432808621534834,2.0635221926403955,494.7925
32.28125,0.6594886645495021,1.048137309905218,0.12115261604110272,24.853284030809736,0.7232214104043514,15.543020914785929,2.0676181129732445,494.73375
32.291666666666664,0.6897057272911458,1.1181074307576129,0.12669127923669085,24.79417518707917,0.7176735567318149,15.63940691864884,2.070373798287701,494.675
32.30208333333333,0.7052727346857571,1.1925153359105147,0.13379796971352506,24.727089881020028,0.7114218210324911,15.897918532351717,2.088343306524677,494.61625
32.3125,0.7026609450586939,1.2735548104438583,0.14210576547651194,24.656028830535046,0.7049504916750841,16.31667178808709,2.1140416668644324,494.5575
32.322916666666664,0.7208638551742959,1.3716603231541356,0.15167307663255128,24.588398804667044,0.699071477210672,16.735853005686103,2.13494425348012,494.49875000000003
32.33333333333333,0.642087718263464,1.4372520224479262,0.16293051590508167,24.51046959779537,0.692857184428567,17.58485117248607,2.175877563625027,494.44
32.34375,0.5558460016386155,1.4930751953935293,0.17428414012698978,24.43108912936999,0.6874493712667594,18.736382050530082,2.219976294395869,494.38125
32.354166666666664,0.5235382193103677,1.5667079437841505,0.18631822835115197,24.36023993351908,0.6837643206933747,19.675360294010314,2.4409970122751594,494.3225
32.36458333333333,0.4354250443259037,1.5661151785212146,0.19649653398210581,24.29355042787147,0.6820019294319211,21.350996978844986,2.4423086104299587,494.2637500000001
32.375,0.37180175413467254,1.5313083857232495,0.200535233160436,24.25938499403907,0.6838674436314189,23.242365819800664,2.4420812832878256,494.205
32.385416666666664,0.3468805754834657,1.5048169874025874,0.2011533473866314,24.28538351023009,0.6900766132780509,24.41358563629752,2.4406104156746755,494.14625
32.39583333333333,0.31856695274430247,1.4361313026209015,0.19689216101620943,24.400800086677698,0.7014958311673649,25.818864887979917,2.467686644665733,494.0875
32.40625,0.3066591054714439,1.3670124653799303,0.18914518438512123,24.622500822321708,0.7175320498978305,28.18712592210493,2.5111880255478045,494.02875000000006
32.416666666666664,0.29923790517040555,1.2967881987026373,0.18049013148296894,24.958706667677596,0.7375295168217646,30.86962365270305,2.5576366981575216,493.97
32.42708333333333,0.30100531640240447,1.2359526550629496,0.1715877592146783,25.395034226110816,0.759875497377612,32.61221746016235,2.5986223986938937,493.91125
32.4375,0.304503181230934,1.173850163136445,0.16284053823983513,25.922966816015986,0.7836611082198205,33.93496003422096,2.637329106259425,493.8525
32.447916666666664,0.30429721127180176,1.1115028773471238,0.15465377688163262,26.524595826869422,0.8077113883406316,35.05370640941429,2.848771737147608,493.79375
32.45833333333333,0.3170900985833377,1.0734828568621675,0.14822935956189345,27.1663811567275,0.8305301863134842,35.69644902322615,2.8464653615560698,493.73500000000007
32.46875,0.3341542308164166,1.0483089846376987,0.14308747717422535,27.811023065082452,0.8509178276656771,35.743237699674495,2.8443995253779493,493.67625
32.479166666666664,0.3409757249705195,1.0151551475403662,0.1383959799311034,28.449242380237372,0.8688332933353184,36.11356068792041,2.8433478420257066,493.6175
32.48958333333333,0.3633165268777836,1.0065025725966705,0.13447372480369396,28.985396065239094,0.8822330866784707,33.861126803739616,2.8398858396988316,493.55875000000003
32.5,0.3779448461344115,0.9844708061599876,0.13060335450529884,29.449787556641187,0.8926302360321984,32.01900887191917,2.838586841886631,493.5
32.510416666666664,0.3788135043018266,0.9469512966120149,0.12652215888408622,29.865231473051914,0.9009098452614602,31.394156566935965,2.838938455960027,493.44124999999997
32.52083333333333,0.39044655418831087,0.9205123569435439,0.12254604012458613,30.189414325946903,0.9065624656645178,29.56606976210027,2.837600487788511,493.38250000000005
32.53125,0.3971711522971761,0.8882733874016795,0.11875711135809316,30.450541051881604,0.9103886340644376,28.21096351390426,2.838068674279015,493.32374999999996
32.541666666666664,0.394968181931043,0.8512142389197013,0.11507445739641982,30.658643912804347,0.9126436795910116,27.53990238770761,2.839518435852794,493.265
32.55208333333333,0.40075802625121415,0.8218893375180809,0.11163716748263172,30.80437807684308,0.9133277338698882,26.431673915461914,2.619067017981054,493.20625
32.5625,0.40276705922274514,0.7919537111630524,0.10853232954291407,30.900813596128906,0.9126158427554283,25.706116175922453,2.5931857170647197,493.1475
32.572916666666664,0.3997984158393638,0.7631088254927197,0.10569198076713936,30.949163604357615,0.9105111691438434,25.197104235061378,2.570173319799311,493.08875
32.58333333333333,0.39918634639968453,0.7381608781062198,0.10317366863353611,30.950659350773215,0.9069732117573623,24.881425637085442,2.5513423906743022,493.03000000000003
32.59375,0.3991117607816107,0.717631699792377,0.10101254005494706,30.90642851644791,0.9020422209473078,24.569404145620794,2.534916004956175,492.97124999999994
32.604166666666664,0.39656663011701376,0.6997090333413413,0.09917391272267644,30.819036102168244,0.8957997995393872,24.231880392255523,2.5203929839805004,492.9125
32.61458333333333,0.3958950956798981,0.6845760617972437,0.0975343363809948,30.694145276767713,0.8885203691374916,23.72015386485462,2.5049820897159156,492.85375000000005
32.625,0.3940076157302034,0.6704245643991893,0.09608882835309085,30.5343919934722,0.8803105540223458,23.19617925485721,2.4903530358446053,492.795
32.635416666666664,0.3903651091301774,0.657011023894627,0.09480447371129892,30.34107614989676,0.8712812453532007,22.726282296108693,2.47737715791504,492.73625000000004
32.64583333333333,0.3842490312226263,0.6435688780700313,0.09363253830277139,30.108758813313905,0.8613064777868003,22.497593859008656,2.4697234126872027,492.6775
32.65625,0.37740614136840395,0.632424953732237,0.09265938566502988,29.83620364479033,0.8505195337078463,22.478884319993558,2.4671076892067325,492.61875
32.666666666666664,0.37316022193280013,0.6251074294360384,0.09191263470193908,29.533556436077525,0.8394708110853938,22.42297829361833,2.4649291187416345,492.56
32.67708333333333,0.3645298408957638,0.6176124824090786,0.09137780690365144,29.1841863031828,0.8277286549217218,22.79550972634185,2.4712230667191375,492.50125
32.6875,0.356613459896909,0.6133095474578222,0.09104657623242343,28.80255543715109,0.8159651010772221,23.34623927172723,2.480186115746735,492.4425
32.697916666666664,0.3525517876772154,0.6124131077026637,0.09094012536385962,28.403180708614006,0.8047082140206133,23.838347709036707,2.4887062746172046,492.38375
32.70833333333333,0.34165256351175594,0.6088232970666706,0.0908869454817053,27.979769397160588,0.7938633523973785,24.603371202865215,2.502101779535502,492.325
32.71875,0.33138563023806344,0.6060585907753697,0.09090612734277008,27.547563888041356,0.7839236962885923,25.487348398335474,2.5178766248446363,492.26625
32.729166666666664,0.3263445885651261,0.6061710410503398,0.09103911918766953,27.12752678739546,0.7754066583986534,26.192750545095414,2.5326019508936635,492.2075
32.73958333333333,0.317184484444451,0.603268693031399,0.0912118488440258,26.706861311587478,0.7681583424032611,27.576750828412198,2.5570129064120413,492.14875000000006
32.75,0.3112794755401776,0.6030496019303252,0.09146184533287245,26.318153624929344,0.7629095447304939,29.030177292456,2.584568203359429,492.09000000000003
32.760416666666664,0.309721721904536,0.6061900104624608,0.09183114887937564,25.98880859047139,0.7600784842683413,30.031596615143624,2.610146608581197,492.03125
32.77083333333333,0.3057582442648591,0.6069601643929893,0.0922501063451189,25.71839435936018,0.7597871006866584,31.667908512386937,2.8466058929890794,491.97249999999997
32.78125,0.30464724034108254,0.6102923601967899,0.09273986698382346,25.530977863235385,0.7622932262348177,33.166040550685636,2.8449291899867717,491.91375
32.791666666666664,0.30589211717699094,0.6157728300641115,0.09329777308798433,25.435761314993616,0.7674526389247891,34.12899195917964,2.843187334616711,491.855
32.80208333333333,0.30659144047679515,0.6198983701733386,0.09386886772582863,25.430054921245823,0.7752105030495151,35.464519703758405,2.8423878935574622,491.7962500000001
32.8125,0.3097539718834897,0.6259449187145688,0.09440960716519763,25.507718275690394,0.7849502140513963,36.11966969873357,2.8409915260433287,491.7375
32.822916666666664,0.31210974012203524,0.6305587714971785,0.09488825411823261,25.656008706272523,0.7962758805032892,36.68566037881444,2.8400593163888583,491.67875000000004
32.83333333333333,0.3162405870563295,0.6353486981456131,0.09521743243431956,25.85459798796257,0.8083701268865753,36.52718386552783,2.8386659515905603,491.62
32.84375,0.3198065967688027,0.6376564916275691,0.09536696296827275,26.08841703559436,0.8208756014499422,36.28182378788635,2.8376918715592834,491.56125000000003
32.854166666666664,0.32107223642888294,0.6366395622130168,0.09533274439813405,26.348318916424436,0.8336789217790211,36.47469477865958,2.8392407485053073,491.5025
32.86458333333333,0.3280594041812315,0.6385982711508336,0.09516095204295742,26.607184563426035,0.8458024877662872,35.92931491331448,2.8389284093684304,491.44375
32.875,0.33383191424580777,0.6372570249563769,0.09482140642821725,26.861726314412,0.8574063277096001,35.189988326375065,2.8368104851206875,491.385
32.885416666666664,0.3353814548731384,0.6317769772805115,0.09429767862891315,27.111305847504713,0.8686744168559385,34.744733246927844,2.836021688835607,491.32624999999996
32.89583333333333,0.3422951917767931,0.6292973451498747,0.09365018944247265,27.332282682077008,0.8786864225759676,32.95302192379397,2.833437378195706,491.26750000000004
32.90625,0.3465506321112669,0.6231766528655603,0.0928636179670995,27.529841997313547,0.8877473155815311,31.559725640825718,2.832834759704229,491.20875
32.916666666666664,0.34600823697304484,0.6131145784044413,0.09193758629244236,27.709890298776713,0.8961463410689128,31.042798603905823,2.8332103719206674,491.15
32.92708333333333,0.3496203145322415,0.6055561308739337,0.09090848055581081,27.85672547858225,0.9031176202621346,29.452961045648177,2.8320586841054527,491.09125
32.9375,0.35071139487794106,0.5952119601153493,0.08978009909701028,27.977183149240627,0.9089181997357423,27.879872960518494,2.8317516079227136,491.03249999999997
32.947916666666664,0.34730866254310483,0.5814670953874229,0.08856301518694214,28.08008161832838,0.9139082078449648,27.132618406188854,2.8328279095784965,490.97375
32.95833333333333,0.3474017972531711,0.5699294703500236,0.08722556708729198,28.15485259965002,0.9175112424670882,25.30262479262448,2.832154157679622,490.915
32.96875,0.3438252377916546,0.5551726478666484,0.08584236484553337,28.212676629071105,0.9202188269095266,23.832501746977226,2.8336857246678253,490.85625
32.979166666666664,0.3377596099562934,0.5388095238229429,0.08440161178452762,28.25802983168306,0.9221876482345401,22.977356559242907,2.591240855505786,490.7975
32.98958333333333,0.33517334971580565,0.5250676266824589,0.0830148976532868,28.289939274483,0.9233242234483628,22.072639888675084,2.549906676621405,490.73875
33.0,0.33316927361201465,0.5126669139367949,0.08174420318412322,28.311026197212176,0.923687562840842,21.286211794402085,2.511216637947774,490.68
33.010416666666664,0.3301029568851817,0.501266354021168,0.08057236513553977,28.322453696215632,0.9232544453173025,20.596937374082177,2.4759699484832005,490.62125000000003
33.02083333333333,0.3303555656706419,0.492801291413286,0.07957481157104115,28.325127801659306,0.9220358259686541,19.777338672018566,2.441149914523347,490.56250000000006
33.03125,0.3311571435284166,0.4859028590526908,0.07873447602949968,28.320558273084156,0.9200423689935212,18.84047537614818,2.423779301360618,490.50374999999997
33.041666666666664,0.33049149565631436,0.4796360527776224,0.07800416308733836,28.30983571996914,0.9172504764954216,17.98592314914903,2.423930192415658,490.44500000000005
33.05208333333333,0.3323967185399269,0.47563128905652174,0.07743417632102938,28.29440424413953,0.9137545884276922,17.369197523838775,2.424024251690643,490.38625
33.0625,0.3350409593017287,0.47296747264199296,0.07700174460350788,28.275300939587762,0.9095794390237439,16.97227239483494,2.42426617495247,490.3275
33.072916666666664,0.33627578153846877,0.47073302227961755,0.07666155924268972,28.253116533375383,0.9047052084006375,16.745341748748643,2.4246987570598537,490.26875
33.08333333333333,0.34060380010293334,0.4705146077482606,0.07645723528513276,28.22915774292204,0.8993220730791903,16.57613877790909,2.424792555232826,490.21
33.09375,0.3455811654524854,0.4714099079355382,0.07637894206375827,28.203372030532382,0.8933737055510875,16.472017860285092,2.4251960358502633,490.15125
33.104166666666664,0.34920661860239993,0.4728011193385978,0.07638034746418527,28.175898660254823,0.8868950557880899,16.41876636127504,2.4256340189546313,490.09250000000003
33.11458333333333,0.3559874701102383,0.4765493776044787,0.07658033848712718,28.145614719419807,0.879674356379048,16.464837563281932,2.426502115140965,490.03375
33.125,0.3649668671892147,0.4829390322015095,0.07696795092661471,28.112537391092637,0.8718359757513101,16.566119610946114,2.427113515836272,489.975
33.135416666666664,0.3731929196949187,0.49095783293620254,0.07750362947361156,28.076871637075826,0.8636167493785928,16.655797097393858,2.427377387601754,489.91625
33.14583333333333,0.3849733528717892,0.50191467135392,0.07828851970647704,28.03713470530191,0.8549202085923642,16.761917867887686,2.4278754703088024,489.8575000000001
33.15625,0.3985303129651589,0.5153775874496773,0.07926392194943223,27.99326057260415,0.8460096876709005,16.84213497654959,2.4280567320430744,489.79875
33.166666666666664,0.4108478754057263,0.5301493722008508,0.08038849204955449,27.944372338624667,0.8369749039230957,16.89618942932344,2.4282320698948023,489.74
33.17708333333333,0.42638214506469135,0.5476594442470306,0.08171875225742291,27.889825983689033,0.8279427587583018,16.922734783263675,2.428357158554898,489.68125
33.1875,0.44294630902769244,0.5674236725249002,0.08322769622805476,27.828950024873613,0.819010507688671,16.92725539447103,2.428478317516991,489.62250000000006
33.197916666666664,0.4587044597806525,0.5888055090097971,0.08488814764560847,27.7607946167124,0.8102183138472648,16.925872787280564,2.4286695305792128,489.56375
33.20833333333333,0.4765089648794542,0.6132764820261786,0.08675775043453965,27.685702418773943,0.8017415682520281,16.90074595476408,2.428720048168809,489.505
33.21875,0.4954381338077264,0.64060374629676,0.08882951138078123,27.603825821037606,0.7936679754216873,16.84899235548942,2.428758249408886,489.44625
33.229166666666664,0.514561805925236,0.670352473686506,0.09110916507467251,27.513750768256624,0.7859197787926796,16.805669773221226,2.429028904986265,489.3875
33.23958333333333,0.5357541507229003,0.703254096051085,0.09349880244730581,27.423489607300095,0.7791203927056776,16.63720357919035,2.4283559740024856,489.32875000000007
33.25,0.5566297492144869,0.7374663399472859,0.09606303134901138,27.33078883764723,0.7729600156623947,16.42866900346034,2.428363989245236,489.27
33.260416666666664,0.5774072114624627,0.7729670698146525,0.09881037306053243,27.23158876471075,0.767131975017722,16.270463503326425,2.4290785776916652,489.21125
33.27083333333333,0.598935386609461,0.8118632426044884,0.10177015976562245,27.127531351830793,0.7617252019673924,16.145440112204362,2.21131073904612,489.15250000000003
33.28125,0.6205901831040567,0.8551557742518353,0.1051301280652217,27.0135158967043,0.7564920064474975,16.104502586418853,2.2043836940127974,489.09375
33.291666666666664,0.6470311086387327,0.9051682286875552,0.10888302276088078,26.893391169033155,0.7516279868867533,16.0899469037256,2.1974608591073554,489.03499999999997
33.30208333333333,0.6664989273259514,0.9608355973490704,0.11339750072355889,26.75623283490598,0.746747186739287,16.201196613278526,2.197289798267646,488.97625000000005
33.3125,0.6714213833632818,1.0220635429536316,0.11866392328602222,26.60141151181161,0.7419451217863101,16.434066029771664,2.202487891318699,488.91749999999996
33.322916666666664,0.6896886181238635,1.095846416075174,0.12471109410812568,26.441741679791487,0.737638523196639,16.63481032451527,2.205643878096355,488.85875
33.33333333333333,0.6383583585857499,1.1562053992712586,0.13185507819869663,26.249695209703496,0.7331815195385998,17.121208883726187,2.4357762769250737,488.8
33.34375,0.5743667831741666,1.2147913930235454,0.13951506662322818,26.04144906168062,0.7291233747120245,17.78491919767876,2.4360081037700603,488.74125
33.354166666666664,0.550602381770612,1.289315305830607,0.14800226384757978,25.841139353286003,0.7259475429082703,18.303125470349773,2.43491787848001,488.6825
33.36458333333333,0.47700282733569865,1.3229429869590716,0.1567310892788318,25.619503855642115,0.7233948040812438,19.41355851365475,2.4371258339753994,488.62375000000003
33.375,0.41729529047831676,1.336921976768145,0.1633587006932831,25.423604905577353,0.7225016349357345,20.80412560524081,2.437472004994964,488.56499999999994
33.385416666666664,0.3939880147231681,1.3580540580510398,0.16860317381630588,25.295852670408163,0.7238838255129294,21.73586740909942,2.436265877551664,488.50625
33.39583333333333,0.36218830997475693,1.3403606014445528,0.17145442171787634,25.253360278609385,0.7283295594823279,22.948895317583208,2.4379522009404146,488.44750000000005
33.40625,0.3517498306625464,1.3207479757012435,0.17154234863225798,25.328634670339156,0.7361388749368198,24.170489103582558,2.4627221825448973,488.38875
33.416666666666664,0.3486546740615924,1.3005771084159146,0.17019166607762704,25.523624763243628,0.7470722532594003,26.105057763528723,2.4990551616313184,488.33000000000004
33.42708333333333,0.3581494163110374,1.2799312952677353,0.16775481674288276,25.82866560494734,0.7607748098357452,28.406668813653134,2.538992254938708,488.27125
33.4375,0.37380685989735823,1.2620997320543779,0.1643309312120913,26.20468989601895,0.7758419399149464,29.720420965079814,2.5712138932463717,488.2125
33.447916666666664,0.3789003944812106,1.2307069159877724,0.16030984179743574,26.635975080444002,0.7919422862292443,30.794670761780942,2.6024767374476614,488.15375
33.45833333333333,0.3993104384915963,1.2175697157332221,0.15628265846167347,27.052310049012323,0.806720139901052,30.100239815623897,2.6140208534796128,488.095
33.46875,0.4137695996121274,1.19462491152562,0.15228780690631932,27.45473797290715,0.8204194764564054,29.319760346664975,2.618261646111381,488.03625
33.479166666666664,0.4160078417994489,1.1593058273445458,0.1480879813169309,27.847204445359203,0.8332124758495757,29.119019156755552,2.6229660851896384,487.9775
33.48958333333333,0.4302785442274159,1.13554733461105,0.14411329180777374,28.196367250664437,0.8440241276383633,28.313115925624498,2.6177361045156755,487.91875
33.5,0.4426266938153852,1.1115333142474675,0.14059335325829653,28.509477349585605,0.8531025445462336,27.620415239489162,2.6098501197741495,487.86
33.510416666666664,0.4456535867388017,1.0836624878783139,0.13731168100225385,28.79007880072526,0.8605169209805991,27.292232241433894,2.6032261456156727,487.80125
33.52083333333333,0.4596269290257552,1.0650190522934098,0.13444576939337682,29.02707778167105,0.8659597768565567,26.767464339257966,2.5930432309971914,487.74250000000006
33.53125,0.4740901068205278,1.049226427056267,0.1320953047896907,29.225588209993536,0.8695694287577483,26.405164242772546,2.583746686207876,487.68375000000003
33.541666666666664,0.48076519197508544,1.0330520592100745,0.1300348592458135,29.38466376441284,0.8713381258287167,26.169698493700217,2.575553622156319,487.625
33.55208333333333,0.4979071194163136,1.024244408178841,0.1283470893100484,29.501210687167152,0.8713077244960754,25.78646036796895,2.5656066682529057,487.56624999999997
33.5625,0.5166857805085474,1.0199253589796888,0.1269219160480743,29.57474559585821,0.869737904211885,24.955093598718047,2.549120008221263,487.5075
33.572916666666664,0.5238922533764643,1.01073701508696,0.12573669471754972,29.612658746414922,0.8667601109509367,24.400027004002155,2.5346496440686326,487.44875
33.58333333333333,0.5382417755940253,1.006766187103519,0.12432453913816327,29.616647051180163,0.8630916319109234,22.984411142185206,2.5052466592917773,487.3900000000001
33.59375,0.5443706652931564,0.9962810871020873,0.12301911685939632,29.595496227478417,0.8587599366687367,21.667577765342916,2.4735970004112575,487.33125
33.604166666666664,0.5429249014847501,0.9808722276285995,0.12167961573381453,29.55030759879477,0.8536590895713194,20.645483246283888,2.444871249495966,487.27250000000004
33.61458333333333,0.546717645217634,0.9678360384109209,0.12029085170636333,29.483864560515855,0.8480249065938797,19.565609565429526,2.4254396507410028,487.21375
33.625,0.5514632663620777,0.9570838834433796,0.11912148135893605,29.396374979336425,0.8417999401266881,18.585364847143172,2.425344534159481,487.15500000000003
33.635416666666664,0.5533759422448813,0.948379381716831,0.11818099076113679,29.288315237834905,0.8349862192968638,17.947388107576344,2.42569615909085,487.09625
33.64583333333333,0.5576109365422325,0.9434592457137922,0.11738982570302536,29.166032855890464,0.8279095702768403,17.49148002055395,2.425520790699307,487.0375
33.65625,0.5584206545371796,0.9400625767873045,0.11683778968883331,29.031451602606868,0.8205864039513556,17.151356276442808,2.4255039701899026,486.97875
33.666666666666664,0.5572878055402279,0.9375157269817308,0.1165268368807854,28.882410564846822,0.8128384173593133,16.9466255127312,2.425928661299183,486.91999999999996
33.67708333333333,0.5515115795460864,0.9357187726277432,0.1162122709647106,28.72919297238921,0.8051366182970505,16.72449468132028,2.4256556879884226,486.86125000000004
33.6875,0.5390451048963409,0.9323956928538615,0.11603255803984816,28.567766301276446,0.7972185007469391,16.553453762533973,2.4259827362248116,486.8025
33.697916666666664,0.5300175061160475,0.9305332556541119,0.115984121721346,28.397648747963064,0.7890225358640829,16.450935521507546,2.426491706089173,486.74375
33.70833333333333,0.5070530639382571,0.9246492629761154,0.11580981118354126,28.22239391626508,0.7806823406769382,16.380831295021125,2.4268572279825937,486.685
33.71875,0.48034657472007836,0.9162211710929077,0.11561010865966743,28.038152807187085,0.7719754739358731,16.383503328201172,2.4276089579299,486.62624999999997
33.729166666666664,0.4637835281717484,0.9110418862150161,0.11545533904812431,27.850765251345774,0.7631303582449399,16.40742939565166,2.4280478972789035,486.5675
33.73958333333333,0.43690362740883343,0.8986119036560832,0.11538266432884595,27.63051164446067,0.7526629999972168,16.762328592631313,2.4304662811209803,486.50875
33.75,0.4176303635605079,0.8908982738237984,0.11531969754021693,27.396377714508294,0.7413099511998305,17.318130506673693,2.4315436186250245,486.45
33.760416666666664,0.4101222500515068,0.8924439568745629,0.11549008084248154,27.175002233276356,0.7301512412088433,17.7616151369542,2.431202358594404,486.39125
33.77083333333333,0.3979862577106596,0.890246418576123,0.11599920455604168,26.94952720472996,0.7179861397728418,18.462438762731487,2.432754096803097,486.3325
33.78125,0.39273345327012565,0.894017291354918,0.11661596427985847,26.753458403373855,0.7060867281844722,19.188400253573878,2.432922411297814,486.27375
33.791666666666664,0.39315267576679036,0.9034479680914954,0.11743347050624767,26.60857881191604,0.695373950381993,19.670123271100085,2.4323016542912925,486.21500000000003
33.80208333333333,0.3905186822985702,0.9091906973566598,0.11843987883216209,26.517704696103774,0.6855223635940157,20.27772021364214,2.4330581316078415,486.15625000000006
33.8125,0.3939280263418843,0.9194259081384936,0.11940818092825746,26.497039924868915,0.6776269544748613,20.713855047691826,2.4325971310780465,486.09749999999997
33.822916666666664,0.39782759451654187,0.9299658961225218,0.12040215459915692,26.545084229923667,0.6719178417914182,20.952647135222414,2.4321393302871694,486.03875000000005
33.83333333333333,0.4052927274255651,0.9407914299731047,0.12130332914128161,26.65341367809022,0.6684809624294089,21.00320549908557,2.431537538552955,485.98
33.84375,0.4136353202102172,0.9498775453753874,0.12205932667472225,26.81062250586266,0.6671742418611218,20.955072007293733,2.4329101283804073,485.92125
33.854166666666664,0.4189209500558972,0.9554657022805495,0.12262657435189481,27.006343438711745,0.6677920602852166,21.01971727690699,2.4397552746748747,485.8625
33.86458333333333,0.4331802649354364,0.9648289493695793,0.12314235189497476,27.22341334940471,0.6700244533275612,21.180310991063028,2.4449565062170255,485.80375
33.875,0.44952454421630206,0.9746429917772741,0.12367297175558487,27.452201586627645,0.6735316871403877,21.36439873834272,2.44877100653858,485.745
33.885416666666664,0.45990644411834386,0.9811483084353912,0.12411945935235469,27.687123507403506,0.6780567531280968,21.583716490449714,2.4528630273911443,485.68625000000003
33.89583333333333,0.48063150769915913,0.9934714915297673,0.12453151649595877,27.907400925819555,0.6829994280603279,21.41945189172669,2.449126748571205,485.6275
33.90625,0.4993370557834489,1.0037253294045978,0.12494033480608374,28.113479875582726,0.6881630299821471,20.986341032316425,2.4410780961497047,485.56875
33.916666666666664,0.5092432831496881,1.0081077412823338,0.12523204700029758,28.310904860075254,0.6935605645889223,20.533469693434018,2.433848923818197,485.51
33.92708333333333,0.5266900530232791,1.0165949402436134,0.12532234849231522,28.48235539393011,0.6985878267421007,19.70468984816985,2.4268444426496893,485.4512500000001
33.9375,0.5414007070955926,1.022223749593046,0.12535732082332224,28.633597560702263,0.7032753704197116,18.831663806170624,2.425988960903269,485.3925
33.947916666666664,0.5474798427900764,1.0215558021798208,0.12528733884744145,28.774878561528602,0.7078589523251749,18.276139585845154,2.4262598211935744,485.33375
33.95833333333333,0.561568113968228,1.025674571026406,0.12492757600578291,28.889430100854234,0.7117095491605556,17.6106460259761,2.4246520643210827,485.275
33.96875,0.5700519449920589,1.024941908868212,0.12463978471406612,28.991373860836294,0.7152228740831573,17.07014948177352,2.424525459231364,485.21625000000006
33.979166666666664,0.5727229931248319,1.0200942299473854,0.12423832658322881,29.085814518751015,0.7185287982534908,16.729678954278775,2.4250499354216504,485.1575
33.98958333333333,0.5809188278558931,1.0180747055434756,0.12404824521454104,29.17624324950571,0.7217056811474536,16.619176380250472,2.4260970616588926,485.09875
34.0,0.594585602667988,1.022468135683584,0.12419257967630844,29.261324623037012,0.7246509643142282,16.668103951763655,2.4269879845099873,485.04
34.010416666666664,0.6074911572589167,1.0321176873894444,0.12463186156352442,29.33775264547315,0.7271876247517522,16.742372718782153,2.4273226099768372,484.98125
34.02083333333333,0.6298457268647569,1.0505495631895532,0.1256099446885955,29.404230361500883,0.7292245076606512,16.758908111103406,2.4273375029067648,484.92250000000007
34.03125,0.654508717417763,1.0743748019438137,0.12697137316302815,29.459857238059428,0.7307191617849439,16.66414030447371,2.427025779678551,484.86375
34.041666666666664,0.6731858836070994,1.0975578207580763,0.12866531384682203,29.508185112258364,0.7317663015247222,16.584118370375272,2.4274603671614154,484.805
34.05208333333333,0.6975292520183893,1.1259937397153308,0.1304460236394024,29.545566048201675,0.7323224149425899,16.371436829393854,2.426754040670616,484.74625000000003
34.0625,0.720045873778445,1.1544357765657085,0.13257437057210866,29.575836772781635,0.7325089447854053,16.16276727592548,2.427068309302359,484.6875
34.072916666666664,0.7391058123561424,1.1820398003743153,0.13486135599830087,29.60011880535444,0.7323590339496645,16.01881165944411,2.4278644501640216,484.62874999999997
34.08333333333333,0.7649765908689856,1.215670802187352,0.13740387809609722,29.617529106567797,0.7319164048169675,15.873708490614936,2.42819342640645,484.57000000000005
34.09375,0.7936168360624831,1.2539630389280934,0.1404558621483109,29.629086486107383,0.7312100928089026,15.760799022820832,2.204908011363344,484.51124999999996
34.104166666666664,0.8215686179439681,1.2953505920567108,0.14392781916704692,29.63502771245455,0.7302527591915934,15.69029348170786,2.1927902513954605,484.4525
34.11458333333333,0.8576501274953163,1.3444707238897762,0.14811030457959384,29.63533481316057,0.729051615688628,15.661478470128152,2.182003239567407,484.39375
34.125,0.9001930555011713,1.4018159177996274,0.1530935232060186,29.629943877824218,0.7276200772959412,15.66309160270485,2.1723416219869245,484.335
34.135416666666664,0.9439413133718275,1.465086888131621,0.15881154040819734,29.618999072121795,0.72598976674786,15.675008302563825,2.1630584444385588,484.27625
34.14583333333333,0.9969806361076582,1.5378956251060563,0.1654816883689622,29.603243113782213,0.7242337480642554,15.663565633229785,2.1523253683088033,484.21750000000003
34.15625,1.0547620361879073,1.6177945374086693,0.17315236307532897,29.583528623244707,0.7224028850406722,15.62187746300689,2.1398898978752836,484.15874999999994
34.166666666666664,1.1114431566335874,1.7001744190385024,0.18190000923540367,29.559650905761373,0.720459419686416,15.587200353087894,2.128377898785659,484.1
34.17708333333333,1.1756151145179783,1.7897466682699463,0.19145543014646127,29.5339743880792,0.7185724691113624,15.506250775929063,2.1126216664094013,484.04125000000005
34.1875,1.2408458719753657,1.8819428168078232,0.20233418791702604,29.50623237547247,0.7166962351859892,15.418243712467053,2.0958420559258024,483.9825
34.197916666666664,1.3052029739536164,1.9743165957724127,0.21449792593282643,29.475755104112718,0.7147814849459672,15.35112339039234,2.080159350608132,483.92375000000004
34.20833333333333,1.373932779907914,2.0713273795116964,0.22762263684194284,29.445016912535365,0.7129748635078975,15.26637401156416,2.0609330050196806,483.865
34.21875,1.4431085974088336,2.1694781736576387,0.2424559081532231,29.413294000142507,0.7112201329911239,15.188557828931765,2.0409750770650392,483.80625
34.229166666666664,1.512499419157276,2.2671328362383263,0.2590313783064371,29.379778464955038,0.7094705933076075,15.130040346411889,2.040619867376047,483.7475
34.23958333333333,1.586370983505445,2.3683836969800836,0.2770227522332555,29.34677059908714,0.7078393933145116,15.06829170833913,2.0424476163340386,483.68875
34.25,1.6614618804350134,2.4703818116093177,0.29742524048480157,29.313465824785556,0.7062752463337573,15.02312915194608,2.044786869360897,483.63
34.260416666666664,1.7369358789239724,2.571422133205466,0.320348630016576,29.279086868982304,0.7047371214173858,15.004102060361244,2.047473104191381,483.57125
34.27083333333333,1.8115979362864985,2.6724558598942236,0.3462929620645611,29.243170168815904,0.7032035731897157,15.01203753582973,2.0502861008635076,483.5125
34.28125,1.8851377526976025,2.773621136003293,0.37620411202717646,29.20457022042051,0.7016284551776862,15.049589343104271,2.0531503596471206,483.45375
34.291666666666664,1.9649723185851227,2.878203766094268,0.4094382567378837,29.165447126768505,0.7000981348056008,15.097094619840231,2.0553206645930215,483.395
34.30208333333333,2.026470878887874,2.977181305708304,0.4496449325793498,29.121528013041626,0.6984459439723396,15.179025050084164,2.057962090407089,483.33625000000006
34.3125,2.0570940884236566,3.0696638972017323,0.4937027074343305,29.07525001185964,0.6967639293557562,15.27762047358543,2.0591043922862533,483.27750000000003
34.322916666666664,2.1024480562935737,3.1665869730376066,0.5423593213600153,29.02990198720324,0.6951569924081976,15.367545792919364,2.059242349854654,483.21875
34.33333333333333,2.008470479788067,3.2189495734149545,0.594428507821184,28.981091415726787,0.6934510096220448,15.48832960944451,2.059967236808946,483.15999999999997
34.34375,1.8520538045963617,3.2427693528843107,0.6424012522599734,28.93226536051767,0.6917388040977543,15.627648686840304,2.059109538932703,483.10125
34.354166666666664,1.7604083257838408,3.276639200483641,0.6882064587390166,28.888879086463927,0.6901705051875042,15.742737648985358,2.057137506768588,483.0425
34.36458333333333,1.5152258640044831,3.224769894434466,0.7234792808037624,28.845155804542433,0.6884419322587515,15.991962307095294,2.057020394722874,482.9837500000001
34.375,1.2557383116802265,3.1242057703458705,0.7197871086582764,28.816557964888386,0.6869259162149093,16.334787045939876,2.055884362527146,482.925
34.385416666666664,1.0968115419185642,3.0338995286541697,0.6907897095764742,28.8173594591179,0.6859770322205117,16.627949355898487,2.0718084761644375,482.86625000000004
34.39583333333333,0.8991169300412017,2.877912758244031,0.6384014655493213,28.866619793391955,0.6857884723785994,17.095917288586115,2.110313599531501,482.8075
34.40625,0.7647689192288973,2.7133913996866807,0.5636718476270203,28.987066707776325,0.6868407007087144,17.69570047214177,2.1490237726985875,482.74875000000003
34.416666666666664,0.6817501433871511,2.5615507582958883,0.49117696125360893,29.19124264082442,0.6893410833336143,18.28022242010329,2.1816777944583983,482.69
34.42708333333333,0.6203518283270324,2.4014373470843355,0.42619328148396957,29.50398552465778,0.6935708059240766,18.90323990636774,2.2151341471334445,482.63125
34.4375,0.5864106149606204,2.2571380081906063,0.3704059118650516,29.913147902361953,0.6992419780268656,19.325834144924105,2.4396860076641795,482.5725
34.447916666666664,0.5540063523021078,2.119658743114224,0.3262625338611956,30.418357025662672,0.7061545870140531,19.59909885321245,2.437909481764286,482.51374999999996
34.45833333333333,0.5462849061653484,2.0120783153378983,0.2922448437128936,30.971332863512426,0.7134525382747745,19.54223861882498,2.4356549306936532,482.45500000000004
34.46875,0.5396609268463219,1.9140272771889146,0.26619530250609996,31.56686367267733,0.7209083746592561,19.35512620978932,2.434370753947283,482.39625
34.479166666666664,0.5247151627598642,1.8177404611264403,0.24515455486273022,32.205626773612096,0.728375085814442,19.21705346157557,2.4337993322925917,482.3375
34.48958333333333,0.5310069379912181,1.7429675141014134,0.22832689819273452,32.84712563778127,0.7352702977289293,19.013107299700607,2.432775097990687,482.27875
34.5,0.5418614824465577,1.6792061574245127,0.21506664629694938,33.48786353058618,0.7415092434799018,18.81148098241385,2.432214975462791,482.21999999999997
34.510416666666664,0.5416754137694619,1.6171495922899577,0.20402129400429342,34.12603987132193,0.7470348545235812,18.678432249485684,2.4320140941771804,482.16125
34.52083333333333,0.5580461215913357,1.5683506183896565,0.19515986882822176,34.755502399671,0.7517611323121842,18.631784321239177,2.4319769478903104,482.1025
34.53125,0.5797666238283117,1.530404580557876,0.18827739370954513,35.373576649288545,0.7556383167578992,18.695923625392773,2.4321528529017056,482.04375
34.541666666666664,0.5919721183554333,1.4986744275070132,0.18263822904815422,35.954340443325165,0.7585115711991356,18.757171373944516,2.43191215492058,481.985
34.55208333333333,0.6228279681805569,1.4800228806149032,0.1787598712922644,36.506447850677766,0.7604445531092767,18.913720747078575,2.432205285760375,481.92625
34.5625,0.6632171777970728,1.4781882607483163,0.17616382096746877,36.98946968991662,0.7613666304545958,18.93003757336998,2.4314910252528215,481.8675
34.572916666666664,0.6867884075380188,1.4756919473158936,0.17456043500964047,37.414358258378805,0.7614223716124826,18.914779602059582,2.4313131267948966,481.80875000000003
34.58333333333333,0.7235191895676871,1.4841652182615115,0.17339069035239763,37.754095549591355,0.7607790512785991,18.651148862704968,2.4300520723329417,481.75000000000006
34.59375,0.7547517810622346,1.4923075827824253,0.17289133835592774,38.029246301073,0.7596066107506321,18.31824597408059,2.429512802264248,481.69124999999997
34.604166666666664,0.7710704516130391,1.494642940238613,0.17265175963646934,38.25420228913788,0.7579596537569416,18.085843840994933,2.42967173755701,481.63250000000005
34.61458333333333,0.7983554655273801,1.5049505685534246,0.1721574256750774,38.41379932394648,0.7561314515494935,17.66574523514058,2.4283423740388237,481.57375
34.625,0.8193976934487212,1.5129673818028329,0.172107332124572,38.52913906620285,0.7541367412589761,17.233414696785616,2.428012777962612,481.515
34.635416666666664,0.8292611053429014,1.5154556065426077,0.1722326429686153,38.61176101416212,0.751905966061849,16.936399596989617,2.428580867382253,481.45625
34.64583333333333,0.8400693629863079,1.5193261512630813,0.17220557242206638,38.662281040365194,0.7495433833927317,16.69005293841563,2.4287408888859914,481.3975
34.65625,0.8459892107806288,1.522711441711599,0.1726147992471578,38.68628948757439,0.7469279186914969,16.57042308571266,2.4296640227864126,481.33875
34.666666666666664,0.8522466126758464,1.5300434804897007,0.17326639940062255,38.68478098518866,0.7441172852330886,16.51043412008431,2.4302498706254676,481.28000000000003
34.67708333333333,0.8530388557926415,1.537872181899195,0.17444420303070998,38.65876096693754,0.7409679040490277,16.569142625141428,2.4313605458279532,481.22125
34.6875,0.8480797123694013,1.5493958691419927,0.17596970967979098,38.60977069874373,0.7375452893034807,16.67624280108352,2.431969189533621,481.1625
34.697916666666664,0.8487433125299673,1.5671272286285778,0.1780021705761862,38.54169369861922,0.7339275654527685,16.76479182958275,2.432213601437351,481.10375
34.70833333333333,0.8170208631627585,1.5737111049463954,0.18001465252428822,38.45425327904815,0.7299755552460039,16.911908993662834,2.432934131236886,481.0450000000001
34.71875,0.7787797377750083,1.5764310962133679,0.1816957849418176,38.35185640228759,0.7258044197912258,17.070153087775573,2.433203039599121,480.98625
34.729166666666664,0.7570070070127908,1.5832998986528575,0.1833780725926341,38.239972106909164,0.7215532233116732,17.18601064761526,2.433148545265887,480.9275
34.73958333333333,0.7223351009693137,1.580009523553096,0.18449288255705024,38.11937895279137,0.7172002414100677,17.31644418387017,2.4333966327659313,480.86875
34.75,0.6897433307870277,1.5707905249720078,0.18477303580253546,37.995005764843086,0.7129020846094202,17.439949550396435,2.433403900845955,480.81000000000006
34.760416666666664,0.6695859796504116,1.5619840585921172,0.18458400968997524,37.871885537736226,0.7088246796126152,17.526562876456858,2.4332252014157043,480.75125
34.77083333333333,0.6370439555066062,1.5381756640374262,0.18364619084511163,37.74492566201962,0.704821154765124,17.767926738157172,2.4339971288467406,480.6925
34.78125,0.6093638300977554,1.5095147487255562,0.18170801104770257,37.62106748134768,0.7011572951117776,18.124111111157852,2.4343046466150375,480.63375
34.791666666666664,0.5939063342380616,1.4864470332770179,0.17933512743294946,37.510768048432936,0.6981695423454553,18.39549371643507,2.4337485550798865,480.575
34.80208333333333,0.5750821174001484,1.4548276828222368,0.1768425805963116,37.410038514108685,0.6957888573972136,18.827911621804773,2.434387190041062,480.51625000000007
34.8125,0.5675181994157915,1.430394781761308,0.17388234615601988,37.330076153396135,0.6943145304113453,19.12789062479039,2.4336459591165407,480.4575
34.822916666666664,0.5606349102549973,1.4069370068797244,0.17107377535121224,37.27006445081327,0.6937095041329485,19.303052022261397,2.43311809905701,480.39875
34.83333333333333,0.5595646557551619,1.387578020216713,0.16822301478921706,37.22951577484785,0.6938937869462964,19.256566980490053,2.4320903756751817,480.34000000000003
34.84375,0.5574831644872312,1.3664350280555655,0.1654107488637606,37.20373742656813,0.6947222626745543,19.098274414481846,2.431407786059512,480.28125
34.854166666666664,0.5514132985366791,1.34116895524647,0.16256603031295686,37.188312216674966,0.6961040819013226,18.979833354042718,2.431246345548089,480.22249999999997
34.86458333333333,0.5518296051548542,1.322239373938387,0.15955157806139797,37.18031768642049,0.6977864019569375,18.639440587878983,2.429878062938962,480.16375000000005
34.875,0.54807498930616,1.299733883689581,0.15669284956482743,37.17580358976314,0.6996921602069677,18.2555485926779,2.429313452699656,480.10499999999996
34.885416666666664,0.5397596627985237,1.2721233826912455,0.15381792969960403,37.172359575907336,0.7018209404104255,17.995549454090707,2.4295005191534775,480.04625
34.89583333333333,0.5383453415566694,1.2502899017186728,0.15088641697033559,37.16876927136716,0.7039439085346152,17.65898262702591,2.42870162268561,479.9875
34.90625,0.536243625276377,1.2275884360943763,0.14822893051276378,37.16410771290465,0.7060894460552042,17.360327012915196,2.4286762430122386,479.92875
34.916666666666664,0.5309377378395354,1.2030211764678898,0.14565989173915694,37.15790669422937,0.7082656532649484,17.164385640760955,2.4290771808838176,479.87
34.92708333333333,0.5340842599501995,1.1852242939267583,0.14330269287260855,37.15053390141361,0.7103236582990562,16.950736568079098,2.4288581335671946,479.81125000000003
34.9375,0.5380563862902317,1.1693872218333157,0.1413282128046652,37.14207163260448,0.712297681475036,16.779253408438873,2.4291858397962267,479.75249999999994
34.947916666666664,0.5383862966695401,1.1536055388887507,0.13953740926127278,37.13279403308845,0.7141747136364571,16.669700488801087,2.429706361450233,479.69375
34.95833333333333,0.5470202991789221,1.14432375334815,0.13813310666317738,37.12326649417985,0.7158901193632908,16.58172587918368,2.4300364319362515,479.63500000000005
34.96875,0.5577935650266956,1.1391861688291318,0.13715243418900624,37.113732728246895,0.7174336114050147,16.52830139069392,2.430561492236669,479.57625
34.979166666666664,0.56462079230998,1.1354248703346246,0.13641339535041247,37.10444794247879,0.7187685160197207,16.500267817428096,2.431064887850697,479.51750000000004
34.98958333333333,0.5791763222126676,1.1373869220774464,0.1362036739171296,37.09523667385855,0.7198876685692501,16.534359163022604,2.4318397447517426,479.45875
35.0,0.598186989952674,1.1455785791294293,0.13645356633569172,37.085987803180494,0.7207354001852075,16.60533857715306,2.432383882074983,479.4
35.010416666666664,0.6135160812495617,1.1566557140330092,0.1369977060678944,37.07634902467049,0.7212676679011848,16.66688568934728,2.432618969947478,479.34125
35.02083333333333,0.6380915282188249,1.1749264222968037,0.13812098981323367,37.06544116479837,0.7214737788243802,16.720680202014286,2.2170126885370376,479.2825
35.03125,0.666149888270226,1.1987603766671073,0.1396758184992598,37.05238245422865,0.7213535025372337,16.738066884705287,2.214429026854633,479.22375
35.041666666666664,0.6882495409998269,1.222906605026142,0.1415150589140018,37.035803475316875,0.7209208702039377,16.74468369295006,2.212134636658931,479.165
35.05208333333333,0.7184321209868735,1.2528700779480655,0.1437671354613124,37.01469891481183,0.7202071042658936,16.720244665119672,2.2087334519930675,479.10625
35.0625,0.7504371369674284,1.285900090420132,0.14650215274601938,36.987075335385576,0.7192164239176052,16.719347761930358,2.206831525408959,479.0475
35.072916666666664,0.7783288469741948,1.3201263559159924,0.14944512949981445,36.95175438228061,0.7179837218215187,16.72211512126775,2.2049225214733577,478.98875
35.08333333333333,0.8161538148695531,1.3610571476089424,0.15316822515508782,36.905572015649284,0.716482315810231,16.788586063223832,2.2061174801399113,478.93000000000006
35.09375,0.8607162624998287,1.410227032918784,0.1575576140090613,36.84734014353006,0.7147608107554492,16.874744298146954,2.2078797724079826,478.87125000000003
35.104166666666664,0.9021321658471625,1.4632562151811694,0.16248725359202495,36.77632110003253,0.7128747981626296,16.940876233560388,2.2090313898381804,478.8125
35.11458333333333,0.9496470850244262,1.5239460452987303,0.1684853227508227,36.68982295567464,0.710825965088417,17.014723434300304,2.211235797368647,478.75374999999997
35.125,1.000703820337812,1.592197178827932,0.1754842675737239,36.58714449230821,0.7086675711583511,17.078418293977702,2.213299650744214,478.695
35.135416666666664,1.0503025629950307,1.6640307258643612,0.18333597710197522,36.46775709883641,0.7064477631088626,17.12007243415452,2.2148024435751474,478.63625
35.14583333333333,1.1081469442137415,1.7439942735560225,0.1923815613968019,36.3331085057083,0.7042377943813446,17.11088329859951,2.214486205245553,478.5775000000001
35.15625,1.172137012469421,1.830153376532958,0.20270526019979276,36.18392048734892,0.702078673908653,17.053316268124906,2.2124670178388324,478.51875
35.166666666666664,1.233272679144692,1.916553144667115,0.21425580396091035,36.01722039934574,0.6999564213564943,16.999585351697842,2.2107442620871156,478.46000000000004
35.17708333333333,1.3057097289204582,2.0099520352390243,0.22703145128884633,35.83957184909413,0.6979699053818145,16.89122353439903,2.2060243887632356,478.40125
35.1875,1.380243810442955,2.1055687845494497,0.2416785191831983,35.646724723300856,0.6960776592342306,16.78848263672773,2.2014399294274853,478.34250000000003
35.197916666666664,1.4516069355278631,2.2005056709253705,0.25788044379510233,35.43755976568017,0.6942823711284722,16.71076227881685,2.1973116662595698,478.28375
35.20833333333333,1.529462619125374,2.300239790195221,0.2762555506484504,35.21420515997346,0.692609919631752,16.642818738400702,2.192824449544664,478.225
35.21875,1.610003085470533,2.4034877646629944,0.2972931566766419,34.97677392218376,0.691061666969695,16.58541112891612,2.188329904051751,478.16625
35.229166666666664,1.6888916505779414,2.507007500733364,0.32106128930863387,34.72524033523712,0.6896353784242738,16.54191261580064,2.1841198875469594,478.10749999999996
35.23958333333333,1.7664796737048436,2.612182201975982,0.3479648259872881,34.46362255726266,0.6883454094640667,16.49176497202624,2.1792109967863347,478.04875000000004
35.25,1.8419780596679958,2.7171386450306096,0.3785892753866263,34.19196544537968,0.6871787709174645,16.44250773145723,2.1742223671947425,477.99
35.260416666666664,1.9174393346983831,2.8205398322656787,0.4130476971972069,33.91030373190778,0.686122490929517,16.402514197109983,2.1695372184702246,477.93125
35.27083333333333,1.974406301656922,2.9153474672163995,0.4549750822966243,33.59064530403473,0.6850771917481093,16.52583051425564,2.173258453847839,477.8725
35.28125,2.0253353380997776,3.0096747852863728,0.5034912432832306,33.23139900575048,0.6840559613597564,16.82182995286665,2.183817136468422,477.81374999999997
35.291666666666664,2.0960306669568642,3.1154855945413975,0.5564402559242401,32.86467060326095,0.6831424250259648,17.08039202271602,2.191648169849124,477.755
35.30208333333333,2.1078394708847767,3.199300335180858,0.6267449978528068,32.42713658944098,0.6821834520882318,17.687730289917177,2.214910536108243,477.69625
35.3125,2.056520384559877,3.266884535275508,0.6977700413271855,31.954848079754377,0.6812833884400791,18.452940960760255,2.43927252729148,477.6375
35.322916666666664,2.050507078922197,3.348802289776427,0.7733915763022027,31.48351554349283,0.6805399508620152,19.026586399011777,2.4378369770729593,477.57875
35.33333333333333,1.7830731418867567,3.327742025696293,0.8422003637808573,30.95769045259781,0.6799847009945381,19.933903520430352,2.438731015254043,477.52
35.34375,1.4590792122065452,3.2588230949965564,0.8837109943051878,30.407512094702902,0.6799473943909976,21.033271019390565,2.4388522357709466,477.46125
35.354166666666664,1.2867022548694238,3.226825643657954,0.912237125306039,29.8846839541825,0.6808668556302612,21.759406610441715,2.43768963391873,477.40250000000003
35.36458333333333,0.9548217985737939,3.044345119273633,0.8924894790364875,29.306058485007085,0.6840406757719059,23.776147739384992,2.441622377824929,477.34375000000006
35.375,0.7098404025800337,2.8207798949656726,0.7945915086535605,28.787635652088674,0.6912197690041104,26.674605162322464,2.4837339952477366,477.28499999999997
35.385416666666664,0.5992864812721407,2.6414695277880864,0.6796295357913837,28.42379361268645,0.703330188473232,30.539565795244606,2.540451267513999,477.22625000000005
35.39583333333333,0.5079828892420062,2.4267059848065644,0.5606214933321771,28.235007397665555,0.7216079561462967,35.02501603240197,2.609263548167427,477.1675
35.40625,0.4640215749557209,2.2341397341297453,0.4563495361353604,28.242083960454643,0.7445465234272893,37.77068908833334,2.8536160550791223,477.10875
35.416666666666664,0.43156153988366425,2.0523866327393616,0.37828500379695446,28.417567359909544,0.7707727670823795,39.773926052672536,2.8503059849737924,477.05
35.42708333333333,0.42630200388122613,1.911223132435082,0.3212128204823668,28.703954998680683,0.7968723311140983,39.9518264961328,2.846879877660714,476.99125
35.4375,0.4221339911727342,1.7786103979970866,0.27808790531050087,29.046928441030072,0.8210759278070436,39.49932986969103,2.8443960981269503,476.9325
35.447916666666664,0.407162226142869,1.6390290566504653,0.24453678429983036,29.41778869191759,0.8429654084401464,39.870966886531264,2.843496872222309,476.87375000000003
35.45833333333333,0.41296072123414945,1.5483074078896195,0.21991332609490555,29.749165214779644,0.8598634209072036,37.82602518633013,2.840355705807712,476.815
35.46875,0.41490553048960366,1.4595589359978924,0.20079348756953042,30.037419249280266,0.8727027283564629,36.13383128025456,2.8388053114038976,476.75625
35.479166666666664,0.40434327587087654,1.3603531042563226,0.18469648128820382,30.286545642648395,0.8822232852648401,35.7225064740269,2.8387988666592796,476.6975
35.48958333333333,0.41827722547015866,1.3028091679708438,0.1720720517536078,30.465089818777738,0.8878085210725716,33.00721014128342,2.8360887922210454,476.6387500000001
35.5,0.4263713991460655,1.240047648491671,0.16158608061601293,30.59495988828422,0.890774597080997,30.961377909296996,2.835471075470163,476.58
35.510416666666664,0.4200624656184169,1.1660702624428552,0.15216846374086726,30.686973856519046,0.8916669749078749,30.140354583527873,2.836386502086315,476.52125
35.52083333333333,0.4304442177766389,1.1159553683750605,0.14406523045217443,30.736246305328724,0.8908781417727666,27.839437089141093,2.835169346923034,476.4625
35.53125,0.43346189056427537,1.061502087571074,0.13702861457315912,30.757123263647028,0.8889406575084606,25.912573312525645,2.8361466405057674,476.40375000000006
35.541666666666664,0.42474814632467717,1.0005120380846915,0.13060990019871002,30.755084571537036,0.8859224647892702,24.883929227062502,2.6096728488411296,476.345
35.55208333333333,0.4241446891255124,0.9517826833361482,0.1247731080724368,30.73521978606667,0.8824040952350436,23.235912869755975,2.5592540026401482,476.28625
35.5625,0.4164370595695765,0.9004094661384141,0.11961446130265191,30.70016975144886,0.8781994242431312,22.01492262243429,2.5134920294267613,476.2275
35.572916666666664,0.40516647607728484,0.8514281739320809,0.11493763670015394,30.650820518428546,0.8732814145486383,21.0735191885035,2.4724444800274936,476.16875
35.58333333333333,0.3960524419915743,0.8081749493255855,0.1107651322734895,30.587989577384114,0.867638318532308,20.180119142314496,2.4359741876456047,476.11000000000007
35.59375,0.3880602141692831,0.7711409429176784,0.10716082888534552,30.512069389721,0.8612223247227633,19.210900672226423,2.4260010989043206,476.05125
35.604166666666664,0.3799340035788683,0.7397448674872436,0.10407216307728417,30.42502802398544,0.8541190395024486,18.388554913089504,2.4262838686621135,475.9925
35.61458333333333,0.37527523612107394,0.7130083383885136,0.10147602698150116,30.32250979946376,0.8459153046170129,18.047959357455365,2.4274509304038205,475.93375000000003
35.625,0.374276540080221,0.6929815589032274,0.09935003911498187,30.206617483889772,0.8367476211462144,18.011985302606462,2.4281988882972785,475.875
35.635416666666664,0.37278108704595814,0.6775790706820527,0.0976309788262607,30.08161731363674,0.8269504038429366,18.046642383762276,2.4283838341504214,475.81624999999997
35.64583333333333,0.37107178504600336,0.6642573296068051,0.09630193135550014,29.938673948836353,0.8158883924099652,18.327820348442195,2.429617662657366,475.75750000000005
35.65625,0.36964072985307006,0.6555969664862705,0.09532411671423645,29.781632771137204,0.8039929419056865,18.705470938943318,2.4302181129004325,475.69874999999996
35.666666666666664,0.3690362771582198,0.6510852551623487,0.09467494913375456,29.616614591824803,0.7919009582746906,18.969506566059593,2.430130649277767,475.64
35.67708333333333,0.3635391668186942,0.6463595338219085,0.09430995120617106,29.433178443543476,0.7790811034235361,19.396984378483165,2.4311343963703167,475.58125
35.6875,0.35663237237500245,0.6443190381143102,0.09414550438735689,29.240278207881005,0.7664145031364086,19.783169733501897,2.431249629191849,475.5225
35.697916666666664,0.3528713198686327,0.6452473463983686,0.09420680996770156,29.043516631363822,0.7544138626408674,20.016635614905034,2.4310422119613637,475.46375
35.70833333333333,0.3379680598393394,0.6412160641427956,0.09421397384285372,28.84220181762999,0.7431028607284638,20.241629935969243,2.4312417803681434,475.40500000000003
35.71875,0.3225350347248716,0.6359797046025607,0.09419972773990609,28.64103065263567,0.7327433806886977,20.489058007671172,2.4314419225658166,475.34624999999994
35.729166666666664,0.3141225415597916,0.6335952078020041,0.09424240331297652,28.45003686480271,0.7237277263391843,20.64734317986396,2.433011800960323,475.2875
35.73958333333333,0.30441297101039744,0.6282251023021684,0.09434152022913873,28.260177714478857,0.7154949475134879,21.500505943688225,2.45244930696667,475.22875000000005
35.75,0.3013649914323788,0.6280842215621537,0.09456730232038614,28.09369298797219,0.7088242912846111,23.224436679414037,2.478699213094384,475.17
35.760416666666664,0.3023055949148578,0.632394585401181,0.09495215562990793,27.969197065216303,0.7041522819789844,25.004928496344533,2.5039253632125043,475.11125000000004
35.77083333333333,0.30363970237960297,0.6357650321862299,0.09548037261471409,27.891464140524825,0.7013789150919012,27.221475869920635,2.538196803082186,475.0525
35.78125,0.3077787149942878,0.6421887026616707,0.09608851295106967,27.87493992244397,0.7008169217521724,29.22211709309849,2.573962714764333,474.99375
35.791666666666664,0.312056469171785,0.6495885646247522,0.09673356639355322,27.922200814056442,0.7024448180632519,30.632563793981287,2.607396552495561,474.935
35.80208333333333,0.31636158912488516,0.6556336155557261,0.09737485311930415,28.032173361187485,0.7062199884899645,32.114070020092065,2.847230950629104,474.87625
35.8125,0.32231409398838107,0.6626719158678531,0.09790979017915924,28.193077658142027,0.7118077111553905,32.87277921168694,2.8447607680090155,474.8175
35.822916666666664,0.32575973825602067,0.6667143959995684,0.0983166646740312,28.395687476458825,0.7189928320796622,33.52808277903003,2.8431483596816602,474.75875
35.83333333333333,0.331104199488857,0.670527694124593,0.09847368953286015,28.618803671820316,0.7271139308602327,33.269459431677724,2.8410861659369653,474.7
35.84375,0.33420561588958814,0.6698141623486871,0.0983580236301691,28.854888026806492,0.7359431845570535,32.94137753023704,2.839825786693168,474.64125
35.854166666666664,0.33432188107704414,0.6648454715982285,0.09799863031506982,29.10162262391926,0.7454046229821181,33.005763839088765,2.8392916254705836,474.5825
35.86458333333333,0.3367835338532013,0.6608979015558156,0.09741231936958657,29.338820963988834,0.7546795833755914,32.124519199228295,2.837764177840898,474.52375000000006
35.875,0.336812976697629,0.6533917368005933,0.09665634708723299,29.569221989041466,0.7637937332518258,31.36320704678505,2.8371143380968404,474.46500000000003
35.885416666666664,0.3343753241778204,0.642944039627577,0.095759773423242,29.79682415704029,0.7728170796680582,31.12046181866262,2.8371715667730846,474.40625
35.89583333333333,0.33742885558264296,0.6360271404015322,0.09476122241797527,30.001887138845426,0.7808814460343362,29.778376909780107,2.835849464464995,474.34749999999997
35.90625,0.3396640441479628,0.6266017770611094,0.09367937527147682,30.19151220838899,0.7882060580627128,28.529261086769182,2.8355868317121304,474.28875
35.916666666666664,0.337776846728979,0.6135550329999294,0.0924840400666143,30.37420020411838,0.7950607298725157,27.95670904500584,2.8364089057299355,474.23
35.92708333333333,0.341486536965486,0.6038179750969174,0.09125310420734269,30.536151287450426,0.8008914038520467,26.76053394508187,2.8362382146835023,474.1712500000001
35.9375,0.3430186272610615,0.5923041527357842,0.09008442286537718,30.6910394428659,0.8061621365769922,26.18396541664659,2.837798224922407,474.1125
35.947916666666664,0.34246976135655577,0.5810177126584253,0.08892793390127761,30.836258047556317,0.8107262643320944,25.81891282845922,2.6175709545287185,474.05375000000004
35.95833333333333,0.3460971712090128,0.5736055191811733,0.08806681203370978,30.976508275298947,0.814649026121409,25.983010631272112,2.605914486643107,473.995
35.96875,0.3528529093422413,0.5709896725467436,0.08748372689157843,31.105039563694056,0.8176536671298519,26.082022286917436,2.596637772441458,473.93625000000003
35.979166666666664,0.3573156166347798,0.569896596187872,0.08709878135304398,31.218898994871306,0.8196425338519392,26.021524045822822,2.588346074404181,473.8775
35.98958333333333,0.3661324487049901,0.5720721681489399,0.08692546064285918,31.31381742206878,0.8205954642528188,25.570303657724725,2.5765697072206697,473.81875
36.0,0.37421998769306514,0.5742495727800363,0.08685929196025052,31.391041909739585,0.8206353941870059,25.077300363706527,2.563915553503379,473.76
36.010416666666664,0.3785425102642045,0.5749604093310476,0.08680216290099824,31.4508621341975,0.8198544903337593,24.73503091162655,2.5525538828846037,473.70124999999996
36.02083333333333,0.38685739274179204,0.578087950162969,0.0869270129475452,31.492306359440377,0.8183027264952744,24.673147868308718,2.545137601171988,473.64250000000004
36.03125,0.39796642479591987,0.58434600669027,0.08727295500136895,31.512159928832016,0.8160227732623113,24.873304563026775,2.542587823074625,473.58375
36.041666666666664,0.4074487176209604,0.5922967235289995,0.08773955812997047,31.506614237085827,0.8131930666892508,24.9356011026823,2.540107819984243,473.525
36.05208333333333,0.42351347689924707,0.6050980791807677,0.08859891910802008,31.471961192418387,0.8098338604257236,25.275635894087852,2.54295919795934,473.46625
36.0625,0.44163120339175177,0.6211429111584118,0.08957900005529265,31.409518565356343,0.8063569111833626,25.044666201925875,2.5393798034498363,473.40749999999997
36.072916666666664,0.45448991620700274,0.6359126919915266,0.09067594028812266,31.317299533697202,0.8027623917525116,24.865029352017725,2.5363367166746764,473.34875
36.08333333333333,0.4683229317888508,0.6509393919227721,0.09161601835347451,31.20985632329411,0.7995662117853616,23.76092243762647,2.518385330892839,473.29
36.09375,0.4772548029731913,0.6617946292141128,0.09246088100617297,31.086810203767403,0.7966213546891061,22.597059976321827,2.4954384294448952,473.23125
36.104166666666664,0.48215129545875346,0.6690158921537745,0.09317568811973627,30.942869107638412,0.7937783333540208,21.767616391718146,2.47437386463578,473.1725
36.11458333333333,0.4890149769602642,0.6765824553377611,0.0936505607034856,30.798545764140087,0.7913609412396355,20.498790560123865,2.4422308991449224,473.11375
36.125,0.4932120285481755,0.68175812293312,0.09407053054395463,30.648928117670966,0.7891697695358918,19.170906350876763,2.423951448909316,473.055
36.135416666666664,0.4953715687809053,0.6851790038307237,0.09444057723024105,30.486759243039863,0.7870451881799934,18.106891526294984,2.4241289138138087,472.99625000000003
36.14583333333333,0.4993149293460538,0.6900289447257159,0.09468749175049404,30.332992301651288,0.7851927522271416,17.19338540036502,2.423117596509414,472.93750000000006
36.15625,0.501403043579693,0.6939199641160307,0.09497253833946884,30.180135827571064,0.7834492840242587,16.52682023098361,2.4230561092708887,472.87874999999997
36.166666666666664,0.5027064504777519,0.6972995378986162,0.09528653662361435,30.02073877251162,0.781685219870353,16.115577964776318,2.4237566763321565,472.82000000000005
36.17708333333333,0.5052710814875105,0.7025663619060427,0.09557699490399389,29.871728411630272,0.7800467075046905,15.746769102466555,2.4233976739568743,472.76125
36.1875,0.5069614001752868,0.708200643574885,0.0960019366219058,29.722451687815788,0.7783819012828237,15.484519990875183,2.4240574268002044,472.7025
36.197916666666664,0.5095990562419249,0.7150641298782635,0.09652572473558131,29.570209217591618,0.7766283401849047,15.327176895455484,2.4250877858125173,472.64375
36.20833333333333,0.5133028692017189,0.7249799634859709,0.09722630513288644,29.41847075297012,0.7747941969914361,15.228923402709814,2.4260222612230207,472.585
36.21875,0.518404138002259,0.7381816153948122,0.09816023942170685,29.266790664153344,0.7728449921705784,15.175134989312609,2.2073891183659207,472.52625
36.229166666666664,0.525718159408314,0.7546684197065004,0.09933866535432974,29.114463545180563,0.7707419067422535,15.158165232703267,2.1922871579109806,472.46750000000003
36.23958333333333,0.533144916155763,0.7745727683830422,0.10072912881695667,28.969681019232954,0.7685817550273482,15.123468133699932,2.174852187082405,472.40875
36.25,0.5403918984816496,0.7966154007345263,0.10235813407097784,28.829157797921912,0.7663118898419591,15.089706742295368,2.157049482248231,472.35
36.260416666666664,0.549682795580908,0.8209594016170522,0.10421120520387814,28.68970092655334,0.7638695563200049,15.075494670633134,2.1401958593471586,472.29125
36.27083333333333,0.5553040644581393,0.8474195620608251,0.10646919345808244,28.536032053934257,0.7609361133174238,15.154391350977118,2.130796551485766,472.2325000000001
36.28125,0.5615269894943357,0.8798035690055255,0.10924445298263462,28.364175877933476,0.7573264669748327,15.346280226788203,2.1300805851874554,472.17375
36.291666666666664,0.5770791101818045,0.9228005128064684,0.11247403653208259,28.19597148474185,0.7534320424415998,15.527285426795281,2.127946616511839,472.115
36.30208333333333,0.5797272888200786,0.9702732867805832,0.11699836056949739,27.98968110568051,0.7481441869633423,15.951330145674797,2.1453925085791026,472.05625
36.3125,0.569870526597379,1.0269926017194624,0.1223186653513899,27.77179385588043,0.7419456371429499,16.516769795933364,2.1677845505621947,471.99750000000006
36.322916666666664,0.5767689408238744,1.0993384519207343,0.1286311878484698,27.563401256938405,0.7354699104345527,17.009077535222175,2.1854949423314545,471.93875
36.33333333333333,0.5075858388657283,1.1477361350158644,0.13580447791672945,27.33243268681002,0.7277892455620231,17.76894331604011,2.2173163833220815,471.88
36.34375,0.43164688480458835,1.1857294463453656,0.14296374956818805,27.097731213470908,0.7196752487526504,18.715504941727012,2.4386579463405056,471.82125
36.354166666666664,0.3994646343193095,1.238261994936022,0.15047685431754684,26.884379711834143,0.7123389215990834,19.437869933234676,2.4368587946354694,471.7625
36.36458333333333,0.3263356523097487,1.2259579199931794,0.1568216238762668,26.65578068640183,0.705043608930174,21.103358164800117,2.439596699168892,471.70375000000007
36.375,0.27867305487933913,1.1931485023688073,0.15981724016267876,26.474057810062597,0.7005837950057828,23.16583149496698,2.4402081673679787,471.645
36.385416666666664,0.26194867953587986,1.178423721695055,0.16143540782517987,26.39309907172943,0.7009092805468217,24.473795574893828,2.449932720739927,471.58625
36.39583333333333,0.2454001465744669,1.1329164153641942,0.16030073496196792,26.447481013302806,0.7071303897103601,26.836941153259783,2.4980234997384114,471.52750000000003
36.40625,0.24090321602178733,1.0937524007323738,0.15711373360681563,26.664445694661445,0.7192200706021513,29.816370039303195,2.548691895395059,471.46875
36.416666666666664,0.2382424389748959,1.0496017175373,0.15285505335046928,27.0535527653025,0.7366820465413215,32.351074169220816,2.5996981318025756,471.40999999999997
36.42708333333333,0.24304996321604372,1.0170051141036596,0.1480476233242219,27.58308383564961,0.7574730311503727,33.35704698200522,2.849333426460942,471.35125000000005
36.4375,0.24872980367989866,0.9788648050620486,0.14267161124889197,28.234706821415596,0.7805107433036494,33.87193277367255,2.846218863811465,471.29249999999996
36.447916666666664,0.24994445692512784,0.9318188831051869,0.1369724550417623,28.996712825400373,0.8050074352415162,34.549616891185046,2.8443460845295605,471.23375
36.45833333333333,0.26257300060972455,0.9091764964434125,0.13227967837962942,29.797903495623906,0.8285091023115584,34.13441357760174,2.841891935329044,471.175
36.46875,0.27571309004296796,0.8862702090311263,0.12801266175277387,30.628035822768975,0.8507233896245886,33.775510325694086,2.840518975707207,471.11625
36.479166666666664,0.2809264866217809,0.8542552578206739,0.12378966682506388,31.482165779388858,0.8714471250002896,33.87092062118629,2.839898447969985,471.0575
36.48958333333333,0.29569057332328896,0.8367439556999718,0.12029918264678685,32.30986437669123,0.8894889625820774,33.42589934311005,2.838704860524411,470.99875000000003
36.5,0.31056088418861383,0.8202205786629834,0.11725344086239718,33.10991067639977,0.9049608464274136,33.13203535075029,2.838120143464093,470.93999999999994
36.510416666666664,0.3171063009998262,0.7984270087180408,0.11435975448128692,33.87724139744043,0.9178598686794553,33.1269201104241,2.837885272452711,470.88125
36.52083333333333,0.3347448501167393,0.7894224620137471,0.11189033430584644,34.54197296363854,0.9273426750824899,31.71314052252678,2.836106063102075,470.82250000000005
36.53125,0.3491844596306246,0.7763392287164846,0.10952450412912344,35.1219921491964,0.9341558962809361,30.230234845028512,2.8352097071807854,470.76375
36.541666666666664,0.3524634270191512,0.7540294589936588,0.1070940064367861,35.65125177560541,0.9389576839450706,29.640584977220897,2.835699527204196,470.70500000000004
36.55208333333333,0.36257354618975246,0.7375441295093966,0.10463156761846244,36.07635845640023,0.9415878159314696,27.891274972236662,2.834480256991185,470.64625
36.5625,0.3669647647146469,0.7157009868535302,0.10220283718438124,36.43795593933016,0.942680883340184,26.55075514915729,2.835050253430663,470.5875
36.572916666666664,0.36447187235078343,0.6903520058338467,0.09978560641632665,36.75304635552394,0.9424165753269297,25.85780303457295,2.8366638314054313,470.52875
36.58333333333333,0.36598025813283275,0.6690088020264913,0.09741535991926956,37.00267301109002,0.940983593398109,24.716329234259966,2.609377954821882,470.47
36.59375,0.36508953495620355,0.6474820791914118,0.09520684980484345,37.20459152185873,0.9385323794714298,23.702146177960092,2.5756766349586266,470.41125
36.604166666666664,0.3604772608496275,0.6258534363588055,0.09314592776139118,37.36837359467873,0.9350457870676065,23.014237756236582,2.545481014400952,470.3525
36.61458333333333,0.3594808347174529,0.607649647585977,0.09118651922015326,37.4879543035614,0.9308505646941232,22.046029230719654,2.511116369371339,470.29375
36.625,0.35731113518061636,0.5900572795459079,0.08939276036971253,37.57372025223294,0.9259270288091322,21.101484896721825,2.4773651042391225,470.235
36.635416666666664,0.35273389360093166,0.5729412010183034,0.08774104096392693,37.630711440737954,0.9201806250483386,20.270850250638777,2.4468138312346435,470.17625
36.64583333333333,0.3483089893362128,0.5573482463010997,0.0861909858797123,37.660082937747944,0.9136963087622392,19.378890673266266,2.424945433159997,470.11750000000006
36.65625,0.342573939514997,0.5431996689839019,0.08481459912396634,37.66378597028035,0.9063138591697005,18.55090239486813,2.424976313368291,470.05875000000003
36.666666666666664,0.3374850770402687,0.5314903837962407,0.08362385081206794,37.642735325447774,0.8981767626347208,17.98412505979594,2.4252644634564926,470.0
36.67708333333333,0.3294470657417101,0.5204016598897152,0.08259327516943105,37.59624324144084,0.8889077848212574,17.783948320876718,2.426187395510364,469.94124999999997
36.6875,0.31874494522852365,0.5106786309456757,0.08172492796116052,37.52442633492638,0.8785919502629634,17.815894739097377,2.426869086185214,469.8825
36.697916666666664,0.3115219588520981,0.5039149766948413,0.08105217810978645,37.43146027293556,0.8676300778955016,17.88437960532594,2.426991422620674,469.82375
36.70833333333333,0.2926887659268045,0.49367263438119324,0.08042491393670739,37.312025508444776,0.855283254465964,18.166888802486046,2.4281506699814437,469.7650000000001
36.71875,0.27404363193289755,0.4839708354430395,0.07986385040995203,37.17064741151857,0.8419400649361833,18.556353393588065,2.4287998309424434,469.70625
36.729166666666664,0.2634098054181361,0.4780068696818995,0.07945524769128821,37.018047504505816,0.8283558780960643,18.834632392157822,2.428683823265473,469.64750000000004
36.73958333333333,0.24935198308054177,0.469495154791722,0.07912457704138942,36.84055177340762,0.8130616373880925,19.504178546528195,2.430593899827788,469.58875
36.75,0.24057912198070866,0.464612532798461,0.07893199719579982,36.65626314432469,0.7972705647685285,20.29975260609888,2.432716297091498,469.53000000000003
36.760416666666664,0.23731698022275438,0.4640609156839146,0.07893376529673472,36.485516027134246,0.782246598035455,20.9344847392209,2.4441245011285884,469.47125
36.77083333333333,0.23290747306300008,0.46204032972110537,0.07912284236476544,36.31945763727945,0.7665628542488193,22.85836813541953,2.4790434837027564,469.4125
36.78125,0.23427183539582105,0.4661471869340782,0.07962292190089558,36.18578605246288,0.7519125535413195,26.00543271834958,2.524590145506175,469.35375
36.791666666666664,0.23854689238631158,0.47490835604920467,0.08038498508295294,36.10381029818302,0.7398008497146984,28.635348631526554,2.5683504362782927,469.29499999999996
36.80208333333333,0.2450611306542191,0.4850847284746517,0.08149992586923535,36.07443284476241,0.7297023196172651,32.21971882017221,2.849355961174511,469.23625000000004
36.8125,0.256673371479007,0.5018660727195962,0.08290078508481136,36.1033430076879,0.7230617898727378,34.79443256237276,2.845858541160623,469.1775
36.822916666666664,0.2663765812715779,0.518455644990985,0.08438703925315953,36.17880182803108,0.7199938676088425,36.467883412749856,2.8432908683766343,469.11875
36.83333333333333,0.27923413387568613,0.536246741875815,0.08592200557972196,36.28502202101841,0.7203482381907429,37.760316162038436,2.841540421424516,469.06
36.84375,0.2923844399527323,0.5532978121144252,0.08735841554282213,36.40382400491853,0.7238222495551518,38.52934421245297,2.8400892794366235,469.00124999999997
36.854166666666664,0.30146183988585007,0.5664610420209506,0.08859243404281214,36.521218187587934,0.7300671559808113,41.30658531245367,2.8595186120375615,468.9425
36.86458333333333,0.31204313696776625,0.5794159077233897,0.08957425395586668,36.62053853019385,0.7382099122625668,45.597062679157844,2.880867423967223,468.88375
36.875,0.31923717454378203,0.5874285794373517,0.09025421205220782,36.69826858691661,0.747792929683225,48.75472075267627,2.898203305231701,468.825
36.885416666666664,0.3225221536052345,0.5905871298349218,0.09064960976812682,36.752960084042236,0.7586116330109549,51.698636589313665,2.915290132395336,468.76625
36.89583333333333,0.32952150286032844,0.5949823793190662,0.09068630258775136,36.78012027832868,0.7689921224204479,49.31941270984981,2.9117198935931468,468.7075
36.90625,0.33226047214490256,0.5925545147158731,0.09034665897383895,36.785877767485665,0.7789272998014496,45.886836449868355,2.89693030023741,468.64875
36.916666666666664,0.3299392756906594,0.5835626854614124,0.08968607152155024,36.77248492850721,0.788870056969382,43.86182656786547,2.884300337130108,468.59000000000003
36.92708333333333,0.3310012839950823,0.5758898375741442,0.08870872920480716,36.74488176489459,0.7974046183821772,38.29265844914737,2.854924217262589,468.53125000000006
36.9375,0.32872507087374553,0.563450697000827,0.08759864559834392,36.70359675220605,0.8054146328574728,33.1796914512791,2.8305384539304033,468.47249999999997
36.947916666666664,0.3249133143321238,0.5498008031270729,0.0863674063004515,36.64875932738514,0.8128792340147346,29.879560665799172,2.830144747042612,468.41375000000005
36.95833333333333,0.32716002637001584,0.5401027268860131,0.08527143246398591,36.581368209656375,0.8196057731355287,28.73118807736192,2.8306577845001897,468.355
36.96875,0.33141194006799857,0.5330138580864516,0.08433812451316484,36.502178161519936,0.8254684923010241,28.249859818518136,2.831294524482231,468.29625
36.979166666666664,0.3331535624678861,0.5265314856273208,0.08351703655899805,36.41189704831832,0.8303552778115837,27.966052936520658,2.8319703502427394,468.2375
36.98958333333333,0.33972046976990905,0.5235142062541984,0.08291625621231416,36.31226891255658,0.834145268856827,27.59188333553048,2.832464320005015,468.17875
37.0,0.34682745202081783,0.521868243551449,0.08247551787559847,36.20250900587856,0.836863956987945,27.28945629058559,2.833155585559197,468.12
37.010416666666664,0.3507095365124877,0.5199924881259526,0.08210847646981592,36.08164794494762,0.8385356259383299,27.0569238218637,2.8339066002223734,468.06125000000003
37.02083333333333,0.3584568458685507,0.520701084011594,0.08192791660985817,35.94842086429721,0.8392159180470605,26.84570121307175,2.8346488368356875,468.0025
37.03125,0.36689584462339864,0.522874917477297,0.08188840595914097,35.80062380310848,0.8389974714674457,26.66843243188103,2.8354230331074293,467.94375
37.041666666666664,0.372485664728026,0.5250488123115096,0.08191740444849781,35.63618131218669,0.837998078655016,26.49590806395692,2.836168192959572,467.885
37.05208333333333,0.38178642604557955,0.5296323010859141,0.08211078704750774,35.45463113789361,0.8363723430239697,26.224348491075794,2.836789295435145,467.8262500000001
37.0625,0.3909658734573355,0.5348146565227644,0.08234308991835185,35.26154704056498,0.8343515970578258,25.565471985082883,2.8370983684823434,467.7675
37.072916666666664,0.3963029485748819,0.5385943844964779,0.08260101713902741,35.04810783794541,0.8319956140072851,25.140569555542314,2.6088614890192403,467.70875
37.08333333333333,0.40291865190103976,0.5427054641568331,0.08276018612363345,34.838979703305796,0.8296889869870636,23.924094222515482,2.5810998730542383,467.65
37.09375,0.40648677591008286,0.5443414516918735,0.0828613381460414,34.625462112069165,0.8273979302522154,22.755145092478635,2.550196024936854,467.59125000000006
37.104166666666664,0.40731658626475764,0.5439105956409379,0.08288289843839164,34.396610738136054,0.8250384311218633,21.983488468608957,2.5219306679756475,467.5325
37.11458333333333,0.40918244023541744,0.5438580557945268,0.08278036051023083,34.179852692185754,0.8228939953948972,20.82106715147613,2.4847326267317604,467.47375
37.125,0.40911149397085134,0.5424524225004848,0.08265287594989536,33.96478800590131,0.8208390331022167,19.674543319351734,2.445898858901244,467.415
37.135416666666664,0.407850982749749,0.5401819302605954,0.08250016626744958,33.740570316516,0.8187507153060632,18.663070057511796,2.4226836965013825,467.35625
37.14583333333333,0.4086320169719875,0.5393015460693127,0.08234573896853076,33.52403584378471,0.8167594238578121,17.629329085619688,2.421889916642398,467.29750000000007
37.15625,0.4103071472695414,0.5392665385739934,0.0822867057588072,33.30394044727774,0.8147309406399358,16.898516426075044,2.4222525359239677,467.23875
37.166666666666664,0.41201175851380645,0.5401729245524352,0.08229850462547002,33.07903800973938,0.8126203246516827,16.450972316787578,2.4227997424438694,467.18
37.17708333333333,0.4170141200264843,0.5436506059551259,0.0824572931522183,32.855340983445224,0.8104483369545289,16.165325113208265,2.4231164634953486,467.12125000000003
37.1875,0.4224836401937537,0.5488301124743803,0.08274703477944312,32.63668221530676,0.8082212593152625,15.959612573279214,2.4233362107792624,467.0625
37.197916666666664,0.4273392873461352,0.5549913100564567,0.08316836337358893,32.41721932366455,0.8058488388838382,15.83931241099462,2.4239582953121834,467.00374999999997
37.20833333333333,0.43158714540816423,0.5624973148288649,0.08366447405862878,32.21411559316047,0.8035013914614061,15.68922150671928,2.4238001793322517,466.94500000000005
37.21875,0.43473880260562847,0.5703575083623105,0.08426825655508578,32.018274343933776,0.8010733790018034,15.559120404659629,2.4242716863677405,466.88624999999996
37.229166666666664,0.43839618560784055,0.578886481458843,0.08495698906178581,31.82445265366534,0.7984862136249326,15.47919922642826,2.4251613773142426,466.8275
37.23958333333333,0.44286380475186493,0.5891809366888221,0.08575135259618724,31.638308589841436,0.7958048127072898,15.417631173633387,2.425856635141426,466.76875
37.25,0.448505078823087,0.6014073890540999,0.08669783978800358,31.456468935749395,0.7929751517988659,15.384660426081533,2.2065565581619038,466.71
37.260416666666664,0.4557856753211135,0.6158124735735542,0.08780008769210239,31.27853628021986,0.7899803637770326,15.377062902858198,2.1935537898493958,466.65125
37.27083333333333,0.4626090021614831,0.6331843504383733,0.08923075856096187,31.086761354371205,0.786471192168762,15.475252564063663,2.187526076128722,466.59250000000003
37.28125,0.4705376978849329,0.6558723595956003,0.09105056642232867,30.881748869359214,0.7823544930746967,15.68337688058457,2.1878483930977786,466.53374999999994
37.291666666666664,0.48390869952181065,0.6856349027706453,0.09322875443785468,30.685266078483178,0.7780069569111469,15.876323667160348,2.186583262389815,466.475
37.30208333333333,0.48865446814796615,0.7202870236802195,0.09625479080202409,30.45658078728124,0.7723822329409408,16.315432627046405,2.2018881248204547,466.41625000000005
37.3125,0.48226839733193183,0.7624562815746108,0.10001967753115922,30.212979618114232,0.7656321208443942,17.001115002885868,2.4354206900985877,466.3575
37.322916666666664,0.4899401801023224,0.8184375082542091,0.10449157140209157,29.990641280210546,0.7587114991367998,17.58981263494962,2.43419571504361,466.29875000000004
37.33333333333333,0.436077498621573,0.8619801606835796,0.11022007088390372,29.736647838909164,0.7498601911839617,18.85761667960739,2.4368738547173976,466.24
37.34375,0.381049526837149,0.9075686600924069,0.11653214127585247,29.49940747859358,0.7406945481912557,20.532079935828307,2.4373149539205676,466.18125
37.354166666666664,0.36295168080639123,0.9725765137600423,0.12371631410966773,29.317277488097183,0.7331307347584127,21.69551223089418,2.435896199656616,466.1225
37.36458333333333,0.30911177284554253,0.9892195748877092,0.13069512501683173,29.183987135636016,0.7272927022591031,24.022925226050518,2.4548799437241695,466.06375
37.375,0.27305212344304536,0.9872859556050149,0.13558023420339557,29.180540359154524,0.7267491820042891,28.301716021371874,2.5220261880747494,466.005
37.385416666666664,0.2624162201408283,0.9975707564357129,0.13947393939980046,29.356468704064277,0.7333626871709304,33.068641950487525,2.5960773334756793,465.94625
37.39583333333333,0.25048146424182427,0.9777281199032221,0.14092240441057727,29.754374068968158,0.7482612235368049,37.737650407816865,2.851542598276126,465.8875
37.40625,0.2494394552232865,0.9608948813045446,0.14045606875761177,30.35868732733309,0.7702684240556019,40.3110576770455,2.847455201962712,465.82875
37.416666666666664,0.24959984613909275,0.9370427201140484,0.1387472406271889,31.14970545950392,0.798166862080387,42.26211536813764,2.8452220357648557,465.77
37.42708333333333,0.258329833095535,0.9247023209656647,0.13638897948989737,32.042751759402094,0.8286302768883648,44.09331155863345,2.8620112729727123,465.71125000000006
37.4375,0.26766877830603586,0.9047301813624206,0.13325542352902214,33.00827704765655,0.8604250094109864,51.44871144707483,2.8979960257542414,465.65250000000003
37.447916666666664,0.27175143173508287,0.8747526742559543,0.12954117644150678,34.016652683322754,0.8923263073928809,59.07403107393414,2.9363727682467755,465.59375
37.45833333333333,0.2883544962973187,0.8661656293487539,0.1266141795117908,34.99099635095027,0.9217262749867156,62.90656635658192,2.965516559095992,465.53499999999997
37.46875,0.30701293307010485,0.8599176228188677,0.12397120976357395,35.902054589491655,0.947716183600985,64.50283612224766,2.9852758060969014,465.47625
37.479166666666664,0.3152555656298909,0.8405054946024141,0.12110830879347297,36.75735440322832,0.9705202657224246,66.74462565681868,3.0036748248338028,465.4175
37.48958333333333,0.33415948909062126,0.8372570759745732,0.11846783603633917,37.44398882627495,0.987460626417751,61.3455491582942,2.994701421746513,465.3587500000001
37.5,0.3450922118616045,0.8194390937650842,0.1155372718329883,38.02009308613543,1.000485534848312,57.17565422359641,2.976359442907713,465.3
37.510416666666664,0.34471470163469076,0.7881972604900784,0.11227984230748429,38.521507774372054,1.0106236771576946,55.418101337170974,2.961534085863133,465.24125000000004
37.52083333333333,0.3522623716655999,0.7651087568276788,0.10904649871374768,38.90656849140026,1.0172771532710188,50.17771075165324,2.933943763365092,465.1825
37.53125,0.3566361162788654,0.7381227963523262,0.10593356611706824,39.21035408393418,1.021351219313179,46.15092336739061,2.905683857305242,465.12375000000003
37.541666666666664,0.35447328383503646,0.7083848996324504,0.10291488252175593,39.442678062683925,1.0230760366208003,42.91244400752657,2.8812382925178848,465.065
37.55208333333333,0.3597486175585488,0.6855742512460665,0.1001612667090279,39.59668560968081,1.022533205181948,38.490558700024096,2.854037376575383,465.00625
37.5625,0.3649966346181026,0.6644848752354927,0.09774683493617416,39.683059366773,1.0198481790166103,34.24175720067133,2.8323173046332846,464.9475
37.572916666666664,0.36568411613178337,0.644714486383013,0.09558025353146446,39.70103886614315,1.0150855267470313,31.129150363607796,2.8313128481037095,464.88874999999996
37.58333333333333,0.37460351460887875,0.6307321787191867,0.09382179482837308,39.64969235071859,1.008105266952937,30.614453210553553,2.8322721432620384,464.83000000000004
37.59375,0.38650363983122077,0.6218634661835104,0.09244856853002882,39.52787811744991,0.9990255402263265,30.71015286227171,2.8329075665150056,464.77125
37.604166666666664,0.3930454276083157,0.6144748458291927,0.09135602844376173,39.340353731091774,0.9881695051906187,30.686905006595335,2.8331576232396913,464.7125
37.61458333333333,0.40580615506914086,0.6108554329210738,0.09059426687438567,39.084299617811624,0.9754130153422963,31.102053280853365,2.8339019407835657,464.65375
37.625,0.4201203007263413,0.6104703847785201,0.09010979500265343,38.765579411381175,0.9611456938062818,31.498387787274034,2.834271853421545,464.59499999999997
37.635416666666664,0.4290541742718881,0.610715551584995,0.0898124039418724,38.39498349244041,0.9459160765399416,31.62265455323344,2.834262144571865,464.53625
37.64583333333333,0.43594647144562837,0.6112157956142177,0.08963705559053195,37.97526225440066,0.9299318077675126,31.818694635169695,2.834404290296898,464.4775
37.65625,0.4365895072049814,0.6112026480429263,0.08953082645949689,37.51785539139317,0.91374934912338,31.819651591447155,2.834252521885955,464.41875
37.666666666666664,0.43600840176553146,0.6115555131325501,0.08953122860572243,37.02579063106372,0.8975997927249,31.828285705592346,2.8342017574573277,464.36
37.67708333333333,0.4251282884483959,0.608853060486479,0.08944472968366171,36.50622825851424,0.8818375415765201,31.741809533057953,2.8340433367350095,464.30125
37.6875,0.4086203860588132,0.604421714778388,0.08936475073116529,35.953088777162314,0.8664008871909744,31.924344494398138,2.834237368040338,464.2425
37.697916666666664,0.3988036978179045,0.6023705951542776,0.0893660009393141,35.37589335377789,0.8516527507227727,32.009157155674984,2.834175255287544,464.18375000000003
37.70833333333333,0.3742007337973397,0.5948168298426404,0.08923913399513234,34.763770335294154,0.8373928884573402,32.50416517626493,2.8345858210820114,464.12500000000006
37.71875,0.35141061376961097,0.5873513130937303,0.08909271312127828,34.1306111893522,0.823989999698805,32.918915417133896,2.834650291602671,464.06624999999997
37.729166666666664,0.3389961795524561,0.5836233275047154,0.08905844148944765,33.49222412873048,0.8117174835713795,33.10310554196057,2.834472082703628,464.00750000000005
37.73958333333333,0.3269692662115317,0.5787042989023753,0.08898710047835695,32.847620893692714,0.8004596721229229,33.632716318243766,2.834732736386025,463.94875
37.75,0.3191602329442584,0.5750426533109181,0.08891043548072228,32.220499920032,0.7905119671724854,34.09047864267564,2.834723732055843,463.89
37.760416666666664,0.31531539355432986,0.5731513596765313,0.08886675441845587,31.635249006553565,0.7820999154329296,34.627510846065924,2.838635643783481,463.83125
37.77083333333333,0.3096988084924739,0.569228331778503,0.08875391003275503,31.096084783340128,0.7751589982871061,37.10746253513801,2.850215775678059,463.7725
37.78125,0.30451744747599363,0.5652803357543253,0.08859467806418904,30.626270659692608,0.76991459378357,40.579885805249816,2.8642206734151427,463.71375
37.791666666666664,0.30177030365406077,0.5627478144797198,0.08845337429707908,30.24195805816767,0.7664740135882735,43.65792892226056,2.8776547106080135,463.65500000000003
37.80208333333333,0.29687984435651826,0.5582086376145559,0.08825216816620654,29.939689206579438,0.7647567534951992,47.13101111770265,2.8941607957522106,463.59625
37.8125,0.29476609823968863,0.5551894948092333,0.08805382481691393,29.724423081294983,0.7647280395411225,50.106074783006854,2.9103264926728065,463.5375
37.822916666666664,0.29381476304436965,0.5528501181584548,0.0878663164746846,29.589409689415334,0.7662015999548001,52.50467329928694,2.92522136482882,463.47875
37.83333333333333,0.2966984092064471,0.552238040570014,0.08772593229627551,29.523384044561823,0.7689486072990054,54.715679412314685,2.939724435977344,463.4200000000001
37.84375,0.30101219249354333,0.5523790477935696,0.08758614335808178,29.51446971485972,0.7726804846604266,56.295278922064924,2.9522008246947857,463.36125
37.854166666666664,0.30332884882424455,0.5512092423531314,0.0874006547761738,29.549588920019268,0.7771572334912262,57.76622422178342,2.9638084805450484,463.3025
37.86458333333333,0.3067400243781859,0.5505767515742288,0.08714300505719405,29.61381207836949,0.7819715425748905,57.31462778189312,2.968132590840691,463.24375
37.875,0.3081825092056429,0.5476360545474435,0.08678064367477425,29.695761199794397,0.7869893034777902,56.796003094812285,2.9688826178583714,463.18500000000006
37.885416666666664,0.3075487180086759,0.5425981099293634,0.08631511860758828,29.787775157330593,0.7921455516123735,56.88347991686984,2.97014726474842,463.12625
37.89583333333333,0.3096144794819332,0.5390655050243065,0.08577651471805131,29.877707517310508,0.7970402297305603,54.69278145865179,2.962902486597493,463.0675
37.90625,0.31089237640734163,0.5339540824690161,0.08516557735931644,29.962369718360208,0.8016758250405128,52.63830390307802,2.952033038414865,463.00875
37.916666666666664,0.30974089414706735,0.5267692191430763,0.08447119909454476,30.040830412941496,0.8060935046752395,51.526428539979605,2.9427690750263635,462.95
37.92708333333333,0.31208245521992234,0.5216993006148296,0.08375115642272386,30.106869619607092,0.8099691036460366,48.369808415324144,2.9257345267305075,462.89125000000007
37.9375,0.31393372115018975,0.5156079792196914,0.08301109280972621,30.16229151291012,0.8133823816450689,45.454821446394796,2.9064732010685046,462.8325
37.947916666666664,0.31309673547322325,0.5079015784324662,0.08222338957115632,30.208579241190357,0.816382325992799,43.2180785633697,2.889496698827792,462.77375
37.95833333333333,0.3167011040083579,0.5026560259526772,0.08146366360429227,30.243910760463667,0.8187844053041422,39.482869349353365,2.866790244679415,462.71500000000003
37.96875,0.3197059667990887,0.4968137651466745,0.08072139479668942,30.270671901498833,0.8206726801578067,35.54333624731985,2.8432667225125323,462.65625
37.979166666666664,0.31971333889030606,0.48977978441245834,0.0799612568070872,30.29024717933473,0.8220754947396218,31.559132114574037,2.8295669550772504,462.59749999999997
37.98958333333333,0.3244001464522578,0.4852261048542093,0.07926857483906287,30.302592328386485,0.8229290988086199,28.824001542270082,2.828928525655838,462.53875000000005
38.0,0.3289471851697188,0.48071220332807135,0.07863271469908256,30.309007493322156,0.8232827786465593,27.59047102732143,2.8291866361783113,462.47999999999996
38.010416666666664,0.3303267147279509,0.47540520919260054,0.07800834743573656,30.309934231447812,0.8231360979661034,27.056438284230367,2.8299021653054806,462.42125
38.02083333333333,0.33551986409804707,0.47225475865190336,0.07748349468701894,30.30551344937766,0.8224962425646161,26.40995300775037,2.830215907160158,462.3625
38.03125,0.3407683460191545,0.46976149067715467,0.07705092909500645,30.29569610590759,0.8213648811221556,25.905215152664454,2.830982087296178,462.30375
38.041666666666664,0.3433063665466798,0.4670870698818321,0.07666336556562514,30.279968817126417,0.8197280845601117,25.57177853055584,2.831991107221532,462.245
38.05208333333333,0.34914142412956833,0.46643105361093745,0.07639705913414885,30.258234985185958,0.8176410069228568,25.076427732026435,2.832748877718064,462.18625000000003
38.0625,0.35480220467913165,0.46631645863110227,0.0761950827836561,30.230460485281768,0.8151743060260933,24.405080915680166,2.8336093607072614,462.12749999999994
38.072916666666664,0.35755476606957864,0.4655749088503463,0.07603183110777004,30.195047442103295,0.8122777283079763,23.94804460517152,2.8352687129496106,462.06875
38.08333333333333,0.36196294934552636,0.4656982540075237,0.07587476434681703,30.154736356486147,0.809249721944339,23.006380823514117,2.5838471059025805,462.01000000000005
38.09375,0.36490044930165155,0.4650156471790223,0.07572961295555747,30.10829809234516,0.8060464810068672,22.087858182933456,2.551739144806623,461.95125
38.104166666666664,0.3657378216497166,0.46347288387202595,0.07557036383167288,30.053375005010018,0.8025731936104241,21.43501800952188,2.522263783699351,461.89250000000004
38.11458333333333,0.36763185595583037,0.46248872772514726,0.07537453326606666,29.995563519031997,0.7992115656951364,20.453167678274678,2.4859794628714753,461.83375
38.125,0.3682271355059739,0.46078961595509876,0.07518133447438602,29.93295003747825,0.7958414848610911,19.46316019945566,2.4486495659543004,461.775
38.135416666666664,0.36760137843753693,0.45854960473303186,0.0749792218311883,29.862585818078447,0.7923205932934211,18.571183118769657,2.4222096818979635,461.71625
38.14583333333333,0.36845060250063083,0.45725117622799133,0.07478741503425997,29.78936536427481,0.7888926617445785,17.616591345203545,2.421219110460275,461.6575
38.15625,0.36971255137218473,0.4564850546485471,0.07466197306853814,29.71027268408877,0.7854008634083747,16.909459894819104,2.4214933108068806,461.59875
38.166666666666664,0.3707246268092181,0.4562752400123027,0.07458639697269388,29.624415383796396,0.7818019124198277,16.466613051890384,2.4219901625154105,461.54
38.17708333333333,0.3739915254370624,0.4578303764163323,0.07462540476520496,29.5333097683311,0.7781479325608001,16.1923838774616,2.422346192676989,461.48125
38.1875,0.3782880291537241,0.46098368622215435,0.07480788511459295,29.434523549169768,0.7743269974900537,16.062917158966975,2.423043612759831,461.4225
38.197916666666664,0.38272545000131764,0.4655091200711042,0.07510272758940653,29.33016819481942,0.7704032955260015,16.008157198269387,2.423527834883119,461.36375
38.20833333333333,0.38881684637891945,0.4723180660794607,0.0756199390722219,29.214757385623003,0.7661529207209183,16.069754152796445,2.4245984876830984,461.30500000000006
38.21875,0.39639251904908196,0.4816896379974509,0.07632064400202832,29.092757918699316,0.7617201075686507,16.172937218292038,2.42516909045125,461.24625000000003
38.229166666666664,0.40461599311594765,0.49306261383501016,0.07719170555416265,28.967210795440312,0.7571895345958382,16.26574529611609,2.4254864354612353,461.1875
38.23958333333333,0.4123141898876412,0.5061244724193268,0.07822339071775837,28.842419219440806,0.7526948410494452,16.300405471441202,2.4255066202761064,461.12874999999997
38.25,0.419484851151367,0.5202279320567299,0.07938437964058784,28.718464990534418,0.748225977978686,16.29524359158673,2.4256603693162857,461.07
38.260416666666664,0.4274506491444527,0.5353648178926798,0.08065583031049647,28.594105710855345,0.7437333628361662,16.287610181610386,2.4260427833386218,461.01125
38.27083333333333,0.43544788693108427,0.5527858421412701,0.08219338940079993,28.45771331913171,0.7387978932852367,16.422312813504824,2.4274937729337376,460.9525000000001
38.28125,0.44654775333617897,0.5752549829633012,0.08408599279310934,28.308236350322634,0.7333918622721096,16.73354590737939,2.428861267607694,460.89375
38.291666666666664,0.46258826465756564,0.6039459369990707,0.08628420597389476,28.16170120581462,0.7281196947459196,17.006271544239397,2.4287144998300243,460.83500000000004
38.30208333333333,0.47496182197366743,0.6389881605919324,0.0893278499106489,27.989084257703446,0.7219962456353414,17.662572103030413,2.4311356629021814,460.77625
38.3125,0.4739754000985299,0.6812285465010929,0.09303983759895273,27.805798731060868,0.7156969987330818,18.58667859847961,2.432129028452583,460.71750000000003
38.322916666666664,0.48453056657385435,0.7351524575913194,0.0974104100422608,27.633497874768594,0.7101147913646308,19.274971968994066,2.431359315173842,460.65875
38.33333333333333,0.42742428215588774,0.775614527903534,0.10264941613320638,27.44274961608399,0.7045944903376865,20.599241700790888,2.434146658621991,460.6
38.34375,0.367104353303434,0.8130244111899759,0.10816340725958529,27.26225644898828,0.7004824185790983,22.17031619262147,2.4428817902759974,460.54125
38.354166666666664,0.3446063234142126,0.8649036668689747,0.11422633168011911,27.119252227571124,0.6987409039282144,23.743112611745445,2.474097316344403,460.48249999999996
38.36458333333333,0.28932774635640957,0.8696597167310799,0.11942083395655642,27.016906185710848,0.7001659693623387,28.22159676789097,2.542398796446302,460.42375000000004
38.375,0.25069813867383045,0.8516176973429589,0.12233960462785129,27.014964367927696,0.7061974833224763,33.77170548235659,2.6246465352934636,460.365
38.385416666666664,0.2368083720956246,0.8433330385893679,0.12422609781082156,27.15294231867115,0.7168700056332278,37.3925035200552,2.848038640211239,460.30625
38.39583333333333,0.22162466169219,0.8079188785440893,0.12382945834681328,27.46148623879626,0.732226174157178,40.783138416791026,2.8459136744176003,460.2475
38.40625,0.2156418613605252,0.7763693922510323,0.12207801977217689,27.92977459277368,0.7505470226844542,42.784460334125484,2.8514227229856544,460.18874999999997
38.416666666666664,0.21289445217700187,0.7448877929467609,0.11965178005136008,28.5414104109255,0.7705941610373181,51.33659075096148,2.8963003338848075,460.13
38.42708333333333,0.2159873544727812,0.7264143324319988,0.1170666960729681,29.22533113900287,0.7898468311542372,59.09112342263328,2.938311467634249,460.07125
38.4375,0.22053714544224637,0.7079426276842321,0.11417414393533841,29.939323069637258,0.80725589580664,63.10047917884177,2.9707883419130385,460.0125
38.447916666666664,0.22135036413783615,0.6791339805677492,0.11081965445982382,30.677727910493044,0.8227205853884498,67.26453450986115,3.002158980072874,459.95375
38.45833333333333,0.23047053410229568,0.6718029032917004,0.10812548218383587,31.34201247371655,0.8344585533528467,64.87434933504157,3.0111246796524944,459.895
38.46875,0.23839243838759183,0.6581011576968632,0.10533222987410247,31.949217543360483,0.8432489848034584,62.85702093680246,3.009994982633227,459.83625
38.479166666666664,0.240097456587176,0.633357031792279,0.10225090760237959,32.516288891021446,0.8495268720230201,62.770803409100175,3.0102938780587825,459.77750000000003
38.48958333333333,0.24846081443061446,0.6210974368349174,0.09955055832454106,32.985665232733375,0.8529921895010926,58.08910825792972,2.994444315802187,459.71875000000006
38.5,0.2545244720688895,0.6038000991817639,0.09686789377717198,33.386961764774476,0.8543334155637716,54.6720574037656,2.974446510432231,459.65999999999997
38.510416666666664,0.25470431801248566,0.5803941832438413,0.09412730114876683,33.736207503604774,0.8537983987033209,52.87846954807779,2.9577568462420967,459.60125000000005
38.52083333333333,0.26107074457493673,0.5655682197471237,0.09165032075508606,34.00376382377642,0.8517614959114596,47.651895472903966,2.9285798493053172,459.5425
38.53125,0.2653074085882767,0.5480425323512079,0.08925721767576515,34.21258681113349,0.8485297837659395,43.00876022141066,2.896153286646625,459.48375
38.541666666666664,0.26407058349824886,0.5267633200143008,0.08688276328765013,34.375924326151626,0.8440892932272248,39.37492201374736,2.8679579782842146,459.425
38.55208333333333,0.26702242071608,0.5101985942386231,0.08465722750566668,34.485036749869806,0.8389602940337689,33.84454146137222,2.833350384817317,459.36625
38.5625,0.26822464226836806,0.4926545920012865,0.0825799158159961,34.55341307604287,0.8328346272393066,29.458344806909892,2.828519716374152,459.3075
38.572916666666664,0.26692357037523345,0.4759753995888336,0.08064763115265555,34.57934261681829,0.825792810356066,27.799175085785844,2.829096189826237,459.24875000000003
38.58333333333333,0.2704015415832155,0.46317921999112954,0.07899414351332139,34.56078437271818,0.8174823665551543,27.752615978754072,2.830512297671802,459.19
38.59375,0.27641773950011517,0.4545517423710924,0.07765250267236126,34.49398105138043,0.8080652740693417,27.974719685380332,2.831411048934026,459.13125
38.604166666666664,0.2796148868618921,0.4474245118228221,0.0765607667386125,34.3802241048115,0.7978002348944128,27.979583586830522,2.831846025541136,459.0725
38.61458333333333,0.2857319827196768,0.44269234424602044,0.07571650221394624,34.216499894664004,0.7864647881471306,28.27184294938222,2.8326788991353853,459.0137500000001
38.625,0.2923624154977878,0.43993960887587424,0.07508718430950956,34.00533287781932,0.7743136774307728,28.541955328804974,2.8331359966121155,458.955
38.635416666666664,0.29612103780638543,0.4376803185422797,0.07461378161973863,33.75269805035817,0.7616826787295135,28.612351197968263,2.833259382034758,458.89625
38.64583333333333,0.29930902874186627,0.4360832565312563,0.07431155696595597,33.44349829393292,0.7479504249738492,29.4660957359676,2.834311297565102,458.8375
38.65625,0.3017371842110526,0.43651724647589807,0.074209081544656,33.08220250786896,0.7335620694550673,30.462315025695617,2.8347831940713504,458.77875000000006
38.666666666666664,0.3042171828719161,0.4389148335385201,0.0742923726913434,32.685579513184805,0.719325429942404,30.89785844971157,2.834407585828627,458.72
38.67708333333333,0.3029800502863515,0.4412815201181257,0.07457557452163924,32.223335105564,0.7044152414849698,32.45988222741705,2.8354415178832015,458.66125
38.6875,0.3011160937167437,0.44592633514729235,0.07507932626970598,31.707136279051355,0.6896181632683328,34.10707442987688,2.835775406364661,458.6025
38.697916666666664,0.3023606071934583,0.4535045258723419,0.07579043215879971,31.164120142921423,0.675966347664564,34.87580834820405,2.8363259754336365,458.54375
38.70833333333333,0.2956978140057173,0.45887795750550114,0.0766591381983007,30.551569065495553,0.6627812113069665,40.40591254907763,2.865386589277774,458.48500000000007
38.71875,0.2912262821396994,0.4669537765955806,0.07770256750988692,29.9044449664902,0.6513287163887921,49.41204370040246,2.9042654349893624,458.42625
38.729166666666664,0.29170034150485674,0.4781734106143392,0.07892709632984944,29.252531354504445,0.6423721611959681,56.47414102492702,2.9424757285279326,458.3675
38.73958333333333,0.2924535948596474,0.48873262650743976,0.080212539446195,28.58463572439922,0.6359823669877744,63.90737847207089,2.9860716229220574,458.30875000000003
38.75,0.29582564503335507,0.5004584973580007,0.08151185462461061,27.930134881468195,0.6326691249714174,69.91731949075248,3.029178498400684,458.25
38.760416666666664,0.30028386119473083,0.5124701423054114,0.0827870331265965,27.310812791101863,0.6325628544035119,74.36047171325967,3.247149468046561,458.19124999999997
38.77083333333333,0.30535569211233776,0.5235503825831367,0.08408759025033588,26.708873523616873,0.6358059341721247,81.84203106664063,3.246120159950384,458.13250000000005
38.78125,0.31366024876010523,0.537336546708727,0.08547883548395795,26.150600154012942,0.6425144407943987,88.79682173521232,3.2450450418897017,458.07374999999996
38.791666666666664,0.3221428721717561,0.5523790626565557,0.08688940988321536,25.660878815553318,0.652308849675811,93.20402092870818,3.2436353571900374,458.015
38.80208333333333,0.33275475981442554,0.567910772128978,0.08841653230702354,25.225189237185514,0.6653602696828559,102.31563500746239,3.246673107678183,457.95625
38.8125,0.3433226253698862,0.5840738387129059,0.08983638118158856,24.864811996344972,0.6807271105128259,132.5690936977942,3.271668290042777,457.8975
38.822916666666664,0.35066908174371403,0.597208309287756,0.09111788725792022,24.56840684339316,0.6981480587315411,167.31603762516545,3.301949278865336,457.83875
38.83333333333333,0.3545746662993549,0.6065599063144486,0.092015218826417,24.335751352194183,0.7165639670778776,186.58370726403456,3.322689070470172,457.78000000000003
38.84375,0.3553975900271648,0.6107181815288726,0.09252721679813121,24.153246922675013,0.7355901762214666,195.6923741716882,3.334350111944153,457.72124999999994
38.854166666666664,0.3547104886662133,0.6109154733530732,0.09275850236679985,24.00739047833024,0.7552588385353567,203.8167784070455,3.343400273891239,457.6625
38.86458333333333,0.35479860667969126,0.6101735973176502,0.09251276240168654,23.900523707555937,0.7733885035979663,187.77399842219577,3.332552739080192,457.60375000000005
38.875,0.3505288174810076,0.602290111053826,0.09186857827146414,23.817650880832833,0.7904441292735891,169.01472990814267,3.314241504741457,457.545
38.885416666666664,0.3445098977272869,0.5901891488646062,0.09095312899755373,23.749843563603005,0.806869746142111,155.36981433976476,3.299072256709776,457.48625000000004
38.89583333333333,0.3413335150554992,0.5796092172905878,0.08981739628545608,23.697727953597436,0.8212509211300983,128.6724127376094,3.273813881045014,457.4275
38.90625,0.33720689173570156,0.5668079026447779,0.0885932344590017,23.655492349447268,0.8341043939515232,100.96690692526624,3.247734893879662,457.36875
38.916666666666664,0.3320833692011018,0.5530637335764071,0.08731811173872751,23.62048877116596,0.8455432416451913,80.45351444463445,3.2351657665725417,457.31
38.92708333333333,0.33071233628160024,0.5424568518807906,0.0860856176139635,23.593055401836846,0.8548886082815671,74.55148256022204,3.2345255572403984,457.25125
38.9375,0.3291852130533845,0.5317182737187434,0.08488968433131626,23.571171504996478,0.8623535074949386,70.7503711224043,3.234649980641317,457.1925
38.947916666666664,0.3255334185469076,0.5199471178966089,0.08370861943920951,23.552953245895225,0.8681773218832759,68.90674088131215,3.2355796933550565,457.13375
38.95833333333333,0.3253580019267324,0.510829402853598,0.0825786911473861,23.538185236202782,0.8721138338157708,63.97512902192831,3.2355345535479203,457.075
38.96875,0.3242035172912971,0.5009931411662031,0.08148870167068957,23.524926411745646,0.8745240475341352,60.551491526815504,3.236577477303627,457.01625
38.979166666666664,0.3210542777068782,0.49044613289153255,0.08040836272080297,23.511697378313247,0.8755643329125334,58.38316675201099,3.238361989610108,456.9575
38.98958333333333,0.3223585297245481,0.48270472584704177,0.07942467006515505,23.49814233407397,0.8753307397960677,54.51105684245344,3.0223524417971,456.89875000000006
39.0,0.32386463710842645,0.47530616766021094,0.0785196762873301,23.48322626638395,0.8739976878912261,51.39298135082095,2.989172956838617,456.84000000000003
39.010416666666664,0.3229989412573519,0.4675180139650627,0.07764801468396651,23.46613985777935,0.8716420933399901,48.91314121268938,2.9594910831783903,456.78125
39.02083333333333,0.3254201134046319,0.4617141584840663,0.07682638326773007,23.44802836100286,0.8686226190898999,44.050383343926256,2.922473952027402,456.72249999999997
39.03125,0.32598422090279033,0.45479077845300475,0.07600184371748489,23.428590742130872,0.8650854193305466,39.13711884037712,2.882450365553067,456.66375
39.041666666666664,0.3235117973540278,0.4464198163930558,0.07515480239389619,23.406612096006203,0.8609300371290921,34.79800175407606,2.8465448531514164,456.605
39.05208333333333,0.3227322069976196,0.4389779191039844,0.07426714739837481,23.384613218376664,0.8567329235939718,28.694114446611618,2.8256373613496613,456.5462500000001
39.0625,0.3202414221988532,0.4303898661633235,0.07336783626913482,23.36153543924638,0.8523643339409575,25.223882438504486,2.8256049442544953,456.4875
39.072916666666664,0.3160711265290159,0.42108844648125154,0.07244691189858544,23.336022638440692,0.8476197632698609,23.808861185839085,2.826948990276922,456.42875000000004
39.08333333333333,0.3137975434891664,0.41297028438748357,0.07152040049395654,23.310898362075427,0.8430521823622119,22.399631767230098,2.8273662882676454,456.37
39.09375,0.31071907504770624,0.40459979987291594,0.07062317860703923,23.284866942289693,0.838431079347205,21.28885993339862,2.829410925221534,456.31125000000003
39.104166666666664,0.30667974712347934,0.39618368752128613,0.06974292106865905,23.25664020478779,0.833540030209829,20.579649030509923,2.573392697805716,456.2525
39.11458333333333,0.3045525273117467,0.38909603745116444,0.06891055011842867,23.22848135543245,0.8287714587032642,19.733353279516134,2.5242331966905414,456.19375
39.125,0.3024724365661027,0.38248634843459095,0.06814585493558939,23.199301470891122,0.8239309084286638,18.939585596683862,2.4767207393015793,456.135
39.135416666666664,0.2997836170039307,0.37625774524382755,0.06743353071345666,23.16815947017661,0.818860442158427,18.238462673826888,2.4329106598132433,456.07624999999996
39.14583333333333,0.2983630250751205,0.371150979694084,0.06678722374239766,23.13745592656276,0.8139404368160219,17.384394982939213,2.419563237608769,456.01750000000004
39.15625,0.2966040807783664,0.36637672302156316,0.06620479049160463,23.106385080087286,0.8090241501730384,16.613887373180948,2.4195263252480403,455.95875
39.166666666666664,0.29434034509412843,0.36183815592894775,0.06567059270222525,23.073796090820924,0.8039164837945801,16.087537771687305,2.420118796761745,455.9
39.17708333333333,0.2925662140777282,0.3580257787626412,0.06518499049430815,23.042130295156568,0.7989825004262655,15.698839715462046,2.420088208178183,455.84125
39.1875,0.2906549525331032,0.35453811186698975,0.06475997745106332,23.009880034903478,0.7939667769267676,15.450059973176348,2.4206520344995988,455.78249999999997
39.197916666666664,0.2888259186516063,0.35147058821772087,0.064380881838082,22.97668744564374,0.7887919290077915,15.31143868943518,2.421433934969665,455.72375
39.20833333333333,0.2877160718061628,0.34927768753857225,0.06407764532856722,22.943107633968513,0.7835185227049416,15.24129532788292,2.422162095387792,455.665
39.21875,0.28713747638257975,0.3478995026703777,0.06385624102613537,22.908813680105688,0.7780643473477433,15.226720352248403,2.423098901661601,455.60625
39.229166666666664,0.2869430537509594,0.3472582965221682,0.06370772313710311,22.874260032374227,0.7724656519798615,15.24528370967359,2.424024472552733,455.5475
39.23958333333333,0.28778256859817436,0.34777809696808276,0.06368598658790676,22.8376807299231,0.7663839028894222,15.323948594446229,2.4255194956896164,455.48875
39.25,0.28985407011986686,0.349716289343106,0.0637858808883547,22.80019828503786,0.7599334724840049,15.436464854000384,2.2058642733699,455.43
39.260416666666664,0.2925128192589377,0.35280940741140404,0.06399560078509967,22.763530407489938,0.7533456167030151,15.54328160225162,2.197939260522713,455.37125000000003
39.27083333333333,0.2956612505014286,0.35742256386772153,0.06440424686483673,22.72364091119646,0.7457748487399617,15.73481344336992,2.1979653227360956,455.31250000000006
39.28125,0.29974766777614936,0.364265967376267,0.06500637943853466,22.68271042289638,0.7374302401879694,15.989537942006784,2.202333488529681,455.25374999999997
39.291666666666664,0.3053494220808135,0.37321756275457296,0.06577705000349547,22.644794388215615,0.7289947497344712,16.208215226562377,2.2047982365550443,455.19500000000005
39.30208333333333,0.3082841935295487,0.3842095715806487,0.06687789712244144,22.604407273320607,0.7189358685887597,16.60210712940591,2.432049411445094,455.13625
39.3125,0.30587336513683044,0.3980127329624272,0.06830229728479828,22.565365160183234,0.7075127588940251,17.204586697625345,2.4328958989692997,455.0775
39.322916666666664,0.30887567020664564,0.4161908945416595,0.07000138894869938,22.534990771233684,0.6963518771018534,17.716895886211713,2.431825590695829,455.01875
39.33333333333333,0.28425119836056556,0.43223974047047226,0.07223362948888325,22.51039994421242,0.6826519278804504,18.8641981682483,2.4345873445024613,454.96
39.34375,0.258345401312968,0.4511487262492509,0.07487246198063666,22.50584447142121,0.668696823069386,20.442333462344866,2.4353260101764134,454.90125
39.354166666666664,0.25017770759327346,0.4787574127120261,0.07796217375778726,22.531219769533816,0.6569372664252001,21.55372582283262,2.4340643701106215,454.84250000000003
39.36458333333333,0.22713663662171515,0.4946596333970091,0.08146420377086995,22.61956827122271,0.646020229045007,24.415514390224445,2.4741116244650088,454.78375
39.375,0.21489379868517566,0.5118212228450411,0.08496498483341908,22.812376331697127,0.6404604945263247,30.428716786174085,2.559653530870839,454.725
39.385416666666664,0.21559571916533118,0.5384836292250816,0.08860221291251652,23.128983268611268,0.6425268941547544,35.84109673533339,2.8519325238781263,454.66625
39.39583333333333,0.2161187794309174,0.5545339875429951,0.09187753752176821,23.635467830248672,0.6536473593304793,42.20436671091395,2.849506798626936,454.6075000000001
39.40625,0.22513893286283376,0.5765861115626187,0.09478680893484652,24.31681024413629,0.6735185308427613,47.276215319303894,2.8640929672000475,454.54875
39.416666666666664,0.23436576619428184,0.5961070409196533,0.09720604597009652,25.145273815013876,0.7005243226621318,62.290178593787466,2.935508141059352,454.49
39.42708333333333,0.25094332433531163,0.6187652531930264,0.09924573678201815,26.07382961237897,0.7324928448610663,77.16197452589246,3.015719818523015,454.43125
39.4375,0.26965515662987743,0.6391610353739057,0.10068159565400478,27.03298743780675,0.7666777358834411,86.52907241423367,3.2527685767032444,454.37250000000006
39.447916666666664,0.28144509057861655,0.6477451565448523,0.10136311032200479,27.990927593533158,0.8018856830190645,94.75352382116439,3.2495858500508543,454.31375
39.45833333333333,0.30335551506597414,0.6654865027296024,0.10193490869562852,28.853215057432166,0.8346874162629095,96.13702309174624,3.2461869412766418,454.255
39.46875,0.3243043205594488,0.6768553061360452,0.10210712312884307,29.61714383284895,0.8649908770806245,97.72375390724676,3.244372055653392,454.19625
39.479166666666664,0.3354988393748064,0.6770716760988204,0.10175356285022531,30.278992145975625,0.8927325118028995,103.52506721081915,3.2478486602012597,454.1375
39.48958333333333,0.3558331020516181,0.6834023922942594,0.10129113377371163,30.794741919582464,0.916044331499553,112.80344029224132,3.2557988354410266,454.07875000000007
39.5,0.3732253815622253,0.6842201412162993,0.1005936833244368,31.183137780642735,0.9355847665264848,119.22125982194373,3.261200889650412,454.02
39.510416666666664,0.38056024879231326,0.6770640424422351,0.09962148812157762,31.45588669658242,0.9518441141640459,126.3797044232126,3.267263732634689,453.96125
39.52083333333333,0.394075381804239,0.6731999019865311,0.09845354756420815,31.605519190939543,0.9639687156550882,115.96662722694876,3.259142210742252,453.90250000000003
39.53125,0.4018509813146731,0.6633748216955531,0.09709593295498083,31.657181371654257,0.9729469635450513,99.61224075118447,3.245676539553708,453.84375
39.541666666666664,0.4016490962807249,0.6483366931123462,0.09560680036894219,31.622647930610867,0.9793695675022265,87.29821407971262,3.237906454384708,453.78499999999997
39.55208333333333,0.4036037002001652,0.6344667646151073,0.09393611932578778,31.517368538961847,0.983165051295254,80.82805604570505,3.2365627672017347,453.72625000000005
39.5625,0.4009556680244808,0.6176382357457757,0.09224743929535358,31.35238294974858,0.9848845137654274,77.86617934617949,3.2365722924997846,453.66749999999996
39.572916666666664,0.3952585189567907,0.6001317046512344,0.09060678645796294,31.132973183929177,0.9847106845683169,76.48836691182395,3.2371362538439463,453.60875
39.58333333333333,0.38896007647616104,0.5834497676745631,0.08895500614798382,30.87365055181361,0.982774784431233,73.73593535050527,3.2372165398626045,453.55
39.59375,0.3813659673797125,0.5674624108038585,0.08743000002799883,30.578851764512375,0.9791722300885779,72.0321765519958,3.237769880690287,453.49125
39.604166666666664,0.3743277928167118,0.5533396010050098,0.08607551252652812,30.25432947260046,0.9739474528704302,70.80047000714849,3.238441954507162,453.4325
39.61458333333333,0.3661255183735032,0.5397077197228871,0.08473181420914985,29.91719536968571,0.9673821590101722,67.99142159073271,3.2385867571410527,453.37375000000003
39.625,0.35695461107358023,0.5261409918418012,0.08346202722929394,29.569909288756804,0.959569564665287,65.66649854776648,3.2391491013337657,453.31499999999994
39.635416666666664,0.34900813693721927,0.5136629659183933,0.08230872009868434,29.21086067999998,0.9504891698446946,64.27134329657666,3.240127550308828,453.25625
39.64583333333333,0.33689759800820385,0.500128354187122,0.08109950319966823,28.851543228713886,0.9404737831430433,61.912939404344414,3.2407908330196995,453.19750000000005
39.65625,0.322558097781782,0.4862224295680256,0.07994667198140544,28.485427236004178,0.9294002295677933,60.63739762942737,3.242015569248523,453.13875
39.666666666666664,0.3125759232492948,0.4749621536881301,0.07893872828929215,28.115340732288416,0.9174030169288797,59.420612460988686,3.025322951807369,453.08000000000004
39.67708333333333,0.2966309675390107,0.46204703323145596,0.07795378588710279,27.730412928729447,0.9041743050038569,59.80959412925481,3.017627975298764,453.02125
39.6875,0.2805495472684756,0.4503564117161526,0.07709689506297279,27.332865791544577,0.889857261081852,60.554520671257215,3.015329856403666,452.9625
39.697916666666664,0.2712453965118999,0.44299779019275587,0.07647717601243932,26.93301317009227,0.8749905709554361,60.43766389912337,3.0133440395053834,452.90375
39.70833333333333,0.2540508521241189,0.43165364298036496,0.07583747859016605,26.509281563103173,0.8590149558555528,62.928021219221726,3.0209968247124515,452.845
39.71875,0.2396022649200577,0.4220496414716069,0.07531722903109672,26.06987911763538,0.8425748065374025,65.24973337987183,3.2460358336344117,452.78625
39.729166666666664,0.23213795467666587,0.4171200259149271,0.07503602973458647,25.626190248871577,0.8264814369329612,66.44201641286405,3.2451560538490787,452.7275
39.73958333333333,0.22564699719131806,0.41191447129850206,0.07484318357349154,25.15439315337975,0.8102825468731204,70.79533842101857,3.245155272276793,452.66875
39.75,0.22318647220437066,0.4104149022043428,0.07482543621979873,24.674893540710233,0.7950819069056371,73.94969096514869,3.2442514684151305,452.61
39.760416666666664,0.22284596357959377,0.411120879473528,0.0749454973411317,24.201650085960193,0.7815771904058854,76.00572646913402,3.2431415022928065,452.55125
39.77083333333333,0.22334558424675852,0.4116386171510665,0.07513616603525218,23.718141651778083,0.7695772984018854,81.45231354718631,3.2431911122378962,452.49250000000006
39.78125,0.22637116341492658,0.41513392225417384,0.07550131650601209,23.24147828140757,0.7598447294788703,86.65851413659449,3.242820595034689,452.43375000000003
39.791666666666664,0.2299633405929004,0.4204064341269275,0.07598360045226145,22.793506148907788,0.7529784137250465,89.62779622391098,3.241827211282088,452.375
39.80208333333333,0.23587908096314755,0.42705747877136824,0.07662488154250596,22.360467557616044,0.7488953655275822,96.04321266502696,3.242153165211035,452.31624999999997
39.8125,0.2439477249662555,0.43672882918808253,0.07736728053255273,21.96825767466632,0.7478229040177862,111.7103799019263,3.2558200783036018,452.2575
39.822916666666664,0.24939074367368286,0.44383728603702505,0.078024109996546,21.608513043655925,0.7494457391141027,139.4047106442649,3.2785821906515866,452.19875
39.83333333333333,0.25666699971290874,0.4516958728542436,0.07857228008968781,21.290687508830867,0.7532419723934508,152.95296745699292,3.292141689179621,452.1400000000001
39.84375,0.2625541750096815,0.45629997185180904,0.07890349420158829,21.00082856429512,0.7587901528088477,161.03558341430613,3.3007953872740283,452.08125
39.854166666666664,0.26554431851496435,0.45743433017819246,0.0790027249134764,20.730830287795587,0.7657998303741975,168.17197390664575,3.3080903332113585,452.02250000000004
39.86458333333333,0.27292025602711234,0.4611195698828744,0.07912330832276074,20.481341517409465,0.7738607877051744,172.22693103125727,3.312819875491931,451.96375
39.875,0.28140798790983573,0.4653941398577124,0.07926984089063832,20.249466114414194,0.7827276226811504,176.77680550112044,3.3175466574095878,451.90500000000003
39.885416666666664,0.28686252255157046,0.46810609228872146,0.07935824653436113,20.036458796378696,0.7920935783415284,180.84678786265482,3.3219517406215955,451.84625
39.89583333333333,0.296800022826248,0.4735721064724029,0.07951833050906722,19.848302908993308,0.8014360856061913,177.54826086181902,3.320285624402921,451.7875
39.90625,0.30562863260128126,0.4774552091321924,0.0795900704420875,19.683408884874993,0.8105619098962253,169.57100329090304,3.313296139283377,451.72875
39.916666666666664,0.30959802140180454,0.47764673025105314,0.07950922247204456,19.535626333262414,0.8195874298142394,164.16460841680296,3.307358809704354,451.66999999999996
39.92708333333333,0.31603376560767416,0.47857459094051047,0.07930862134323287,19.411256815886535,0.8278562965817254,145.92532987510552,3.290884371220238,451.61125000000004
39.9375,0.3201572820214343,0.4764888014575597,0.07894877242951806,19.302781656380247,0.8355592659199075,125.2358878783824,3.2706767205392597,451.5525
39.947916666666664,0.32041520949563024,0.4714703656123936,0.07843593153647635,19.204198086499666,0.8428731396485695,106.90385605459419,3.253349560013211,451.49375
39.95833333333333,0.32408357831773965,0.46812647006082175,0.07791083884382981,19.11698118346488,0.8494516744435346,83.08781611315543,3.235066361777639,451.435
39.96875,0.32737186702933185,0.4646039530087022,0.07741910995165763,19.03622200990455,0.8554532484472955,77.77832207312373,3.234781719413274,451.37624999999997
39.979166666666664,0.32845242226478416,0.46074742368436916,0.07692556399214318,18.96092964249837,0.860776472129027,76.55532176400521,3.2352157818217466,451.3175
39.98958333333333,0.3330082213347519,0.4595919350658944,0.07663113556062676,18.889292006638133,0.8654060801932032,76.5588408748765,3.2359465918829824,451.25875
40.0,0.33876181481000267,0.4604984545316544,0.07650327876507948,18.821218544111325,0.8692346200846025,76.4873785567948,3.236482340409203,451.2
40.010416666666664,0.34256988427267554,0.4617669455491288,0.07645815932666912,18.756611579791034,0.8721979956032794,75.91014428303568,3.23675218230935,451.14125
40.02083333333333,0.35069736115803646,0.46659549961369395,0.07677036163873993,18.69032056441568,0.87442886918727,79.3350758113047,3.2381357320424224,451.0825
40.03125,0.36315648159684527,0.47627819115678116,0.07744916815976902,18.62019957370024,0.8758611436889252,83.39234678177513,3.2390994202203918,451.02375
40.041666666666664,0.37460781066799104,0.48808153731794307,0.07830440869523198,18.545761351247698,0.8765336767211027,84.41676605890366,3.238785073111357,450.96500000000003
40.05208333333333,0.3943897145158226,0.507071129495743,0.07990811106929097,18.45260490363261,0.8766980285516139,94.67528469105073,3.2416867194677006,450.90625000000006
40.0625,0.42203632159821497,0.5345962958457956,0.08203165584059557,18.340100542812262,0.8766722369074694,123.99491590622502,3.2655334540450687,450.84749999999997
40.072916666666664,0.44678143727040465,0.5644016319354278,0.0844078197045563,18.208434120232138,0.8770188587309812,157.2566234768832,3.293906361952251,450.78875000000005
40.08333333333333,0.48286426700103396,0.6027693772917173,0.08757139809190448,18.04731301231761,0.8784641904509836,201.81305685732607,3.333782452148522,450.73
40.09375,0.5263715739051407,0.6495687708960359,0.09128617575701184,17.860986969102385,0.8817796361195417,242.59434382400636,3.3746725427109117,450.67125
40.104166666666664,0.5654164543035697,0.698439414520932,0.09521110792171981,17.656666854037052,0.8875206846425654,270.97020963356056,3.4075033254454064,450.6125
40.11458333333333,0.6175277403707898,0.7586182963440414,0.10016688804120807,17.423720656245276,0.8966274969198733,310.2651107425925,3.4463392987338617,450.55375000000004
40.125,0.6781751038985867,0.830101913911739,0.10590782469110016,17.167529804401166,0.9094338866686358,344.7130905617298,4.01657888814469,450.495
40.135416666666664,0.734217467664084,0.9050994230644374,0.1120536849268093,16.896329524403026,0.9257627163240533,367.744526002959,4.017472398095415,450.43625000000003
40.14583333333333,0.8060358500800134,0.9946975724607038,0.11976045584532087,16.60356159602896,0.9463339304304178,402.69627472173727,4.018138008836102,450.3775
40.15625,0.8869101069475352,1.09686867021209,0.12861664916759666,16.306230574101463,0.9704708108701977,429.2098332303385,4.01870452066427,450.31875
40.166666666666664,0.9617860937616288,1.201690264525507,0.13821001790317605,16.02115902539494,0.9972535200988051,444.1243988823647,4.0193007740321285,450.26
40.17708333333333,1.0476839295199756,1.3179876662136532,0.1497877744263504,15.752276894684409,1.026740948340429,464.53676138344485,4.02001441608228,450.2012500000001
40.1875,1.1314870123090985,1.4390009518640834,0.16265104561730423,15.512365566456827,1.0576925578885068,474.5608824338862,4.020834041776407,450.1425
40.197916666666664,1.2102548130860291,1.5595342116157433,0.1767165290139845,15.304063404932549,1.0891771170372606,476.9699583702007,4.021695757974812,450.08375
40.20833333333333,1.2786321569471586,1.677882485392786,0.19217092699340158,15.124051460068037,1.1202785673358058,471.9016351061033,4.022493582515774,450.025
40.21875,1.3420784383613644,1.7930397437829633,0.20885446856546974,14.964885445057632,1.1501234568787528,459.8471471157751,4.023095763963836,449.96625000000006
40.229166666666664,1.4076772503050914,1.9069287224439928,0.2274352506316263,14.814620217663599,1.1782984835627237,448.1925353307404,4.023384360747245,449.9075
40.23958333333333,1.4687286896314737,2.02010396899867,0.24715270955064517,14.66637947384611,1.2035080456432459,422.6334388159511,4.023287056014455,449.84875
40.25,1.5269619659320985,2.130772719711756,0.2693272732811818,14.509693749203901,1.2256934606282877,397.1419759497874,4.022826238432061,449.79
40.260416666666664,1.5910520690477479,2.2430705141196694,0.29527788144745004,14.335759857489762,1.2448825268599428,376.2855642554139,4.022075308874415,449.73125
40.27083333333333,1.6306798759221064,2.3469284748692156,0.3269720006595648,14.133017224443917,1.2613157131277994,370.7674956852277,4.0211054272607285,449.67250000000007
40.28125,1.6610763230055892,2.447914774014278,0.36397925980057244,13.897764245720827,1.2744760995628475,371.50843238800786,4.020012063518374,449.61375
40.291666666666664,1.717436824902387,2.5621998537517165,0.406283359448902,13.638744460414372,1.2837583097098517,362.3867782568658,4.01890247068782,449.555
40.30208333333333,1.6981498834294018,2.6379222664412683,0.4553467490083371,13.345715017685983,1.2894831022647644,373.47355195984125,4.017752602711286,449.49625000000003
40.3125,1.6007781298123216,2.672550206080688,0.49757543757785805,13.038734966413081,1.291198575647487,375.7667964050113,4.0166017558779465,449.4375
40.322916666666664,1.5700847950800325,2.7290169724779454,0.5447442065847867,12.737406914783836,1.2890230902872475,370.9378439048718,4.015421909143715,449.37874999999997
40.33333333333333,1.3207099564604068,2.667335986571913,0.566022369778605,12.461458014571576,1.2831920228864908,365.4242323429489,3.497059252253516,449.32000000000005
40.34375,1.07681896940962,2.5687777682057464,0.569680698062089,12.237715564806718,1.2740445339468685,361.7651715107745,3.4911886389470967,449.26125
40.354166666666664,0.9669614357844647,2.520212144125581,0.5739252441578743,12.105838234066956,1.2624256227646158,353.5354767290571,3.4823997043731696,449.2025
40.36458333333333,0.7920497732095012,2.3569593015259365,0.5373901496795142,12.10906213415426,1.248569571685259,374.36986237231895,3.493953629862142,449.14375
40.375,0.664409020118873,2.163415069817147,0.4688714609186929,12.300038046621223,1.234308360054711,391.2368121831447,4.008033368121734,449.085
40.385416666666664,0.6022990198062489,2.0095133368289115,0.4069750232543813,12.6849586200094,1.2207560470020058,394.93424066678904,4.005716251795847,449.02625
40.39583333333333,0.5655497922996664,1.8639035783256008,0.35351731455855256,13.24855707061589,1.2070247659000504,403.93174914616003,4.002955701720232,448.96750000000003
40.40625,0.5601513813057755,1.7587577679743536,0.31288211281154343,13.92983179737113,1.192068993430832,405.07609875011957,4.000030845985109,448.90874999999994
40.416666666666664,0.5519091914413279,1.6623378728326508,0.2808975602695414,14.658393217900183,1.1748917499929101,403.34948416372754,3.9972350952874702,448.85
40.42708333333333,0.5828916273763083,1.6237164475234367,0.26037062113405485,15.349242854302425,1.1557008323632818,389.74069669887535,3.511144777632117,448.79125000000005
40.4375,0.6202194727892928,1.6021534455742,0.24413581605030066,15.934516143678424,1.135644964727428,360.41376400133004,3.4860712856929497,448.7325
40.447916666666664,0.6259248458338219,1.545044631060532,0.2282550999848667,16.40624705888241,1.1147495005459034,344.1253277176617,3.4670650244328565,448.67375000000004
40.45833333333333,0.6708389265635578,1.5401570448756308,0.21616611653758827,16.713613134016256,1.0959164683203826,288.40749689282444,3.418984774618938,448.615
40.46875,0.7034497441667706,1.5130303909826155,0.2047392765160243,16.898013956369425,1.0784205149889319,238.4769443991068,3.3677068901992926,448.55625
40.479166666666664,0.701221485727949,1.45170273714683,0.1930735334458993,16.983841507936194,1.0612917699495767,203.6725824289777,3.329971085329014,448.4975
40.48958333333333,0.731109038731301,1.4213392591161782,0.18257894613255352,16.98573534380758,1.0461478539580085,141.45684789786353,3.273302811386668,448.43875
40.5,0.7468389182309023,1.3756085883372964,0.1730371499061342,16.93167403194707,1.031837931193278,98.68075827228408,3.248328032752816,448.38
40.510416666666664,0.734970498375103,1.3108549885852374,0.16411076485766837,16.83049745116892,1.0172807310000418,93.25309098726709,3.2497212305787575,448.32125
40.52083333333333,0.744491234655702,1.2651439475426183,0.15529216719461553,16.708713599281115,1.0044073871766712,78.08333332122422,3.248281777648941,448.2625
40.53125,0.7369144512685577,1.2057244936225766,0.14732535484773612,16.56920031794004,0.9922253269185227,67.75169133382013,3.0426586699872935,448.20375
40.541666666666664,0.7118017730960162,1.136502872948954,0.14010763535542345,16.404556420963658,0.9797728651658799,61.689920287681005,2.9810986514530993,448.14500000000004
40.55208333333333,0.6976544730621262,1.0785228351617953,0.13294681018183568,16.242644671594668,0.9688030870885092,49.56709729085425,2.9035235945346543,448.08625000000006
40.5625,0.6734728555895183,1.0162773604409578,0.12664246414357616,16.07644632650517,0.9584250882961913,38.39947008316006,2.836619344268435,448.02750000000003
40.572916666666664,0.6435752055168965,0.9540730923280974,0.12108570996285241,15.895667252304717,0.9478222087804763,31.685116571573484,2.835950453174785,447.96875
40.58333333333333,0.6195914252016455,0.9003903356560172,0.11583179676805162,15.721173276450685,0.938023487855063,28.091107833455084,2.83666971954463,447.90999999999997
40.59375,0.5947207251188673,0.8503601611333201,0.11138931630334462,15.540531950973753,0.9281302878189627,26.250819122543167,2.635560615084332,447.85125
40.604166666666664,0.5720911878063308,0.8070997582871791,0.10758003129567163,15.352696654691796,0.9179314367196221,25.093551862733758,2.576060790731593,447.7925
40.61458333333333,0.5556791927969501,0.7719976530034156,0.10441422852391352,15.155335542142945,0.9071285832514149,24.30253550702102,2.526031769464987,447.7337500000001
40.625,0.5445455145692721,0.7460880882823937,0.1019395314983419,14.951311910340596,0.8956762785287199,23.548307165639937,2.4839901711542645,447.675
40.635416666666664,0.5361348385902276,0.727861081623923,0.10007034612538106,14.749020125484984,0.8838382643144134,22.502075355694963,2.446194054334941,447.61625000000004
40.64583333333333,0.5284266828848199,0.7150192699362414,0.09890521533690351,14.535679828703419,0.8705849210830279,21.669082318549627,2.4333582979842197,447.5575
40.65625,0.5241232911798944,0.7110527295644625,0.09838595872769718,14.324400848950043,0.8563455829587053,21.141901995928002,2.434596816275049,447.49875000000003
40.666666666666664,0.525022930318571,0.7152681785512893,0.09843104085254589,14.133280379033708,0.8420728543615705,20.888932588230805,2.43480804321136,447.44
40.67708333333333,0.5202794490072743,0.7230014689931934,0.09928975161643074,13.950006676321347,0.826448622128058,21.52533533027059,2.4374451785595816,447.38125
40.6875,0.5160641443276861,0.739409578694735,0.10085257121518193,13.794732122800456,0.8105771012060656,22.564231370426068,2.439062796981015,447.3225
40.697916666666664,0.5222042883958757,0.7660506531200728,0.10301641693205418,13.685048780812986,0.7961254582351418,23.19667647430573,2.4435888227100495,447.2637500000001
40.70833333333333,0.5069967208063578,0.7893860633574374,0.1059817669162465,13.6171938607326,0.7822583577902552,25.187002651623587,2.472656551682455,447.20500000000004
40.71875,0.49687392334591146,0.8207886717165142,0.10943971731364917,13.606723998034987,0.7709966500026535,28.162535949427962,2.506369839064437,447.14625
40.729166666666664,0.5013860249460607,0.8618695891788866,0.11347022387906743,13.656530811066341,0.7632965489823015,30.590051152800193,2.5369958568659685,447.0875
40.73958333333333,0.4952098944916634,0.8972622319513596,0.11771375551512468,13.773452785036826,0.7592680363489541,33.02095779354728,2.572344656655711,447.02875000000006
40.75,0.49278882204226093,0.9337597496949986,0.12197885597387502,13.96260071366901,0.7592210820529433,34.867986539965216,2.6055063011102613,446.96999999999997
40.760416666666664,0.49887098939389285,0.9732313603647583,0.12636807420080964,14.226831295877194,0.7629145484797613,36.144785307722024,2.635035282839535,446.91125
40.77083333333333,0.5049443738928056,1.0090319390294864,0.13038969840477857,14.562474480931181,0.7697609784191496,36.846691436637975,2.8556442068104926,446.8525
40.78125,0.5151542474522467,1.042141349450993,0.1339909474053821,14.95972449950018,0.7789785031626127,37.06461091351987,2.8537624057910835,446.79375
40.791666666666664,0.5242297602573881,1.0699411307808022,0.13725753599277582,15.414191361132891,0.7899977422483793,37.43999076888068,2.852715804101814,446.735
40.80208333333333,0.5407552758310358,1.0978336629888892,0.139732899854477,15.889567655608058,0.8016075162330017,36.666145864126946,2.850952682671338,446.67625
40.8125,0.554271797804436,1.1167035118971456,0.14157008395130627,16.380144645461634,0.8134809051282027,35.9990476981027,2.850254207022642,446.6175
40.822916666666664,0.5614977837478229,1.127342208270688,0.1428930995294184,16.88296110231518,0.8254509023908921,35.824941605785945,2.850298160696514,446.55875000000003
40.83333333333333,0.578107474114351,1.1411297190855245,0.14367705272379713,17.36490971680995,0.8366937752672341,34.82893752729298,2.849573802022827,446.50000000000006
40.84375,0.5914905379750426,1.1492331912175417,0.14412461283779818,17.826972120789808,0.847222831880658,33.9600071219832,2.8497141566817263,446.44124999999997
40.854166666666664,0.5973362141202079,1.1510384348972145,0.14429934683860332,18.272527310071514,0.8570775629608763,33.550668930087696,2.8505069268386873,446.38250000000005
40.86458333333333,0.6081656307777507,1.1555640503950346,0.14403262350043491,18.676100712535973,0.8656514888238499,32.313535485342044,2.6384521284252815,446.32375
40.875,0.613597383642291,1.1542567506545727,0.14357904500473306,19.04855595473219,0.873135956592009,31.24651138789382,2.617635083133834,446.265
40.885416666666664,0.6135013780431494,1.1481582493648763,0.14297748020623793,19.398017674747727,0.8796218977695254,30.62179128006105,2.599575601697027,446.20625
40.89583333333333,0.6247294927861181,1.1485961029322127,0.14216091123048272,19.705248604347762,0.8847305252322225,29.236694273919163,2.5730826972926253,446.14750000000004
40.90625,0.6365151127628433,1.1471767071540058,0.14140265482513412,19.981044734040545,0.8886872717522276,27.88889450550682,2.5448832865652413,446.08875
40.916666666666664,0.6403286498849851,1.1407463583956972,0.14062144395289927,20.235243574555845,0.8916488358857007,26.947051881587708,2.5201901366321695,446.03000000000003
40.92708333333333,0.6586323869048386,1.1426789860077946,0.13976626140548154,20.4519972142803,0.8935062664986656,25.392470867814154,2.4876798028805203,445.97125
40.9375,0.6738059931671373,1.142299410074703,0.13907333595325722,20.64161457804495,0.8944792363016307,23.790528795986816,2.4544350411172084,445.9125
40.947916666666664,0.6797696768295663,1.1375088223195167,0.13842220293157867,20.81102194263292,0.8946643603896636,22.28321219066618,2.433496281925428,445.85375
40.95833333333333,0.6949007843799767,1.1390063753191688,0.13788217332571187,20.953536376791277,0.8941234332045581,20.77779879506729,2.4326805474516204,445.7950000000001
40.96875,0.709552774888231,1.1418296924319924,0.1377380014646024,21.075116512744618,0.8929130651278535,19.886626418719825,2.4330804381200055,445.73625
40.979166666666664,0.7192252030379184,1.145176398380084,0.1377791043736491,21.17580957339925,0.8910618546848524,19.43795538838546,2.4335992526292687,445.6775
40.98958333333333,0.7397606006563096,1.1570550580290822,0.13850793451663052,21.255824320192108,0.8885720754439266,19.279068554022572,2.43432122006753,445.61875
41.0,0.7660107859089251,1.177247263700029,0.1399682395074845,21.314078401407404,0.8854531914456816,19.304212041156276,2.435078119008424,445.56000000000006
41.010416666666664,0.789534174496699,1.2023626167207744,0.14189352828470833,21.34867484008221,0.8818167756229708,19.340114196041284,2.435412933674956,445.50125
41.02083333333333,0.8260125816085736,1.2386103540606352,0.14526159307806905,21.359760457038128,0.8774794799790628,19.68477702396368,2.4369058306871345,445.4425
41.03125,0.8736580678214779,1.2892246586102722,0.14974697851117094,21.344420803031856,0.8726451763955448,20.113004743102994,2.4375914985035423,445.38375
41.041666666666664,0.9195758717364085,1.3476576494178942,0.15506277599521057,21.30380192954899,0.8676120917454717,20.375216934120534,2.437558828993673,445.325
41.05208333333333,0.9781837927020555,1.4182421861297396,0.16217623682010252,21.237926084261495,0.8623945243296841,20.707472390704627,2.438212264048776,445.26625000000007
41.0625,1.0438913928469975,1.499751622068262,0.17039821629247548,21.1515724447137,0.8573944372566502,20.86953417737442,2.4379505870981597,445.2075
41.072916666666664,1.104377874414986,1.583521841976171,0.17976251061804802,21.047362596966316,0.8527484022569872,20.938125985206298,2.437875572477601,445.14875
41.08333333333333,1.1743592046738882,1.6761514719895136,0.1904793562427692,20.930503376561617,0.8486734675013017,20.839626955027338,2.437403552972531,445.09000000000003
41.09375,1.2471132150862376,1.7735704325069823,0.20293742141135315,20.80188166227742,0.8451768433798329,20.722752708910804,2.437315086593133,445.03125
41.104166666666664,1.3166772819991364,1.8718100760927772,0.21690924262115974,20.662491807426303,0.8422753003410162,20.649527316510365,2.437381049722224,444.97249999999997
41.11458333333333,1.3984789888471738,1.9804008791911996,0.23371666221606532,20.51287728112776,0.8399623212015672,20.640955273701376,2.437570353639561,444.91375000000005
41.125,1.4888169030967229,2.0992330156651864,0.2539179921348607,20.35450152202149,0.8382260872892084,20.661360768793838,2.437712237069077,444.855
41.135416666666664,1.5789811592809129,2.2225764871117764,0.27760821308548733,20.18915404910106,0.8370324718488463,20.670044121128957,2.4377691999533457,444.79625
41.14583333333333,1.678566132954122,2.3560848649024644,0.30566393062091907,20.022309303771962,0.8363377134478917,20.513839853532698,2.437311240432295,444.7375
41.15625,1.7799872666791974,2.493909921471046,0.33889184306655623,19.855921767421712,0.8360472837633661,20.21653886094707,2.4368426880498313,444.67875
41.166666666666664,1.876429860938525,2.6286059273113813,0.3789350548045408,19.68513025304343,0.8360679134525502,20.014993347959333,2.437108951011962,444.62
41.17708333333333,1.9802080927129773,2.769460939213578,0.42342189931481167,19.521531717960173,0.8363025491680431,19.56727099785567,2.4361417884856675,444.56125000000003
41.1875,2.0801131445165404,2.906700715201466,0.47931037430627615,19.35475174983044,0.8366719668962974,19.239115536639403,2.436580139119835,444.50249999999994
41.197916666666664,2.1802172853191646,3.0422975798733187,0.5451124555296339,19.184377100928355,0.8370957220743316,19.04553531217503,2.437098146846139,444.44375
41.20833333333333,2.287578620642462,3.1829222629090497,0.6240206115979233,19.01195085071576,0.8374815537825543,18.902346834084153,2.4374777391013462,444.38500000000005
41.21875,2.398882546596143,3.327022699466771,0.7171250397736068,18.840072654393932,0.8377362584308988,18.728368735000206,2.4376757847114714,444.32625
41.229166666666664,2.506778071707696,3.468054536379715,0.8271296642654374,18.666165566778414,0.8377775883130638,18.603840293964353,2.4382662006211153,444.26750000000004
41.23958333333333,2.6209750965399516,3.6137432972914496,0.9433840555450403,18.505166376643743,0.8375496638163574,18.20205621430011,2.4375271197581285,444.20875
41.25,2.7255216307576076,3.7506593672817456,1.0753278256128374,18.3505679155746,0.8370253571500462,17.753312090234804,2.437907382636894,444.15
41.260416666666664,2.8211980079701062,3.876316141399462,1.2200305390198642,18.19595383443808,0.8361340301355314,17.44387746355904,2.2059513419949006,444.09125
41.27083333333333,2.909735010169454,3.9965317053388723,1.3694522917592524,18.04387978013474,0.8348230638389442,17.210564828280756,2.1926370863108344,444.0325
41.28125,2.9872523028144617,4.10826935360037,1.5272283020239248,17.889347875261993,0.8329564675824737,17.126569529320555,2.1827498093133904,443.97375
41.291666666666664,3.0736151453691924,4.219935272984824,1.6846267102214272,17.73735413951354,0.8304838267550969,17.080574725278904,2.173297180792998,443.915
41.30208333333333,3.1199522794371513,4.312925258992363,1.844560219632918,17.5820187097444,0.8271606696431084,17.1914006280728,2.1691088427502883,443.85625
41.3125,3.1186579277996627,4.384042630214805,1.9881399518413283,17.43061849684682,0.8229615759939668,17.34414707439333,2.1664286458736375,443.7975
41.322916666666664,3.1408328403279837,4.453899505756277,2.1184961601296877,17.28943483525681,0.8179529526497017,17.446203085878164,2.1633292783986295,443.73875000000004
41.33333333333333,2.9731132561895777,4.445310376716801,2.213015701628686,17.155714010379494,0.8118778748896288,17.677569911844596,2.165682595724247,443.68000000000006
41.34375,2.71809713939654,4.378912336915828,2.257550056331308,17.036400112105117,0.8047206774143462,18.097369355554164,2.173996414285684,443.62125000000003
41.354166666666664,2.558381819986138,4.330333039033142,2.267861177775631,16.94955076360826,0.7972632560958367,18.418377760857748,2.180054158396421,443.5625
41.36458333333333,2.135403592366238,4.105200976906692,2.1928965871214503,16.90247977038553,0.7882523395773078,19.857544653384355,2.214975214702981,443.50374999999997
41.375,1.6779077210002662,3.7858589030028016,1.9621064476699848,16.96263309907367,0.7804276798345314,21.98540983389347,2.4509824060104175,443.445
41.385416666666664,1.3900383631495592,3.514726048968091,1.6614545747023766,17.17308626485252,0.7771377155862976,23.430335274883813,2.448683000723703,443.38625
41.39583333333333,1.0504273089579164,3.1467706410761473,1.3024830287889875,17.618734333878432,0.7811845409007956,25.604227207565422,2.4505164491378517,443.3275000000001
41.40625,0.8320319964734022,2.813848810127807,0.9457328016991375,18.311162798501115,0.7955331059296339,27.38517062441752,2.4501305749777424,443.26875
41.416666666666664,0.7076100182793703,2.545572121967379,0.683826394758833,19.209924040746884,0.8200233707204856,28.382654097477502,2.4606407931666454,443.21000000000004
41.42708333333333,0.6180162227240807,2.291244472387604,0.5138329647428436,20.325498912526392,0.8547160410616158,31.35210896044333,2.5076472171596538,443.15125
41.4375,0.581073576238475,2.095275332163781,0.4091437469924024,21.560155669577124,0.8954123929914541,35.6641577867891,2.562440867166948,443.09250000000003
41.447916666666664,0.555782480593846,1.940624634057362,0.3431717616569961,22.803705899248893,0.9365704742644202,39.007037254442864,2.6149698473969454,443.03375
41.45833333333333,0.5804734345596643,1.8451539529615983,0.3042228868498405,24.00063414754443,0.9747060707986989,42.038614705864596,2.6697960867124055,442.975
41.46875,0.6245433033067498,1.7935515438653455,0.279701590040413,25.056791208719734,1.0061144264321598,43.97483331082473,2.860287680993227,442.91625
41.479166666666664,0.6414826808416664,1.7390559156272054,0.26105176678673575,25.9317320331759,1.0300830832499204,45.533778107476984,2.858036635356251,442.8575000000001
41.48958333333333,0.7021057410173543,1.729042227331545,0.24888466032126058,26.57039956161619,1.0464311291607808,45.151950299247616,2.855026509129251,442.79875000000004
41.5,0.7602401396757721,1.7233075240889966,0.23995653508075732,26.991750309380564,1.0570725661904836,44.4823638028644,2.8530211805256345,442.74
41.510416666666664,0.7800719310138269,1.6952467404034914,0.23155906967705608,27.21815693738483,1.0636366449281633,44.7160330905983,2.8524389406717416,442.68125
41.52083333333333,0.8413783605494644,1.7008642971026071,0.22373501151500313,27.260421476206908,1.0667591314397875,41.256544447299625,2.8485140425235755,442.62250000000006
41.53125,0.8842652351959475,1.6916715510958125,0.21679616152457332,27.17344565934362,1.0677874882301257,38.40398257886546,2.846929309119067,442.56374999999997
41.541666666666664,0.8885536864860093,1.6561382886389344,0.20995718716225448,26.97493297313414,1.0672022856832688,37.470880646221055,2.847783834012627,442.505
41.55208333333333,0.917739658559143,1.6389273733266134,0.20213573558348813,26.72096644775016,1.0654035502372898,33.92197162836194,2.845816729569276,442.44625
41.5625,0.9251549866979074,1.6072471929304053,0.1955728155857403,26.41868009084276,1.0625233060190842,31.503954213647518,2.8473575733148677,442.3875
41.572916666666664,0.9133175187896369,1.5653858697140746,0.18957226219715786,26.065539820222117,1.0583697850551306,30.26340808713712,2.6166088472001805,442.32875
41.58333333333333,0.9101727032423362,1.5338841229413223,0.18330294199886243,25.710429694038098,1.0533768073213554,27.949850645032026,2.5645846922923545,442.27
41.59375,0.8988608185890544,1.5006598651585519,0.17819844735613447,25.347818699028288,1.047407116668498,25.884144174710592,2.5132980103286395,442.21125
41.604166666666664,0.881245099009592,1.4661723225114094,0.1739907019468513,24.96777608923808,1.0401370431057215,24.307998965309746,2.4685900105962038,442.15250000000003
41.61458333333333,0.8725070357363145,1.441122390485166,0.16983939842287676,24.608345672641477,1.032219328970213,22.164841679689083,2.432468170667623,442.09375000000006
41.625,0.8614898348702393,1.4178191512346507,0.1666794706090248,24.257244377105796,1.0234085793920111,20.234530438384287,2.4319542704723665,442.03499999999997
41.635416666666664,0.8494029464607341,1.3969359574474163,0.16427771347338288,23.907276863461806,1.013450040004408,19.114159374679662,2.432839451333252,441.97625000000005
41.64583333333333,0.8402013145885779,1.382034385858215,0.16218639941596572,23.57441099548489,1.0027563493080447,18.40060093440985,2.433180149349939,441.9175
41.65625,0.8306181113520108,1.371396194771134,0.1610239789317337,23.247192196266763,0.9909330550759889,18.03999958232817,2.434367096763489,441.85875
41.666666666666664,0.8263055986778808,1.3688019324153133,0.1605836990900925,22.932059712836537,0.9781535428789747,17.855265092205993,2.4353695980849497,441.8
41.67708333333333,0.8177631046464172,1.3689016803120346,0.16126942055470025,22.608678705463863,0.9634220397010849,18.05255529620634,2.4376028477863847,441.74125000000004
41.6875,0.8054502239714912,1.3772702328096504,0.1628951149063439,22.286459092324964,0.9468902547936471,18.50386156220129,2.4392656689034515,441.6825
41.697916666666664,0.8075451885018748,1.4015241178473568,0.16547571424643337,21.988008893609717,0.9297251237977481,18.82535402397463,2.4395371179209957,441.62375000000003
41.70833333333333,0.7683729666846342,1.4121975612985798,0.1691024243502702,21.685036433412154,0.9102998165521567,19.55028673557287,2.4416858003501978,441.565
41.71875,0.732056525630597,1.428867786641746,0.172979966701492,21.402300983143782,0.8902346335322874,20.32448595117795,2.442200537924606,441.50625
41.729166666666664,0.7213599574122357,1.4601486559317742,0.1776369471106949,21.154349904001215,0.8710163242545585,20.798901336580812,2.4417323481526085,441.4475
41.73958333333333,0.692975352000349,1.4784033245158756,0.1826922847139299,20.93003158740931,0.8521535673409607,21.503095640328198,2.442752064275421,441.3887500000001
41.75,0.6737688063921498,1.4983359511156737,0.18735711114016212,20.748118241187473,0.8353798082134997,22.16695474135418,2.442779073539895,441.33
41.760416666666664,0.6709661387616327,1.5252538051800069,0.19205256854794406,20.620915813388706,0.8219304223797859,22.549249241297183,2.4422117721255203,441.27125
41.77083333333333,0.6576997460085399,1.5378092885482224,0.19696481221236592,20.550215858057086,0.8117207978615372,23.40535452077232,2.443640580565129,441.2125
41.78125,0.6593645180785341,1.5579561223350724,0.2015978515695117,20.55183879262685,0.8062210958567647,24.27921340464383,2.4439592593416757,441.15375000000006
41.791666666666664,0.6698943566721098,1.5857077332224008,0.20622720352396628,20.62606675777045,0.8059048663103952,24.754483761694274,2.4434285462085765,441.095
41.80208333333333,0.6856603810752749,1.610571147025067,0.21124426938137167,20.770255673665325,0.8107600568929403,25.35005565895377,2.4452944333085362,441.03625
41.8125,0.7154189717448085,1.6428014876566095,0.21584967215231607,20.96928297938657,0.820294886084284,25.872500913737532,2.4569453156408145,440.9775
41.822916666666664,0.7367449801661572,1.6688071996102094,0.21998945034328546,21.21002448830269,0.8338066592348167,26.842869898162963,2.4721023931994925,440.91875
41.83333333333333,0.782931567243662,1.702953814606314,0.22384580990520606,21.474856666733057,0.8501513959511684,27.707977438634046,2.4834652899500025,440.86000000000007
41.84375,0.8299926381650503,1.7338807556294793,0.22673871309088342,21.74960110537622,0.8681601725959224,28.020481035049638,2.4884980386564237,440.80125
41.854166666666664,0.8543357227024119,1.7481771048976107,0.2286652538616297,22.035495974554745,0.8875624286515311,28.303372995743707,2.493545827187318,440.7425
41.86458333333333,0.8918372615077012,1.7725742725341238,0.2276318481228387,22.2899434251577,0.9050266688722226,26.680192444181344,2.473311223053836,440.68375000000003
41.875,0.9037942840214355,1.7727176726277798,0.2256067416894792,22.529404085843463,0.9213022007506453,24.671695149721472,2.4451331152902114,440.625
41.885416666666664,0.8950921711758454,1.750330266608602,0.22250393523648038,22.771837315536374,0.937249699171728,22.97055352557194,2.436400541380684,440.56624999999997
41.89583333333333,0.9006779895940777,1.7349958956107738,0.2178122233496052,22.996747704707676,0.9511959440581926,21.324726416438548,2.434784408549562,440.50750000000005
41.90625,0.9019016531718843,1.712824478901643,0.21366582201590928,23.22130896108829,0.9639524037580804,20.331647501155015,2.434973753094057,440.44875
41.916666666666664,0.8962294579723161,1.6868838000962616,0.20950141181922777,23.450945311694092,0.9754758296645174,19.828068511230505,2.435602493873257,440.39
41.92708333333333,0.9096274035500274,1.6735211837414814,0.20588693957563528,23.678096084525897,0.985137400333191,19.39793386713334,2.4355075691115573,440.33125
41.9375,0.9264836310313657,1.6655781272004435,0.20312361525634492,23.90427953751627,0.992929798138011,18.996910767250405,2.435621357484208,440.2725
41.947916666666664,0.9325338874696337,1.6550122896645878,0.20094024913033456,24.13619413108436,0.9990104810044591,18.75024264703591,2.4363762562917612,440.21375
41.95833333333333,0.9547636402273828,1.656156877749573,0.19912725460875869,24.35939133040278,1.003085360117483,18.373655953776865,2.4361207118562493,440.15500000000003
41.96875,0.9749413957953349,1.6580779204480915,0.19817805214936984,24.580856729554373,1.005477929726115,18.03683820820711,2.4367295372182265,440.09624999999994
41.979166666666664,0.9855614182945373,1.65739797789711,0.19753611880442407,24.8033669836355,1.0062925221256074,17.822895464553678,2.437775807630057,440.0375
41.98958333333333,1.0081289554405914,1.665532953005621,0.1975419219317608,25.020590003550623,1.0055901694993759,17.63291150387908,2.4385362655325724,439.97875000000005
42.0,1.0330885653229394,1.6789103363043663,0.19843394627423855,25.233495664670908,1.003465749365211,17.493755252983387,2.2093536090560852,439.92
42.010416666666664,1.0523642497096006,1.6938902217697742,0.1998326561777611,25.440436328547552,0.999990383237111,17.403197792089507,2.1993705888219366,439.86125000000004
42.02083333333333,1.0816961045803974,1.718847772622596,0.20177663852923242,25.62992505208351,0.9954947295254396,17.202095255243233,2.1861208978104227,439.8025
42.03125,1.1098881178762192,1.7468315938237815,0.20442472393037206,25.802508855493976,0.9901731049383792,16.934870334638838,2.1710590727123456,439.74375
42.041666666666664,1.1306633582269119,1.7719977347503901,0.2076394299877279,25.96397145789342,0.9839504791673978,16.735081459604846,2.1577798600112135,439.685
42.05208333333333,1.158233347169801,1.8044004253620523,0.21072731174909048,26.101716272016233,0.9774764161542423,16.41611946128759,2.1389803716822176,439.62625
42.0625,1.1817785221069976,1.8361096268369776,0.21458123723715494,26.222916169597568,0.9706457051292222,16.09719043899169,2.119295308617886,439.5675
42.072916666666664,1.201396371599329,1.8652853600169665,0.2188686921097363,26.331981460182696,0.9632912120312427,15.858198122059889,2.101458540731381,439.50875
42.08333333333333,1.2247763856313614,1.9008286168158643,0.22310003358363795,26.42205907014545,0.9560234688362842,15.567447752932217,2.079199447855249,439.45
42.09375,1.2468539230724316,1.9373991144455152,0.22840140805658668,26.499246837570432,0.9485585729446648,15.30761013850389,2.0571828116470203,439.39125
42.104166666666664,1.2696008707059576,1.9745179782110012,0.23431263996707677,26.565497994191468,0.9407848320490739,15.094997206073156,2.0402775510809223,439.33250000000004
42.11458333333333,1.2990781872974084,2.017294195336358,0.24167653766597458,26.6224863191113,0.9324865404529358,14.945467066595972,2.0423304902450417,439.27375000000006
42.125,1.3379613469080114,2.069306139769446,0.25054811180879744,26.669313830509534,0.9237327418435245,14.849743749992033,2.044558667397623,439.21500000000003
42.135416666666664,1.3817575180658015,2.128827814009709,0.2607358969796728,26.70510737782878,0.9147532639360959,14.791508114680878,2.046287649019592,439.15625
42.14583333333333,1.4337329572210844,2.1974899432311616,0.27348913971579936,26.730849894227596,0.9054682480256473,14.781575032235928,2.0479936768107216,439.09749999999997
42.15625,1.4931383110670329,2.2751989255848972,0.28850199775631735,26.746686137755677,0.8961132643228374,14.786893642143662,2.049320486407389,439.03875
42.166666666666664,1.5529861164093801,2.356119623424724,0.3059054982236574,26.75354545944451,0.8866899095055424,14.80525313766965,2.0506864483773914,438.98
42.17708333333333,1.618249122613834,2.442949830493084,0.32652146589888953,26.752054706887087,0.8772299378338665,14.834726428567825,2.052014521705457,438.9212500000001
42.1875,1.6870502950258186,2.534645706435385,0.3506897209380099,26.74264028729544,0.8677831690316424,14.874252946711923,2.0532530858502547,438.8625
42.197916666666664,1.757309628672625,2.628663021109225,0.37815601493629813,26.725769623165025,0.8584923854520576,14.913002176242207,2.0543056613838844,438.80375000000004
42.20833333333333,1.8272282123750574,2.725053239536998,0.4102781436813653,26.701658822452664,0.8493644715703668,14.957256149777415,2.055365919860274,438.745
42.21875,1.8983340132343354,2.8238975986489945,0.4468597728291765,26.670958074961796,0.8405779715953631,14.99239650476469,2.0562013031121293,438.68625000000003
42.229166666666664,1.970563244828134,2.9225013982814345,0.48836018483667787,26.634027775946564,0.8321647087024292,15.02176333532514,2.0570824085921946,438.6275
42.23958333333333,2.0348085286591266,3.0207936899514363,0.5327000706433419,26.59350788396408,0.8245522691446374,14.992873685326202,2.057634263986105,438.56875
42.25,2.0908484168977015,3.113973840957625,0.5820956639777095,26.549680144793893,0.8175816659676115,14.934452490104043,2.0590492345459754,438.51
42.260416666666664,2.147598968195413,3.2016971583979243,0.6368270548860225,26.501752770586304,0.8110263800232773,14.888472702583046,2.061147657263364,438.4512500000001
42.27083333333333,2.175055881701285,3.2756587457960173,0.6978432461682532,26.446948083547067,0.804535731775025,14.91720541467719,2.063528636920809,438.39250000000004
42.28125,2.1868547866488024,3.342033488576413,0.7648007543860262,26.383615896148754,0.7980277242944216,15.047398259691446,2.0649024788410673,438.33375
42.291666666666664,2.226126316686777,3.4204488254092995,0.8331923211671021,26.31732734507105,0.7920646228521138,15.17302975456936,2.0642366580393614,438.275
42.30208333333333,2.1954272404006647,3.4707854226887114,0.9167934912774002,26.238656520387966,0.7858183090323919,15.475937168754143,2.064566247542797,438.21625000000006
42.3125,2.1097261154110982,3.5056832487016703,0.9924052726464107,26.155720841200758,0.7799521853195612,15.829532612830988,2.0618308438980057,438.15749999999997
42.322916666666664,2.073431652274587,3.5556535084624694,1.068642881279276,26.0753445333138,0.7747972026550652,16.10104814719993,2.058443503872888,438.09875
42.33333333333333,1.802214069165913,3.51155361016002,1.1261467633266917,25.993829546927994,0.7700057237249415,16.449163123773353,2.0565389929818907,438.04
42.34375,1.4701946748203232,3.418680146390374,1.14756909318989,25.919381601946696,0.7660065655515319,16.82805785903392,2.0536632600174842,437.98125
42.354166666666664,1.2761813836837015,3.3574913512107236,1.1521085665491466,25.863666584262635,0.7633408804430483,17.08472974067348,2.058949378864376,437.9225
42.36458333333333,0.9194971513139264,3.1508228012287596,1.0925128105173472,25.83521503037651,0.7624016059207517,17.770781268771945,2.0945012955133295,437.86375
42.375,0.6369166759934531,2.884167968480941,0.9388549022839654,25.87227591616858,0.7648320338722265,18.900014269821256,2.136009308497173,437.805
42.385416666666664,0.5031718965141956,2.6502098479237683,0.7615792161461534,26.007934484867487,0.7716622273753244,20.022458588433842,2.1700040037892174,437.74625000000003
42.39583333333333,0.39564217780823846,2.363582025264612,0.583532350863744,26.289967667097688,0.7843337917481236,21.304395827094552,2.207567078623021,437.68750000000006
42.40625,0.3430760951730964,2.09331097030264,0.4389572684126993,26.736345618393646,0.8025524679458059,22.28339731654748,2.238138411150905,437.62874999999997
42.416666666666664,0.31088065455600455,1.849661607094491,0.341628058133292,27.350802549811014,0.8252768200185416,22.916180141368475,2.4496337496986897,437.57000000000005
42.42708333333333,0.2997704812114256,1.6435982627419312,0.27649542579018704,28.116385327244473,0.8505777658997483,23.280770948415174,2.4477887524617694,437.51125
42.4375,0.29491286444544684,1.4644077760006655,0.23127334481479483,28.99997857828914,0.8761062794293625,23.45330508822161,2.446285852200178,437.4525
42.447916666666664,0.28630118994839915,1.3032715222057334,0.19903207933640588,29.970431650108598,0.8998649734269367,23.588465341646103,2.4452967930666047,437.39375
42.45833333333333,0.29097180016360114,1.1899712140458507,0.1769624208598783,30.95928169962988,0.9195092910471414,23.49165757040568,2.443882795011801,437.33500000000004
42.46875,0.2984202604717977,1.1015139120314557,0.16100848846662913,31.92797235534005,0.9341393271317815,23.271429254911542,2.442778806813932,437.27625
42.479166666666664,0.2974773219455864,1.0166031025398985,0.14837577432556495,32.861588700968746,0.9435881999228921,23.17376017921402,2.442362778176239,437.21750000000003
42.48958333333333,0.312295983359148,0.968120272888793,0.13915734550060546,33.67082616827096,0.9476128630568098,22.603919175469184,2.440326128617548,437.15875
42.5,0.32587157017974155,0.9230838554721007,0.13172418189769383,34.37619787928315,0.9473493105175202,22.007738126972363,2.4394262684261836,437.1
42.510416666666664,0.3278857117312627,0.8714857868890918,0.1251231889238353,34.99229995528078,0.9434126397919325,21.68982290765881,2.439442806030854,437.04125
42.52083333333333,0.34208928351816786,0.8391160408377767,0.1196856921769305,35.46726940969818,0.9370404728316625,20.981206068498405,2.4375379727903868,436.9825000000001
42.53125,0.3515788348194701,0.8047653858700062,0.114921690740062,35.83660064041697,0.9289147013487838,20.25289588346635,2.436804486548137,436.92375
42.541666666666664,0.3502163074439493,0.7646833486372204,0.11050308268108475,36.12482143680558,0.9190893538186163,19.827356876056893,2.4372391506337068,436.865
42.55208333333333,0.355526626678558,0.7340627229345997,0.10650947604819058,36.316896385231125,0.9088911828430934,19.190761721898024,2.4359996762099962,436.80625
42.5625,0.3569845702112239,0.7025160791237782,0.10294298231135965,36.440214984025786,0.8980259781385721,18.6584440406285,2.4362125331944635,436.74750000000006
42.572916666666664,0.352573486069368,0.6705580626071732,0.09966216095704543,36.50325395596917,0.886345110164411,18.339552315109387,2.4370085849584364,436.68875
42.58333333333333,0.3538003835175114,0.6449977671636616,0.09672275721536541,36.509494809552706,0.87446852530834,18.018255972818437,2.437120732195083,436.63
42.59375,0.3541251796175074,0.6220258158145012,0.0941614877845998,36.46617309531861,0.8621616869161199,17.769938935526977,2.437844854186716,436.57125
42.604166666666664,0.350818541248548,0.6006051333728646,0.09189541940212254,36.37646264233767,0.8493489512924243,17.617194362210178,2.2160375248984674,436.5125
42.61458333333333,0.3497891324159269,0.5825415477069653,0.08988661598617252,36.24437381720715,0.8361958167162467,17.505669116641833,2.2071675382778024,436.45375000000007
42.625,0.34843859279103506,0.5669431449867973,0.08815122118019209,36.072244306977495,0.8226828085675445,17.43375701496563,2.1994685542588797,436.395
42.635416666666664,0.3453023596122811,0.5530610313136929,0.08665115156189668,35.86249904849638,0.8088703808817492,17.390494778822966,2.1928053559412524,436.33625
42.64583333333333,0.34118222318739466,0.5405002201624791,0.0852971920451757,35.62017148281189,0.7949839055656678,17.335324621771072,2.186087151880377,436.27750000000003
42.65625,0.334928799272792,0.5289094132680133,0.08411139006943733,35.34651148038872,0.7810213051811824,17.286563830172334,2.1800676877027687,436.21875
42.666666666666664,0.32928256848869564,0.5189443195448201,0.08309913187969968,35.04327676057574,0.7670462342199844,17.252773366570146,2.174874056810165,436.15999999999997
42.67708333333333,0.31928849529198233,0.5086067587047756,0.08218293442735543,34.70384230782246,0.7527966278373174,17.30676232295569,2.1729494665993965,436.10125000000005
42.6875,0.3073636222698122,0.4992314564563377,0.08142565410381847,34.32289037781013,0.7381712916898916,17.48776860269267,2.1753820316994372,436.0425
42.697916666666664,0.30024887092431046,0.4934440126840892,0.08086426985384426,33.91919936556656,0.7239463131048764,17.637921031492013,2.1771186908649898,435.98375
42.70833333333333,0.28453458635676565,0.48488972180140294,0.08040202881271218,33.461021530369315,0.7091177313481438,18.02468556181648,2.187544902301762,435.925
42.71875,0.2709830670229958,0.4785676836215713,0.08008313321661084,32.969563736501115,0.6945430588145081,18.511647404067297,2.2005918571575016,435.86625
42.729166666666664,0.2642258534474021,0.4764368065116469,0.079974626628732,32.474371855958424,0.6810998774654398,18.872787486595488,2.2111581375147313,435.8075
42.73958333333333,0.2573104752762173,0.4733011847159605,0.08003253380208164,31.933198688582387,0.6677555974587186,19.596879909193934,2.4448383577176918,435.74875000000003
42.75,0.25595557928025003,0.47454253871215446,0.08027650907563187,31.390094436988335,0.6558162111907684,20.42069947713627,2.4442451035860744,435.68999999999994
42.760416666666664,0.25752800360751354,0.4789557806894952,0.08068472861080785,30.88452474508843,0.6461967232505688,20.979965199314275,2.442896470896941,435.63125
42.77083333333333,0.2587214269966323,0.48238664372028256,0.08123924384004365,30.392378662581606,0.6386126463164667,21.840464064503717,2.4434248360259154,435.57250000000005
42.78125,0.2622792654957252,0.4888244928131299,0.08192981650706568,29.9522209683408,0.6339730826398343,22.68970208030826,2.443031123259467,435.51375
42.791666666666664,0.26661009288381066,0.49695620347828867,0.08271196499298597,29.58479501263856,0.6325753000338634,23.203888584600673,2.4420552355376652,435.45500000000004
42.80208333333333,0.27032763506436547,0.5040875416139307,0.08358068677152548,29.275388616509854,0.6344421493439901,23.909114782043314,2.4424999674055146,435.39625
42.8125,0.27601910916872596,0.5133469453127049,0.08449564998345818,29.034888853353035,0.6394979598247181,24.439733037433125,2.4420518934729576,435.3375
42.822916666666664,0.28097717094298874,0.5221420120962208,0.08538341298904903,28.855715075276,0.6473571011662189,24.73071852833647,2.4432629109056343,435.27875
42.83333333333333,0.28694343294855634,0.5304237297134243,0.0862092696771016,28.72513949357933,0.6576358840920206,25.207758457083823,2.4575516869290865,435.22
42.84375,0.29340663075356443,0.538122561048322,0.08689986016838466,28.63280275178437,0.6696723685412053,26.107173549652277,2.4732256508399533,435.16125
42.854166666666664,0.29741671668050085,0.542888333184541,0.08741084167714029,28.566039489753358,0.6831080134500493,27.21981145460434,2.4895321593532707,435.1025
42.86458333333333,0.30426444848640594,0.5485688664074558,0.08767270654615952,28.518689645155284,0.6964832380030785,27.26595078513627,2.4925472632869936,435.04375
42.875,0.30792915723510883,0.5489801272356923,0.08762666042257967,28.480848094030115,0.7097645223013562,26.86283813035048,2.4900410118007903,434.985
42.885416666666664,0.30791958508328,0.5445685242105542,0.08729448160807543,28.446093664527517,0.7230912705820081,26.6343076259088,2.4885781113131733,434.92625000000004
42.89583333333333,0.3110101734606088,0.5415224096407604,0.0866946802342922,28.413981482568687,0.7349714125711497,25.43327420018443,2.4721711083521116,434.86750000000006
42.90625,0.310854422010228,0.53377557137755,0.08584939556145343,28.380767908417205,0.7457998082686222,23.99000720547023,2.450589753821005,434.80875000000003
42.916666666666664,0.3072920654996086,0.5221251935383866,0.08480058482592283,28.342888238743488,0.7560157113241046,22.723080793594256,2.43466401437913,434.75
42.92708333333333,0.30669890843416026,0.5124148125873437,0.08359940607999261,28.303211520085046,0.7645573337007485,21.079061397056968,2.4323023750938377,434.69124999999997
42.9375,0.30449391550053895,0.5002337740197386,0.08231432217652151,28.259355082124184,0.7719837939483624,19.88208897502169,2.4318520361157634,434.6325
42.947916666666664,0.29993714576298713,0.4862395248212177,0.08094909655969112,28.20866916312593,0.7785942553868276,19.235557677088526,2.432386471955899,434.57375
42.95833333333333,0.30029545754444487,0.4753477404486797,0.07960074059922584,28.155363839846217,0.7838579034280443,18.572855058659957,2.431466738937056,434.5150000000001
42.96875,0.2996917079061401,0.4637541477634596,0.07829114953541863,28.096771668503354,0.7881613589916041,18.061888088368676,2.4317162258006437,434.45625
42.979166666666664,0.2967983966905846,0.4516775428003241,0.07699312443206963,28.03115827122862,0.7915949000940748,17.76037776460294,2.432477965522525,434.39750000000004
42.98958333333333,0.2979466514199174,0.4425406473609432,0.0758684000369636,27.957950584328373,0.7941141805306425,17.613862705404614,2.4332891891302943,434.33875
43.0,0.30069888774979936,0.43571765903867565,0.07492859663077563,27.87642830020939,0.795674202598569,17.5794749339252,2.4341461759280105,434.28000000000003
43.010416666666664,0.3017024401346171,0.42991511540562455,0.07412193979585562,27.787330093348235,0.7962236672540375,17.576829724160007,2.434762232534393,434.22125
43.02083333333333,0.3062847692689772,0.4267756470594181,0.07352764552137353,27.691884186950904,0.795780585389753,17.541240054457788,2.4351479888507517,434.1625
43.03125,0.3110287804821881,0.42465707398512903,0.0730638749011264,27.590875758288405,0.7944250999965874,17.453780889463165,2.435458122307007,434.10375
43.041666666666664,0.3130967026408494,0.42223274622520884,0.0726699280015842,27.482078213313457,0.7922099645661993,17.387902915279437,2.436107267101777,434.0450000000001
43.05208333333333,0.31754763442268247,0.4212899215037994,0.07238016916139578,27.36853401792609,0.7893112064603597,17.256964921855033,2.4363033182086635,433.98625000000004
43.0625,0.3219718861377424,0.42075840134175496,0.07217324784528521,27.24725651568243,0.7857869419165883,17.13159648832823,2.2115629045661085,433.9275
43.072916666666664,0.3244512773885835,0.4200745964322077,0.07200198187731867,27.11606589142875,0.7816931356162433,17.045668863214082,2.203822437429376,433.86875
43.08333333333333,0.3298361645425483,0.4210205127579832,0.07194058406337694,26.97615005943052,0.7771892260893556,16.952024615677455,2.1954655065909585,433.81000000000006
43.09375,0.33564102705091786,0.4227378982816925,0.07196025130972061,26.82671380933833,0.7723653816799297,16.851451938465097,2.1868523289128454,433.75124999999997
43.104166666666664,0.33956810098601753,0.4244241195072824,0.07202705782126709,26.665247554193083,0.7672410181075264,16.777473871273028,2.1791603920005223,433.6925
43.11458333333333,0.3448352269278797,0.42704524807619915,0.07213883864947794,26.50159938199599,0.7622006230237924,16.598521469167952,2.1671326223305463,433.63375
43.125,0.34908301872200287,0.4293703509302676,0.07228267832537344,26.3326344219549,0.7571875733646656,16.39127049434753,2.1540191488236196,433.575
43.135416666666664,0.3517424932694621,0.4311944868904467,0.07243174792247928,26.153720477614495,0.7521003242047462,16.233482577446058,2.142326538182296,433.51625
43.14583333333333,0.3555469486387427,0.43364336443545526,0.07257932376532335,25.977958586215166,0.7473205827928785,16.008131539717613,2.1261418783829105,433.4575
43.15625,0.3589247851625689,0.4358734236201075,0.07274608738539816,25.801058660443157,0.7427178107940118,15.781204360611769,2.1089533584573434,433.39875
43.166666666666664,0.3612941376042537,0.4378183388108308,0.0729192696825734,25.61795348870713,0.7381588533099658,15.606245281918119,2.0932578485744866,433.34000000000003
43.17708333333333,0.3648354913306379,0.4404798692306749,0.07309589000838687,25.441712034438535,0.7339523853542941,15.392918268950087,2.0735108681979644,433.28125000000006
43.1875,0.3674283232633108,0.44301736163182376,0.07330019610144274,25.267560782554334,0.7299548922058502,15.186345121001569,2.0528262826704293,433.22249999999997
43.197916666666664,0.36946650126069935,0.4455346853296519,0.07352702920008476,25.090420906404294,0.726034158980931,15.016167982565854,2.0403550205599434,433.16375000000005
43.20833333333333,0.37054801628362033,0.448510774742384,0.07376178555275056,24.92226536876918,0.7224315736170387,14.821612193558908,2.0419624417651367,433.105
43.21875,0.3707676774412013,0.45153770824625794,0.07403834652907115,24.75772718269781,0.7190029690243412,14.65205768520436,2.0444000726235045,433.04625
43.229166666666664,0.37159379999090825,0.4549050428264951,0.07435446930812595,24.59246237941639,0.7156386417297915,14.536042289990199,2.0472496056548843,432.9875
43.23958333333333,0.37165653708643515,0.45888513817773685,0.07469606264552626,24.43607039970048,0.7125120638193035,14.43652308394176,2.049797605947653,432.92875000000004
43.25,0.37143818137357715,0.463209393334947,0.07509498077808843,24.283948906205232,0.7095082746017858,14.368954914415038,2.053126215192681,432.87
43.260416666666664,0.3724795895309918,0.46819232274198713,0.075552256951032,24.13270809619293,0.7065420589253599,14.339123499476948,2.0569998552536646,432.81125000000003
43.27083333333333,0.3713630046133658,0.47408811810535123,0.07614053385415465,23.973581653183018,0.7034234487710747,14.369065323994098,2.0613081145542527,432.7525
43.28125,0.36948747142786464,0.4820573822322828,0.07691403474836074,23.8032312055337,0.7000621743512849,14.4638947789793,2.064901910727899,432.69375
43.291666666666664,0.37177819168713533,0.4934079254128601,0.07786028163855784,23.636461516555585,0.6967203479532106,14.565940439924498,2.0667051104385594,432.635
43.30208333333333,0.3655714258163959,0.506244258238009,0.07921236913326815,23.442929996215355,0.6927375427579784,14.791646310679276,2.069139437928947,432.5762500000001
43.3125,0.3506388759218891,0.5217515994039534,0.08091388088593794,23.232372717295583,0.6882166430190281,15.138072860107759,2.067953673911529,432.5175
43.322916666666664,0.3463913190081725,0.5441501334222083,0.08295197099095786,23.035439359825496,0.6837435474871361,15.45319646202292,2.0639445512089387,432.45875
43.33333333333333,0.30221380245592244,0.5568396238131588,0.08547737649598298,22.806578109785846,0.678136930906301,16.08692652628142,2.062651292142449,432.4
43.34375,0.2598210265724139,0.5682846745662671,0.08814930521434414,22.59124285741388,0.6722799019861839,16.90706119398185,2.06567075981674,432.34125000000006
43.354166666666664,0.24270526135365897,0.5905344548563187,0.09119923643464255,22.426774116431368,0.6671490098734315,17.573281925323332,2.091381518316512,432.2825
43.36458333333333,0.20672988821196095,0.582444743138191,0.09375606193110336,22.308514530240608,0.6624273264756704,18.917283275578363,2.149984472962764,432.22375
43.375,0.18286971652754216,0.5647640618507215,0.09531625802771776,22.29758393582798,0.6599046837646643,20.853813813199242,2.2106948284161687,432.165
43.385416666666664,0.17469025512165995,0.558625914306408,0.09666487358854509,22.422167260813943,0.6607635069553641,22.453469563627976,2.450425018842026,432.10625
43.39583333333333,0.16712982133530754,0.5382831946185843,0.09690131604774566,22.70367966974092,0.665757028886162,23.91901798736481,2.448622863159525,432.04750000000007
43.40625,0.166135832233362,0.5264207335049529,0.09666490294181773,23.12498171245164,0.6748782389861003,24.739510019338702,2.446238323804141,431.98875
43.416666666666664,0.1667457770667568,0.5146625324384736,0.09598144045342456,23.66746267108547,0.6878539596367672,25.203137261186647,2.4448346684214917,431.93
43.42708333333333,0.17224701074316706,0.5145354758248651,0.09533383889469152,24.270932015115005,0.7032854455168833,25.032151947565712,2.442580522549552,431.87125000000003
43.4375,0.17890074298207012,0.5136790414984451,0.09434406691150045,24.903445521498345,0.7203276450276476,24.597026614038697,2.4409561193100777,431.8125
43.447916666666664,0.18241139221234093,0.5033082404225488,0.09277024556674672,25.55840358275302,0.7388110601658492,24.39254276626005,2.4405198512439235,431.75374999999997
43.45833333333333,0.19153290588422361,0.5064728285883563,0.09158098412587602,26.159552921446977,0.7565015495930979,23.62533056300013,2.438070987436241,431.69500000000005
43.46875,0.2006761757161452,0.5058502584364633,0.09020289284739921,26.712057089589,0.7733715158119284,22.77622716729093,2.4366755789778543,431.63625
43.479166666666664,0.20444656832057057,0.49439813438766966,0.08838499683332254,27.235517804893924,0.7898975204983809,22.32560639817562,2.4366692739675804,431.5775
43.48958333333333,0.21409348504936002,0.49347798358688355,0.08679762348303195,27.65556231331139,0.8035375652923682,21.18719550075924,2.4334977833833773,431.51875
43.5,0.22053946362997295,0.48407650482032333,0.08492236655826893,28.01611178382904,0.8154963229240264,20.099172810378768,2.4323833277251343,431.46
43.510416666666664,0.22080138958626236,0.46628147947902066,0.08273561657117089,28.34653682629283,0.8266146189596195,19.472934933769654,2.4328549149197474,431.40125
43.52083333333333,0.22473002319205326,0.45301915443124796,0.0806172586810444,28.620278073588164,0.835870969642783,18.778799804204166,2.431729059256583,431.34250000000003
43.53125,0.22711878824340262,0.4378433959339156,0.07852975145211409,28.862791359535432,0.8440056130955476,18.273515798549287,2.432052227731975,431.28374999999994
43.541666666666664,0.22626311419152373,0.4216851994566975,0.07649469910928391,29.079334373787482,0.8510767544883013,17.98408403262203,2.432721624112294,431.225
43.55208333333333,0.22906164130970336,0.4093625568619671,0.07466430002750053,29.264888333645878,0.8568124500882658,17.742537859341184,2.4329185866103935,431.16625000000005
43.5625,0.2320842420728948,0.39847225533986935,0.07302202611261865,29.42301362861606,0.8612459367543281,17.54134903880028,2.4333170747309376,431.1075
43.572916666666664,0.23209554796802268,0.3874037532818984,0.07151629983170511,29.557000222362166,0.8644032036625248,17.420102940433374,2.4340077423862936,431.04875000000004
43.58333333333333,0.23466932659015455,0.37859995697785304,0.07016328659603065,29.66349103787088,0.8661858423924267,17.270902460270506,2.4342300310318947,430.99
43.59375,0.23676461640149996,0.3703557692714613,0.06893930305869166,29.745358881913543,0.8666759083464277,17.138477279270226,2.434787765847064,430.93125
43.604166666666664,0.23644765668645146,0.36208033121049543,0.06781629931040671,29.80339658524283,0.865897957322745,17.055907006133303,2.4355339309688273,430.8725
43.61458333333333,0.2375255042335972,0.355017347586159,0.06677852085691953,29.83643084719188,0.8639454536830444,16.942195499698062,2.2124452589838493,430.81375
43.625,0.23796999203969788,0.3482859183605899,0.06582716543496064,29.846109892702145,0.8608973968276091,16.8364662370625,2.203490969795383,430.755
43.635416666666664,0.23685366195734212,0.3417179318977257,0.06495488020942021,29.833027676439652,0.8567968587773409,16.767583631830465,2.1957853205808844,430.69625
43.64583333333333,0.23511052166160842,0.335498316546629,0.06413400394347368,29.797714113174607,0.8517123906064243,16.730479023491906,2.189104674653344,430.6375
43.65625,0.2321095205263178,0.32967780361662624,0.06339320934821586,29.740630889943894,0.845668258464339,16.73435387721183,2.184069745530215,430.57875
43.666666666666664,0.22936558520994993,0.3247753951340103,0.06275459126195145,29.66370472164121,0.8388020589787956,16.74664772564548,2.1795684557734574,430.52000000000004
43.67708333333333,0.2242128603585778,0.31970435955974363,0.06217575667108936,29.565260888593368,0.8309128877786893,16.844031866201476,2.1789847381015908,430.46125000000006
43.6875,0.21811464207907771,0.31528032687040003,0.06171172942095449,29.442750034589963,0.821775544404069,17.090072157924535,2.1842865554031308,430.40250000000003
43.697916666666664,0.21474685670006013,0.31294222074794037,0.06139984124970688,29.3059685419568,0.8120253210836151,17.298954683190622,2.1882950769621616,430.34375
43.70833333333333,0.20722524680815607,0.3097236206894315,0.06121141507495386,29.1369086454796,0.8002794269130049,17.87032484066599,2.2063128503208453,430.28499999999997
43.71875,0.20189337992826864,0.3089607399587654,0.06122078286527509,28.951058763191206,0.7874797497102146,18.57178229786839,2.2265888343690894,430.22625
43.729166666666664,0.20013934875643127,0.31085377807850095,0.06144982962402104,28.765065855835413,0.7745859526579623,19.091409243026682,2.440458427557557,430.1675
43.73958333333333,0.19802842432670217,0.3125852122474197,0.06180148410056433,28.573030214865966,0.761002860285585,19.75384165267419,2.4405376444142015,430.1087500000001
43.75,0.1979792366507317,0.3158767163324633,0.06227314035683739,28.391888219640858,0.7477371107496885,20.39279293344251,2.4398914513705554,430.05
43.760416666666664,0.19940015149044435,0.3202956325906624,0.06283258225661935,28.235346660591535,0.7356544938975748,20.810695497204396,2.4388346128105978,429.99125000000004
43.77083333333333,0.19987406766658547,0.323850496560898,0.06347742279236945,28.09744742172162,0.7240507891314494,21.756366210636198,2.4402116338708773,429.9325
43.78125,0.20306215605822878,0.33039670613920685,0.06433162425028725,27.999606152252948,0.7142967187815144,22.95274087330496,2.4407494547739206,429.87375000000003
43.791666666666664,0.20799365980965606,0.3395711292336534,0.06536440864061412,27.95560988803341,0.7075718031780908,23.688070489172386,2.4398629011261366,429.815
43.80208333333333,0.213784596494333,0.34938305817741844,0.06662151487443378,27.965982134903605,0.703812762026,25.11547948613373,2.459406978581022,429.75625
43.8125,0.22309320142504319,0.3632834012737853,0.06809033771459731,28.027056230937625,0.7037757776924636,27.379456077098002,2.495964448727988,429.6975
43.822916666666664,0.23128880765824633,0.37700394495466016,0.06960058118720944,28.119693537982158,0.707239043452612,29.953416949566986,2.534734197454217,429.63875
43.83333333333333,0.24170898150609943,0.39147865180659597,0.07111483821852255,28.220191692203176,0.7137955989943455,32.0581001677593,2.5723696738471036,429.58000000000004
43.84375,0.25217769644295557,0.405130311210006,0.07250070885838973,28.304097099675364,0.7228139176948637,33.327441185052,2.6045915388375573,429.52125
43.854166666666664,0.25952605714839894,0.4156445285719908,0.07367201044250087,28.354671150403966,0.7338927339123565,34.3817428265472,2.6348816659423946,429.4625
43.86458333333333,0.26743701902833766,0.42527422719792335,0.0745268021306452,28.361420155796512,0.7455025747672295,33.56243132878458,2.8501078572593284,429.40375000000006
43.875,0.2714597569363036,0.4294008865978893,0.0749894236524029,28.328300358598685,0.7574668171997296,32.64087665131066,2.848449048380031,429.34499999999997
43.885416666666664,0.2722461036328807,0.429120287467323,0.07511849168268249,28.25722233008054,0.7698862033371532,32.430480101957734,2.848133530156481,429.28625000000005
43.89583333333333,0.27468024294433885,0.42866650882811735,0.07489159039443272,28.166515350918882,0.780865530019993,30.288901320814137,2.6306603397547836,429.2275
43.90625,0.27345291901003427,0.42283696899245315,0.0743028237627177,28.062960160010938,0.7908230783007666,28.26885459553032,2.6019583889523714,429.16875
43.916666666666664,0.2691756142924609,0.4129998849988173,0.0734296669360428,27.944594920770594,0.800373545949233,27.254166748393633,2.5774481770185185,429.11
43.92708333333333,0.26682443830420427,0.40392040552878944,0.07233758007935849,27.83274070607512,0.8081948692743613,25.204344189900077,2.536454732098798,429.05125
43.9375,0.2623880275766196,0.39219996382458633,0.07113116257259765,27.71803489102344,0.8152716083843075,23.733200076521822,2.499021761183939,428.9925
43.947916666666664,0.2574414831670551,0.3803299947597018,0.06985502912801826,27.601524098190463,0.8215971192630241,22.612448956241934,2.4655472750663376,428.93375000000003
43.95833333333333,0.2563592023077924,0.3712536993375642,0.06870971771016382,27.48584193494771,0.8270357214751498,21.52858561280416,2.435637339465302,428.87500000000006
43.96875,0.2567705056175825,0.3641673002133754,0.06770352037420799,27.374951964337654,0.8314029232165293,20.302338114953262,2.429526479225071,428.81624999999997
43.979166666666664,0.2557540439240057,0.3575646891578488,0.06680019442552694,27.269353848188658,0.8346688946734165,19.40114513317281,2.4298401792452062,428.75750000000005
43.98958333333333,0.2559911956105897,0.3521897638834974,0.0659658807583216,27.179332018054254,0.8366187429657439,18.546175190395083,2.428610147793167,428.69875
44.0,0.25410357286753293,0.34553511602778886,0.06512728349073442,27.09890427255358,0.837563939470832,17.864318077503825,2.4283721363372015,428.64
44.010416666666664,0.25056501854506613,0.3379558709825609,0.06425555015548767,27.023031675520155,0.8376245216544403,17.453630320690227,2.4290119406888726,428.58125
44.02083333333333,0.24799290574647556,0.3310168376366479,0.06337300287920199,26.95715444881869,0.8369198208134718,16.99048751219281,2.4283528839798394,428.52250000000004
44.03125,0.24478436963914688,0.3236814859597269,0.062487862074501584,26.89605558048488,0.8355794265755782,16.590144517427557,2.4286289205796847,428.46375
44.041666666666664,0.24093462232250923,0.3162233260538442,0.061597861524255206,26.836021761299925,0.8336048831693215,16.335050711778145,2.4296022806249082,428.40500000000003
44.05208333333333,0.23855019917797513,0.3097681948758712,0.06074302345698695,26.780702828566554,0.8312331704334258,16.042694310053953,2.4296383685114487,428.34625
44.0625,0.23596120116702257,0.3034134419044139,0.05991948856930727,26.727142670580356,0.8284809736974842,15.775765945586407,2.430441955642272,428.2875
44.072916666666664,0.23278498555698066,0.29711680796087164,0.059117594215579515,26.672391840528157,0.8252674218680704,15.599765322533486,2.1957478720837784,428.22875
44.08333333333333,0.2307458299411936,0.29165107613844066,0.05835845623054381,26.620794416682543,0.8219289872333367,15.380715727248463,2.1740716341549704,428.1700000000001
44.09375,0.22846560021793152,0.2862981371914076,0.05764118586485018,26.56894159752997,0.8183251234073243,15.198301506569205,2.152699936096995,428.11125
44.104166666666664,0.225840157061066,0.28113960280701233,0.05695193627166929,26.515194721767173,0.8143748810864285,15.077901769913222,2.132835657342048,428.0525
44.11458333333333,0.22483638989258134,0.2771286591987609,0.05636515737521381,26.457263585744055,0.8099192910579772,15.041580760195465,2.116492422957853,427.99375
44.125,0.22517940099738695,0.2744155449010179,0.05589415853302717,26.39508608785292,0.8049546818093153,15.062239049460496,2.102875070883165,427.93500000000006
44.135416666666664,0.22546362338695974,0.2725392424004891,0.05552205993503462,26.330294570115786,0.7996236431434023,15.0898559852165,2.089718687628008,427.87625
44.14583333333333,0.2275653218226685,0.2719985208016306,0.055310271036613165,26.25936880706865,0.7936482358923005,15.159913955905973,2.080926257585756,427.8175
44.15625,0.23066739593061653,0.2725860868132683,0.05522554088440425,26.183982221859022,0.7871845510325813,15.234135899017566,2.0738152360399,427.75875
44.166666666666664,0.23319612588640637,0.27366758916911704,0.05522975069718984,26.105595635143867,0.7803910321439885,15.286317779070995,2.066783040231488,427.7
44.17708333333333,0.23697968325872995,0.2756798447530889,0.055361819333441566,26.021571920233118,0.773083328060985,15.347110197523959,2.062642839092819,427.64125000000007
44.1875,0.24076416113408577,0.2782102416559638,0.055563893319044634,25.935494220658672,0.7656298252961761,15.37420512953309,2.0573760130749768,427.5825
44.197916666666664,0.24374856130068406,0.2808184241158282,0.055812993506384426,25.84650412730047,0.7580226042279892,15.382217260878997,2.0522488605119933,427.52375
44.20833333333333,0.24598979427773407,0.2834582247872557,0.05608913563792046,25.75831023170973,0.7506424903770187,15.338962840492627,2.0438644789981635,427.46500000000003
44.21875,0.247419213292066,0.2858484959690042,0.05637261906235325,25.6691055919064,0.7433942524132802,15.272829120199011,2.042416385486126,427.40625
44.229166666666664,0.24868857847519604,0.28809460755451605,0.05665129086787101,25.577281772929283,0.7362102122612958,15.207946040120817,2.04342485418888,427.34749999999997
44.23958333333333,0.2496066972441899,0.29039694909626457,0.05693374509959769,25.485074947622703,0.7293187838345896,15.138243058711954,2.0442297051892715,427.28875000000005
44.25,0.2503692831478329,0.2927193836470999,0.05722215663749986,25.39139752688066,0.7226764965751276,15.08009882396122,2.045255720060156,427.23
44.260416666666664,0.2514430245162483,0.2951549894337751,0.057517960536093204,25.295098487133234,0.7162411915021025,15.042312797815562,2.0464132886122197,427.17125
44.27083333333333,0.25150678971954177,0.29795164495257537,0.05787527211790216,25.19034037090784,0.709696352404998,15.060448248978522,2.047889347678146,427.1125
44.28125,0.25126462572486696,0.3016690620433929,0.05832419265048634,25.07534722795334,0.703047401389742,15.137240217589515,2.04886833676986,427.05375
44.291666666666664,0.2527917879787511,0.30664752126271966,0.058859671873825924,24.957134572150537,0.696770327234853,15.213033297961568,2.048746734267116,426.995
44.30208333333333,0.2504132413280755,0.312337914647785,0.05959294078320061,24.817270178545463,0.6900271094327094,15.407691501667081,2.0496929246348476,426.93625000000003
44.3125,0.24358112729811435,0.319277944740991,0.06053271347877373,24.655937310518368,0.6830963359963363,15.724590312798123,2.05249986376166,426.87749999999994
44.322916666666664,0.2420793399572115,0.3292121540146286,0.06167292921613418,24.491459162093275,0.6768879478869549,16.005074938361457,2.0641705089719102,426.81875
44.33333333333333,0.22026255097890285,0.33542452007432805,0.06309031627367759,24.282871916501012,0.6701700492759705,16.700297366258887,2.106333227612626,426.76000000000005
44.34375,0.1988244858446652,0.3420941701256431,0.06474931113203726,24.05274285802982,0.6642158275228799,17.901730569960282,2.157506496920148,426.70125
44.354166666666664,0.19117763957036343,0.35517637291744336,0.06677196455554454,23.837900560874573,0.6601585110214762,19.110273686106403,2.1980503329454066,426.64250000000004
44.36458333333333,0.17229944791474017,0.3547921228166087,0.06878867553580079,23.607646849347685,0.6581368730866023,21.72892029970803,2.449776489539042,426.58375
44.375,0.16223140781476034,0.3551779353114703,0.07078816805871033,23.459572823684983,0.6607914862851446,25.000154825609293,2.4493112172064904,426.525
44.385416666666664,0.16212495151510892,0.36577749631063755,0.07315479351117174,23.471098386342018,0.6690810602649465,27.021193865301836,2.4472516545842855,426.46625
44.39583333333333,0.1631149637925371,0.37047468518597776,0.07519636738364925,23.692029019896975,0.6844940866608564,30.039898205917375,2.4971349761111075,426.4075
44.40625,0.16956868988399382,0.3841494037949229,0.07738752550619248,24.12364620310713,0.7060869261323712,34.755012200496715,2.566603394319717,426.34875
44.416666666666664,0.17648052126572464,0.3974852660642453,0.0793469638926596,24.726714200412417,0.7328934104042891,38.90302011655067,2.6378887476685304,426.29
44.42708333333333,0.18814552395911258,0.4192919839218593,0.08142085245187695,25.41554653845819,0.7624922822256464,40.75035289744799,2.8559538561429143,426.23125
44.4375,0.20051549964563276,0.4405463997665745,0.08307374996461252,26.109496555870408,0.7926178514576491,40.60957051376069,2.8515166283209847,426.1725
44.447916666666664,0.20796070422290688,0.4482106464558284,0.08375180982030697,26.8051824458146,0.8239182873959071,41.35862713819767,2.8497921610360644,426.11375000000004
44.45833333333333,0.21943130994422266,0.46470746972771887,0.08432357804352643,27.382454966581765,0.8511595920769025,38.193040490208354,2.8448616174371706,426.055
44.46875,0.22745456072999756,0.4687424754045031,0.08405425788170946,27.888997594009204,0.8762433456643902,36.05422083562823,2.8431558962524863,425.99625000000003
44.479166666666664,0.2297339344596045,0.4610026793470694,0.08301984851881053,28.352607551903443,0.90024077202934,35.486310379708804,2.8433011427502213,425.9375
44.48958333333333,0.2368597664265563,0.45853565562336485,0.08195055456466738,28.744126825417897,0.9211841093978421,33.91178466747992,2.842079284611118,425.87874999999997
44.5,0.2435215571624215,0.4534814684650935,0.08075512949024896,29.086549956092593,0.9397545722039815,32.81603246327394,2.842151869210412,425.82
44.510416666666664,0.2457426284093796,0.44427177643848104,0.07940696492071249,29.391197164514093,0.9560957508557523,32.33818118202739,2.8428754855550005,425.76125
44.52083333333333,0.2533393606602097,0.43975276843329236,0.07823097661053777,29.65094993499584,0.9694824504746912,31.498131583587053,2.8430149812644183,425.7025000000001
44.53125,0.2618223391616373,0.43555305809621053,0.07716664910945024,29.874068092864228,0.9801858412598939,30.939768363078915,2.8438071186937743,425.64375
44.541666666666664,0.2657581893825754,0.42921284720276526,0.07611326400542429,30.060585141577217,0.9882031207947234,30.600718723596653,2.8447191557183515,425.58500000000004
44.55208333333333,0.274923719452906,0.4261559076639161,0.07522107869241283,30.20580732074404,0.9934954054924796,30.086530355683518,2.845338064483969,425.52625000000006
44.5625,0.28304369137273766,0.4227678590660278,0.07435941215172816,30.306816750054463,0.996272250929185,29.104554922397323,2.6216212654745332,425.46750000000003
44.572916666666664,0.2853608902307279,0.41645616852192413,0.07348003125841036,30.36902242307076,0.9970011541957776,28.54181665254847,2.6053726646303295,425.40875
44.58333333333333,0.2876858293713519,0.41000076847429984,0.07248263352158436,30.391485299367577,0.9960801108574865,26.97336432469038,2.576448517182359,425.35
44.59375,0.2862465161651263,0.4007170914169129,0.07139472062538306,30.383343569431837,0.9939524595316297,25.58659769201087,2.5460181255455874,425.29125
44.604166666666664,0.28219508254268516,0.39013092207210104,0.07026031771243978,30.347776420353927,0.9907432037478074,24.678930444554993,2.5193020583097754,425.2325
44.61458333333333,0.27809737896688513,0.37980366974613383,0.06904783061428825,30.292009598885038,0.9868680722789885,23.38465046466961,2.4865193831940346,425.17375000000004
44.625,0.2725854404626276,0.36898634193738966,0.06783844344886902,30.21969737960573,0.9823649651244447,22.090676461428913,2.4537630352108075,425.115
44.635416666666664,0.26673602982464945,0.35853447036361347,0.0666767053570275,30.132025964247514,0.9771517172264312,20.88029942698181,2.4293385398447693,425.05625
44.64583333333333,0.25987372166382533,0.3483360974775068,0.06549165919660258,30.038870064817612,0.9716517953370992,19.49121712643055,2.4278345724069044,424.99750000000006
44.65625,0.25136186556529105,0.33779484917327873,0.06432885008751996,29.940956838508338,0.9657583403145562,18.481611217814187,2.4277577303386315,424.93874999999997
44.666666666666664,0.24389317829514312,0.3279839192610861,0.06322941291581206,29.837668275938615,0.9592890692211709,17.90683510274496,2.4282899265115083,424.88000000000005
44.67708333333333,0.23433681604319884,0.3180435725574943,0.06211338652006838,29.737004761187617,0.952618557043696,17.45226074727805,2.4280322037053943,424.82125
44.6875,0.22309192152536658,0.30781700773656634,0.06102746662758944,29.635624590361534,0.94540742541662,17.181951561211356,2.4286452344860052,424.7625
44.697916666666664,0.21475169543163916,0.2991217554400458,0.060034044794782936,29.535760716550108,0.9376621011843288,17.037954457657772,2.42922644865852,424.70375
44.70833333333333,0.20201983557680916,0.2893867298329087,0.05903705665873394,29.437081561138115,0.9291633188344517,17.03798112198422,2.430137638900975,424.645
44.71875,0.18952544166373048,0.2801804897820388,0.05811317123483349,29.340856457846666,0.9197343285732927,17.183364218447167,2.431162404288755,424.58625
44.729166666666664,0.18166776120668932,0.27351429292137996,0.057354702374588416,29.2538888915432,0.9097453344315103,17.317239762388308,2.4314511305536777,424.52750000000003
44.73958333333333,0.17148344364722168,0.26580463582075053,0.056671613488145665,29.16668525022927,0.8972853734043494,17.967863055640017,2.4342271774053774,424.46875000000006
44.75,0.1646341225183353,0.2610741085159795,0.056230093224285904,29.09608466214429,0.883113910441595,18.87698242410234,2.435286218341973,424.40999999999997
44.760416666666664,0.1618694149634035,0.26000474187683864,0.05609939868729571,29.055507713023726,0.8684801813232006,19.523832442791658,2.434732550730318,424.35125000000005
44.77083333333333,0.1586251671938815,0.25853661736635564,0.0561148594723701,29.050801954248612,0.8519963712361915,20.4732652836326,2.4362729813363573,424.2925
44.78125,0.15783728610081263,0.2597232344749934,0.05636123589535433,29.09464764478468,0.835201099761664,21.351668919615097,2.436322961185124,424.23375
44.791666666666664,0.15862979282997053,0.2627019397571756,0.05678944107551347,29.189093819432127,0.8191987062473558,21.870930919579465,2.435705396383814,424.175
44.80208333333333,0.15959918342626955,0.26545877259740325,0.057278216380646695,29.340291719631924,0.8037887725007171,22.487247366913657,2.4376937648245027,424.11625000000004
44.8125,0.16195448135074217,0.2697693512787024,0.05786019199660412,29.53867381502911,0.790284987578461,23.055722505820775,2.4519595521722555,424.0575
44.822916666666664,0.16422460547951306,0.27393231931107026,0.05844675635589911,29.776089995550183,0.7789968218737041,24.06426033506629,2.4715728404939825,423.99875000000003
44.83333333333333,0.16754194535267275,0.2787433981980476,0.059024859183350986,30.03614858305222,0.7702938543373955,25.054644769340893,2.4882836135166055,423.94
44.84375,0.17102741214578812,0.2830769439282646,0.05952418559083207,30.30752712759982,0.7640567317628983,25.71364881308416,2.5013019175339646,423.88125
44.854166666666664,0.1732812756241826,0.2856914362265889,0.05987987391433633,30.58694006292662,0.7599942925190398,26.306221215666966,2.5142657618357087,423.8225
44.86458333333333,0.17759537185873894,0.28970459776336555,0.0601852792702135,30.844676175442903,0.7580455013302632,25.92305770888507,2.514165256441798,423.7637500000001
44.875,0.1810859155689672,0.29166248976932485,0.06030766078929969,31.085580989292637,0.757637906379315,25.290004949485958,2.5086850837722,423.705
44.885416666666664,0.18244822720384266,0.29103811837457,0.060219131422801914,31.316094189094567,0.7584662502114249,24.926984879693947,2.504288584907793,423.64625
44.89583333333333,0.18587054173399625,0.2914740447892688,0.06007514144624949,31.520085806023257,0.7601791876215985,24.153673238507952,2.49198840770675,423.5875
44.90625,0.1890663238166553,0.29088987183736803,0.05984062428185421,31.705890508169293,0.7625451980806863,23.42840867647718,2.4788952852340067,423.52875000000006
44.916666666666664,0.1904328727357452,0.288947839976291,0.05950353831931475,31.875956416284946,0.7653921487729902,22.856895621614616,2.4673003854814026,423.47
44.92708333333333,0.19414593707953284,0.28830434242895114,0.05919410201212554,32.02385525033749,0.7683995466379632,22.088542757043818,2.4520137247154294,423.41125
44.9375,0.19772008826903464,0.28729490083378206,0.05885738391023373,32.151538699691194,0.7713859186215676,21.14817764263397,2.4340146736152333,423.3525
44.947916666666664,0.1989453637415724,0.28489063579965257,0.058452728316043916,32.26473180878192,0.7743162213909741,20.222970610018102,2.4287668734448,423.29375
44.95833333333333,0.20161140766280503,0.2831621328858472,0.058043803340338034,32.35716486226705,0.7768779127438784,19.256064842337143,2.427692503038357,423.23500000000007
44.96875,0.2031967902816848,0.28046118846996615,0.057585915793287236,32.43543213801235,0.7791287555467558,18.56139945148019,2.427489356855083,423.17625
44.979166666666664,0.20296533787025794,0.2768123538654877,0.057067116990171154,32.503026383541325,0.7810838963308064,18.1644000018111,2.4278249736717554,423.1175
44.98958333333333,0.20395838157416857,0.2737792645945781,0.05655384695650426,32.55728327801323,0.7826018581369386,17.777848028853874,2.427261440924906,423.05875000000003
45.0,0.2043539212439705,0.27037765273981046,0.056027571608157224,32.60163060837537,0.7837370638997982,17.45866789209729,2.4272709681215185,423.0
45.010416666666664,0.2034942344384696,0.26654584065748443,0.05547889548341007,32.63784077160121,0.7845000913372389,17.263659985702795,2.427701269958092,422.94124999999997
45.02083333333333,0.20391533074520293,0.26338198237357024,0.054956194313933775,32.6645455623658,0.7848509588880735,17.010383419535824,2.4272748709004928,422.8825
45.03125,0.20410225504075735,0.26006976221592554,0.054437382949197186,32.683618564942904,0.7848328716999298,16.762854295587488,2.4273339284382676,422.82375
45.041666666666664,0.20316196186190288,0.2564182115227288,0.053906865371546674,32.69604942371221,0.7844481223212919,16.601772829232228,2.427919168600646,422.76499999999993
45.05208333333333,0.20348979378849377,0.25337573699893956,0.05340563975923295,32.701599522917654,0.7837397744067188,16.398983208526765,2.427759402487265,422.70625
45.0625,0.2035919040210968,0.2503096900813853,0.05292131866958034,32.701167771280375,0.7827140748954419,16.224822504325147,2.4282250862170875,422.6474999999999
45.072916666666664,0.20281643386868498,0.2471370600297257,0.05244080025503681,32.69486517451034,0.781355910387004,16.114310071254785,2.4290169412109415,422.58875
45.08333333333333,0.20312600165768271,0.2446520268348879,0.052020487570577006,32.68274614298618,0.7796748705383406,16.046438841320093,2.4297567546729404,422.53000000000003
45.09375,0.20379312341553993,0.24269784563271332,0.05166267088851576,32.664473786928944,0.7776312726995627,16.03954467574328,2.430759092432466,422.47124999999994
45.104166666666664,0.20400196183839828,0.2410472164861761,0.0513497910931774,32.64029831708794,0.7752584985238701,16.05239620429519,2.2105777605436145,422.4125
45.11458333333333,0.20524442740690857,0.24021352963118167,0.05113835629237544,32.60936851335968,0.7724842059734491,16.118167758795863,2.205400411380379,422.35375000000005
45.125,0.20688636123700518,0.23999141851636285,0.05100104846715682,32.57235737143208,0.7693864724591843,16.18495001575409,2.200417110712988,422.295
45.135416666666664,0.20797814857123945,0.2399514668518056,0.05091215805521906,32.52947852241785,0.7660036765109254,16.237716689276763,2.1955791276286583,422.23625000000004
45.14583333333333,0.2095328124647271,0.24033935100145482,0.05088940117215914,32.48117011384709,0.7624022469874353,16.263187748509644,2.1903384510738158,422.1775
45.15625,0.21098746931123058,0.2408725716892738,0.05090303247888214,32.42732327404121,0.7586182576000692,16.270574891772156,2.1850766572853164,422.11875
45.166666666666664,0.21198442062770628,0.2413737775213083,0.05093098288753371,32.36757497710299,0.7546834987388026,16.27246420522805,2.1801417179155185,422.06
45.17708333333333,0.2132964925765122,0.24214208898474993,0.05099571879829973,32.302260715601975,0.750681690010428,16.260070839275993,2.174799863719967,422.00125
45.1875,0.2147070263637094,0.24308061755204813,0.05108751911116673,32.230213916994146,0.7466067373212183,16.256061264612747,2.170272913908886,421.94249999999994
45.197916666666664,0.21591624360105893,0.2440817154733097,0.05119060144892216,32.15154030343477,0.7425304665622523,16.252846163247906,2.1658971519140926,421.88375
45.20833333333333,0.2180099188782394,0.24567511965588484,0.05136392118784036,32.062106466058914,0.7383222632086054,16.31274345713269,2.16524777397017,421.825
45.21875,0.2210288412348639,0.24805135820824625,0.051612800101300524,31.960773440535366,0.7340355655122612,16.433690306142385,2.1676320324106215,421.76625
45.229166666666664,0.2240757683825237,0.250898544379489,0.05191259746918114,31.85129514435335,0.7299023194737241,16.534977234573912,2.168982669178594,421.70750000000004
45.23958333333333,0.2295652155541481,0.2553586758473013,0.052407949404235724,31.71607025801164,0.7254084060536597,16.865805899312537,2.1826527391477546,421.64874999999995
45.25,0.23769831703966995,0.26202531513650623,0.053099767040670695,31.559413199406247,0.7209250245775114,17.346360659779215,2.200711401742606,421.59000000000003
45.260416666666664,0.24592312811210482,0.2699342595357131,0.05393105332772607,31.392797622415838,0.7168993922331005,17.737198467564472,2.2147001548307146,421.53124999999994
45.27083333333333,0.2553356774676733,0.28036737863051303,0.05511865252832284,31.184851618954188,0.7128473532065157,18.54961796502965,2.439456667098958,421.47249999999997
45.28125,0.2652079660963372,0.29385134041779754,0.05660794441438984,30.9485060459811,0.7094844937217301,19.56556785323154,2.4391427624430317,421.41374999999994
45.291666666666664,0.27643833142455226,0.3096458053776061,0.058319137555163394,30.70075790020064,0.7073535831411782,20.288215816847625,2.437693157666118,421.355
45.30208333333333,0.28111445195140905,0.3273266479355649,0.06046365377233903,30.401016917869566,0.7066531904992617,21.549310588601085,2.439357534846706,421.2962500000001
45.3125,0.27716409703958766,0.34685768628820474,0.06296720624254896,30.051595739816324,0.7083093437602793,23.205289973392695,2.4404336215162736,421.2375
45.322916666666664,0.28139248953328133,0.3712650064613702,0.06578636868606899,29.680798460559924,0.7127291923762389,24.223213495556266,2.444349122870423,421.17875000000004
45.33333333333333,0.25300500697825457,0.38600006587260843,0.06881328126196352,29.224418362967267,0.7215671101433807,27.576061755763263,2.5021715040550156,421.12000000000006
45.34375,0.2295831844584152,0.39924358259828174,0.07193065258526404,28.72803629031495,0.7353418224911841,33.38491608774522,2.577470108753342,421.06125000000003
45.354166666666664,0.22413897124039323,0.4213184176330683,0.07547363048093354,28.24985360293294,0.7535390233146974,37.68566703385342,2.857028909637461,421.0025
45.36458333333333,0.21404457951298042,0.4303406816854554,0.07869689872809241,27.78667962038735,0.7788691119528899,44.253195492093084,2.8557239950575526,420.94375
45.375,0.21113971894521874,0.44055471742676383,0.08169062037118749,27.442986165713027,0.8106666879127067,49.99354352990583,2.856644787387302,420.885
45.385416666666664,0.21507661800692482,0.4582987815388636,0.08477381862206647,27.292082119276824,0.8469915386059258,61.23986570576273,2.910877878051367,420.82624999999996
45.39583333333333,0.21988646646668766,0.47225945936971725,0.08730466295540755,27.351634451393856,0.8870554484732849,78.21050514795785,2.9854947020355684,420.76750000000004
45.40625,0.2263642482102456,0.48654657782077515,0.0893158511493565,27.60184728064398,0.9280723536439197,88.94127404215332,3.0519001430412063,420.70874999999995
45.416666666666664,0.23174462752287533,0.4949133784822198,0.09061238537766046,28.004659369683303,0.9691698305759716,97.73509627138226,3.2600305490348513,420.65
45.42708333333333,0.23951559374016987,0.5073357772675698,0.09163090449466195,28.488413698346843,1.0070735202948689,100.03274243165843,3.256387367691228,420.59125000000006
45.4375,0.2467120821934206,0.5144619841425448,0.09203786104054675,29.012259993601425,1.0415914521089489,102.25163181317964,3.254441418420928,420.53249999999997
45.447916666666664,0.25101629213998766,0.5141318796201092,0.09180074875794667,29.54372624557127,1.0723350461642895,105.34542727734649,3.2534438801546366,420.47375000000005
45.45833333333333,0.25997836134968016,0.522263257954141,0.09176737406395248,30.0273478539662,1.0974838219192555,103.26552748374125,3.251322016656424,420.41499999999996
45.46875,0.2688849061146784,0.5283966334911692,0.09153343880223302,30.448354252194655,1.1174346576476881,100.75050766799784,3.249840152359722,420.35625
45.479166666666664,0.27281354192419205,0.5250759007439707,0.09077678984746664,30.809485440212416,1.1331347940775782,101.1720417026616,3.2496432816555716,420.2974999999999
45.48958333333333,0.2801192409363287,0.5282443821407666,0.09001304478250423,31.076959271035662,1.143913263294703,92.15389490780173,3.246757905992774,420.23875
45.5,0.2836420560865152,0.5223798806223731,0.08878698212747456,31.27713325291399,1.1514994404115484,87.00118672806887,3.2461819532357996,420.18
45.510416666666664,0.28233081992154957,0.5088746366316547,0.08715484192901482,31.421226664131336,1.1566825208240425,85.1823763927382,3.24692438573785,420.12125000000003
45.52083333333333,0.2865676974854285,0.5007956561537171,0.0856987342528598,31.507595160318274,1.159623287401251,82.69577119754888,3.2473183084755224,420.06250000000006
45.53125,0.29416332504765397,0.49603816264913003,0.08454143728800972,31.537568070015627,1.1605026574131139,82.20004468733258,3.248290204265885,420.00374999999997
45.541666666666664,0.2984903415567248,0.4907768345153507,0.08350188657774593,31.50834775659034,1.1593596754123652,81.26161700663124,3.248798794307753,419.94500000000005
45.55208333333333,0.310794467928655,0.49197794238940634,0.08289034194800528,31.417051305016287,1.1563100633085213,81.43531132674806,3.249452812025258,419.88625
45.5625,0.32399954869641323,0.49511530282237537,0.08249235522318936,31.264685509921016,1.151696692877931,80.4551480812707,3.2494952901396768,419.8275
45.572916666666664,0.33094610319906753,0.49517268679393184,0.08211386554261582,31.05192231032145,1.1459222294274023,80.01408537947407,3.24971862184912,419.76875
45.58333333333333,0.3401709223619015,0.49652433680062025,0.08180262744184665,30.78470297132307,1.1395332287473001,78.98291615613262,3.2497139621025513,419.71
45.59375,0.348781599954999,0.4978124653224883,0.08158209550085431,30.465006548143936,1.1328893709741528,78.77453524400227,3.2500027251737724,419.65125
45.604166666666664,0.35342519452768384,0.49791676179380384,0.08138765381272073,30.099463585159597,1.1263337892657896,78.50765009239555,3.250160552299443,419.5925
45.61458333333333,0.36485879651465536,0.5015270722654381,0.08140039596632767,29.686237594548896,1.1199561707185637,79.6818926420635,3.2506096860438127,419.53375
45.625,0.3788005137187794,0.5076416953974247,0.08160103570935195,29.234132352771734,1.1139666942405055,80.56508679422821,3.2506367635003017,419.4749999999999
45.635416666666664,0.3879874299441583,0.512899820264294,0.08186529104111995,28.752307366305,1.1085473203632972,80.9460407962282,3.2504305496930797,419.41625
45.64583333333333,0.39576368538404705,0.5178754896496006,0.08219607901824252,28.235825574185455,1.1037562263530496,82.79048025533532,3.2506133837642275,419.3575000000001
45.65625,0.39829590331836534,0.5217304333935975,0.08251837372049002,27.698261950425476,1.099842175929218,83.63022406700425,3.2502833000909077,419.29875
45.666666666666664,0.3999129392901022,0.5257592585942031,0.08290781161946534,27.14525774223898,1.0969085588830507,84.23985137913306,3.24997937270407,419.24
45.67708333333333,0.39142651314687804,0.5246276462153544,0.08300396119704921,26.59213835422614,1.0950001491211496,83.22576468892981,3.2493664516290823,419.18125
45.6875,0.3767084378510939,0.5193828672550619,0.08290097302726687,26.03823175956266,1.0939842032711402,82.52545128494212,3.249194952274672,419.12250000000006
45.697916666666664,0.36758421483327236,0.515673479340818,0.08282817747855485,25.48443112666447,1.0936796953329382,82.33040829334402,3.2492875163434625,419.06375
45.70833333333333,0.34530373238845186,0.5044151753689724,0.0823219058705759,24.946366166260358,1.0938687290142808,80.9798352307073,3.249084568386626,419.005
45.71875,0.32431184312982336,0.4917881782447568,0.08168710427495905,24.428025465239937,1.0943330662752264,80.10291764219461,3.2492415663894456,418.94625
45.729166666666664,0.31223579425386466,0.4830331857875612,0.08117560795166652,23.94007550441328,1.0948934325061106,79.58479824782943,3.249540821049919,418.8875
45.73958333333333,0.30283750697807327,0.4749621921007753,0.08062616774393346,23.500552191889764,1.0954110156701278,79.0229640776764,3.2497920872101353,418.82875000000007
45.75,0.2968178705738433,0.4684472009684767,0.08011637428953902,23.1282123013195,1.0958069010942775,78.58193575171258,3.2500572866705215,418.77
45.760416666666664,0.2931770294387741,0.463483210161572,0.07967555453674671,22.841859200716367,1.0960566036204367,78.20198716142858,3.2502935888568136,418.71125
45.77083333333333,0.2908769357141376,0.45903579172895537,0.07927568946336071,22.654385888271513,1.096161258342957,79.3516120685862,3.250837044107361,418.65250000000003
45.78125,0.29042122232394946,0.4564059524196196,0.07898590245538141,22.582601675561868,1.0961078807866322,80.7478216335701,3.251040052028745,418.59375
45.791666666666664,0.29060341674284573,0.4551718093006417,0.07879120666766369,22.633059833529398,1.0958714490379176,81.25768349982488,3.250768417213857,418.53499999999997
45.80208333333333,0.29243704600009485,0.45495480039007063,0.07870026266421044,22.803863731874532,1.0954098832958485,83.07704082657997,3.250841489740591,418.47625
45.8125,0.29566398634459073,0.456083255568214,0.07862467454189649,23.074517810060176,1.094718611524385,82.22765181892623,3.250020093496408,418.4175
45.822916666666664,0.29677842090587836,0.45527570994084243,0.07849363825397722,23.42879577085029,1.0937825910958079,82.445824833461,3.249858598693483,418.35874999999993
45.83333333333333,0.30009362423356684,0.4551417639065267,0.07824141214439483,23.823834910223436,1.092669972490384,78.93929672774937,3.248750249959272,418.3
45.84375,0.30143040227305024,0.4518138186108653,0.07777228317301417,24.240645581276016,1.0913928786488634,75.69721281961003,3.2484983220440484,418.2412499999999
45.854166666666664,0.2998689382522087,0.4453927616403274,0.07711948119167769,24.67589409464209,1.0898818793389289,74.47819769217777,3.2492402686549515,418.1825
45.86458333333333,0.2969974346916469,0.43795296373730697,0.07616205471554176,25.068948753259374,1.0882603002088966,66.61334001674265,3.040173440661609,418.12375000000003
45.875,0.28972314573591057,0.42551224985841685,0.0749290127904756,25.43519803416302,1.086389444256273,60.76214691932199,3.0021273165995006,418.06499999999994
45.885416666666664,0.2815173780893716,0.4111208967928979,0.07353911266932776,25.791252019303148,1.084027037076192,57.436479247032175,2.9701523633922613,418.00625
45.89583333333333,0.27546045974964223,0.39839969764204236,0.07209113482495103,26.110783949382302,1.0811944749936118,51.430673225491184,2.9307586235138468,417.94750000000005
45.90625,0.27022792645563426,0.3859481832955497,0.07068244128761592,26.41171512634515,1.0776214419726693,46.59831945472761,2.8943490735870436,417.88875
45.916666666666664,0.2650379012988367,0.374242708904498,0.06932448084700132,26.698378917859454,1.0730832887560031,41.9852395602645,2.8627484106294943,417.83000000000004
45.92708333333333,0.2634001252382182,0.3653415297165249,0.06811257390856039,26.95987709132441,1.067667104688343,35.7942560594831,2.834050506431624,417.77125
45.9375,0.2616868285623695,0.35682992351492665,0.06695360386201163,27.19366865215386,1.0615191803013542,31.103482580764936,2.8326776793206863,417.7125
45.947916666666664,0.2578476734764106,0.3474169064861291,0.06581214143477486,27.414568695362476,1.0543076306015033,29.561762905841302,2.833673851607187,417.65375
45.95833333333333,0.2548276318447349,0.33871927296157067,0.06464424730710673,27.59689223285476,1.047090763156002,27.25648175757294,2.8328087140301608,417.595
45.96875,0.24971762132765948,0.32840285883298537,0.06342853537677608,27.75907880512513,1.0394720717988155,25.57572331254123,2.8341372585960403,417.53624999999994
45.979166666666664,0.24370872490715656,0.3176093918123885,0.062170618691817434,27.909375610165498,1.0311233525607504,24.646039267615766,2.8370357689484087,417.4775
45.98958333333333,0.23940848055585848,0.3081863610717354,0.060963928853740024,28.04121308735334,1.0224488885536596,23.638296819446932,2.581304350378476,417.41875
46.0,0.23558115730923104,0.2995866379310547,0.059832968250514484,28.15891397953063,1.0132413629019537,22.771755296106658,2.5394645682964048,417.36
46.010416666666664,0.23158934463419695,0.29169231267536255,0.058773481210004516,28.26365245242042,1.0034055121114285,22.027048521304664,2.501670607642317,417.30125000000004
46.02083333333333,0.22921869006192974,0.2852956902539859,0.05785043143551026,28.354754451378213,0.9930120012635928,21.249474192190185,2.4668164418627034,417.24249999999995
46.03125,0.22755611470610593,0.27996318159329664,0.05704809498467584,28.433349106898316,0.9819661583803838,20.418233895057043,2.435812981110039,417.18375000000003
46.041666666666664,0.22559804199210737,0.2752399771304248,0.05633314752383883,28.499332172654654,0.970351220810523,19.442839557324337,2.4265823172840513,417.12499999999994
46.05208333333333,0.2251493764016955,0.2717675617809348,0.05576111490022703,28.55386923244661,0.9580639645262361,18.660967867922327,2.4270167170990837,417.06624999999997
46.0625,0.22548399400800112,0.26919230469101824,0.05529482219224213,28.59676840218906,0.9453023323685552,18.19844284927689,2.4273650431436287,417.00749999999994
46.072916666666664,0.22518879480574233,0.26687832023540203,0.05489281165074601,28.628597246843018,0.9321589797239261,17.953458968150777,2.427687430259238,416.94875
46.08333333333333,0.22652060064627727,0.2655147127896612,0.05459937359321229,28.64979739697241,0.9187209936643975,17.833646662890636,2.428003820667324,416.8900000000001
46.09375,0.22832836691946934,0.2646829843830365,0.054380007135646426,28.66054149970522,0.9050265954461915,17.798297681876672,2.4283788674267037,416.83125
46.104166666666664,0.2293035286444714,0.2639189228712577,0.05419520556414522,28.660559768290376,0.8912925641340318,17.791502792115846,2.4286192972744476,416.77250000000004
46.11458333333333,0.23176778793338948,0.26413016430354375,0.05412646747003325,28.648880791624475,0.8771439485715105,17.90862031227316,2.4293855012178076,416.71375000000006
46.125,0.234983394930348,0.2651983470722075,0.05414731446221582,28.62409735176104,0.8629663859270655,18.07293227162593,2.4298061081024525,416.65500000000003
46.135416666666664,0.23749966248450277,0.26652195363196773,0.05421952352075015,28.585486682598688,0.8491679141531766,18.190243076498188,2.4298804043016276,416.59625
46.14583333333333,0.24006745608959598,0.26812214015584795,0.05434433269666848,28.53396254281296,0.8362731245571683,18.15593344171989,2.4294727015830286,416.5375
46.15625,0.2413124968159235,0.2691594494195842,0.054447847856445276,28.470803191596264,0.8244726007970926,17.9725701201958,2.428950418078584,416.47875
46.166666666666664,0.24164619851112548,0.26959481067695895,0.054519742077057703,28.393191587997162,0.8132652922125123,17.82741780490804,2.4291778164410136,416.41999999999996
46.17708333333333,0.240797260055487,0.2693888494272455,0.05451493500256969,28.309076212432924,0.8036056285135255,17.49443382250459,2.428133992893335,416.36125000000004
46.1875,0.2388225325711715,0.2682679795976032,0.054440514172304603,28.21606813894781,0.7948842644846394,17.144849054419478,2.427984550081127,416.30249999999995
46.197916666666664,0.23684145893262762,0.26669609869168526,0.05430602744022861,28.110372645399853,0.7866820331408708,16.90479330929972,2.428527931366006,416.24375
46.20833333333333,0.23447184529738943,0.2648652039722691,0.054108462807113435,28.001910914393918,0.7796038353681451,16.59413902085137,2.4280265546166055,416.18500000000006
46.21875,0.2316248587571444,0.2626074114447218,0.05387265345904951,27.886575182287547,0.7731579189416093,16.316164583167154,2.4283997610065664,416.12624999999997
46.229166666666664,0.22912753377485662,0.26027605632120976,0.053610217110764025,27.760968355686387,0.7670776880898555,16.12844538762306,2.4293140895752217,416.06750000000005
46.23958333333333,0.22659332902309523,0.2581646815688321,0.053352401537674315,27.62802974928121,0.7614414008978386,15.98477997967922,2.4300543950571507,416.00874999999996
46.25,0.22426032272917495,0.2563411391652415,0.05311760918750194,27.486174025312152,0.7561076837355093,15.89122059278084,2.205866281851249,415.95
46.260416666666664,0.22257257362260313,0.2549050150594937,0.052912730106838286,27.335580251922966,0.7510239601261366,15.836192666877576,2.1945538723645153,415.8912499999999
46.27083333333333,0.22072486492817653,0.2541539903246231,0.05280703472970241,27.16121462212319,0.7456915231353399,15.940381910133292,2.190777814879714,415.8325
46.28125,0.21970459087316088,0.2547496963234925,0.05283667106722427,26.961128330199806,0.7401056721090294,16.198061726372444,2.193261238940106,415.77375
46.291666666666664,0.2202797603388529,0.25669347118285935,0.05299023727635515,26.752084924715405,0.7347050453238815,16.424879717724853,2.194014554910796,415.71500000000003
46.30208333333333,0.2187512252488036,0.25964538349316435,0.053375796532713474,26.49562372284581,0.7285087594335263,16.95450440081002,2.2097148313313393,415.65625000000006
46.3125,0.2128815752730772,0.26343369549976237,0.05394118944208304,26.20732200563067,0.7219550879710407,17.66439084740779,2.438143685516832,415.59749999999997
46.322916666666664,0.21086601849255154,0.26927637090809975,0.0546986452257153,25.9128618563924,0.715629012564026,18.214935250992816,2.43702606131407,415.53875000000005
46.33333333333333,0.19032975575782451,0.2702256666658844,0.05550766485457809,25.56469775063113,0.7086193523565676,19.196712217016593,2.438559810148484,415.48
46.34375,0.17031486952144156,0.26965859433415024,0.056354835392672144,25.1915672096082,0.7017570517869293,20.381842504734557,2.4386862949502737,415.42125
46.354166666666664,0.1616150237807794,0.27310742033397195,0.0574341439362668,24.83340224946671,0.6959586128701115,21.18066086493134,2.43745725946198,415.3625
46.36458333333333,0.14773838047798526,0.2683121003002409,0.058283112162323895,24.451000209290367,0.6909169009488528,22.84027505939778,2.440220170202816,415.30375
46.375,0.13931900239588813,0.2640036898722733,0.05906921840198724,24.125887443421927,0.6881944634919807,24.697721879320596,2.453524374864695,415.245
46.385416666666664,0.13721048721288484,0.2654753765793157,0.060120701946243214,23.92911824379339,0.6886178126886437,26.85104362630025,2.4926076088970803,415.18625
46.39583333333333,0.13609003763487001,0.2652030857768142,0.06099111884504115,23.898127259639224,0.6925326067261909,30.358635460185397,2.546005830965102,415.1275
46.40625,0.13759963857595836,0.26873977614917477,0.06194933531846402,24.06518513980945,0.6997425037209801,33.126777551893205,2.5965377021009135,415.0687499999999
46.416666666666664,0.13981022917782307,0.27254144479653747,0.06280322973961518,24.43188720818596,0.7098782859643209,35.15811893402926,2.852741906918386,415.01
46.42708333333333,0.14401152725916044,0.2802139459897608,0.06375529835618339,24.959830176926275,0.7219209340188416,35.8550102636608,2.848922107346276,414.9512500000001
46.4375,0.14893300051777647,0.28811811027636414,0.06456599796135569,25.610186898781226,0.7352222196786636,36.033364826255635,2.8463060559790985,414.8925
46.447916666666664,0.15251379844676252,0.2921385341791203,0.06497633809954055,26.36157717043585,0.7495593312599077,36.56314622749122,2.844905802607102,414.83375
46.45833333333333,0.158723054166654,0.30094284695670415,0.06551945412326934,27.125118153615578,0.7634957633286579,35.67213739376649,2.8424218935216468,414.775
46.46875,0.16532117354476888,0.30833294160929064,0.06586374508063222,27.883467117360883,0.7769568864483419,34.801248756523144,2.8410097620294272,414.71625000000006
46.479166666666664,0.16932964625932534,0.31031029677994254,0.0657915626075916,28.638590740111066,0.790121219359746,34.6825350726158,2.840678692343787,414.6575
46.48958333333333,0.1760134583036871,0.3158483085161565,0.06575469437463016,29.301795170673767,0.8015520865998385,32.85981851442332,2.8384570705300876,414.59875
46.5,0.181840505755949,0.317841229350061,0.06545197334126937,29.90199011751898,0.8118140019781492,31.42319245747711,2.8378193852968527,414.54
46.510416666666664,0.18427314845867301,0.3149253723300465,0.06482223058674565,30.46063632710383,0.8212809617637968,30.881477292433484,2.838314399290736,414.48125
46.52083333333333,0.18895443056929362,0.31392735144822215,0.06416536484587179,30.93083368903451,0.8291417546304715,29.36192680579474,2.8374207482363447,414.42250000000007
46.53125,0.19250921227022455,0.3106628297514629,0.06337633122035809,31.340629471641194,0.8358384624529369,28.149913705355154,2.8378960482108564,414.36375
46.541666666666664,0.1931494488898652,0.30487907435965084,0.06245293499302061,31.70494975002077,0.8415553820002316,27.533597947854062,2.8392638693655234,414.305
46.55208333333333,0.1953841168683126,0.30035894803896707,0.0615311392626756,32.001517424646686,0.8458935586896327,26.344715753316233,2.6204847123695716,414.24625000000003
46.5625,0.1963040664375737,0.29470008110037643,0.060565431285931094,32.24423034745212,0.849046421361143,25.14501277240699,2.5884818305113337,414.1875
46.572916666666664,0.19491991123101732,0.2876795625430124,0.059554338762774967,32.44755113909385,0.8511627794034503,24.39032056390654,2.560470811428086,414.12874999999997
46.58333333333333,0.19359720816650064,0.2811177120402647,0.058519931658490426,32.59732421562421,0.852120575745033,23.075417325381313,2.5238136396213973,414.07
46.59375,0.1906487468444569,0.27346348525109654,0.057452830321527926,32.71148888882099,0.8521293782874001,21.927104137301917,2.4884031476271207,414.01125
46.604166666666664,0.18705186601421162,0.26571375576584516,0.05639021985981155,32.79512955135114,0.8511890778964363,21.00234093159157,2.456695819181557,413.95249999999993
46.61458333333333,0.18423420662574988,0.2587132314423372,0.0553723041261704,32.84983591216532,0.8491917692451308,20.228873321875223,2.4311890953256823,413.89375
46.625,0.18247924230680526,0.2530692328450572,0.05447406216925786,32.87371705557908,0.8460338986351839,19.439523763271495,2.4268369593664425,413.8349999999999
46.635416666666664,0.18092327111170126,0.24849528295386158,0.053709951327241615,32.8663643133596,0.8417392455262555,18.80881038049424,2.4270102044659807,413.77625
46.64583333333333,0.17928507023554635,0.24442045918839933,0.05303487315295963,32.82876574935031,0.8362355519001439,18.494747384291898,2.427447759188116,413.71750000000003
46.65625,0.17696693217959195,0.24065198534750895,0.05243763364340321,32.76347557978948,0.82966714161006,18.33181148189204,2.4275323145535,413.65874999999994
46.666666666666664,0.17472970032271812,0.2372889806154413,0.05192083196085917,32.67288839970971,0.8220870328125625,18.25604968363264,2.427683912658855,413.6
46.67708333333333,0.17055003022532755,0.23333803771977532,0.05139926412334215,32.56065103115622,0.8136672997530835,18.204572455469798,2.427707684798712,413.54125000000005
46.6875,0.16518580249324682,0.22902057525422423,0.05088507941331019,32.428958283253685,0.804475368203037,18.186303816473274,2.4278473000977003,413.4825
46.697916666666664,0.16120810378680944,0.2254191892689056,0.05043053227796203,32.2810912398524,0.7946670562518147,18.187267898051825,2.427944613677839,413.42375000000004
46.70833333333333,0.1543174684801235,0.22055783885992494,0.04992190042329873,32.11946911272371,0.7843340999252105,18.21662452425402,2.428106719376963,413.365
46.71875,0.1472466757731764,0.21548356526475762,0.049414038217923506,31.94448005892342,0.7734298751224286,18.324769242323026,2.428509481003268,413.30625
46.729166666666664,0.1427092142572373,0.2117951620774526,0.04899853183577984,31.764143143311145,0.7623475224712294,18.41738424328599,2.428504910658032,413.2475
46.73958333333333,0.13776454071422045,0.20749610492952356,0.04859602959935799,31.557225660019967,0.7496103518801118,19.00766583696099,2.43070953978267,413.18875
46.75,0.13527256232312332,0.20544422030684648,0.048383197363151366,31.344880725086846,0.736170839023014,19.81983312272609,2.431647138293126,413.12999999999994
46.760416666666664,0.13479446910448523,0.20565198397040352,0.04840197646639316,31.152172608664173,0.723131382228405,20.369096529603624,2.4312842119704134,413.07125
46.77083333333333,0.13505169272468426,0.20630432287631023,0.04854423034810628,30.977419398716926,0.7097041557645412,21.174305779264696,2.4434219624362834,413.0125
46.78125,0.13670244936124906,0.20867100189914908,0.04886112358528542,30.84571197354148,0.6969609191810675,22.41790189035477,2.46628362098295,412.95375
46.791666666666664,0.13862696420413217,0.2116499752713315,0.04927884924486545,30.768198511189468,0.6854159133951468,23.942889161484263,2.4906743638561646,412.89500000000004
46.80208333333333,0.1409599723420056,0.2147577945842162,0.04973901660256158,30.747427220958137,0.6749259224915076,25.742059289655852,2.5204631025210005,412.83624999999995
46.8125,0.14384549453824894,0.21850745619145776,0.05025378861861963,30.78529214243808,0.6659912996869904,27.31361025194051,2.5504023481240963,412.77750000000003
46.822916666666664,0.14639440269380624,0.22208640869666255,0.050768072697257395,30.876127948175178,0.6587906782462641,28.503324815308872,2.578970538298076,412.71874999999994
46.83333333333333,0.149513104574581,0.22593857606210518,0.051289887746656125,31.01237495036855,0.6533301092279317,29.4920372064661,2.606973017472218,412.65999999999997
46.84375,0.15295014852521527,0.2299576641398072,0.05180765575216221,31.183638198151993,0.6496280791523603,30.21293374849552,2.844559483057156,412.60124999999994
46.854166666666664,0.15564137159484798,0.2332836839710656,0.05226703676302145,31.381001862077387,0.6475777255695105,30.81683455593605,2.842799023146249,412.5425
46.86458333333333,0.15968046192427257,0.23740560396609672,0.052735843827954036,31.591102714743105,0.6470507127416216,30.99178640810714,2.8410610196255104,412.4837500000001
46.875,0.1638749128473911,0.24122441266235017,0.05315725956583042,31.807329008540375,0.6478272263009098,31.062702434809957,2.839824530619434,412.425
46.885416666666664,0.16675183135598987,0.24380818676245028,0.053472942502626374,32.025566879649666,0.6497396203497622,31.274458255009115,2.8390417898646665,412.36625000000004
46.89583333333333,0.17124593454257772,0.2472280472409687,0.053771588692460265,32.228585014308436,0.6524593009814907,30.64670975149929,2.8374720645044733,412.30750000000006
46.90625,0.17534632873849137,0.249620868377475,0.05396481045625479,32.41617571909454,0.6557936550116265,29.935179739722027,2.836585675942799,412.24875000000003
46.916666666666664,0.17747089721707127,0.2501980240966328,0.05400611906156315,32.591537499186295,0.6597074844876254,29.708783887217795,2.8365314025180406,412.19
46.92708333333333,0.18087622848797127,0.2512126001358636,0.053987214320513094,32.7396703596648,0.6637435044413125,28.595261707726582,2.835302590446443,412.13125
46.9375,0.1831960576699285,0.25082157523667636,0.053836920812355867,32.86444410827386,0.667824387822615,27.381647524187827,2.834860697977638,412.0725
46.947916666666664,0.18344551151578858,0.24870336820713126,0.053540988836210064,32.972917877136766,0.6720852229807501,26.808679164760168,2.835654983728996,412.01374999999996
46.95833333333333,0.1841708243040646,0.24665206790596217,0.05315812831107805,33.05391815938137,0.6759171612044708,25.26220494928198,2.8349607192995117,411.95500000000004
46.96875,0.18338230442613968,0.2430853324749583,0.05265227328957939,33.11695647731052,0.6795208953075658,23.90449052984701,2.602197123845293,411.89624999999995
46.979166666666664,0.18132679834854376,0.238493535321095,0.05203758329346025,33.16688330652993,0.6830556866866934,23.113954558061824,2.572242946741755,411.8375
46.98958333333333,0.18033988506441795,0.2343968655269382,0.05138938702308453,33.20023510210699,0.6860868571998748,21.866110686293446,2.5329707100147667,411.77875000000006
47.0,0.17874440571180064,0.22972484013119002,0.050693233204049074,33.22224789165176,0.6888029499373589,20.709444790652427,2.4927114306465286,411.71999999999997
47.010416666666664,0.17632761677075157,0.2246483373430359,0.04995251137934542,33.23515253397972,0.6913181191208357,19.821326949460826,2.456050962108137,411.66125000000005
47.02083333333333,0.17501818616298606,0.2202282814178627,0.0492323156128513,33.23922422594028,0.6934216176393674,18.770851935111214,2.422732627845107,411.60249999999996
47.03125,0.173778558640106,0.21591523147534086,0.04853016540214407,33.23614932522417,0.6952282307324846,17.760840614307266,2.4219001894750516,411.54375
47.041666666666664,0.1720136649680864,0.21165368794155648,0.0478393369169513,33.226379613706314,0.6967456293158619,17.036721638685474,2.4223502824499947,411.4849999999999
47.05208333333333,0.17150540425475327,0.20815334794421567,0.04721262240007169,33.21086725798223,0.6979004149811449,16.53967697138419,2.4224539452318092,411.42625
47.0625,0.17117756442314216,0.20496058673963294,0.04663168148775589,33.19018289329288,0.6987036248398971,16.212348549226864,2.4227269767575486,411.3675
47.072916666666664,0.17016772210938919,0.2017957474308003,0.04607743585648627,33.16422495207342,0.6991599273096936,16.024441393660158,2.4232863505483095,411.30875000000003
47.08333333333333,0.16991415990205927,0.19911900943288166,0.04557681819120228,33.134618527258446,0.699252478154486,15.871144339369813,2.423358265050133,411.25000000000006
47.09375,0.1695851460460671,0.19656551469865383,0.04510889853415893,33.101191102576685,0.6990050080826332,15.757170896191933,2.4237439381335664,411.19124999999997
47.104166666666664,0.16866965986538476,0.1939988866701977,0.044657714280806254,33.063333381057475,0.6984150836536674,15.695676843868734,2.424415351477605,411.13250000000005
47.11458333333333,0.16823284120017953,0.19173932532075932,0.044240687839434946,33.023624785267245,0.6975444785956212,15.611186544976091,2.424487711750742,411.07375
47.125,0.16761522145816257,0.18949402161760764,0.043841518309834376,32.981207160858986,0.6964081100420704,15.533743347948331,2.4250165596424846,411.015
47.135416666666664,0.16655804744098282,0.18721656353550406,0.04344983060088174,32.93482569390375,0.6949882386470987,15.491015659331087,2.4259589210422163,410.95625
47.14583333333333,0.16589287131505215,0.18520425958199319,0.04308674945170188,32.88625384606356,0.6933584243700298,15.448530928700274,2.202148222115198,410.8975
47.15625,0.16525055083208787,0.18333654816740438,0.0427484987433567,32.83407766703459,0.6914929406948676,15.426648892693743,2.188547146572485,410.83875
47.166666666666664,0.1644115793085852,0.18157244077369167,0.04242863029119619,32.77784485083193,0.6893916111390961,15.425745230188145,2.1757263281844175,410.78
47.17708333333333,0.16396105399115857,0.18011238903621996,0.042148422012996616,32.718202532007595,0.6870961806299583,15.431867985676096,2.162783473190051,410.72125
47.1875,0.16354683940195994,0.17881736341871904,0.04189610752318307,32.655581629308934,0.6846422020196737,15.436956427376634,2.1494249125544838,410.6624999999999
47.197916666666664,0.16295316684574873,0.1775965754509504,0.0416641634992712,32.588842946259426,0.6820023559616566,15.450187451436717,2.136801162659748,410.60375
47.20833333333333,0.1624176148871894,0.17650327326498316,0.041454767255931335,32.521319501915265,0.6793249363280986,15.443181821865524,2.121937315081495,410.5450000000001
47.21875,0.16179819624080363,0.1754380270456544,0.04126066555374529,32.45087578171688,0.6765398442353703,15.43719637464937,2.1072952212221545,410.48625
47.229166666666664,0.16111617470177783,0.17440872087652892,0.04107537158696291,32.37669502103398,0.6736283016647707,15.438640986053285,2.0933822543180383,410.4275
47.23958333333333,0.1610163500310102,0.17370119126868064,0.0409292102994023,32.29468610053898,0.6704462131865375,15.468374548071521,2.0830922800705434,410.36875
47.25,0.1614729895444505,0.17339264672846075,0.040826947935710095,32.2054143388263,0.6670365609595753,15.514133058273753,2.075149283478575,410.31000000000006
47.260416666666664,0.16195950669888387,0.17333502701676012,0.04076219234009165,32.11177280387681,0.6635298384233386,15.553927167518761,2.067165945443754,410.25125
47.27083333333333,0.1627656833425081,0.1736901585229752,0.040766243554112166,32.004959498391834,0.6596261498158468,15.623853751071417,2.0652070475629665,410.1925
47.28125,0.1635722564880246,0.17445185518332873,0.04083129225580585,31.887405354080684,0.6554576983234714,15.704824670517873,2.0661805181511728,410.13375
47.291666666666664,0.16450531823855585,0.17551432859605953,0.0409461936041028,31.76443235433971,0.6512493042343492,15.76941293125121,2.0662887309062827,410.075
47.30208333333333,0.16435404895270506,0.17681396185548234,0.04113810596187369,31.6199671555235,0.6465148518081959,15.887744334526309,2.0753068655056226,410.01625000000007
47.3125,0.16237670696100823,0.17842370463367843,0.04141299385142916,31.449427848459905,0.6412309873675652,16.088122164587976,2.093137866808169,409.9575
47.322916666666664,0.16187582924577743,0.18080056593148439,0.041771329379866905,31.271195914316134,0.6360758470380086,16.284786305028696,2.107626078156735,409.89875
47.33333333333333,0.15359840281101775,0.18229820492910007,0.04223703650301697,31.033018078444226,0.6297898249650256,16.79671688204807,2.1457117045074976,409.84000000000003
47.34375,0.1446151025666355,0.1841948344755959,0.04283035371530412,30.754306099373295,0.6233243182977641,17.610806452200915,2.1900281145303286,409.78125
47.354166666666664,0.14101991584961696,0.18809985814824262,0.043617371941019424,30.468361754863373,0.6176961136779195,18.374374493758697,2.22483751047061,409.72249999999997
47.36458333333333,0.13274599854311195,0.18965578512752565,0.044489123109709205,30.103940454314568,0.6120261248963075,19.939617516125466,2.440394684653114,409.66375
47.375,0.12753827120979933,0.1922538652198721,0.045519879622685396,29.721072601565613,0.6080571797783452,21.93896411998591,2.4400304763429865,409.605
47.385416666666664,0.12731349923263166,0.19821168331205108,0.04683812584505725,29.386766900735847,0.6067819579261974,23.292105586566905,2.4382472113872757,409.54624999999993
47.39583333333333,0.12745765683210525,0.203349287095844,0.048197026403582505,29.11031896456622,0.6085523103476902,24.776981343246774,2.4585984912537273,409.4875
47.40625,0.1303859165140522,0.21120957510788121,0.049718434959607816,28.945497182443724,0.6135185024864528,27.01151339349286,2.504693911674104,409.4287499999999
47.416666666666664,0.13411563615343108,0.21960984588797683,0.051256952828267845,28.903756031572815,0.6215044832107552,29.827965190731682,2.5563059479458197,409.37
47.42708333333333,0.1398126891484091,0.22999782824508133,0.05282736689509671,28.98099980653707,0.6318405165836409,31.57892093738207,2.6011608590542616,409.31125000000003
47.4375,0.14587186730563292,0.24007740476920156,0.05425064865575664,29.15599428543871,0.6439259358646232,32.26530693761699,2.8473286577781045,409.25249999999994
47.447916666666664,0.15045754879294032,0.24734135802427348,0.055365288057175624,29.415393840653863,0.657811272651066,33.033675219051055,2.8448753777026115,409.19375
47.45833333333333,0.15640277840894867,0.25596808682424793,0.05635232511961904,29.709328759330948,0.6717200296662043,32.02854150369014,2.841431869326203,409.13500000000005
47.46875,0.16151576412458934,0.2619156896183936,0.057029072264891754,30.027194869106847,0.6858628116442126,31.079354481374082,2.8397990510075153,409.07625
47.479166666666664,0.16445553259667503,0.26438242081351276,0.057363072402199976,30.368517164429125,0.7005810449814448,30.860419203961968,2.8394049120503633,409.01750000000004
47.48958333333333,0.16945873849570658,0.26809505978557363,0.05758620423646795,30.695015531519466,0.7144674653156173,29.727885511720896,2.8378696939899495,408.95875
47.5,0.17414298690991278,0.27015299448583496,0.057629820993542843,31.01135518021972,0.7278663073051408,28.804136967705364,2.837548504420865,408.9
47.510416666666664,0.17656559510214195,0.26980627659916173,0.05747691062673,31.32115281108498,0.7409924060227709,28.41091194189742,2.8379893556305356,408.84125
47.52083333333333,0.18097727819463186,0.27052268366206406,0.05725855883353643,31.59092000347395,0.7524453371025669,27.039229324988767,2.8371124988750327,408.7825
47.53125,0.1841932681123416,0.2693471940884799,0.05689359378500139,31.83147920638853,0.7626786425008045,25.708996131995892,2.8376320859556943,408.72374999999994
47.541666666666664,0.18476147745320515,0.26594886698320125,0.056373486987452474,32.055832378184625,0.7722317862425854,24.98237926112106,2.599296332546241,408.665
47.55208333333333,0.18637687379307763,0.26291604179744954,0.05577105871984592,32.241144530677076,0.7801147276124993,23.645349447319884,2.565160281082306,408.60625
47.5625,0.1869850127110989,0.2586685268855343,0.05508343839230772,32.402680902744436,0.7869597148799393,22.473406019860594,2.530253637978896,408.5475
47.572916666666664,0.18590655102765216,0.25349937936419326,0.05432995450269162,32.54750533483749,0.793043517567752,21.650731804697436,2.4986925401145528,408.48875000000004
47.58333333333333,0.18651913238643433,0.24909759757097422,0.05356590801501069,32.66614793404993,0.7979470251697401,20.603577777036232,2.4626290174939913,408.42999999999995
47.59375,0.18677842075867146,0.24446164315344998,0.05279852235240018,32.766012126085165,0.801961264219518,19.543056034585877,2.4273040719515624,408.37125000000003
47.604166666666664,0.1856830091407376,0.23954113154168782,0.052033832957800015,32.850589443393446,0.8052013968954927,18.522350465479846,2.4237558124549614,408.31249999999994
47.61458333333333,0.185426682497173,0.2351188300712476,0.051285102724258305,32.916664871511045,0.8075284860510398,17.640348908520405,2.4234750518485293,408.25374999999997
47.625,0.18479550931104327,0.23073494991413587,0.05056320303892337,32.96764413920894,0.8090633941905522,17.046789675878774,2.4236877058942965,408.19499999999994
47.635416666666664,0.18328662553718994,0.22639161484623407,0.04987350520140341,33.00494386279594,0.8098386735488654,16.69859404615814,2.4241757578517,408.13625
47.64583333333333,0.1816494988393221,0.2222930847680813,0.04920957863490597,33.02846015174836,0.8098421388115742,16.500023904758343,2.4245851378687715,408.0775000000001
47.65625,0.17942433672832903,0.2184361939211861,0.04859438286061792,33.03850011075093,0.80905837289407,16.423630828096822,2.425213970384286,408.01875
47.666666666666664,0.17728841502350096,0.2150812051372366,0.04804714592489797,33.03469003971145,0.8074850546238757,16.403493887809894,2.4256384863247256,407.96000000000004
47.67708333333333,0.17411564488415218,0.2118171096273107,0.04754455063014108,33.016160816780264,0.8050309596113052,16.47851994394876,2.426489796811319,407.90125000000006
47.6875,0.17046844896523292,0.20893976961880678,0.04711053718418512,32.98157847447303,0.801647698005078,16.62151843097553,2.4271916955450044,407.84250000000003
47.697916666666664,0.16787860724720005,0.20683559846410512,0.04676812666725251,32.93152055814721,0.7974458100129921,16.745597821420734,2.4273979075866268,407.78375
47.70833333333333,0.16298990187274706,0.20436814231559441,0.04646345035702875,32.860955658433944,0.7920913304991148,16.986612364063465,2.4284788540685964,407.725
47.71875,0.15823905402373598,0.2023821673012619,0.04623342375503309,32.769138218304185,0.7856477595487269,17.296143221697363,2.4290884196540508,407.66625
47.729166666666664,0.1554932526127497,0.20144031677695118,0.046109901136249284,32.66016316297964,0.7784717903897412,17.532858760637716,2.428962283957253,407.60749999999996
47.73958333333333,0.15209534839465505,0.20048253244612038,0.04606518552200444,32.51591446145388,0.7694972589943138,18.09031560556265,2.4308357275608774,407.54875000000004
47.75,0.15050922479797174,0.20097665438017415,0.04616797316462679,32.343561004362186,0.7593142636972952,18.791555777092753,2.431446996557736,407.48999999999995
47.760416666666664,0.1506881971189832,0.2028524357108693,0.04642478390264281,32.158236087469135,0.7488221486597942,19.28861726849349,2.4309157549536216,407.43125
47.77083333333333,0.15082444948129292,0.20501856889910228,0.046826582987845956,31.933781559871928,0.736552482803244,20.32713447674744,2.4332892507040333,407.37250000000006
47.78125,0.1533645461343034,0.20952264735138593,0.04747226566960636,31.69353186868512,0.7237876797121505,21.626070515881064,2.437854616568901,407.31374999999997
47.791666666666664,0.1572780476480805,0.21581377196517174,0.04832459235309681,31.46926201869284,0.7121633835843161,22.784960941689963,2.4609528095048674,407.25500000000005
47.80208333333333,0.1623074935462627,0.22318476083261127,0.04941607166941718,31.242950105571325,0.7008825191570033,26.040839775072747,2.514306783579922,407.19624999999996
47.8125,0.170347991160192,0.23366699311145223,0.050793935734974094,31.044487689391094,0.691960854777026,30.153670077703485,2.5759617182333354,407.1375
47.822916666666664,0.17840679853412797,0.24520897496417238,0.05232088009451817,30.878883317612313,0.6864019479509156,33.103627654320704,2.8494682834549354,407.0787499999999
47.83333333333333,0.18928378101857374,0.2585117811572359,0.054053539470301525,30.723170653595,0.6844669343577577,36.584357889659174,2.847068307453304,407.02
47.84375,0.20228408690404454,0.2737111582549118,0.055898960706306684,30.568385132816832,0.686754117853909,38.826530130511614,2.8445023036436408,406.96125
47.854166666666664,0.21322711821426873,0.28806380017737065,0.057702070710023055,30.3963234270194,0.6931666339502702,40.36758993165053,2.842735528773352,406.90250000000003
47.86458333333333,0.22517120418315129,0.30196765477847815,0.05930895977072817,30.21139135572412,0.7024755576602396,39.83958594909525,2.84851974647569,406.84375000000006
47.875,0.23425958714529466,0.3121816322126456,0.06058125487081028,30.00797076354427,0.7140164852127632,42.1145388078269,2.8638604123296787,406.78499999999997
47.885416666666664,0.23977371470313727,0.3188163858898525,0.06152839335552613,29.779024730153907,0.7277415648757005,45.98593569210881,2.8820888273570575,406.72625000000005
47.89583333333333,0.24667490325624705,0.3243517229940004,0.062130732824313285,29.556518918223134,0.74147115294682,44.7817297511361,2.8797397810399037,406.6675
47.90625,0.2511227091822579,0.32627661612996584,0.062402791163797204,29.336724695361436,0.7552882522795341,42.138758830606804,2.8682251144329327,406.60875
47.916666666666664,0.2523762629833979,0.32528052896236603,0.06240155410878411,29.112961653963712,0.7695793329058438,40.127040112040845,2.858133674675656,406.55
47.92708333333333,0.2551876633076149,0.32382616999591884,0.06215760169773297,28.91627941455473,0.7823322542906489,34.77133634152536,2.832656527944003,406.49125
47.9375,0.25551044427019665,0.3197893208332844,0.061700162483392114,28.738356658391105,0.7940412284427957,30.14479082654584,2.8303765308435893,406.4325
47.947916666666664,0.25328152898128675,0.3139288194395527,0.06107882194631085,28.56911340534846,0.8053533472931181,28.540939429747546,2.831156578730903,406.37375
47.95833333333333,0.2516360436563275,0.3079116637390737,0.06030847627111974,28.431474482539638,0.814698393897856,26.318460175534156,2.8300438376405777,406.315
47.96875,0.24811172008608748,0.3004377415044069,0.05943603327816608,28.312453554251466,0.8229022933240576,24.614392078114545,2.8308534752997274,406.2562499999999
47.979166666666664,0.24340534208542564,0.29232024108534,0.05848853750287373,28.204471605726656,0.8304601347230159,23.695762238700794,2.8332884905121936,406.1975
47.98958333333333,0.239618890845883,0.2846951799686135,0.05749850268175533,28.119299856528585,0.8365108577700039,22.253263938511907,2.587881798177529,406.1387500000001
48.0,0.23512888594965178,0.2767539872505488,0.05649498948602339,28.048370344972092,0.8416195197585586,20.98193435738076,2.5351760559490306,406.08
48.010416666666664,0.2301715518496584,0.2688578644665387,0.055485363472251005,27.987406191963526,0.8460682392848073,20.064593144753402,2.4872783409472783,406.02125
48.02083333333333,0.2264079377507095,0.2618760093506723,0.054523815327879165,27.93887516049435,0.8496517261542025,19.104642535518224,2.439699809331789,405.9625
48.03125,0.22325819753504442,0.2556665731225675,0.05363941356560934,27.899957537925435,0.852551678150121,18.162850275441205,2.42266528766761,405.90375000000006
48.041666666666664,0.22018992479770577,0.25017312238498096,0.052824484747393964,27.871570848877006,0.8546731028139755,17.325746453325145,2.423012768154564,405.845
48.05208333333333,0.2186870609549717,0.24595118439764688,0.052148545854711896,27.85333509832262,0.8560119460347709,16.847531017620128,2.4240997103960287,405.78625
48.0625,0.21824437005916222,0.24295975609866094,0.051609522968727874,27.846661795839527,0.8564190966071743,16.67094046417874,2.4251543933118844,405.7275
48.072916666666664,0.2177685502098284,0.24073973676214216,0.05117598936550598,27.852249731794913,0.8557966247554958,16.613076776875545,2.425592363965394,405.66875
48.08333333333333,0.21888769835783004,0.23990658303504006,0.05093362241450933,27.87172877537544,0.8539265363371,16.815736406764277,2.427257411351406,405.61000000000007
48.09375,0.2210955682115826,0.2403594321509982,0.050836825168594627,27.90472359699201,0.8507619052928851,17.081298529486116,2.4278244444392487,405.55125
48.104166666666664,0.2230197796551173,0.24137458474311635,0.050844568146588075,27.94871056954745,0.8464268487497846,17.281771102021484,2.4279471600645888,405.4925
48.11458333333333,0.22482175164715273,0.24257747835991203,0.05091633015424503,27.997988776896868,0.8413668519749848,17.271850274272033,2.4273137241135774,405.43375000000003
48.125,0.2258374053779602,0.24334275796290172,0.05099145157350335,28.049971305021483,0.8357442531517425,17.145767211288003,2.4270428236454613,405.375
48.135416666666664,0.2262197869641853,0.24365467350699538,0.05104257806026346,28.103813575965454,0.8295264017557318,17.039672524892143,2.4273420044433838,405.31624999999997
48.14583333333333,0.22637528198117984,0.2436880962457996,0.05105272579385192,28.153075498459632,0.8233633838676497,16.82104137451685,2.4266981672455405,405.2575
48.15625,0.22592714171316702,0.2432285661609963,0.05102170186699536,28.197953487346506,0.8171853404265168,16.58512753434624,2.4266806293221395,405.19875
48.166666666666664,0.22525575422421082,0.242481268596852,0.0509534475835491,28.238824723604285,0.8108467808085028,16.41825535344459,2.427250652774644,405.13999999999993
48.17708333333333,0.2243554069822757,0.24158804528651864,0.05084589624037383,28.271593846082574,0.8049618711195525,16.189725065993123,2.4268822425595706,405.08125
48.1875,0.2230110261445646,0.2403607662810598,0.05070911718018308,28.297832909271857,0.799327280918007,15.968340510792359,2.4272226079242105,405.0224999999999
48.197916666666664,0.22166057774843756,0.23898483649550387,0.05054899414484213,28.318479888579226,0.7937250781621169,15.814566409764113,2.428225681898766,404.96375
48.20833333333333,0.2201160698430009,0.23754266715095815,0.050361178509948,28.332070445640063,0.7886695569808091,15.624804058582852,2.197431650440054,404.90500000000003
48.21875,0.2184124431015362,0.2359471564754475,0.05016439655994869,28.340294504737358,0.7838201113198863,15.467260075385003,2.1795501985371244,404.84624999999994
48.229166666666664,0.21691295257581675,0.23437768964250824,0.049960142546091754,28.343528158022032,0.7790482720624043,15.362672383794054,2.1629735351503867,404.7875
48.23958333333333,0.21654644250237215,0.23343286162470822,0.04980958104998301,28.341557799513755,0.7740724748585701,15.349263167748536,2.1509934282941647,404.72875000000005
48.25,0.21733361818370625,0.23337107621419792,0.049733537127487175,28.333761537284175,0.7689695584402336,15.399206045899028,2.1420503930114347,404.67
48.260416666666664,0.21848846513743206,0.23397994628051405,0.04972991179605882,28.32049209070901,0.7639659337537975,15.4549019206682,2.132948222199145,404.61125000000004
48.27083333333333,0.21975960264615435,0.23533607221807132,0.04984141935729252,28.30090267237758,0.7587247958750177,15.561893771194717,2.128775829951089,404.5525
48.28125,0.22059835742324618,0.23730339187563845,0.050039798990668925,28.275939211533235,0.7534650652392384,15.674068729610896,2.125698545631074,404.49375
48.291666666666664,0.2218912550159067,0.2397824102348782,0.05031246414235913,28.2470405271812,0.7483010598026554,15.761133574876725,2.12213770401734,404.435
48.30208333333333,0.22065496265698709,0.24246410948855354,0.05067867570055383,28.212881201594076,0.7428470562833267,15.898493169002478,2.124305031273858,404.37625
48.3125,0.21616902050513132,0.24554035906289648,0.05115529997391754,28.172968441061155,0.736901882009085,16.146741895483867,2.13484891958344,404.31749999999994
48.322916666666664,0.2146318600086619,0.24992776381884946,0.05173406584779817,28.133414520187355,0.7311247064893602,16.366052349607926,2.1427747907385517,404.25875
48.33333333333333,0.20011480229109704,0.2531155900416138,0.05249818695259886,28.087805036709522,0.7241252388763408,16.970959070938495,2.17321277670105,404.2
48.34375,0.18490172567106147,0.25721141106466716,0.05344865811330601,28.048756119966306,0.7168503949869502,17.864737060061866,2.2094059788431606,404.14125
48.354166666666664,0.17872160916494567,0.2646440231012586,0.05465138583849473,28.02940402863118,0.7103079239998262,18.622782225972877,2.4391465581481655,404.08250000000004
48.36458333333333,0.16546826550717164,0.2685575218864424,0.056009991608055754,28.044360288700243,0.7035796312315397,20.0890869654243,2.440711823328,404.02374999999995
48.375,0.15663863223574728,0.2734760979681299,0.05749931880047677,28.12619308485897,0.6984169320814005,21.849520361729912,2.4404769936805843,403.96500000000003
48.385416666666664,0.15496759063823357,0.2825932627091521,0.05921285848334059,28.293783068021117,0.6960640700665501,23.002869191171285,2.438893600765414,403.90624999999994
48.39583333333333,0.15341045453869326,0.28941230211810187,0.06089357977399484,28.588690590202255,0.697170242032914,24.33047920291158,2.445814908932733,403.84749999999997
48.40625,0.1564588604482298,0.2997852468102688,0.06264207728371021,29.015227627567146,0.7024142951520902,25.982554456031135,2.4819085852858804,403.78874999999994
48.416666666666664,0.16066452970405265,0.31072154776450933,0.06433051270148137,29.570207988088498,0.7117699906231644,28.518781548884544,2.525937602746846,403.73
48.42708333333333,0.16857153833930152,0.3240858058721913,0.06597738190893428,30.236756951378602,0.7248109625914209,30.803962960115847,2.569198842566097,403.6712500000001
48.4375,0.1776488438626259,0.3373231661316712,0.06741348506998295,30.973653610040753,0.74053414691736,32.006956520667636,2.604773091399462,403.6125
48.447916666666664,0.18393197162036476,0.34599046758916674,0.0684762922319928,31.77497431389952,0.7586964287536181,33.0461816128582,2.8495513945451796,403.55375000000004
48.45833333333333,0.19325717406245416,0.35675563970678587,0.06934955228273529,32.547725630934686,0.777068462264258,32.41901997717618,2.8459876987716406,403.49500000000006
48.46875,0.20159062851853515,0.3637837563736397,0.06985757569187163,33.286246195842196,0.7953540815995375,31.464472076954635,2.8439650054996957,403.43625000000003
48.479166666666664,0.2056637325404052,0.36498609673038346,0.06996184865990594,34.013143436179305,0.8140398202880982,31.247660485764975,2.8434932239298454,403.3775
48.48958333333333,0.2134647743831177,0.36843861405401485,0.06982254144167029,34.605287977020126,0.8297803610648009,28.81811158551747,2.840710017756836,403.31875
48.5,0.21773967888597906,0.3656617329731749,0.06928320932819208,35.12148661019571,0.8438953174636936,26.72313952622849,2.612839663499183,403.26
48.510416666666664,0.2173900356536496,0.35774003689810285,0.06839885668751322,35.606659884736175,0.8574923807331712,25.685242289479092,2.5863668420840065,403.20124999999996
48.52083333333333,0.21973242913988142,0.35089753100512727,0.06737571320307696,36.02875389393005,0.8695530893722121,24.471279447412883,2.554020249356391,403.14250000000004
48.53125,0.22217058686018462,0.3436426985133204,0.06633294144486787,36.42268379779179,0.8809384173926318,23.772955966418298,2.5274597954284634,403.08374999999995
48.541666666666664,0.22291492124884582,0.33667177986191793,0.06531985722381528,36.77844564592297,0.8912179072537153,23.189206838923013,2.503348615448127,403.025
48.55208333333333,0.2280050573422721,0.33226673472893065,0.06447032493693565,37.10389073522862,0.9004511684598416,22.833401257758904,2.4854296989788938,402.96625000000006
48.5625,0.23418354503642996,0.32955446649466874,0.06376810154241272,37.3818460684391,0.9079924858844354,22.269158740579222,2.467061624555042,402.90749999999997
48.572916666666664,0.23712179377755885,0.32644789502837573,0.06316665780399186,37.61807742076936,0.9138921637632968,21.65017507659913,2.450669647039266,402.84875000000005
48.58333333333333,0.2409476997989032,0.3238196917576846,0.06260519323693303,37.80544464009934,0.9179527772700352,20.756620187568615,2.4309893089082615,402.78999999999996
48.59375,0.24338866818446556,0.3206510833402048,0.062071454355788876,37.952950776394836,0.9204337443960768,19.78560799282068,2.4276877287974385,402.73125
48.604166666666664,0.2437038444795772,0.31702597398228594,0.06155762214636282,38.06401579209769,0.9214585686748552,19.08366295687412,2.4278764754451148,402.6724999999999
48.61458333333333,0.24495432144096996,0.3137495413099783,0.061050026346570405,38.13831266572184,0.9211309302199613,18.63819677733679,2.4278637898046402,402.61375
48.625,0.24596362892467893,0.31068569411609354,0.06058101163342943,38.17844061166709,0.9195956904524768,18.379384642776504,2.4280278245476223,402.555
48.635416666666664,0.24585971898013417,0.30777626375817196,0.060160258188282814,38.185827396004925,0.9169745436680198,18.243284750430934,2.428254028084692,402.49625000000003
48.64583333333333,0.24598816003681287,0.3052749750681003,0.05978356669812781,38.16105277056684,0.9133142633231235,18.24233559098674,2.428758230570832,402.43750000000006
48.65625,0.2459916141727347,0.3035234668149044,0.0594921980123643,38.10409006462567,0.9086885961377169,18.336529479377923,2.429222273331729,402.37874999999997
48.666666666666664,0.24599143061697268,0.3025638375811807,0.05929626120508588,38.0175202151764,0.9032964857738796,18.415790580535052,2.429318986563833,402.32000000000005
48.67708333333333,0.24496898907627937,0.30189331464099944,0.059175209595572396,37.9002972104928,0.8970762750988479,18.575849910422672,2.429879206725791,402.26125
48.6875,0.2423267699505458,0.30150733330674073,0.05911719601170697,37.757998796446664,0.8903215200811321,18.6930056260081,2.4298890295261484,402.2025
48.697916666666664,0.24058515282518034,0.3017293371751649,0.05914166865077909,37.593983070357204,0.883162266138919,18.76112271856832,2.4299000598831344,402.14375
48.70833333333333,0.2330022395079529,0.3003697331857903,0.059117058106736585,37.413239685327724,0.8757911770018318,18.765428619081533,2.429775356540745,402.085
48.71875,0.22447686734894984,0.2984533208796622,0.05908332218999055,37.215329737444335,0.8681806884472552,18.80284910330089,2.4299941029638443,402.02625
48.729166666666664,0.21936758716511484,0.29740799087364206,0.0590820426641073,37.00576054973326,0.8605343934582826,18.833450042943014,2.430001560917002,401.9675
48.73958333333333,0.21452398545291715,0.2964282286374091,0.05913571877016926,36.76653640593692,0.8522182834210306,19.24529839604858,2.431604563281049,401.90875
48.75,0.21298397758843945,0.29746567629410164,0.059308559910551936,36.511688177944755,0.8437337815872521,19.81177032638947,2.4323011648628103,401.8499999999999
48.760416666666664,0.21363492854708574,0.3001705917316908,0.059606836910489,36.260258045906575,0.8356442066911411,20.185912821022004,2.4320458482439844,401.79125
48.77083333333333,0.21513363306437386,0.3035534786461713,0.06005832017840955,35.99788993665119,0.8274085879939673,20.904664228826427,2.433635174212971,401.7325000000001
48.78125,0.21890919999011363,0.3090120092672004,0.060669823345410004,35.749151267308335,0.8197214938191859,21.747577308934993,2.4446491802689243,401.67375
48.791666666666664,0.22327116207364373,0.3156265752821424,0.06139440111149485,35.535280406588214,0.813169468802372,22.779783178271398,2.4626965386762065,401.615
48.80208333333333,0.2283119953984382,0.32278934234083523,0.06225340164789438,35.353309481571394,0.8076434574533732,24.701580465739884,2.4920727289772358,401.55625
48.8125,0.234196930427059,0.3309373529718274,0.06315234898227728,35.222412058760476,0.8037589854013919,26.46725043216552,2.519052266660496,401.49750000000006
48.822916666666664,0.23898519275626826,0.33855791053146217,0.06405071845035744,35.141305381362145,0.8015361917389969,27.838877309327994,2.5446269842389677,401.43875
48.83333333333333,0.2427531576772286,0.3450598156055473,0.06482952007386313,35.107404661764804,0.8009354477535934,28.43811066630504,2.563200469508313,401.38
48.84375,0.24516131599660912,0.3497971513325527,0.06546832871722855,35.11268570361368,0.80172832719711,28.767153605112153,2.5782828244188143,401.32125
48.854166666666664,0.2468492278025065,0.3532741888023241,0.06597791399806752,35.15100769621197,0.8037081169778363,29.126720676390466,2.5922531889706497,401.2625
48.86458333333333,0.24893183690245607,0.35631995497127333,0.06638029202485157,35.215460754315984,0.8065829247325395,29.27217539382235,2.602705587375376,401.20375000000007
48.875,0.2509327595254283,0.35882269950731455,0.06670382587100733,35.29979580714792,0.8100695840396629,29.351038659435904,2.6110372378839823,401.145
48.885416666666664,0.25234450891635263,0.3607113317875331,0.06695988274976393,35.39870974276498,0.8139124252384978,29.496063319298216,2.6187643768934343,401.08625
48.89583333333333,0.25540030754454013,0.36287020337627174,0.0671353028991037,35.50100997434107,0.8176575381027181,28.924704248662454,2.6173556879739928,401.02750000000003
48.90625,0.2578827876116884,0.3637361015962451,0.06720361467354277,35.602551233111264,0.8211627006979881,28.202702412940305,2.6108449283075745,400.96875
48.916666666666664,0.25851559219641795,0.3629743780061791,0.06716130609495949,35.702539354155974,0.8244084550907065,27.869657800812757,2.605317405818233,400.90999999999997
48.92708333333333,0.26086707177550433,0.36235734650041723,0.06700003282524562,35.79001037775738,0.8270678802104858,26.779751008792378,2.5886552729233947,400.85125
48.9375,0.26179956251566305,0.3600081755156632,0.06670801948219761,35.86517590818906,0.8291938242307699,25.568506141349747,2.566376106234426,400.7925
48.947916666666664,0.2605735945963056,0.35594105763522543,0.06630290802662496,35.93059756529089,0.8308770317137917,24.840970413670906,2.546567408841731,400.73374999999993
48.95833333333333,0.26044513994739504,0.351929455606526,0.06576415599379161,35.978628939504546,0.831945469135223,23.367532897000594,2.513666707131465,400.675
48.96875,0.25839886951207025,0.3461318197134768,0.06512191842677562,36.0140029041867,0.8325430163165959,21.943978220192164,2.477899011250404,400.6162499999999
48.979166666666664,0.2549527142710283,0.33923106896431154,0.06439013663939891,36.03883953497482,0.8326991131640643,20.834063025425877,2.4455648062486555,400.5575
48.98958333333333,0.25263379010798354,0.33279983767237603,0.06358199487104554,36.051348437111535,0.8324316574700753,19.320246455681396,2.424604054165942,400.49875000000003
49.0,0.2490888600137228,0.32546887885914433,0.06273215172319165,36.05480607999027,0.831800583586244,17.97542766182482,2.4240572993419853,400.43999999999994
49.010416666666664,0.2447587692558475,0.31770341395042995,0.0618452265278538,36.05004026257581,0.8307651719690017,17.122109755648317,2.4246964163076736,400.38125
49.02083333333333,0.2417453560513092,0.31082074305841434,0.060973265542700356,36.037960535565546,0.8293859368134565,16.519356886134652,2.424641879892544,400.32250000000005
49.03125,0.23921045276166017,0.3044959937923986,0.06015948519916528,36.018451892112004,0.8275720412953148,16.166573359376333,2.425462703508448,400.26375
49.041666666666664,0.23668414209177324,0.2988258883904235,0.059396694583798496,35.991663821968096,0.8252942840749564,15.97342740483456,2.4262587330362355,400.20500000000004
49.05208333333333,0.2360919264651631,0.29452574049358443,0.05875417423155411,35.95755514871037,0.8225024512130569,15.889267448069507,2.4271374668312955,400.14625
49.0625,0.23608810067599073,0.2911198518022673,0.058199579294727494,35.91787001232981,0.8192914756642751,15.814426020622122,2.4275812696303674,400.0875
49.072916666666664,0.2353253316686636,0.28797442013337915,0.05771479620383324,35.87199713544272,0.8155713271240986,15.775123884560571,2.4284542109619753,400.02875
49.08333333333333,0.23500777017428698,0.28533020307015805,0.057282132314043485,35.82438628518746,0.8116765119751402,15.655893893986578,2.428506933489124,399.97
49.09375,0.23412844329368718,0.28256523509015313,0.0568859138824636,35.77326979628589,0.8074495429463706,15.542004594455719,2.2017922146765803,399.91124999999994
49.104166666666664,0.2328079753087626,0.2797626888125066,0.05650205631226874,35.71787379167935,0.8028178112577266,15.467776477148787,2.1873879636360667,399.8525
49.11458333333333,0.23248457980515908,0.2777417144120288,0.05619734883774848,35.65585140627228,0.7975780095910143,15.474398944647557,2.1766101038442915,399.79375
49.125,0.23317712164349433,0.27677354452545844,0.05598442328372664,35.58749822409547,0.7917519593552133,15.538261156983726,2.168278258079724,399.735
49.135416666666664,0.2340340327910897,0.2765717646254039,0.05585266714230121,35.5150062057692,0.7855341764390947,15.604521664925445,2.15999575698767,399.67625000000004
49.14583333333333,0.23569236910018465,0.2772799284874982,0.0558371481484662,35.438181538535275,0.778926633487516,15.666404178172021,2.1524200637951467,399.61749999999995
49.15625,0.23735667930397936,0.2784441082937618,0.0558893554040131,35.359640985327374,0.7721828367448054,15.685880137859483,2.143248462113738,399.55875000000003
49.166666666666664,0.23861845329595566,0.2796882766327846,0.05598766850887822,35.27759885066841,0.7651872986256963,15.694678411305512,2.1347162034096514,399.49999999999994
49.17708333333333,0.23972062792511653,0.281094662195387,0.056114660874505444,35.19624984693923,0.7583390333072526,15.649306736233495,2.1230567102000952,399.44124999999997
49.1875,0.24040729348304424,0.2824174078427257,0.056264529913337594,35.11236140635721,0.7514090424751778,15.5996543822061,2.1117964203992012,399.38249999999994
49.197916666666664,0.2411442723447332,0.2837635049721575,0.05642084722613107,35.02511549082627,0.7443833116746165,15.55871143052404,2.101259218530056,399.32375
49.20833333333333,0.24179653116551542,0.2854239573652235,0.056611717124043275,34.93469374441597,0.7373325122176569,15.523505353736127,2.0909956256113054,399.2650000000001
49.21875,0.2425262721248034,0.28740313869645573,0.05683488092733687,34.84111488209766,0.7303099440729096,15.490577667693515,2.080842172834074,399.20625
49.229166666666664,0.2436166558698509,0.28967053992034636,0.05708823678170861,34.74367931695892,0.723311023221439,15.462202324604938,2.071220122630481,399.14750000000004
49.23958333333333,0.24418950780378146,0.2921539930391174,0.05736861310661673,34.64606474926687,0.7166237296470309,15.409970386244257,2.059319378209419,399.08875000000006
49.25,0.2443927280399181,0.29464678070002703,0.057669154228340715,34.546942243399826,0.710159286117273,15.348062749517391,2.046642135055114,399.03000000000003
49.260416666666664,0.24502328812775626,0.2972284414063969,0.05798451675241003,34.44430327527488,0.7037972469960319,15.290747732210367,2.0413304250405266,398.97125
49.27083333333333,0.24406425578549393,0.3002401504602445,0.05839679623135728,34.32404220993765,0.6967451923747002,15.308701651258971,2.0434047976705454,398.9125
49.28125,0.24315513553177007,0.30496306461605677,0.05897412425378576,34.18144789487488,0.6888981851938165,15.418593765326868,2.046634746399646,398.85375
49.291666666666664,0.24526446047051678,0.3120630406691849,0.05970512460729972,34.03436365562375,0.6813296108198437,15.52605909403373,2.051819132378898,398.79499999999996
49.30208333333333,0.24242706627512903,0.32083317147718465,0.06082466752971906,33.84292694592734,0.672187065726145,15.874399924477895,2.081785388000957,398.73625000000004
49.3125,0.23515929334324762,0.3321520350577331,0.062249273947689095,33.628724725440975,0.6628067971202085,16.442605523083877,2.117463699250476,398.67749999999995
49.322916666666664,0.2340476206640585,0.3474438721931219,0.06398745948855737,33.413238312706575,0.6542148447810142,17.06238754606994,2.1465806081964773,398.61875
49.33333333333333,0.2084334551663894,0.35625609261050484,0.06592274982586027,33.16262866541941,0.6452921927079708,18.086892757924776,2.1910868730788944,398.56000000000006
49.34375,0.18288924394126946,0.36220911935800865,0.06791984243936394,32.898213235465526,0.6372411535854305,19.37318498648046,2.4437075410804594,398.50124999999997
49.354166666666664,0.17234459028745566,0.37368062062078106,0.07015004266178654,32.64970624621384,0.6311874806022055,20.367324047618645,2.441006702452564,398.44250000000005
49.36458333333333,0.15195582344745906,0.3665142634715464,0.07192543097421376,32.38329785114794,0.6268931426359221,22.301002394701612,2.4430173253667373,398.38374999999996
49.375,0.13968088341039334,0.3563343052594861,0.07321201553248614,32.16517019602534,0.6264833507875563,24.49923470554934,2.443257698920662,398.325
49.385416666666664,0.13638703632553237,0.35496625832150014,0.07455882474483483,32.052345851233106,0.6307369038364714,25.867979898945823,2.456817279523769,398.2662499999999
49.39583333333333,0.13411285123646202,0.3473068230928307,0.07525748614990849,32.07740939533561,0.6401294109465083,28.73443684224816,2.510374215529061,398.2075
49.40625,0.1354556506584456,0.34579278803407176,0.07581307230950508,32.26585176379752,0.6538606057080271,32.24757372080945,2.5669941515739243,398.14875
49.416666666666664,0.1376254311381527,0.344521065386949,0.0760784301239575,32.61667364962868,0.6710975248881429,35.07534667913544,2.623215799452576,398.09000000000003
49.42708333333333,0.14246500630760514,0.35001252118094667,0.07642991640943887,33.09119921212508,0.6900370285798151,36.265394589971905,2.851268512046127,398.03125000000006
49.4375,0.14850118521646197,0.3568000270989395,0.07660630937880475,33.64745846353055,0.7095221766374457,36.53582876903,2.847902240335316,397.97249999999997
49.447916666666664,0.1525008856659145,0.356634540873784,0.07620485084320051,34.2666088221333,0.7293924715908061,37.19278894730095,2.8461950228977755,397.91375000000005
49.45833333333333,0.1608017353273344,0.36668863361276516,0.07617878428363142,34.8596332253195,0.747397749117183,35.902589107546504,2.843054350388644,397.855
49.46875,0.16946156464398676,0.3731292539023477,0.07585052384723122,35.42462757014141,0.7640423870928633,34.91558924049158,2.8416177215535745,397.79625
49.479166666666664,0.17430897361474118,0.37103701271860634,0.07499742833364886,35.9611091358571,0.7796901970707018,34.76688163797539,2.8412926869380852,397.7375
49.48958333333333,0.1831749503517771,0.3741205020485117,0.07429002980552163,36.42580095074961,0.7933699701778757,33.728653776965054,2.8399047805936597,397.67875
49.5,0.192209512450209,0.3750542354124252,0.07348865224955684,36.82727564058848,0.8055161466192109,32.97822318419558,2.839471602509582,397.62
49.510416666666664,0.19688569721867616,0.37081314629149836,0.07247336135874584,37.168158465898834,0.8163238741041287,32.73561092448128,2.8395981169039706,397.56125
49.52083333333333,0.20565043209299289,0.36994346478157863,0.07160834460285088,37.438936047434105,0.8255559868561767,32.366593655368,2.839408153132723,397.5025
49.53125,0.21509641227526943,0.3691710359860373,0.07083451177999427,37.64228990861254,0.8333380383385497,32.294753335046295,2.839635833404122,397.4437499999999
49.541666666666664,0.22043203774388925,0.36620931412045055,0.07005443360449493,37.77422595151976,0.8395659175062345,32.26179704890549,2.839716788339462,397.385
49.55208333333333,0.23015264786614154,0.36603209885774346,0.06945345058199563,37.83285914809554,0.8442298559994686,32.32643547345835,2.839837732286128,397.3262500000001
49.5625,0.2402468481198917,0.3665054144817559,0.06894662341933605,37.81713517590442,0.8472531811221952,31.92758866108603,2.8393793402182697,397.2675
49.572916666666664,0.24528026609499992,0.36453977083678485,0.06843337487481535,37.72819144571038,0.8488076969295636,31.77033569914138,2.839465478180534,397.20875
49.58333333333333,0.2524319832862472,0.3634086651063189,0.06791137527055074,37.575649203911524,0.8489906433623116,30.820882692855744,2.8386095844828683,397.15
49.59375,0.25778152905935575,0.36083876583362806,0.06737013319796015,37.360132989923954,0.8480177917722057,30.193693638628563,2.838762236816231,397.09125000000006
49.604166666666664,0.2596351915607051,0.3569421073959911,0.06680043786164629,37.08075361151019,0.8459782447981835,29.90628984369577,2.8392327696627127,397.0325
49.61458333333333,0.26509841183697125,0.3545195384425788,0.06630121502904406,36.73155517350132,0.8428766399848057,30.05252091202599,2.840002630191178,396.97375
49.625,0.2718053600700936,0.35346819668804774,0.06591579803521713,36.315576616557436,0.8387747643480148,30.259608814642387,2.840447076230671,396.915
49.635416666666664,0.27576981618599944,0.3525039084188518,0.06561607374893537,35.84180125105301,0.833807462844665,30.30665660232951,2.840553925684452,396.85625
49.64583333333333,0.2775611886100281,0.35079511136198216,0.06525818494606254,35.34860630731644,0.8284487725848045,29.40391004001117,2.839709380276016,396.79750000000007
49.65625,0.2736971308610575,0.3465457892996043,0.06478834702802538,34.848732547109904,0.8229089646603014,28.16095438974694,2.83937724590317,396.73875
49.666666666666664,0.26869421495761614,0.34113093328343147,0.06427237858207212,34.32000539005222,0.8169798141511458,27.547216514531904,2.8404556387579136,396.68
49.67708333333333,0.25777145927183664,0.33329781731439445,0.0635179320390831,33.824608083831535,0.8113741876826245,26.040031628073137,2.6073157947947228,396.62125000000003
49.6875,0.24327267993416668,0.3232899937665612,0.06265691317199949,33.319996541389685,0.8056045195077441,25.08604463223772,2.580871809692257,396.5625
49.697916666666664,0.23290847949071916,0.3144054744285121,0.06179110321256653,32.8072989975066,0.799644985420138,24.478562768302087,2.556890264817258,396.50374999999997
49.70833333333333,0.2169659173189138,0.3038006680595093,0.060830319540253024,32.28724781155757,0.7934371891615933,24.07205209480452,2.5362713281789246,396.445
49.71875,0.2023346491017081,0.2937922688563789,0.05990202406072754,31.76309772688588,0.7869266479913214,23.79765328080866,2.5195053264825256,396.38625
49.729166666666664,0.19321105587576953,0.2863308835715233,0.05911438150992704,31.25038217976963,0.7802035442805272,23.463233234445408,2.504293048070162,396.32749999999993
49.73958333333333,0.18528982769898625,0.2793779082183301,0.058412111247852776,30.719447918422503,0.7727316452166106,23.700218836348483,2.500381440667027,396.26875
49.75,0.1808546241953717,0.2748204146450997,0.057872836196845745,30.20046461945804,0.764757419730332,24.124016657885527,2.502107825091297,396.2099999999999
49.760416666666664,0.1787464712730234,0.27225877130091974,0.057500440107175935,29.723973683263054,0.7566749391704536,24.356561831143665,2.503898513430486,396.15125
49.77083333333333,0.1766274018731944,0.26968878893398124,0.057232605480802945,29.25757314980316,0.7478570149295056,25.461604223445796,2.520031878392838,396.09250000000003
49.78125,0.17584654254167548,0.268864575359892,0.0571261542483915,28.836510141426025,0.7389198934170568,26.949811442251534,2.5431985821937793,396.03374999999994
49.791666666666664,0.1763476263842556,0.2697339307908647,0.05718096810864536,28.487815279647787,0.7306603071722918,28.01501602886114,2.5648323722153457,395.975
49.80208333333333,0.1759875983939342,0.2700816199065414,0.05732617336708159,28.186025688220976,0.7228217272905276,30.08086951916457,2.6003302743491123,395.91625000000005
49.8125,0.17714715699071124,0.2722935392841672,0.05760838292686316,27.951734681314658,0.7164261656377608,31.692941086890837,2.847550903862269,395.8575
49.822916666666664,0.1786894218516994,0.27506014486396185,0.05797050264233123,27.775201212185166,0.7118374870547772,32.765485350874876,2.8452194755985234,395.79875000000004
49.83333333333333,0.18025271406608243,0.27764606655639057,0.05834028993684387,27.64047362034129,0.7091852815010887,33.71991067530476,2.8435525789214786,395.74
49.84375,0.18220694624748457,0.2803099302603602,0.05869489812123654,27.535158089718692,0.7085339348744635,34.29496438278978,2.8419567045491987,395.68125
49.854166666666664,0.18372792964174092,0.2823321950705125,0.05899424900506796,27.445908989651485,0.7097792713406275,34.835075718787415,2.8408387247280626,395.6225
49.86458333333333,0.18640718235927436,0.2849026786038529,0.05924671456730991,27.36716279231884,0.7125827286508633,34.300532501571944,2.8389285862982723,395.56375
49.875,0.18849009101519906,0.2862033662731121,0.0593793525121291,27.290853640261535,0.7166318199583003,33.74919204957926,2.8377931774740826,395.50499999999994
49.885416666666664,0.18928179203271012,0.2859372612015967,0.05937302881049691,27.21126077331217,0.7217701166523741,33.71989479002138,2.8374448334636346,395.44625
49.89583333333333,0.19197651520856532,0.28661173307785076,0.0593333973206999,27.130241920979035,0.7274884158474177,32.9913854548919,2.8362786253179153,395.3875
49.90625,0.19488915712673072,0.2867987878255939,0.05923882936222972,27.04520516641656,0.7336667029872916,32.508678259116955,2.8358736763208983,395.32875
49.916666666666664,0.19632522368423297,0.28590581437421025,0.05906038615420108,26.954919518216393,0.7401779188739761,32.38593952226168,2.8358501817975514,395.27000000000004
49.92708333333333,0.20007322494712268,0.28626206237641943,0.0589126772359844,26.862848803563125,0.7466010510714123,31.7836800024824,2.83520572675867,395.21124999999995
49.9375,0.20342082720423751,0.2861490381516846,0.05873220808788102,26.769126061158214,0.752796637734746,31.089572958350093,2.8348024814007164,395.15250000000003
49.947916666666664,0.20468372080144398,0.28476195981185304,0.05848125952834041,26.671372925870514,0.7587921960181779,30.814039356268704,2.8350206948687773,395.09374999999994
49.95833333333333,0.2066943888306194,0.2837653850496873,0.058213890719208065,26.574957864509706,0.7641595809550128,29.846588901435645,2.8342991300798124,395.03499999999997
49.96875,0.20777659264526743,0.2819381070678989,0.05790334256048823,26.476098358054113,0.7690365653781739,29.15739418854706,2.8344671060688467,394.97624999999994
49.979166666666664,0.20757825984138326,0.2794006185076437,0.05753903594405926,26.372510288357848,0.7734204745078636,28.824838996610065,2.8350100391433175,394.9175
49.98958333333333,0.20983856275700372,0.27810321758024303,0.05724607827132501,26.2631143798521,0.7772253297725795,28.63679200441139,2.8355681782616147,394.8587500000001
50.0,0.2131052204293222,0.27755268440430436,0.05701627599323573,26.14631279586841,0.7803800258224606,28.547956712517312,2.8361545536861072,394.8
50.010416666666664,0.21503023166065927,0.2768413154937613,0.05680384212674982,26.02141142114899,0.7828043262129435,28.437915378811535,2.8366102500371713,394.74125000000004
50.02083333333333,0.21921170537325543,0.27721379842700095,0.05667291275996156,25.890799200371383,0.7844326809687578,27.98861290018349,2.836664523581518,394.68250000000006
50.03125,0.22316010640687348,0.277394253598398,0.05654855339735274,25.75434451233121,0.7853168623309271,27.39476806599464,2.836880451204289,394.62375000000003
50.041666666666664,0.22495355325592858,0.27666758607904424,0.05638671071763318,25.60829719639544,0.7855247085604075,27.05275062331518,2.8376551924899354,394.565
50.05208333333333,0.22805761740060734,0.27627355689243416,0.05621811461759207,25.461717200008493,0.7851300215169688,26.179975549403608,2.8377280995749676,394.50625
50.0625,0.22993919315645153,0.2750047782197343,0.05598864833186798,25.314702189829333,0.7842562715249705,25.154550328223394,2.6069643618358995,394.4475
50.072916666666664,0.22985517663464694,0.27272452809544256,0.05569177689430912,25.160424601107316,0.7829258536558629,24.533802967694516,2.5851876297124394,394.38874999999996
50.08333333333333,0.22972941620471224,0.27019375171776266,0.05531805754547693,25.01728375635651,0.7813750792881166,23.222002364948256,2.5517892312175814,394.33000000000004
50.09375,0.22822217965821148,0.26667643984460593,0.05488206943849018,24.875272726248966,0.7795724902604306,22.077964105381493,2.5176981051612373,394.27124999999995
50.104166666666664,0.22589513607306816,0.26265769508909953,0.05438555180936709,24.72934185247769,0.7774649775827893,21.249556979947418,2.4865028342698863,394.2125
50.11458333333333,0.22456483944182815,0.25931596059844003,0.05392459450890904,24.578377367489324,0.7750168795795969,20.582690784675314,2.4587995315292916,394.15375000000006
50.125,0.2239338162031849,0.256784260659555,0.05352594136395631,24.42228113541075,0.7721912124131817,19.936345184098492,2.434715161389149,394.09499999999997
50.135416666666664,0.22328571122988214,0.25479736839403455,0.053183824226580904,24.264049734490754,0.7690058487160011,19.161235835687272,2.4252958331861874,394.03625000000005
50.14583333333333,0.22340329062875264,0.2536337733292132,0.052946022809477716,24.103248888713313,0.765420179131815,18.48365761478747,2.4255407523528407,393.97749999999996
50.15625,0.22370666426002123,0.25293921860783586,0.05277468411045733,23.942486543970798,0.7614715309584679,18.042220790046972,2.4257225327731,393.91875
50.166666666666664,0.22371022634185667,0.2523776655755422,0.052642861058082246,23.781390308215332,0.7571479138662521,17.793245807332536,2.425980207344403,393.8599999999999
50.17708333333333,0.22409761390988997,0.25222341767243484,0.05257136513037654,23.621345043139975,0.7525019674592256,17.642184105863485,2.4261302226150963,393.80125
50.1875,0.22477488026987907,0.25231972974736805,0.05253791080578965,23.46189221206639,0.7475550955704837,17.550478887458492,2.426326899717394,393.7425
50.197916666666664,0.225253811836944,0.2524706540792492,0.05252216916494461,23.302562863510094,0.7423395699425732,17.500245645122913,2.4265574888982098,393.68375000000003
50.20833333333333,0.22675092943075856,0.2531067957329812,0.05255763826689601,23.143779276220435,0.7369274227467992,17.467147000944635,2.426734496430919,393.62500000000006
50.21875,0.22841324330643933,0.2539334232975148,0.05261830790182913,22.98647583819263,0.7314172291968044,17.425078784695426,2.426818284442999,393.56624999999997
50.229166666666664,0.2296398576092846,0.25473709612022555,0.05269094674545879,22.8291447198983,0.7258230543208116,17.39611409540403,2.427036159854947,393.50750000000005
50.23958333333333,0.2300990464541664,0.25532611485065926,0.05274637187710138,22.681806656011158,0.720565715488369,17.224184742440087,2.426376257436462,393.44875
50.25,0.2294806007920611,0.25531093910067226,0.05276834800936351,22.539980579532475,0.71553576891066,17.005171197208035,2.4262122229152454,393.39
50.260416666666664,0.22867529077915863,0.2549478012635583,0.05275739535278695,22.398244163466423,0.7105796945071866,16.847973609807433,2.426607961032043,393.33125
50.27083333333333,0.22679558827517732,0.2544724336120323,0.05273783276700097,22.25586466169968,0.7057064904965326,16.763348544900378,2.427078836089324,393.2725
50.28125,0.22444062244394067,0.25426121708260085,0.052748355384245764,22.107986859669136,0.7007855248091974,16.80218365124376,2.427961079946337,393.21375
50.291666666666664,0.22336828334532668,0.25472643219731234,0.05279839494535815,21.960714921560115,0.6960471239225451,16.855919573991617,2.428232323186129,393.155
50.30208333333333,0.21957444083272804,0.25545767743913134,0.052955686310714144,21.798567964656517,0.6910311473726791,17.136401785513687,2.4298403598596003,393.09625
50.3125,0.21216385309054409,0.25665825143774645,0.05324063273946707,21.619664887401566,0.6857479068248318,17.702011250505407,2.4314129304141376,393.0374999999999
50.322916666666664,0.20888717725439868,0.2598148788199537,0.053671417577625974,21.4448805118175,0.6808436390000968,18.15686285567578,2.431090064750846,392.97875
50.33333333333333,0.19061867077731434,0.25986729466774466,0.05424589040239008,21.235056292587203,0.6753052252081698,19.371348019424016,2.4345439318142152,392.9200000000001
50.34375,0.17340636060330963,0.260165689858308,0.05496230092905026,21.022453188143594,0.6701382566165751,20.912784797578155,2.4356761980178803,392.86125
50.354166666666664,0.16639227826234118,0.26460067899535267,0.05596976423137429,20.83850045607845,0.6661688237126869,21.901470327449974,2.434896566875897,392.8025
50.36458333333333,0.15248103668598567,0.26175862749229584,0.056826169042054106,20.67611682866601,0.6634194009090052,24.059311873072325,2.472896812598991,392.74375
50.375,0.142725684533488,0.2580639272030104,0.05757118165134058,20.58992603653262,0.6632369097362735,28.255973777991105,2.532906082808686,392.68500000000006
50.385416666666664,0.13975709697357577,0.2591438266371398,0.0585120856196161,20.62068328524999,0.6663369409534485,32.044440203623815,2.5930261290818675,392.62625
50.39583333333333,0.13719472691924778,0.2572668409169651,0.0591921058137226,20.804102969566777,0.6733562248680225,35.856804577487495,2.851196197147241,392.5675
50.40625,0.13793995207031526,0.25912597746690536,0.059943430583911585,21.156833397723343,0.6840850853701801,38.23994129337505,2.847577149770527,392.50875
50.416666666666664,0.13983777856072963,0.26192133720382677,0.06064711106850008,21.68163785522475,0.6981494455734347,39.95007192344961,2.8452545435611736,392.45
50.42708333333333,0.14425221312710665,0.26839757691984945,0.061466307879018224,22.351760671842413,0.7146006219475033,40.74671584885199,2.8431536172247807,392.39125000000007
50.4375,0.14988404389115417,0.2755648158876392,0.062221441740252265,23.149226264084614,0.7329467427727683,43.408956184497384,2.8612848097023975,392.3325
50.447916666666664,0.15446112012328927,0.28055653949876413,0.06273456583141353,24.04158370466618,0.752516169945144,50.98218765749121,2.895763072719319,392.27375
50.45833333333333,0.16252025783230012,0.28988956528623305,0.06343659148880948,24.979839363999595,0.7724206304536636,57.736685617235935,2.9295492559502936,392.21500000000003
50.46875,0.17219158043970162,0.30053276010077157,0.06417879624722687,25.916601244093712,0.7918787880582183,62.22486144159106,2.9587613364232928,392.15625
50.479166666666664,0.1790985852429878,0.3069156640247824,0.06463061892508135,26.832003619872374,0.8106733240600141,66.20075669474937,2.986443430279081,392.09749999999997
50.48958333333333,0.18875591797054378,0.31611651163079274,0.06510936154832551,27.64167892462204,0.827228140196059,65.29597352337916,2.9974129429759877,392.03875
50.5,0.1974922154634599,0.322112691759352,0.06534031581295575,28.366164542191452,0.8420462569544143,64.47381549099073,3.0011055129165753,391.98
50.510416666666664,0.20221908227514884,0.3231272887256216,0.06523064610779694,29.020893577762646,0.8554539763620366,64.91183293272564,3.0057176712597746,391.92124999999993
50.52083333333333,0.21053819336036733,0.32615809231596493,0.06510682573824479,29.582800962646882,0.8669480712157394,63.86094741720415,3.005240446453524,391.8625
50.53125,0.21993642712433614,0.32889899463612843,0.0649645188518818,30.066171815956345,0.8767691270121643,63.82623742026737,3.0057152004690755,391.8037499999999
50.541666666666664,0.2256978999576999,0.32932550492152723,0.06471986997554657,30.468493531706365,0.8848132226053631,63.95888047207615,3.0069863585779517,391.745
50.55208333333333,0.23628738978305958,0.33212589392564545,0.06456623168682002,30.78548092110573,0.8909704952582965,63.60440002237205,3.0068989376361777,391.68625000000003
50.5625,0.246116371655745,0.3342211112729301,0.06438402826855093,31.015050320796334,0.8952241608788918,61.87353505719568,3.001263015963615,391.62749999999994
50.572916666666664,0.2508680799314522,0.33357023327047886,0.06411472419759778,31.169964424824958,0.8978644399506115,61.35966053079399,2.9970799649782784,391.56875
50.58333333333333,0.2552628640985318,0.332208883876,0.06370444630348837,31.24908582820289,0.8989597769317372,57.459527867470634,2.980964553067302,391.51000000000005
50.59375,0.25668245782648114,0.32856846850866084,0.06316737060416738,31.268742377111955,0.898864869222711,54.060358658248994,2.9605407519439755,391.45125
50.604166666666664,0.255384366469709,0.3234183764633046,0.06254823510825984,31.2363254786557,0.8977136066824342,52.059514084504656,2.9430134486091037,391.39250000000004
50.61458333333333,0.2535653906538614,0.3176160372823414,0.06175785095405723,31.166015533956273,0.8958219763426912,46.19337883848769,2.9106288670118063,391.33375
50.625,0.24930886059918936,0.3099413344593498,0.060856502080696505,31.06612006881603,0.8932924161555789,40.85146931225336,2.8745897817999855,391.275
50.635416666666664,0.2440861484324727,0.3016058579389276,0.05989876720493195,30.93594076668789,0.8900247779318239,36.173119827081855,2.8429180959746296,391.21625
50.64583333333333,0.237790039999765,0.2930012830769451,0.05884161368868456,30.790614590651675,0.886318285538126,30.340022520809722,2.8289537441371237,391.1575
50.65625,0.23010825630826712,0.28398393491979584,0.057770642586447554,30.627242438474724,0.8820267349419963,27.601952596038245,2.829297087647497,391.09874999999994
50.666666666666664,0.22348442643194444,0.2757353209521321,0.056746326504187344,30.444431044885004,0.8770348247438308,26.571645562124555,2.8303897425506257,391.04
50.67708333333333,0.21510484094825885,0.2674322252294792,0.05571067109212411,30.253202315576605,0.8715766249131085,25.593983138280386,2.8310052534405705,390.98125
50.6875,0.20502414000208688,0.2588925250456313,0.054688677419764485,30.05480294404374,0.8656434721623026,24.691859466025697,2.8321599800479307,390.9225
50.697916666666664,0.1970864288791285,0.2512984673323637,0.05374005189827692,29.845048943359778,0.8590581734804685,24.11372537689181,2.834195077562051,390.86375000000004
50.70833333333333,0.1846229362898244,0.24242993262879356,0.05272402742910554,29.640667847103824,0.8523170201291679,23.165395998138113,2.597238460110246,390.80499999999995
50.71875,0.1718057276203869,0.2331316531316203,0.05169383390197177,29.43239648860773,0.8450944562664714,22.424236814760498,2.561653364918622,390.74625000000003
50.729166666666664,0.16288168262861383,0.225312187635395,0.05073782610479408,29.220976128798863,0.8373571213905507,21.85164436957784,2.5292306807025375,390.68749999999994
50.73958333333333,0.15389290772668265,0.2174738441051739,0.04980443032208701,28.9890994655523,0.8283163660718071,21.890555658112447,2.5094243263088907,390.62874999999997
50.75,0.14750818329103296,0.211445170054611,0.04900982195959658,28.74943744387477,0.818196785821529,22.09905516103364,2.4972121953250292,390.56999999999994
50.760416666666664,0.14381837862892835,0.20754150622836134,0.0484111489821968,28.52150030976972,0.8075699210832505,22.05127675320917,2.4861441885890434,390.51125
50.77083333333333,0.14045219840091838,0.20391645848777987,0.047924948154615316,28.286906871936477,0.7951001318142652,22.700183273505942,2.49132019059387,390.4525000000001
50.78125,0.1389191165633611,0.20219179292085224,0.04763964276104535,28.073464829463322,0.7814668923453862,23.696034859987087,2.504721672781386,390.39375
50.791666666666664,0.1387356361400621,0.20213090285552565,0.04755515112635906,27.906266670580056,0.7677231001256527,24.437326459867126,2.517525991747518,390.33500000000004
50.80208333333333,0.1388668438818662,0.20227615092545448,0.04758970767774761,27.782108634800014,0.7527736740933739,26.051196578352034,2.5448685196177596,390.27625000000006
50.8125,0.14032019107291416,0.20410077911342858,0.047794276302798436,27.723173655795765,0.7382926082317189,27.402673341377188,2.57205237719638,390.21750000000003
50.822916666666664,0.14184790912597725,0.20629254036982936,0.04808793539131061,27.728210571793937,0.7248089049446458,28.35259140318853,2.5978584445299595,390.15875
50.83333333333333,0.14339187656301425,0.20845235496047995,0.04840238258702697,27.790222716499443,0.7126545239020395,29.044729913909496,2.8434792246279126,390.1
50.84375,0.14497470325994344,0.21048068894971275,0.04870387719780799,27.898845711856705,0.7021174686659097,29.48389306214249,2.841626157127733,390.04125
50.854166666666664,0.14617734821720688,0.2120161941620846,0.04895819458842351,28.044604659843277,0.6932161115300083,29.899266183206464,2.840281902290777,389.98249999999996
50.86458333333333,0.1482150143564654,0.21396868453033954,0.04919552973161766,28.210707205246067,0.6862479471300807,29.675790934423247,2.8385567296057417,389.92375000000004
50.875,0.15013137006797306,0.2153719724546062,0.04936331375301363,28.390138248809205,0.6809087037581221,29.355095671497388,2.8374771969767174,389.86499999999995
50.885416666666664,0.1511798235752894,0.2158129291890311,0.04943166097115594,28.581058510963526,0.6769169761872466,29.334777947792677,2.837029838889955,389.80625
50.89583333333333,0.15360523920647418,0.21695546870475899,0.04948305791824873,28.766908479627563,0.6742785264875857,28.586705438664573,2.835710895191618,389.74750000000006
50.90625,0.15599063304105448,0.2175002141917213,0.04946304992331821,28.949557582332883,0.6726293080198031,27.868559652650987,2.8352065248436595,389.68874999999997
50.916666666666664,0.15708294337180664,0.21692056304086896,0.04933783130616862,29.133028130760515,0.6717333999722934,27.575762249774055,2.8354073946730036,389.63000000000005
50.92708333333333,0.1596518380796218,0.21700455211812583,0.04919823828464405,29.30275038805632,0.6714564552311827,26.62783871409054,2.834621017488215,389.57124999999996
50.9375,0.1617732422211092,0.2163526007141548,0.048984550918275985,29.461337562359066,0.6715846623383079,25.57300273484335,2.8345660148794867,389.5125
50.947916666666664,0.16220560313022375,0.21447361143269694,0.04866776105798977,29.61743280780548,0.6719987635240348,25.01614044271059,2.83566801671824,389.4537499999999
50.95833333333333,0.16344249272021133,0.21285457284598985,0.04830720246556959,29.75295176234779,0.6725330602979305,23.72009431487802,2.5979299994251615,389.395
50.96875,0.16361455706298772,0.21020932244163673,0.04786129999672179,29.87806798639781,0.673125629026138,22.549230206363386,2.565700943811168,389.33625
50.979166666666664,0.1625130366724649,0.20674260680052758,0.04732997737939025,30.00000527345495,0.6737522180101174,21.809566293600056,2.5365070542025436,389.27750000000003
50.98958333333333,0.1621652326683965,0.20360572484354902,0.04677720349324521,30.10651411129643,0.6743014920627333,20.75232632831416,2.4997664839154004,389.21875000000006
51.0,0.161270875863606,0.200066568588045,0.04619050775599063,30.204942349609595,0.6747754349381274,19.74541276341797,2.4622977096493113,389.15999999999997
51.010416666666664,0.15958775636853711,0.1962149889185222,0.04557030871125867,30.300292079644134,0.6751662698974635,18.898205109912645,2.427997164693982,389.10125000000005
51.02083333333333,0.1586710579069981,0.19282346403647183,0.04497164526091242,30.387464709651052,0.6754264298042992,17.958618284294346,2.4211599031910005,389.0425
51.03125,0.15786641493084005,0.18960457074747358,0.044396877515613074,30.47109748324152,0.6755474800139627,17.206137358719864,2.4214089359611055,388.98375
51.041666666666664,0.15666274082836548,0.18649089813318548,0.04383999425318167,30.551573753784247,0.6754996538644951,16.721387412131026,2.421836704245395,388.925
51.05208333333333,0.15647509447974794,0.18399980869454227,0.04334963828024522,30.62887100633389,0.6752516338864749,16.442733364956712,2.422276501423924,388.86625
51.0625,0.156639757377558,0.18192413264333535,0.042916972108086635,30.70348822535892,0.674768505247802,16.310636265603453,2.4227935667234406,388.8075
51.072916666666664,0.1563558766153757,0.18000141610517706,0.04252292476928366,30.774531201807452,0.6740256111925732,16.257501753177934,2.4231713821025314,388.74875
51.08333333333333,0.15693339664732298,0.17864399958635704,0.04220811204796949,30.843845268214068,0.6729669061186877,16.29111669090298,2.4238590503705697,388.69
51.09375,0.15784548696265494,0.17769496469110133,0.04195358316066938,30.909490914696647,0.6715854635397439,16.353666270483437,2.424227288184037,388.6312499999999
51.104166666666664,0.1582540693656662,0.17683527496859047,0.041735726483664054,30.970824297807916,0.6698804021620096,16.41567597114852,2.4244873676115257,388.5725
51.11458333333333,0.15897787566567473,0.17620152489185392,0.04156002028883554,31.025262537217007,0.6679483518544004,16.405796702416914,2.4242421872761186,388.5137500000001
51.125,0.15939680835597206,0.17547575562477327,0.04139596811970237,31.07401487507363,0.6657952704353881,16.35791265621449,2.4242534663713937,388.455
51.135416666666664,0.15928415484148595,0.17458065278608792,0.04122627112534914,31.118300212847267,0.6633889584378578,16.322806212240994,2.4246027496958984,388.39625
51.14583333333333,0.15940117462829,0.17377822916273125,0.041066474049471585,31.15643871986543,0.6608491357421307,16.26207615650242,2.4245656836383245,388.3375
51.15625,0.15946027339575705,0.17296773733988569,0.04091050104214112,31.18945505712492,0.6581436518622893,16.209865721887038,2.424866983480992,388.27875000000006
51.166666666666664,0.15925061726740178,0.1721206108880962,0.040751928183875165,31.21741869930937,0.6552701295439503,16.179651862912063,2.4252980456267945,388.22
51.17708333333333,0.1593923163992319,0.17147098185167764,0.040615626430911295,31.239789222716354,0.6522825010670176,16.157934071475065,2.425626333433117,388.16125
51.1875,0.1596325044586352,0.17098665133243812,0.040503624100894954,31.25687940375971,0.6491011377924424,16.175243764458905,2.4263030555438845,388.1025
51.197916666666664,0.15976970038606508,0.17061297599126574,0.04040673089772546,31.267792724354333,0.645819692925115,16.20085260749197,2.4266818352197426,388.04375
51.20833333333333,0.16024712530475047,0.17061338867527853,0.040367609126806155,31.27235223303599,0.6422329714777469,16.29997681476823,2.427700322140204,387.98500000000007
51.21875,0.16107318710893137,0.1710358686522229,0.040381874390397025,31.2691286650482,0.6384530225632995,16.43594249659621,2.428235316299058,387.92625
51.229166666666664,0.16193596760294038,0.17169877939882613,0.04043631005885837,31.257674054908893,0.6346373546262033,16.548826171255442,2.428274088335539,387.8675
51.23958333333333,0.16330816173652393,0.17286040000532568,0.04057638637799606,31.235610782991802,0.6304475449046767,16.758189681429002,2.429290528451606,387.80875000000003
51.25,0.16524341277772353,0.17457952659118328,0.040788513802589764,31.201960079748236,0.6260954252325241,17.00803589233799,2.429568581464526,387.75
51.260416666666664,0.1672468513638313,0.1765821818400355,0.04105002876047224,31.157741935453576,0.6218200724258066,17.200729322303072,2.4292159439822383,387.69124999999997
51.27083333333333,0.1689306345724894,0.1790121401239776,0.04140897976475302,31.096500905307174,0.6172033794508853,17.539067768548616,2.430214876674747,387.6325
51.28125,0.1702872574138363,0.1819604177424561,0.04184813081483222,31.018436405645193,0.6125411286849619,17.95661469982936,2.430446781082564,387.57375
51.291666666666664,0.172258139049075,0.18537984037020402,0.04234955326589995,30.927908470541016,0.608199604143221,18.266175360059698,2.429824881970098,387.51499999999993
51.30208333333333,0.17147558678689137,0.18884058964723868,0.04295529892454096,30.811359377808767,0.6037497390776423,18.842711236882984,2.431154438203036,387.45625
51.3125,0.16741905834794682,0.19235955334257615,0.04365414203397972,30.666743627852053,0.5995202834861089,19.717898352530316,2.4321833634761787,387.3974999999999
51.322916666666664,0.16651357675808132,0.19718822535207645,0.04446954926197823,30.508655861269776,0.5961548922858688,20.34761290827543,2.431417278018488,387.33875
51.33333333333333,0.15365875518799793,0.19855638431460815,0.045296235229028196,30.30174593474438,0.5933446936741477,21.86117209978123,2.4426755351204075,387.28000000000003
51.34375,0.14205181216926507,0.19929929705365815,0.046157373557357315,30.065970448971708,0.5920060152290423,24.530068659204332,2.490035947302524,387.22124999999994
51.354166666666664,0.13809509627891028,0.20322182254952262,0.04726283657062139,29.830963370947735,0.5925124787193676,27.870399579230494,2.543170976632674,387.1625
51.36458333333333,0.13144473236304138,0.20236613739104073,0.04817632158775077,29.582748068268277,0.5954019757297263,33.57249613798327,2.8521119005642217,387.10375000000005
51.375,0.12816872486935996,0.2022916745323958,0.049078286887983796,29.385088119364664,0.6011071065193588,38.97599021050409,2.848544168841071,387.045
51.385416666666664,0.12889399494949877,0.2061278100818066,0.05025188775292231,29.29715215559107,0.6093834957323144,42.1542859879185,2.845555181662856,386.98625000000004
51.39583333333333,0.13026993815921317,0.20844487645502915,0.05127173931650607,29.363574909111204,0.6208355585192873,51.98933234094018,2.8916720452828297,386.9275
51.40625,0.13399173022538743,0.21417947998206383,0.05251278262563805,29.624204773611446,0.6347765437257092,70.00103337810495,2.9726053376580612,386.86875
51.416666666666664,0.13853722295837909,0.22167829204015255,0.05390008161456466,30.07543781591076,0.6504774638632191,83.87236385206958,3.2561563481997426,386.81
51.42708333333333,0.1448153482374243,0.23180763853969547,0.055480304585232273,30.692930319348314,0.6675127714477294,95.27614653204128,3.251955253158328,386.75125
51.4375,0.15197605187434235,0.24435530821837298,0.057230424576414765,31.405197617507355,0.6847927395852094,101.40951827902747,3.2487104707826084,386.69249999999994
51.447916666666664,0.1579611352335347,0.25435043310707345,0.058692145452539146,32.17081078178242,0.7023337759072367,109.74514146058982,3.2508015932700083,386.63375
51.45833333333333,0.16536435988529696,0.26773136993829955,0.060272823125296734,32.887098428779765,0.7187354249827889,130.83690992715395,3.269072521602899,386.575
51.46875,0.1727175227643926,0.27986409262319145,0.06162927410305855,33.533623889243245,0.7342200183726848,149.41559243842707,3.285635759366489,386.51625
51.479166666666664,0.1778461260301006,0.28682154195291,0.062445033772818195,34.107672763541586,0.7491992909646185,167.07106634370604,3.301966302636321,386.45750000000004
51.48958333333333,0.18540419866308422,0.29739715302390685,0.06326714502759269,34.54490164365734,0.7621098363414495,156.2918531260935,3.2956974762848996,386.39874999999995
51.5,0.19244071149483258,0.3045749797593248,0.06373406706715187,34.877915139161516,0.773654351130317,139.9498283287831,3.281212205493396,386.34000000000003
51.510416666666664,0.19619152747577268,0.30584529602131627,0.06368381433766461,35.12365904627658,0.7842680156154749,128.15185019633358,3.2700062155108083,386.28124999999994
51.52083333333333,0.20230721744935254,0.30889013806378623,0.06352746653159469,35.2700909920371,0.7930125282908876,99.83124562046763,3.2457094552437513,386.22249999999997
51.53125,0.20750332005205457,0.30913755266182696,0.06314880397204341,35.33987080261497,0.8004009693283937,80.37174862847756,3.2360020335490063,386.16374999999994
51.541666666666664,0.2093662019777427,0.30578562345283716,0.06251507300261139,35.341381135604415,0.8066442694180688,78.0735920511655,3.2365219581447318,386.105
51.55208333333333,0.21307419353402354,0.30354939295221495,0.06183781711745022,35.28303399297726,0.8113796462299249,72.84570029911902,3.2359836073913995,386.0462500000001
51.5625,0.21591035643397283,0.30009981901333266,0.061107580339267144,35.17254056337344,0.8148784773010707,69.94362814354888,3.236595821918683,385.9875
51.572916666666664,0.21628358279437518,0.29530826080937006,0.060322572169736854,35.01349276135051,0.8171742075682134,68.141119449172,3.237626088576886,385.92875000000004
51.58333333333333,0.21804931842499956,0.2914502624800268,0.05956906591820574,34.81490101874757,0.8182241166251345,65.48025335504771,3.2383583802153155,385.87000000000006
51.59375,0.21960201924029557,0.2877565111739054,0.05886792950614471,34.5814122891559,0.8180829675923917,63.27373042078439,3.239419883514564,385.81125000000003
51.604166666666664,0.21945443272109347,0.28371652726734276,0.058204814211869925,34.315968075384475,0.8167835047584117,61.62575274507528,3.2407423153345016,385.7525
51.61458333333333,0.22061400229666364,0.28041901506168415,0.05757513691423754,34.0328550240163,0.8144662904349389,58.57818636760785,3.241695899705134,385.69375
51.625,0.22138638467311986,0.27697617182855727,0.056975317341181546,33.731900011534314,0.8112286665456888,56.12599395911894,3.0082140824093444,385.635
51.635416666666664,0.22073235969576885,0.2731938357847633,0.05639505636943988,33.41200302442435,0.8071308324711164,54.291657762638074,2.9872341602067083,385.57624999999996
51.64583333333333,0.21913643304804778,0.26914532663150514,0.05578517298054171,33.08581711176602,0.8024311368165309,51.38597081312376,2.963936269680633,385.51750000000004
51.65625,0.21556176774825103,0.26443875332309486,0.05516042024181044,32.75133508925406,0.7972090262002949,48.729228242097356,2.940850538043365,385.45874999999995
51.666666666666664,0.2120228589242737,0.2599428499386872,0.054568535210203384,32.40507936984111,0.7914894366092162,46.537457024045985,2.920236355176643,385.4
51.67708333333333,0.20585455994541413,0.2546133386799283,0.05392159786275004,32.057179802687045,0.7855058564813453,43.65939943873845,2.898429800163092,385.34125000000006
51.6875,0.19810630055704015,0.2487701378658649,0.05326518225025026,31.69966912951438,0.7791665078996722,41.267150966427124,2.8795600639960464,385.28249999999997
51.697916666666664,0.19249333699892335,0.24399292009689874,0.05268148605964533,31.336503191370934,0.7725579818488751,38.79306025721184,2.862587042893967,385.22375000000005
51.70833333333333,0.18312067094145745,0.23781074800179905,0.05204000354407954,30.963574647085398,0.7655972195390426,36.68867420364726,2.849821869362593,385.16499999999996
51.71875,0.17401898922150527,0.23178797571021537,0.05142499690329604,30.58251297423524,0.7582798505243893,34.99543108056537,2.841481530432205,385.10625
51.729166666666664,0.16831707127541207,0.2275793152789457,0.05094232592346742,30.206240397591827,0.7508053445177877,33.23719512216734,2.834019354553394,385.0474999999999
51.73958333333333,0.16212992854142114,0.2229977632352884,0.05050182551950579,29.80246953619739,0.7424228287327604,34.34044809679146,2.8422790603562187,384.98875
51.75,0.15816340997728515,0.2203158716822302,0.0502314698737801,29.40050245527053,0.7335658795752984,38.065640284810115,2.8581701335290686,384.93
51.760416666666664,0.15660031650657863,0.21983900572711,0.05018263339313424,29.031098723572224,0.724790111024268,41.65784896010501,2.8730386004693393,384.87125000000003
51.77083333333333,0.155282827904085,0.2194644432267028,0.05023019636044313,28.682674034033223,0.7156996527563262,47.24862234368477,2.8981809052416256,384.81250000000006
51.78125,0.15541414562268505,0.22058846183922026,0.05042674507475996,28.38345071650581,0.7069392467477525,52.45550006039816,2.9254510081995755,384.75374999999997
51.791666666666664,0.15631200246455343,0.2226044427924301,0.050735675121356745,28.14463512420026,0.6989416035796263,56.323494279431706,2.9507197119982114,384.69500000000005
51.80208333333333,0.15761696807917788,0.22469108683681369,0.051088009954481116,27.958661615456805,0.6916695355927068,61.542451462113924,2.9816357907828843,384.63625
51.8125,0.1597654664704509,0.22761179225146203,0.05152019763929101,27.826697760794527,0.6855133372022554,66.70549222560423,3.0157814624373467,384.5775
51.822916666666664,0.16212171352725346,0.23106537920470258,0.052009872664487984,27.743074213170722,0.6808333703238852,70.29405327291522,3.247329288326961,384.51875
51.83333333333333,0.1654719557543197,0.23502969259015213,0.0525706066594167,27.69213506879991,0.6775914145300969,76.43273023198749,3.2461496623621504,384.46
51.84375,0.16991798801055855,0.24032574146977093,0.05323276874440406,27.662335227162515,0.6760346388649953,80.46089741657724,3.2444426818873784,384.40125
51.854166666666664,0.17369726691774515,0.24529611533167964,0.05389387138428389,27.63900317846935,0.6761104691898645,83.6697114808794,3.2430488731613805,384.3425
51.86458333333333,0.17806266901320283,0.2506896130436318,0.05454038557888629,27.61158105132447,0.6775942352458907,83.05269651604746,3.2410562487862657,384.28375
51.875,0.1815859345182455,0.2547070300036171,0.05505405053247449,27.57275954929054,0.6802137529314412,82.65624589771525,3.2398802250230205,384.2249999999999
51.885416666666664,0.18368438810053994,0.25693622407332845,0.055389832387874066,27.517751615006755,0.6837950093611588,83.6477370989544,3.239465701581421,384.16625
51.89583333333333,0.18701584532602125,0.25973241201839786,0.055650024316945046,27.44994778043959,0.687815395337206,79.74776879170899,3.2377370711141307,384.1075000000001
51.90625,0.18988379829872634,0.26119090530310496,0.0557629203817195,27.369804786618523,0.6920927628599538,77.00604322735772,3.2369765139242697,384.04875
51.916666666666664,0.19102002968707563,0.26073860614790934,0.05569246449764548,27.2760197061388,0.696558727395887,76.49313365160873,3.2371431151838523,383.99
51.92708333333333,0.19366307620801962,0.26096253878838044,0.05555756273829884,27.178410023988334,0.7006660860233315,71.07965887082814,3.235816475451958,383.93125
51.9375,0.1952271296806184,0.25965216996884893,0.05527700089803928,27.077406260118188,0.7043798697662935,66.44579492742285,3.235398630046567,383.87250000000006
51.947916666666664,0.1947172497040543,0.25644027883343695,0.05483144904393636,26.96796419651105,0.7078128171504474,64.7539921240776,3.2363531566658117,383.81375
51.95833333333333,0.19478487703019778,0.2534262347159647,0.05429579025228334,26.864187795265927,0.7105159933754934,57.58600958567629,3.235592115439219,383.755
51.96875,0.19330522156007016,0.2487880242679806,0.05363160908590902,26.75995843175029,0.7127081459948913,52.72212406550561,3.2370033389108186,383.69625
51.979166666666664,0.19054097173174334,0.2430903280597201,0.052853438975296034,26.649324761633448,0.7144846063345767,49.97190970811318,2.994773716982525,383.6375
51.98958333333333,0.18862939005692816,0.23794157025921034,0.05204836167358804,26.544203383555928,0.7156710415974604,44.220774839220034,2.947932089721482,383.57875000000007
52.0,0.18604942370255825,0.2322700538881515,0.051205531358739974,26.439185037855328,0.7163905586681418,39.41831869300577,2.9007787611199722,383.52
52.010416666666664,0.18281073306384082,0.22632348338101832,0.05032973322498627,26.32980963114273,0.7166628990963768,35.23480962943265,2.858450338679824,383.46125
52.02083333333333,0.18041833485903824,0.22104405789167814,0.04947741669836925,26.22779080621597,0.716487623923281,29.09749275796304,2.8247346240679883,383.40250000000003
52.03125,0.1776795182080938,0.21560465833113487,0.0486267363250871,26.128758312654977,0.7159236500238833,24.986863446915017,2.8243627092730565,383.34375
52.041666666666664,0.1744387604514344,0.21005172234086839,0.04776890535898569,26.027863374060992,0.7149467244879426,23.292236593902086,2.8256792191714464,383.28499999999997
52.05208333333333,0.17194629262221398,0.20508147653584005,0.046945896232017344,25.934683827027904,0.7136768573851144,21.9472464159428,2.826335352671857,383.22625
52.0625,0.1694140669052467,0.20021093121963765,0.0461498088005252,25.84252018102591,0.7120649151577891,21.057256752411284,2.8286026973925873,383.1675
52.072916666666664,0.166685554552212,0.19551503295055941,0.045373435643670273,25.749814757899575,0.7100771430214781,20.482761218975696,2.579624459098489,383.10874999999993
52.08333333333333,0.16503060115412002,0.19156404196203733,0.04467049161080616,25.657934557621697,0.7077363192578379,19.981323846144747,2.537500115872119,383.05
52.09375,0.16379793326852402,0.18811417672214806,0.044032250618073386,25.566166918326708,0.7050247595500949,19.51094538384833,2.4983731834848486,382.9912499999999
52.104166666666664,0.16229028742111706,0.18491271023874006,0.043441491641778185,25.474208988242115,0.7019328829598813,19.03249249365042,2.4622578857176665,382.9325
52.11458333333333,0.1614003412359911,0.18223665106103795,0.04292429082912108,25.383404164275326,0.6985182323747074,18.452499763367573,2.4277817939281285,382.87375000000003
52.125,0.1605957903987788,0.17983196969808138,0.042458377016542856,25.292847857045604,0.6947692277352333,17.771094485157985,2.420718213981256,382.81499999999994
52.135416666666664,0.15947515877815957,0.17753191405140825,0.0420241398113216,25.201940586321243,0.6906826020123465,17.16986498619348,2.420980888978029,382.75625
52.14583333333333,0.15884849243123306,0.1755992427429611,0.041644374511073536,25.11131415076805,0.6863160539472086,16.752179033381058,2.4212613210490623,382.69750000000005
52.15625,0.15838600488266333,0.17388086653395018,0.04130221514859418,25.02038912920068,0.6816779570423989,16.495703029840623,2.4216015930363217,382.63875
52.166666666666664,0.15765581413760638,0.17222643087913067,0.040981661192782216,24.928732850791324,0.6767839042000328,16.3528752671934,2.4219689473247947,382.58000000000004
52.17708333333333,0.15740087703674813,0.17086983248580226,0.04070454591410619,24.83664532244056,0.6716917176065875,16.276007360713752,2.4222718152332,382.52125
52.1875,0.157052692489797,0.16962246551581622,0.0404526105803602,24.744032172545882,0.6664414550454824,16.237122509389792,2.4225630563084044,382.4625
52.197916666666664,0.15646174625627007,0.16840736425420644,0.0402153124375123,24.6502974530169,0.6610446041090229,16.22639705670306,2.4229036989594515,382.40375
52.20833333333333,0.15558537386633411,0.16726803242292354,0.04000212250258724,24.556498645652027,0.6556075122788187,16.21797061665938,2.4231025691441634,382.345
52.21875,0.1545238979396849,0.16616257212326752,0.039802896314246515,24.462264437377936,0.6501523502248961,16.210288518406998,2.4233418721430193,382.28624999999994
52.229166666666664,0.15352302492739198,0.16511594426772833,0.03961427859696428,24.366638690585415,0.6446646637218633,16.213069694044684,2.423685523182025,382.2275
52.23958333333333,0.1524906309533238,0.16412607041655666,0.03943834039485153,24.273016915579156,0.6393735576215402,16.18372219696988,2.4236505765253935,382.16875
52.25,0.15142969057789218,0.16311637529036974,0.0392661389866454,24.179864169733904,0.6342180441030024,16.14313028719628,2.4238359084026087,382.11
52.260416666666664,0.15044869203382125,0.1621122138989387,0.039094694124521226,24.08522767300434,0.6291162915774017,16.117930691253157,2.424266518310327,382.05125000000004
52.27083333333333,0.14960387131802874,0.16143748934061908,0.03897421609370682,23.974979353205917,0.6233716389835439,16.258245976190416,2.4260907641248473,381.99249999999995
52.28125,0.14939128715469177,0.16158095011649742,0.03895110125977518,23.845038198192377,0.6169046803454161,16.614461298343514,2.427835145067368,381.93375000000003
52.291666666666664,0.15004840990898102,0.1625352157883611,0.03902426214266566,23.712089569825924,0.6106513882302943,16.943719926483947,2.4275921361541624,381.87499999999994
52.30208333333333,0.14992696564132738,0.16427232080622153,0.03928326427057203,23.53941107580464,0.6030972293050219,17.712731724109666,2.430399229218247,381.81624999999997
52.3125,0.14767555401559024,0.16648112797492826,0.039668056019047666,23.350496898535237,0.5955740162909113,18.597296825967607,2.430606136873772,381.75749999999994
52.322916666666664,0.14712438698143013,0.1696338956155516,0.04019449683881051,23.157978878421105,0.5887003485372898,19.223183461848333,2.429842900662361,381.69875
52.33333333333333,0.1370433514123841,0.16974682694524995,0.040650216336403554,22.94449897543783,0.582009628794474,19.969165604146852,2.430823621321315,381.6400000000001
52.34375,0.12634572240316544,0.16833727713815547,0.041029131017123216,22.720108764280138,0.5760408906785247,20.800424271304593,2.4314023776962785,381.58125
52.354166666666664,0.121196876758006,0.16857632604664147,0.04150697852471703,22.507462171666333,0.5714275236008969,21.39673779836336,2.4437666695044205,381.52250000000004
52.36458333333333,0.11448034656346855,0.16556470433642384,0.04180338585379178,22.279784752764012,0.5677572681175673,24.21093042534207,2.4987151479463154,381.46375000000006
52.375,0.11120881546930178,0.16397624426368834,0.04216131429712303,22.100793741051856,0.5662848939307409,29.20745572746182,2.5710893221096947,381.40500000000003
52.385416666666664,0.11134795416761104,0.16584908855779676,0.04283810384943928,22.027139947043917,0.5673708147565852,32.99824080768599,2.8477474580188473,381.34625
52.39583333333333,0.11242435775821866,0.16827544386244814,0.043604630780788106,22.090392674462244,0.5709570190160429,36.16631906149475,2.844499734277312,381.2875
52.40625,0.11456994765259906,0.1725708874752643,0.04454277690112434,22.30261265213827,0.5765586396137606,37.51233855858715,2.841284224635525,381.22875
52.416666666666664,0.1168662684640094,0.17670676024538082,0.045450199366689474,22.66357631484336,0.5839459204976087,38.726503149653624,2.8409873036295297,381.16999999999996
52.42708333333333,0.11978265260011145,0.1823466750269363,0.046438564523259236,23.128013004825558,0.5922732043721842,40.57266145879775,2.85948277310542,381.11125000000004
52.4375,0.12296816547316275,0.1876009602820068,0.0473239046791832,23.6863476319302,0.6015558584685321,46.23205890863073,2.888595207953291,381.05249999999995
52.447916666666664,0.1257241347097067,0.1916770893208024,0.04801263967798408,24.320276998292538,0.6116361574106646,52.02333303034392,2.919264980415649,380.99375
52.45833333333333,0.13044894279358404,0.19809385408230093,0.04880806959462526,24.98939422526059,0.6220203315421317,55.668561382253586,2.945100979750356,380.93500000000006
52.46875,0.1362207045686979,0.20546189278838822,0.04964072671480121,25.665970423446655,0.6324095053903824,57.69581098455292,2.965033808473818,380.87624999999997
52.479166666666664,0.14073886905176353,0.21067312132308139,0.05025569532141065,26.345430190968994,0.6428363307463362,59.9310866913692,2.983826891638248,380.81750000000005
52.48958333333333,0.14618427385662308,0.2169992432377189,0.05083942926784513,26.946674798899068,0.6521382173880088,56.96375303518175,2.9835649429063857,380.75874999999996
52.5,0.15071728436644213,0.22103407852030243,0.0511807975646771,27.494765312002862,0.6607513638657107,54.52897794527994,2.975579375396078,380.7
52.510416666666664,0.15310623100818274,0.22191950216886405,0.051205518559031174,28.010907727463415,0.669044380345605,53.771250311164685,2.969466268541132,380.6412499999999
52.52083333333333,0.15643966138673304,0.22327559939220643,0.051126508517937805,28.446606244670544,0.6762309516074202,49.615354222531174,2.9504976266323895,380.5825
52.53125,0.159205790864202,0.22317333569720055,0.050896629239177704,28.829567110646096,0.6827189023966929,46.2973573554978,2.928246528618863,380.52375
52.541666666666664,0.16016539737246338,0.2212370257523496,0.05049943849901458,29.176071022113504,0.6887367606885596,44.11170801015584,2.908863163508144,380.46500000000003
52.55208333333333,0.16229922024272705,0.21987882057046268,0.05006363832751629,29.465997909611225,0.6938670607523708,40.28333912737175,2.883397199823938,380.40625000000006
52.5625,0.16418826133859124,0.21795182582689404,0.04958919195899687,29.721481126487525,0.6984249016227503,37.22911645198389,2.8608747760854705,380.34749999999997
52.572916666666664,0.16482261919577207,0.21547867554719594,0.04908385371109543,29.94214155461571,0.7023296864893283,34.10653976953037,2.8409480418085957,380.28875000000005
52.58333333333333,0.1669352555308564,0.21378521547138363,0.04862550873021834,30.131553287718408,0.7055664050091963,31.109140180036835,2.828646022494945,380.23
52.59375,0.16960217484306897,0.21272340292113515,0.048243615114508184,30.285721979791408,0.7079917888811897,29.28646449995366,2.8285972014192358,380.17125
52.604166666666664,0.1710549850057045,0.21153784128251318,0.04790972431875518,30.40381304545468,0.7095398258715838,28.696885163897292,2.8288280895595057,380.1125
52.61458333333333,0.17307035162957082,0.21067191102845836,0.0476118036586695,30.485781478158344,0.7101952062626645,28.30590601517246,2.8288617629559365,380.05375
52.625,0.1746846757336077,0.20971829213452858,0.047339600835346995,30.534304501095146,0.7100052559902367,28.03515550751002,2.8290322506508554,379.995
52.635416666666664,0.17522919099801246,0.2084937122402286,0.047080086076569064,30.55132736330907,0.7090193166592322,27.884557727088815,2.8293021600604202,379.93625
52.64583333333333,0.175552316830302,0.20730568203869904,0.046839883128577564,30.53695749203965,0.7071912653754638,28.445820394886688,2.8303501003578018,379.8775
52.65625,0.17582382247457926,0.20666798848812823,0.04667507206934983,30.488506954964514,0.7045012357338492,29.348304202155674,2.8312015300068096,379.8187499999999
52.666666666666664,0.17630353161673556,0.20672047151147543,0.04660485757299272,30.40852732275389,0.7011446184328999,29.707903933170805,2.83108614122107,379.76
52.67708333333333,0.17563712408951168,0.20675624638589996,0.04660251185359837,30.29056734340779,0.6969449240832045,31.01244249345685,2.8322262831665053,379.7012500000001
52.6875,0.17352471574549444,0.20681370781222752,0.046642302146673656,30.144032543353916,0.692332801832853,31.55138013949706,2.8318349034792063,379.6425
52.697916666666664,0.17218506842275866,0.20730739338172968,0.046756338714437976,29.97328527109506,0.6874909093519603,31.80373206386047,2.831505917450537,379.58375
52.70833333333333,0.16556133601957515,0.20549157227821582,0.046730651347645744,29.78822898831957,0.6827229652764347,31.58949808369093,2.8316735336779453,379.525
52.71875,0.15789864483839042,0.20252410733124085,0.0466096841123374,29.59064989655638,0.6780781102546602,32.16727568935908,2.836771069792995,379.46625000000006
52.729166666666664,0.15309003112477979,0.2003766559374163,0.04650831419329301,29.3863819263548,0.6736787447613721,33.58119573853106,2.8433206017077017,379.4075
52.73958333333333,0.1473809000746603,0.19730920428499085,0.04633489267520441,29.17192233310287,0.6694176388132519,36.717144660344005,2.8573755073131526,379.34875
52.75,0.14304196226665228,0.19492396974395937,0.046194868876054666,28.961039323039557,0.6654961273372746,40.6032216643629,2.8747255164430756,379.29
52.760416666666664,0.1408621282282974,0.19399377787522692,0.046172111825398314,28.768394725056787,0.6620532168937103,43.80439495640972,2.891086148838849,379.23125
52.77083333333333,0.1386713211075232,0.1927309687943223,0.046164196124124895,28.59035284916855,0.6588696526996224,49.603121354363616,2.9194730906319006,379.17250000000007
52.78125,0.138060148820131,0.192912531596404,0.04629347689315407,28.446557630836367,0.6561249008522836,55.98588342292235,2.9547430922164613,379.11375
52.791666666666664,0.1387495087802915,0.19468627560906052,0.0465975099767353,28.352332998995305,0.6539852150094075,60.366451032464944,2.9877046913146974,379.055
52.80208333333333,0.1400976731116768,0.19671330293321396,0.046990183896367395,28.307226543056082,0.6523726808498795,68.41390990542557,3.247214943248254,378.99625000000003
52.8125,0.14271430054941836,0.20045617063737217,0.047556058788121136,28.316794095653037,0.6515288632249493,74.28869022367587,3.2446919787101867,378.9375
52.822916666666664,0.14546996048922958,0.2047392794123684,0.04821641396865455,28.372087624254302,0.6515724280502763,78.54560572047612,3.2425834185954066,378.87874999999997
52.83333333333333,0.14878583842721738,0.20934832889248636,0.048927228852191945,28.461953013856725,0.6526354542304,83.94121798875334,3.2415155273334384,378.82
52.84375,0.1525829618199778,0.21454000409102544,0.049682455995394205,28.56999769190689,0.6548168755044877,87.5342747572021,3.2402441434235105,378.76125
52.854166666666664,0.15583722870171354,0.21923204508531471,0.05039658938192803,28.68179975941275,0.6581779366811041,90.68327660121368,3.239306645236925,378.70249999999993
52.86458333333333,0.15950069781289497,0.22432898320557737,0.05109067700488622,28.78120552458824,0.6625175134317052,96.64376606384842,3.2455886985652858,378.64375
52.875,0.16260445287156258,0.22837074236563634,0.05166174545458499,28.863073706097158,0.6677694983847402,110.52752186496876,3.256916062497125,378.5849999999999
52.885416666666664,0.1646073944854877,0.23082127673168654,0.052054930794553846,28.924822434526277,0.6739617871416883,124.89739269616042,3.269167161973395,378.52625
52.89583333333333,0.16808131575255955,0.23418148678421977,0.05242493963170956,28.961576692334685,0.680682642237705,128.46342227535894,3.2732765936564006,378.46750000000003
52.90625,0.172112024355962,0.23728943819913037,0.05273415611085864,28.973723470402387,0.6879095982462377,128.91061490459407,3.274087896163305,378.40874999999994
52.916666666666664,0.17480855953784918,0.23901054531635665,0.05290584019073438,28.96002192250761,0.6955855142861304,129.6917087496937,3.2748379053102425,378.35
52.92708333333333,0.1797278600641265,0.24200685770570332,0.053101175866899865,28.92094852578192,0.7032063933050497,122.11882137020766,3.2686127698047103,378.29125000000005
52.9375,0.1841467577731063,0.24412391004699371,0.053200910367365344,28.858878989511513,0.7105503063938264,106.93179733807686,3.2551882248296837,378.2325
52.947916666666664,0.18612008955197543,0.24405214796727795,0.05312587825953657,28.77145166753343,0.7178484366283056,93.68126703316433,3.243593538776955,378.17375000000004
52.95833333333333,0.18805659313332984,0.24374584479169364,0.052940481081892754,28.670592858471675,0.7242576106317666,72.27259245980925,3.2313141835061296,378.115
52.96875,0.18823212203491738,0.24152168215185732,0.05258964123632674,28.555565423298237,0.7300963975817892,66.49861270888472,3.2308379625505714,378.05625
52.979166666666664,0.18680530757027883,0.23780860001797027,0.05208334840631274,28.421716523144344,0.7356239782905551,64.6823159498585,3.2316814872410755,377.9975
52.98958333333333,0.18597981136650663,0.23432835726953252,0.05150238504467538,28.28956608820771,0.7401325890458065,57.21108177816355,3.230660652760366,377.93875
53.0,0.1839736171418508,0.2296247563070394,0.050816169899687846,28.154105214605046,0.7440017552151357,52.2461464405214,3.2314976955219237,377.87999999999994
53.010416666666664,0.1809698676498797,0.22410347465518632,0.05003267191673914,28.008538094822185,0.7474581893242299,49.66365570351305,3.233952585389524,377.82125
53.02083333333333,0.17884491799429322,0.21915370779361243,0.049246237950914526,27.864725181491576,0.7502480275168368,45.24541042633974,2.989573956903427,377.7625
53.03125,0.17686477813461374,0.21435537570375932,0.048475331578584906,27.715395118287226,0.752540888069326,42.183145123662456,2.9467650924211117,377.70375
53.041666666666664,0.17463348301676085,0.2097728519576452,0.04772146593810777,27.56122408342406,0.7542902146283583,39.23913992513058,2.9078826968542018,377.64500000000004
53.05208333333333,0.17368094945482043,0.206139829635241,0.04706012274429135,27.404630874632563,0.7554333149452587,35.91755449769336,2.8717542039625186,377.58624999999995
53.0625,0.17308485869056586,0.2030159989836687,0.04646589409066242,27.24881475778276,0.7559334914085111,31.875096381958656,2.836886476760021,377.52750000000003
53.072916666666664,0.1718972415046136,0.19994281749091297,0.04590866910679106,27.091700582612813,0.7557857821415384,27.647419884686048,2.8247130026481,377.46874999999994
53.08333333333333,0.17132528097335117,0.19734741776201603,0.045412335535510176,26.94042419248993,0.7550188512424227,25.192952444302158,2.824665542686334,377.40999999999997
53.09375,0.1706092153147402,0.19479996991489937,0.044946241245139865,26.790789619925942,0.753659288923612,24.07583409052859,2.8253489245921948,377.35124999999994
53.104166666666664,0.16939896953064984,0.19219355768458457,0.044488671621005164,26.64079942265788,0.7517110234242945,23.53793444467606,2.8263570171343964,377.2925
53.11458333333333,0.16865881149638234,0.18999227663435028,0.04408290239157995,26.49011848662237,0.7491939921278921,23.215551916762607,2.8274842854445743,377.2337500000001
53.125,0.16806060121949906,0.1880817732858561,0.04371875387704359,26.337573721351735,0.7461233488909468,23.00070035472562,2.828774972523228,377.175
53.135416666666664,0.16724412752862386,0.18630577476921914,0.04338171398281635,26.183350043821083,0.7425516090430999,22.792918857608633,2.830105474626229,377.11625000000004
53.14583333333333,0.16686636465857005,0.1849026895323196,0.043100367387939965,26.02786416215757,0.7385556680631338,22.53565174682164,2.8314998131806584,377.05750000000006
53.15625,0.16657807048643208,0.18365339877581122,0.04284880134435356,25.87137148520531,0.7342204012166619,22.217344797299706,2.5938156607101126,376.99875000000003
53.166666666666664,0.1659913770936882,0.1823761713330651,0.04260818558096504,25.711561735755804,0.7295569046198414,21.933965069516727,2.572661473717221,376.94
53.17708333333333,0.1657343107460662,0.1812815710418509,0.042393444177237415,25.55285399824956,0.7247692356160496,21.51238269645876,2.550099985985687,376.88125
53.1875,0.16528595336407387,0.1801012307991079,0.042178309009863885,25.395130350792975,0.7199241981199124,21.008786872477437,2.5265017009414734,376.8225
53.197916666666664,0.16449426379057613,0.17877261791953405,0.041952913561442595,25.23394825323758,0.7149393314211896,20.585117070069785,2.5044783806558875,376.76374999999996
53.20833333333333,0.16360721430886205,0.17738863693614096,0.04171752490508409,25.080173622420723,0.710192300744388,19.94534578875878,2.4781059287907263,376.70500000000004
53.21875,0.1623796893790473,0.1757788200616914,0.04146297675871179,24.928211324093535,0.7055378458239241,19.281672666449182,2.4512052858877094,376.64624999999995
53.229166666666664,0.16099678707269927,0.17404343743986977,0.04118817132762957,24.77398420651888,0.7008706439022677,18.65750033359627,2.4260160929526284,376.5875
53.23958333333333,0.15964134986239198,0.17235588779715882,0.04091069111342862,24.622608945458136,0.6963566793279664,17.952258844655763,2.4204577221137367,376.52875000000006
53.25,0.15824238132027885,0.1706836469864403,0.04063307355453865,24.4715438576543,0.6919231143029184,17.345970614336316,2.4205335363386835,376.46999999999997
53.260416666666664,0.15689585084274213,0.16907116203232558,0.04035817205650576,24.319560607974935,0.6875339954708928,16.939237630350657,2.420827832855445,376.41125000000005
53.27083333333333,0.1551203802281654,0.16756877109373944,0.04010922419850169,24.160363946951666,0.6830079254273663,16.75767693687837,2.4216001529036033,376.35249999999996
53.28125,0.15300599744398363,0.166299879007876,0.03989755556465552,23.99274658910209,0.6783103075888813,16.76083424060285,2.422441539105273,376.29375
53.291666666666664,0.15155652254720753,0.16546177070242532,0.039733354041352094,23.826066279352933,0.6736925331960395,16.807715596082904,2.422610647325786,376.2349999999999
53.30208333333333,0.14826346907703147,0.164557368825666,0.03962562264812406,23.641827196963742,0.6686283537125084,17.06212991953235,2.4241005664275135,376.17625
53.3125,0.1429197252819501,0.16352618172197286,0.03955820705770632,23.44712562869651,0.6632934295274155,17.461917844914808,2.42507327365118,376.1175
53.322916666666664,0.13963253408360266,0.16332265020808304,0.03957817894162372,23.257868625028703,0.6580938937795398,17.777212278758018,2.424965507435118,376.05875000000003
53.33333333333333,0.12905840884381262,0.16064390007274978,0.039527833347335596,23.04713335895925,0.652249442128054,18.405585665208186,2.4269849222313367,376.00000000000006
53.34375,0.1184840480948791,0.1570503264804729,0.03943120737176153,22.83120409452272,0.6461454807727787,19.23407723136755,2.4284584609251074,375.94124999999997
53.354166666666664,0.11294295852965737,0.15530888758839115,0.03947490893907274,22.634106349637115,0.6403835703183788,19.871297470651466,2.438538339942459,375.88250000000005
53.36458333333333,0.10584453678984052,0.15048724375076036,0.03933062682259239,22.420932172756874,0.6336915397861046,22.355400241321263,2.4880238133534003,375.82375
53.375,0.10179141115605808,0.14676065031936275,0.03921940349208931,22.249204015933252,0.62721022427735,26.972956600701416,2.555258300755103,375.765
53.385416666666664,0.10101620289097478,0.14638411222326086,0.03944099462490923,22.168739222187998,0.6219047132090636,30.642240215131686,2.846151601708671,375.70625
53.39583333333333,0.10141423609913179,0.1458320353121215,0.039664696946506955,22.21676273328024,0.6175388219756027,35.68207678419844,2.844384604956989,375.6475
53.40625,0.10396116717877793,0.14852506265826732,0.04025249454034774,22.446678112841937,0.6150568170399799,39.59588871418359,2.842285623263168,375.58875
53.416666666666664,0.10723343435244663,0.15305738133108376,0.04113479097451657,22.86932881092656,0.6148059477387899,44.83010306691249,2.8727415697371983,375.53
53.42708333333333,0.11209415747415968,0.15970094434001117,0.04229473871334718,23.499335926083106,0.6170015841702721,59.93436680261078,2.9435660056707014,375.47125
53.4375,0.1179298397591616,0.16865768922241164,0.04375929068296061,24.282428792772333,0.6216485484160988,71.65261413518182,3.0155827004825633,375.4124999999999
53.447916666666664,0.12320945066030939,0.17694659123446832,0.04517600664927907,25.182035756428885,0.6287244548770549,80.8070484825122,3.247861851162019,375.35375
53.45833333333333,0.1294120034436669,0.18703359984155665,0.046708126031916423,26.103237405187215,0.6376529301007862,84.3412800035825,3.2438664830296604,375.2950000000001
53.46875,0.13588947249039285,0.1971474327995317,0.048181885963792546,27.01356543474491,0.6481988859241531,86.69518617423735,3.241402975116223,375.23625
53.479166666666664,0.14111023614378138,0.20474268964248615,0.049332677116652145,27.90431019661427,0.6603949264319632,90.26008018924625,3.240241927620675,375.1775
53.48958333333333,0.14775881708525165,0.2139454702595396,0.05045540672894245,28.688128547681693,0.6729756955164491,87.1993013758889,3.2376481383123665,375.11875
53.5,0.15449663272435413,0.22196099845401868,0.05138418908972505,29.385593759306705,0.6859918173594965,86.55653939188133,3.237828400605845,375.06000000000006
53.510416666666664,0.1592486927571587,0.2266982929520102,0.05195425535503569,30.012841757578403,0.6995881122066572,95.8048641101816,3.245418763629059,375.00125
53.52083333333333,0.16527682404120417,0.2319033062343326,0.05240181573166934,30.535607806766286,0.712770222752673,96.83269560314066,3.246178302594667,374.9425
53.53125,0.17095456705272313,0.23578130380817144,0.05269472491110273,30.974209529266396,0.7257132766995743,95.91871618106569,3.2455405701914186,374.88375
53.541666666666664,0.17452479776545707,0.23753268040655073,0.05279469300750642,31.332701907035492,0.7383356972541228,96.25297112771094,3.245918532531214,374.825
53.55208333333333,0.17885049516482304,0.23944992089995762,0.05282269171013747,31.600864834931173,0.7500115217095971,91.00093604816003,3.241706189862935,374.76625000000007
53.5625,0.18240013231311705,0.24050099021753632,0.052765372194980904,31.78399856494119,0.7605266983883744,79.30831559914937,3.233218258337345,374.7075
53.572916666666664,0.18386397468090088,0.23984635794425144,0.052589632951013196,31.894097356985906,0.7702015978605502,76.71389625367541,3.2330304983186804,374.64875
53.58333333333333,0.184938420442237,0.23876759829452054,0.05229810130615601,31.931681201754568,0.7782415823332446,71.03334788432755,3.231639033869907,374.59000000000003
53.59375,0.1844307399253633,0.23615120484210247,0.05188854001345246,31.911374606044852,0.7852022821699081,68.2846985732487,3.2316235292009763,374.53125
53.604166666666664,0.18298685573252674,0.23278212263297382,0.05140164523441539,31.837420978933714,0.7912343383695158,67.09237585161245,3.232173069607218,374.47249999999997
53.61458333333333,0.18111730737473536,0.22920285283941857,0.050863308985732235,31.71254924092375,0.7962871015593296,66.34581052686892,3.2327938869778405,374.41375
53.625,0.17919680614317351,0.22593550667739543,0.05035402789918823,31.540069840326307,0.8002846541451606,65.90278308599957,3.2334142757088076,374.355
53.635416666666664,0.1775731588785098,0.22326250920010526,0.04991695209406245,31.32651631001363,0.8031207763644953,65.19729212953942,3.233835490749633,374.29624999999993
53.64583333333333,0.17496748061168646,0.220345457442495,0.049486612219221994,31.076020720181837,0.8047632035700022,64.99135490076901,3.2343537466402172,374.2375
53.65625,0.17183150357499583,0.21745196448280832,0.049087203698692454,30.796480153315066,0.8051713963657232,64.60671549033421,3.23468551425578,374.1787499999999
53.666666666666664,0.16946048447851478,0.21516161185625401,0.04876039687425051,30.49492922638578,0.8043673703458561,64.19342827793932,3.234942973828536,374.12
53.67708333333333,0.16544971629239594,0.2121122973680253,0.048398377246181616,30.176074275820376,0.8024034546530232,64.05906426148594,3.23523559453651,374.06125000000003
53.6875,0.160614911394197,0.20867075880864464,0.04802155682329143,29.84710835517019,0.7993814270769568,63.76919476260941,3.235394475597782,374.00249999999994
53.697916666666664,0.15719559295165664,0.20600620336712702,0.04770960529754632,29.51303536752046,0.7954245956246586,63.537757609685556,3.2355394238002564,373.94375
53.70833333333333,0.15120987268856062,0.20178738989141803,0.04729419352259261,29.179303457234838,0.790679711198139,63.27458256355304,3.2356386393812007,373.88500000000005
53.71875,0.1451653358312894,0.19718232625426882,0.04683992595183739,28.846644796820357,0.7852207989408829,63.68204781867007,3.2359150954962788,373.82625
53.729166666666664,0.14125940101433299,0.19388220112551388,0.04647545195473397,28.524338297228073,0.7792449226213761,63.69075198344907,3.235927366950782,373.76750000000004
53.73958333333333,0.13793554605926311,0.19060903973440743,0.04612893623202309,28.19632931533225,0.7724056286263997,67.55360269028898,3.2370155469109765,373.70875
53.75,0.13633893537250646,0.18897583483170285,0.045932019255208234,27.88472303183093,0.7650345980517747,70.64750628853224,3.237119786265827,373.65
53.760416666666664,0.13597115794384707,0.18887350184336288,0.0459158146255824,27.610201294421763,0.7575551935057153,72.00060245415762,3.236482007498797,373.59125
53.77083333333333,0.13643486396272542,0.18915783663673832,0.045991199003695755,27.362205010699313,0.7495331428603463,78.67398581215825,3.237449987723195,373.5325
53.78125,0.13833652350861433,0.19120662788278175,0.04626469471762878,27.164842806252626,0.7415437271725867,84.41673564576206,3.2375081980877667,373.47374999999994
53.791666666666664,0.14066252700922507,0.19438575229350333,0.0467061707041977,27.032019850488155,0.7342668581918068,89.10498243159378,3.2398490111971627,373.415
53.80208333333333,0.14399299651425027,0.19820414291289437,0.04726485684901075,26.957962376674352,0.7276550440547828,129.300540287815,3.2723008207100865,373.35625
53.8125,0.14814159226884324,0.20347896712608568,0.047976232695762726,26.945621837047256,0.7225785348174929,167.6447001695777,3.30725484749845,373.2975
53.822916666666664,0.15165400789725644,0.20836861841930385,0.04869874301722036,26.984732302500632,0.7192914033050353,199.45337409356156,3.3405390957984995,373.23875000000004
53.83333333333333,0.15521724196235126,0.2133171643114803,0.04940439994656623,27.062862347006345,0.7179970572562837,218.74926674575863,3.365383006251787,373.17999999999995
53.84375,0.15836457866273979,0.21759613210950776,0.050024469738751236,27.16874999171087,0.7186203795715268,229.11328651027293,3.38138351083809,373.12125000000003
53.854166666666664,0.16054208733323086,0.22049145739460105,0.05049294461035676,27.296657607560398,0.7210560486583669,239.29949960599293,3.394547931885156,373.06249999999994
53.86458333333333,0.1628668076614278,0.22362478577894915,0.050874973301523234,27.426145111145832,0.7247071789915308,224.26908989726388,3.3881020813881126,373.00374999999997
53.875,0.16396770446341466,0.2247714516527568,0.05104655363447971,27.556205585634803,0.7292657904402594,208.30086699498898,3.3729751607285183,372.94499999999994
53.885416666666664,0.16387321270654975,0.22395272631709273,0.050984839581974924,27.689299110875027,0.7346811705090073,198.88418879255286,3.3600025267482385,372.88625
53.89583333333333,0.16445254989242772,0.22352156184771857,0.05083976116630437,27.811436281972433,0.7402222616865788,174.8991647805364,3.3361603543507368,372.8275000000001
53.90625,0.16473559050290595,0.2221733775057488,0.05058448875113207,27.926938487401475,0.7459058273594159,153.618187671345,3.3106870184217585,372.76875
53.916666666666664,0.16421851362308332,0.21987412074303478,0.05021233785923847,28.037299523243636,0.7516915163951808,135.31031873397498,3.288297190089563,372.71000000000004
53.92708333333333,0.16478807560540762,0.21835676635692872,0.049848942655312665,28.135255887447673,0.7570752408760171,108.91506615921159,3.260828006516834,372.65125000000006
53.9375,0.16510994238284002,0.21645968657349246,0.04945152157740172,28.22287955175495,0.7620462307034445,79.0107573171119,3.2321056206357746,372.59250000000003
53.947916666666664,0.16445637845960856,0.21378809184411826,0.048987979673610155,28.302738021824954,0.7666535816410383,66.78262381248226,3.229318937609258,372.53375
53.95833333333333,0.16425209672068228,0.2115223281136455,0.04853134148535002,28.3700757687855,0.7705387897771471,61.946364462199995,3.2289094580632502,372.475
53.96875,0.1635853511006292,0.2088231419381303,0.04804533332816827,28.42780027203009,0.7738055148007046,58.76792581537795,3.2292840504378133,372.41625
53.979166666666664,0.16220005310188687,0.205618154507663,0.04751402961279554,28.477968621157846,0.7765193220400203,57.0920070883019,3.230344611113571,372.35749999999996
53.98958333333333,0.16145364246349858,0.20290135129553907,0.04699647576757614,28.516805681917123,0.7784572737416444,52.03836332406831,3.2302855355047453,372.29875000000004
54.0,0.16022149965285776,0.19968779445825602,0.04644589873096623,28.547563253809553,0.7797974625699662,48.37489127794603,3.2315664953603886,372.23999999999995
54.010416666666664,0.1583388520357665,0.19599734456550771,0.04584602970794736,28.571825418093187,0.7806081932525464,46.1664984184671,3.0082142588649434,372.18125
54.02083333333333,0.15725871725151935,0.1928258160020392,0.045273486768871864,28.588794375772004,0.7808630940678946,43.25052863157267,2.9712977075165545,372.12250000000006
54.03125,0.1566359661759724,0.18999096410072894,0.044737679576807965,28.599027717959004,0.7805670893172414,41.19234618179046,2.93885198385888,372.06374999999997
54.041666666666664,0.15577640006099952,0.18733071968438297,0.04422714637549135,28.601896969495137,0.7796960837534043,38.93491953430707,2.90918414176688,372.00500000000005
54.05208333333333,0.1562828048583694,0.1855499774641281,0.04381580592569176,28.596828887888236,0.7781997115721513,36.97986426516213,2.8843262743663862,371.94624999999996
54.0625,0.15731814956589843,0.18431292160885704,0.04347650090805642,28.58341377410883,0.7761029902671854,34.48987406459569,2.8609831704654627,371.8875
54.072916666666664,0.15764565992172402,0.18301135152822187,0.04316658905279162,28.56132365795294,0.7734106919257258,31.732219142633728,2.8396367536337,371.8287499999999
54.08333333333333,0.1586347923781963,0.1821269752066083,0.04291682134409136,28.530922077117356,0.7702161637204716,28.348694597837984,2.8243862923856167,371.77
54.09375,0.15958546556761172,0.18128388809425108,0.04269186463964915,28.491981674595817,0.7665505472127095,26.090761263457917,2.824281429141402,371.71125
54.104166666666664,0.15980357632817419,0.18021618932418634,0.04246147883511024,28.44395224841366,0.7624395460157667,25.20852629831806,2.8247052253182496,371.65250000000003
54.11458333333333,0.1606818523101236,0.17945049070860203,0.042264151600456254,28.38781985368183,0.7580468635071776,24.645490392504435,2.8249089332524653,371.59375000000006
54.125,0.16156347808472019,0.17869853852062495,0.04207715243723978,28.322952816275215,0.7534014611278722,24.254642148232616,2.8253366743478225,371.53499999999997
54.135416666666664,0.16177755856648526,0.17774607666686726,0.04187896711391757,28.248403125409773,0.748527150714398,24.013445857248165,2.8259441844392943,371.47625000000005
54.14583333333333,0.1623692285715562,0.1769243704139855,0.04169092809812649,28.16828310445574,0.7437498545191294,23.454807083222835,2.825971439950582,371.4175
54.15625,0.1625579250615342,0.17584881727961849,0.04148360809861977,28.082524592224534,0.7390820685977958,22.81349590014364,2.8263440276597005,371.35875
54.166666666666664,0.16205899489820164,0.17444795792818735,0.041245428625049645,27.987745699041557,0.7343764366846817,22.409385347489902,2.8274221133863713,371.3
54.17708333333333,0.16160324418492678,0.17297585516452862,0.04098548876810949,27.892242096921983,0.7300426912977357,21.689074595143186,2.8278227782992547,371.24125
54.1875,0.16082672770344814,0.17125896539640117,0.04070035989708216,27.791909677237168,0.7258638984653095,21.052299950889044,2.8293665768204526,371.1825
54.197916666666664,0.1596772721217338,0.16936614296091232,0.040387739832470085,27.684044706104164,0.721734132516051,20.616222287926554,2.568824128175909,371.12375
54.20833333333333,0.15880779855451993,0.1675729564455861,0.04007210386933836,27.574304778913284,0.7178592659348575,20.09504205817673,2.5385184592021544,371.065
54.21875,0.1578173274880102,0.16574438004732642,0.03975123646676865,27.461084340780467,0.714153383550727,19.577964759074586,2.5081414420973243,371.0062499999999
54.229166666666664,0.1565865551748651,0.16387713167163617,0.03942474743770262,27.341698256656745,0.7105165203510778,19.140772808376937,2.479629693998104,370.9475
54.23958333333333,0.1550348510960364,0.1619545173706841,0.039090965587968235,27.22626919707048,0.7072231112610879,18.53502039084964,2.447232849583275,370.8887500000001
54.25,0.1530688979390235,0.15986679069478535,0.03874508514765406,27.111053902193426,0.7041201862710218,17.881249163176836,2.4189846443830323,370.83
54.260416666666664,0.15108106785270714,0.15773772731929167,0.038389800796200614,26.991622333274435,0.7010676979259282,17.260929490084333,2.4182726943890374,370.77125
54.27083333333333,0.14914038440293745,0.15582048962788328,0.03805974759087482,26.858039351545923,0.6978182622822592,16.86446020492946,2.4193109331149873,370.7125
54.28125,0.14768131403536458,0.15445600662842499,0.03779219247736666,26.702607567510423,0.6942147287652687,16.76435557662709,2.420831042141942,370.65375000000006
54.291666666666664,0.14686306375739044,0.15366529603506743,0.03759158655769658,26.542345178119195,0.6906557776658208,16.760556653468093,2.4210132096471213,370.595
54.30208333333333,0.1457375202444517,0.1535024751244486,0.03752318277946508,26.33748719494133,0.6862789967415082,17.163903696585155,2.423719115761121,370.53625
54.3125,0.14312654392298915,0.15375161152123346,0.03755679314752697,26.108358680932902,0.6815482310811759,17.77640563492169,2.4247912921137664,370.4775
54.322916666666664,0.14183607636305323,0.15478706114022683,0.0377091672337053,25.87518857207222,0.6768651830312385,18.252193654946954,2.424589331324528,370.41875
54.33333333333333,0.13351993500106416,0.15403844772305775,0.03785677686421323,25.601643370170315,0.6715167771249045,19.050741556186594,2.43506315232183,370.36000000000007
54.34375,0.1246314338796244,0.15264699569688786,0.03799818106454812,25.306190053026384,0.6659341456494872,20.414240358290158,2.46301927820368,370.30125
54.354166666666664,0.12014071575612903,0.15268345352682686,0.03826355934719278,25.01688994398341,0.6607153050599504,22.110961783923077,2.492428065104259,370.2425
54.36458333333333,0.11385760339697312,0.15066882264671785,0.03845099919428316,24.68391951594383,0.6550981682040803,25.68469292907789,2.5506261220417508,370.18375000000003
54.375,0.10999629731316514,0.14939116403950847,0.038686292741914846,24.361430856632836,0.6501640361259432,29.88808886135974,2.8447169367528344,370.125
54.385416666666664,0.10926981763046692,0.15055709154972988,0.039163293991883126,24.102133126188036,0.6467006354504173,32.60423560106333,2.840736642842943,370.06624999999997
54.39583333333333,0.10926653719605448,0.15174685291305107,0.039691104030223086,23.92095451944678,0.6448110731260053,35.72189872792774,2.839418647724636,370.0075
54.40625,0.11079327049448827,0.1547482465612408,0.040401323187838636,23.86029491119217,0.6448640591136945,37.633391004599375,2.8417087721724688,369.94875
54.416666666666664,0.11291225815260676,0.15848874748410446,0.041212059781995145,23.933068211379585,0.6468557319859655,44.01795773882277,2.881006977730803,369.88999999999993
54.42708333333333,0.11598581720409933,0.16355929480363285,0.04214579534942935,24.135669567685778,0.6506230688123009,52.76089972696667,2.92772384202379,369.83125
54.4375,0.11937655759240547,0.16901738332741667,0.04310472156623477,24.452934393922487,0.6559697885879961,58.93896319639944,2.97131622976572,369.7724999999999
54.447916666666664,0.12231178480385219,0.17359069588749854,0.043942312554382364,24.874112509691788,0.6628565958126343,64.18131047321049,3.013874889936872,369.71375
54.45833333333333,0.12579641398527547,0.17895942878144486,0.044773381001015945,25.352337923361553,0.6706937982451262,65.41165787963683,3.243149610522199,369.65500000000003
54.46875,0.12929585293156226,0.18393030194505208,0.04551570595646142,25.871450219797218,0.6793768811040368,66.14760714084497,3.2409619923596953,369.59624999999994
54.479166666666664,0.13193653295816815,0.18735950627092784,0.04605999984528489,26.42689138348227,0.6889700181708202,67.80776062451358,3.239840127985916,369.5375
54.48958333333333,0.13592842236844233,0.19207098559030295,0.046606600166213305,26.961599130732093,0.698575610665702,65.40474439552302,3.2378565759537006,369.47875000000005
54.5,0.14022239680559997,0.1962688560651635,0.04706094874838824,27.480568402261305,0.7083157606842091,63.90588246328733,3.2370610751586146,369.42
54.510416666666664,0.14319003163380054,0.19856265139570958,0.04730982114166548,27.989244474573145,0.718340548831256,63.840099613912656,3.2370145716643206,369.36125000000004
54.52083333333333,0.14723323465809277,0.20149880059670933,0.04749521487446808,28.428612212457708,0.7274638108178741,58.818586098550846,3.235460983789567,369.3025
54.53125,0.1504294700411791,0.20283887551950333,0.047511344871046864,28.816943324502915,0.7359715683162855,54.780171104259544,3.235291411100221,369.24375
54.541666666666664,0.15164291655610185,0.20195836607584064,0.047308112086868935,29.178748250021386,0.7443675961421119,53.21243284763997,3.2365848878581582,369.185
54.55208333333333,0.15308688605692003,0.2009653727491461,0.04698958448036037,29.47532009436848,0.751675227965131,48.00072826495635,2.998381823150066,369.12625
54.5625,0.1538429567505913,0.19886313207131256,0.046562825008839175,29.742426996052515,0.7586732040826173,45.40591432478552,2.9680705983898714,369.06749999999994
54.572916666666664,0.15362913540399217,0.19615049247083577,0.04606259577119365,29.9805555409205,0.7653354611115409,43.293008518255036,2.940695072371155,369.00875
54.58333333333333,0.15503391087160356,0.19421662579443078,0.04558828494615123,30.191735547362157,0.7716759810616992,41.67771795327559,2.9179049425676924,368.95
54.59375,0.15726523621517388,0.19296104697621702,0.04518434828441204,30.372991005119253,0.7775504821721446,40.133662051248045,2.8989495665942058,368.89125
54.604166666666664,0.1585628658357541,0.1917066753661628,0.04482894201372414,30.520619629540185,0.7827531981541578,38.308116684948594,2.8817430118047485,368.83250000000004
54.61458333333333,0.16126136587903406,0.19116702662364826,0.044552641070731945,30.639791711802353,0.7873909361511857,37.520638097190115,2.8718307628016886,368.77374999999995
54.625,0.16464300819055655,0.19130136619161142,0.04437067724093247,30.725168156682994,0.7912016291023939,36.97943803110616,2.866155279026808,368.71500000000003
54.635416666666664,0.16694357083000155,0.19144583794554804,0.044248640620557715,30.774529248354177,0.7940103679292376,36.234266308399164,2.861105467057888,368.65624999999994
54.64583333333333,0.1689061132610431,0.1915106938662704,0.044141777284353166,30.789480088047004,0.7958043897852288,35.117763212541554,2.854705225969216,368.59749999999997
54.65625,0.16926583078406435,0.1909811988895523,0.04401255518172406,30.77358938043411,0.7966668868978785,33.313315064805316,2.8447338801587945,368.53874999999994
54.666666666666664,0.16876386054060188,0.19004959911211552,0.04386787949346638,30.729075887309335,0.7967458951431097,31.555443356799884,2.8356133042446188,368.48
54.67708333333333,0.16619724943779632,0.18824892074739735,0.04363495227601071,30.66197187720634,0.7961813377961187,28.772043392669374,2.825718832616678,368.4212500000001
54.6875,0.16210289520355636,0.1857100518635877,0.04334193129362153,30.57180570099841,0.7950805037047579,27.092658130212957,2.8257210543634232,368.3625
54.697916666666664,0.15886047961051264,0.18337708403544478,0.04304303397191446,30.45940947972076,0.7935125017633797,26.47497672220789,2.826027009715732,368.30375000000004
54.70833333333333,0.15326273422379927,0.18024591597400919,0.04268010167446219,30.325747690506734,0.791530461067259,26.250653257376836,2.8264079837857152,368.24500000000006
54.71875,0.14749564688390418,0.17704200145355894,0.04230709135866551,30.171819834809078,0.7891665470468763,26.20913775124263,2.8268551041678935,368.18625000000003
54.729166666666664,0.1435753820474482,0.17459037267335475,0.04198932028497358,30.001557093396624,0.7864747177035695,26.14868529770509,2.8271551198877565,368.1275
54.73958333333333,0.1392353845102992,0.17199084105080775,0.041680015295188375,29.80800200464934,0.7833050579043569,26.663635683310137,2.8282108565274036,368.06875
54.75,0.13581122683263458,0.1699749801447286,0.04142903822186626,29.599703422968386,0.7797209841887437,27.211110287717894,2.828741013456035,368.01
54.760416666666664,0.1338208092769196,0.16883877612175655,0.0412712597932888,29.38875051903638,0.7758386446590468,27.42304665788039,2.828742272215411,367.95124999999996
54.77083333333333,0.1318029413446554,0.1677245053814165,0.04115286417394858,29.169401940021896,0.7714224291468922,28.259599740995867,2.8296498859380077,367.89250000000004
54.78125,0.13062256272395836,0.16728030567444374,0.04111236338679974,28.957042114049912,0.7666107220768713,29.101465403487335,2.8299648536261346,367.83374999999995
54.791666666666664,0.13028763051938483,0.16754553990608634,0.04116026075258778,28.767660877413032,0.7616326163226901,29.479743467325417,2.8296653628918835,367.775
54.80208333333333,0.13009250353167898,0.16788626680938937,0.04125607865856806,28.598068272540875,0.7562321051094854,30.725109926779773,2.830545566416703,367.71625000000006
54.8125,0.13077909143558714,0.16902545143485825,0.041446616805057124,28.463573366722425,0.7506525561260612,32.77144865912121,2.841006429698755,367.65749999999997
54.822916666666664,0.1320161649674928,0.17087768583389415,0.04173083980407326,28.376507178253068,0.7453305203977182,36.67166134863233,2.8605384846391875,367.59875000000005
54.83333333333333,0.13414452799954968,0.17324470305643025,0.042113114308918426,28.334917908843064,0.7400092478206626,44.37973955746544,2.8960536544608053,367.53999999999996
54.84375,0.13743642133979156,0.17685546412251102,0.042628763064212295,28.345138758651512,0.7353182324713483,51.53260150182962,2.9348013624556115,367.48125
54.854166666666664,0.14056977547066804,0.18072131879960004,0.043210049773122816,28.399635565191545,0.7315812525066935,56.728660995271724,2.9718973501692085,367.4224999999999
54.86458333333333,0.1435401359880061,0.18452915732671063,0.043794725064425014,28.484028231115065,0.7290166225778223,59.252053238235966,3.001339411231986,367.36375
54.875,0.14581298405900647,0.1876111502243197,0.04430984783060773,28.585718102502607,0.7276141920600331,60.77872151163263,3.242397294270864,367.305
54.885416666666664,0.14740025510607896,0.1898748185924757,0.04472833364136487,28.69626852848958,0.7273436963387339,62.65516792825108,3.2408953028129464,367.24625000000003
54.89583333333333,0.1494596579863509,0.19217869341576008,0.045073656632881154,28.798115046196692,0.7280804601977762,60.079253165194785,3.238609644128491,367.18750000000006
54.90625,0.15109777221076642,0.193503975840228,0.04528970039696569,28.88932893825279,0.7295925642148996,57.56366921925239,3.2376064773389253,367.12874999999997
54.916666666666664,0.15168515518083103,0.19355435052772724,0.04535004565461254,28.97223904812052,0.7318183120697553,57.05445557514374,3.2378772446801865,367.07000000000005
54.92708333333333,0.15320031848001336,0.1937921363904039,0.04532732576543189,29.03753528327272,0.7343320019495377,52.3644211291969,3.2369220580490765,367.01125
54.9375,0.1542915528666924,0.19310260793561615,0.045195246550628065,29.09178190346072,0.7371503140730826,49.78285302939005,3.0000308516520544,366.9525
54.947916666666664,0.1544252847266568,0.1916105474922418,0.04495282203130004,29.136564105349574,0.7402402554094539,48.26672127409192,2.9808814874851235,366.89375
54.95833333333333,0.15602014371839656,0.1907034981941077,0.04470754919284979,29.170592003997005,0.743362348328149,45.6482748330645,2.9584403484753494,366.835
54.96875,0.15774864654130127,0.18974437892581722,0.04444691403576775,29.195352622272654,0.7464446067707962,43.086481683173275,2.9346687789297454,366.77625
54.979166666666664,0.1583256462226721,0.18828098699211865,0.044146828450673886,29.212076063010567,0.7494756302233709,41.09571825017436,2.912945024016691,366.7175
54.98958333333333,0.15952500934975125,0.18702698766176523,0.04383889183770747,29.22037239203985,0.7520833011443535,36.80834377224382,2.8816814159157706,366.65875
55.0,0.15992553624121986,0.18513450758255504,0.04348243898744179,29.22235334964693,0.7543894309501736,32.609042633260025,2.8478052612515348,366.5999999999999
55.010416666666664,0.15917902751285642,0.18262219099027185,0.043063092049519434,29.21855676557603,0.7564831863980452,28.46648373037524,2.8239823293926816,366.54125
55.02083333333333,0.15867549597586467,0.18013970050763575,0.04261458874032388,29.21015237028983,0.7581405554519608,24.811362159662252,2.8226248648036703,366.4825000000001
55.03125,0.15753846428706939,0.1772574698786879,0.04212780306870983,29.197771917144305,0.7594861613870382,22.888931028566624,2.822855615143204,366.42375
55.041666666666664,0.15575819466119295,0.17409658308858728,0.04160408270971723,29.181027200872848,0.7605885861759689,21.98530022508561,2.824045957132726,366.365
55.05208333333333,0.1541482659688997,0.17105718670064518,0.04107210899012566,29.16214982405708,0.7613523806480352,21.002809747660976,2.8244501204681027,366.30625
55.0625,0.15226482222947374,0.16791294866698225,0.04053224599693907,29.14068892760912,0.7618593465483828,20.216826388119458,2.8261683596478804,366.24750000000006
55.072916666666664,0.1501411177541793,0.1647508440737277,0.03998492698818024,29.116070447294547,0.7621244266985289,19.703027232647905,2.5781935000711456,366.18875
55.08333333333333,0.14833591068488688,0.1618392289564721,0.039457077989443215,29.090279322005106,0.7621358887363443,19.11723873672686,2.5356279887135136,366.13
55.09375,0.14652464029247292,0.15902522650775625,0.03894537815403847,29.062927862981564,0.7619126475387622,18.56252111329458,2.4941075853325794,366.07125
55.104166666666664,0.1446085817233826,0.15629475777271876,0.0384460727302657,29.033436310756024,0.7614436330811388,18.08935345418938,2.4554406906548603,366.0125
55.11458333333333,0.14294520451582868,0.15377821042352616,0.03797217560189277,29.004316174950674,0.7607751025155004,17.502104135373116,2.4188251261750224,365.95375000000007
55.125,0.1412511959709019,0.15131850532864724,0.037514307415428244,28.9748398691951,0.759907270392774,16.889583329165827,2.4172064254546135,365.895
55.135416666666664,0.13946962648046698,0.1489073990984373,0.03706614818425773,28.944177779299853,0.7588109071876072,16.40583789006562,2.4175576279634585,365.83625
55.14583333333333,0.13797318370703543,0.14671765003480058,0.036645991858959726,28.91321624593375,0.7575090208786082,16.0668181670246,2.41781200959564,365.77750000000003
55.15625,0.13666161174996222,0.14473494077942411,0.03625593863883953,28.88090541549667,0.75594329518724,15.87445750413412,2.418432049851458,365.71875
55.166666666666664,0.13539826689266463,0.14292755986734643,0.03589144413741394,28.848001823545225,0.7541294431547071,15.776734616853402,2.418893345150976,365.65999999999997
55.17708333333333,0.1344839594600701,0.14143172934520976,0.0355764130291469,28.813431525361242,0.7519793422386184,15.766737249488548,2.4196788780008944,365.60125
55.1875,0.13374736209037388,0.1401697851277415,0.03529880144537135,28.778960152521126,0.7495766951750105,15.787841587947193,2.4200255432452327,365.5425
55.197916666666664,0.13298264854906264,0.13902991992444455,0.035050481812550834,28.74450323970262,0.7469045607556802,15.82725052379247,2.4204422855603047,365.48374999999993
55.20833333333333,0.13230636844010407,0.13800466887515597,0.03482976571075273,28.7115829061759,0.7440854675538607,15.84961089367299,2.4205119015588448,365.425
55.21875,0.13160434507453003,0.13700357472957375,0.03462402735551217,28.67950726687276,0.7410746557694258,15.868400797325735,2.4208394219761304,365.3662499999999
55.229166666666664,0.13085524525978515,0.13601367047741325,0.03442538907741187,28.647892079367065,0.7378379942194601,15.894235737122255,2.4213342661587194,365.3075
55.23958333333333,0.13025775437719656,0.13513246679243426,0.03424428168292369,28.616895316362736,0.7343916066905882,15.926224497732584,2.421826319127766,365.24875000000003
55.25,0.12975530670729327,0.13435179764443184,0.03407880497453647,28.586412372619233,0.7307257094897397,15.965844265514662,2.422378704309474,365.18999999999994
55.260416666666664,0.12927378839693096,0.13364899893406457,0.033926595583608214,28.55663354464478,0.7268678473976938,16.008309553079346,2.4228962902611184,365.13125
55.27083333333333,0.1292988907727217,0.13335201950469386,0.03383585248385573,28.52171232202558,0.7219812993926719,16.16386877382011,2.4250478343644173,365.07250000000005
55.28125,0.13011384893714412,0.13378851042347364,0.03384067847408091,28.481697555964125,0.7158841568428913,16.467487471660082,2.4268107907505154,365.01375
55.291666666666664,0.13134813521046013,0.13478754152435676,0.0339293051866058,28.44326968854707,0.7095203205584796,16.756536354320307,2.426453170599351,364.95500000000004
55.30208333333333,0.13285645006408364,0.13669700662762446,0.03419723524463853,28.39466644424641,0.7007864563337697,17.404786272483847,2.429261874491947,364.89625
55.3125,0.13308058499901013,0.13919181320717514,0.03459383079881784,28.34441215197611,0.6911051112476787,18.204244951072702,2.4293656585049983,364.8375
55.322916666666664,0.13415073003285002,0.14235205679619484,0.03511284685499594,28.295529267591892,0.6814153581417943,18.814066167276295,2.428413002571164,364.77875
55.33333333333333,0.12850413490507007,0.1441066034046319,0.035650489673269045,28.24006073918446,0.670786488430929,19.567822851853478,2.429437239554104,364.72
55.34375,0.12175243777957367,0.14523166589760916,0.036186494420490135,28.1779112785571,0.6602001265968702,20.35042606259519,2.4296716367220585,364.66124999999994
55.354166666666664,0.11869240625100329,0.14731742952360363,0.0368040752742006,28.110240199156653,0.6507100940132885,20.85142796422809,2.43397820073784,364.6025
55.36458333333333,0.11328118985916953,0.14762751820939793,0.03735647420988956,28.025796247787742,0.6415555706853152,22.343944993071432,2.4733858243156814,364.54375
55.375,0.1094819491473636,0.1480739605981531,0.03790700185337733,27.93451197110682,0.6342551549561737,25.31510391698272,2.526020603370369,364.485
55.385416666666664,0.10859065831951373,0.1501453977089885,0.03858893932012377,27.854134385855854,0.6296276072502748,28.06873739647943,2.578627851186365,364.42625000000004
55.39583333333333,0.10820647047753384,0.15191656297474368,0.03926749790220133,27.79994346583503,0.6276679239020218,31.118409299158934,2.843802878585254,364.36749999999995
55.40625,0.10968851392105192,0.15527612460788326,0.04006994458726378,27.80057425089103,0.6286831006889875,33.42210571469632,2.840756629902312,364.30875000000003
55.416666666666664,0.11196045980514037,0.15947744881988965,0.04095618273745723,27.876215767520105,0.6324551276762305,34.9393221175996,2.8384708271878374,364.24999999999994
55.42708333333333,0.11578692248394212,0.1651178864543844,0.04195229762007779,28.03843126591127,0.6386596226313211,36.07018207908387,2.8368819974621355,364.19124999999997
55.4375,0.1202950122166764,0.17157296082155374,0.04299271574549718,28.27909565753032,0.6466314520613285,36.99195202547506,2.8480404253899843,364.13249999999994
55.447916666666664,0.1239703965970292,0.17673463300764355,0.04388516420122365,28.596883993402592,0.6562777710666687,42.50806963340529,2.8781435359714225,364.07375
55.45833333333333,0.12824826995625604,0.18251832535605805,0.04471827535860307,28.94487224479944,0.6663495338773298,45.18376194609877,2.895907529014251,364.0150000000001
55.46875,0.1320014257918057,0.1869355270474818,0.045358512935284506,29.31512928684801,0.676861026922494,45.97260403162579,2.905740275848305,363.95625
55.479166666666664,0.13436278128793916,0.1892301747358691,0.045738245772131314,29.712073918420653,0.6881220618946147,47.22446828592587,2.91543515441217,363.89750000000004
55.48958333333333,0.13740377829054382,0.19190455876605245,0.0460039855961466,30.075310983109897,0.6985440575805901,44.13302046174789,2.906464790737241,363.83875000000006
55.5,0.13961447147666495,0.19290026438688454,0.04606844726403839,30.41999363897726,0.70860525252539,41.02770739679586,2.890013375293505,363.78000000000003
55.510416666666664,0.14032923512536052,0.1920308529263449,0.045915909935524225,30.762321135566665,0.7187968647729993,38.97740336092473,2.8753025126521004,363.72125
55.52083333333333,0.14202966553361923,0.19149301778310043,0.04568328679576574,31.07569025040312,0.728306753229193,35.51404865041879,2.8539123970118814,363.6625
55.53125,0.1439092107799591,0.1905884343443211,0.04539265885469196,31.377026726337057,0.7375992711173766,32.20703144900905,2.833894848524828,363.60375
55.541666666666664,0.14481871006051575,0.18912358837228796,0.04504847226206552,31.66531973785232,0.7465906384343692,29.005235433341603,2.826820043120992,363.54499999999996
55.55208333333333,0.14737542737339956,0.1884360038878067,0.04473171414538405,31.93388063241297,0.7550049730885348,27.3870467769909,2.8268292605154186,363.48625000000004
55.5625,0.1501084332629394,0.18783734569570867,0.04443097505117461,32.17606895449209,0.7625652689283217,26.38582676141478,2.8266868900637627,363.42749999999995
55.572916666666664,0.15129633528581765,0.18651939038748022,0.04410520592010918,32.400885661372165,0.7694920841791751,25.924911132390605,2.827207586067336,363.36875
55.58333333333333,0.15271621780911498,0.18520175443820663,0.04375199590844701,32.59050634859972,0.7752011153103876,24.877982661980866,2.8266071239928166,363.31000000000006
55.59375,0.15329401396433812,0.1832730959128451,0.04336173337324909,32.760825269368574,0.7801579387732633,24.141411538184048,2.8272059632085274,363.25124999999997
55.604166666666664,0.1528831308621257,0.1809554299076584,0.042941638077914464,32.91509176427131,0.7844317154857624,23.731976715822203,2.8281918939399353,363.19250000000005
55.61458333333333,0.15314972529347137,0.17897767742694742,0.04254126067299862,33.0637510339541,0.788249456854029,24.099068817631267,2.8302019207849387,363.13374999999996
55.625,0.15424091376790564,0.17785216854968683,0.04222792214765257,33.199406109033156,0.7913226431881433,24.67806007968338,2.8315437073134837,363.075
55.635416666666664,0.15511009014615412,0.17725304691105367,0.04200832218439379,33.31425579932975,0.7934177337422941,24.891738252195683,2.831976143290625,363.0162499999999
55.64583333333333,0.15610078894057736,0.17702622281662905,0.041869105917219415,33.41386908994908,0.794578324881066,25.483216546499573,2.8330822341830935,362.9575
55.65625,0.1567768828485308,0.17713513250999502,0.04180266879985561,33.49186303693317,0.794674253287066,25.90790044988678,2.8332728144898334,362.89875
55.666666666666664,0.1572411665173308,0.1774527637962189,0.04180061157114373,33.5468965536958,0.7937550781267673,26.085235119149374,2.8331602150730544,362.84000000000003
55.67708333333333,0.1564040884509049,0.17746478397753543,0.04180992982197535,33.57973692289683,0.7918485929573971,26.52361905263871,2.8334872462902605,362.78125000000006
55.6875,0.15465807812796598,0.17741005772988766,0.04184566766048779,33.58772023941966,0.7889973099780345,27.18750098936841,2.833704414091661,362.72249999999997
55.697916666666664,0.15380001633561652,0.17785581088482152,0.041938348620293914,33.568955449928524,0.7854407578785334,27.537951953402327,2.833247641076755,362.66375000000005
55.70833333333333,0.1501521385810533,0.17748765553099205,0.04202042420124438,33.518868913574956,0.781031942578582,28.723184337196138,2.833960585378244,362.605
55.71875,0.14670452649788376,0.1774370198885838,0.04214911659210035,33.43509309230343,0.7760725100438897,29.9323727039412,2.833893999791374,362.54625
55.729166666666664,0.14525186267162926,0.17837740493827772,0.0423773275070583,33.32162607391,0.7709774983975508,30.54981634392232,2.8331363935503595,362.4875
55.73958333333333,0.14426658739256706,0.17954165706120906,0.042677236917628356,33.16842205877188,0.7655006831471727,32.48976429026052,2.8341245808631226,362.42875
55.75,0.14502130134732388,0.1819444214078432,0.04310207850364389,32.98486617871519,0.760168739280092,34.309961440408195,2.8371098680928797,362.37
55.760416666666664,0.14677588606041067,0.18521736911270187,0.043634769467428114,32.78637420783891,0.7554378412041873,37.961027479431976,2.859592573128379,362.31125
55.77083333333333,0.1490170382200573,0.1887310596908234,0.04422438673551642,32.574020911360435,0.7513536588840949,45.58235016469214,2.8953724546880584,362.2525
55.78125,0.15178494123849604,0.19267751340557432,0.04485594400407342,32.363023704843926,0.7482755379216751,52.37458850877606,2.9323932237369608,362.1937499999999
55.791666666666664,0.15442685923553193,0.1965698216723907,0.045492432495019525,32.160523026290754,0.7463541684931917,57.52554436577007,2.968025790666604,362.135
55.80208333333333,0.15719965768911262,0.20032682086947481,0.04609957119603214,31.969608000990696,0.7456574953946105,61.49104715725095,3.0009989120863505,362.0762500000001
55.8125,0.15990514014488488,0.20380878062844102,0.046652653847259445,31.794070939136073,0.746166108429432,63.54628946660853,3.2446162701739114,362.0175
55.822916666666664,0.16194717872999181,0.2065815473488404,0.04712854074554215,31.628856917641784,0.7478038750065082,65.78480755720942,3.2429357433763153,361.95875
55.83333333333333,0.16421391391048443,0.20910738112916277,0.047510727390005426,31.480811809176675,0.7503039681582075,64.67945639156969,3.2408833526913656,361.9
55.84375,0.16585712504928155,0.2106391459485176,0.04777287390933068,31.344016768354464,0.7534968978998913,63.883238995472865,3.2399070724012535,361.84125000000006
55.854166666666664,0.16667914363732406,0.21124901339510105,0.04791758013069874,31.214245539350394,0.7572884462233461,64.14080687244233,3.2396589800973734,361.7825
55.86458333333333,0.16809052522439283,0.21184076927986195,0.047982807469922596,31.098343193655943,0.7612762060293397,61.71385442510357,3.2387085695166573,361.72375
55.875,0.1690728031988263,0.211737399990664,0.04796100875133561,30.993152586115357,0.7653730598323376,60.007082190214945,3.2386191064160883,361.665
55.885416666666664,0.16924264529063301,0.21095233020445492,0.04785560541474941,30.896979618877424,0.7695162696071765,59.35209959294935,3.239092269499517,361.60625
55.89583333333333,0.16978382835371855,0.21014816194582914,0.04767969206673674,30.8187484033036,0.7731716767666813,54.54152345320849,3.2383902565144806,361.54750000000007
55.90625,0.1691651224761349,0.20818324106556832,0.047389332178635495,30.753827349226615,0.7763978218412245,50.28819911780659,2.9977413936238335,361.48875
55.916666666666664,0.1675162913640773,0.20524261254973653,0.04698870311600379,30.696834688967247,0.779352900988348,48.138974023387604,2.972016277043843,361.43
55.92708333333333,0.16593899515119165,0.20218877443611027,0.04650771851036875,30.65268166332329,0.7816779005013537,42.809216765207694,2.9345137541767277,361.37125000000003
55.9375,0.16380778626501283,0.19851316262334615,0.04596626889356047,30.614580092051483,0.7836382356895073,39.41623827711962,2.899680155059059,361.3125
55.947916666666664,0.16159710397163657,0.1948023768238207,0.04538761598574538,30.581662687395436,0.7851911221025192,36.21373933025743,2.8680428919292935,361.25374999999997
55.95833333333333,0.16065121233439492,0.19185158024696952,0.04486252249587084,30.552905988013237,0.7862874673018786,33.00146648611872,2.8412608707628286,361.195
55.96875,0.1604543594643804,0.18959723210951676,0.044405194713097645,30.528342342848852,0.7868288945852218,29.241196986247424,2.826128691286975,361.13625
55.979166666666664,0.15996923333055815,0.18759449733274405,0.043998028683628974,30.50750991461162,0.7867544654849891,27.047606560906452,2.8262963231432594,361.07749999999993
55.98958333333333,0.16039486231501002,0.18614324232190482,0.04366024782557018,30.490355697820622,0.7860599146314536,25.90436433828968,2.826329700450097,361.01875
56.0,0.1607861715284085,0.18471577001294578,0.04335052795423058,30.47575214824601,0.784764132032708,25.219102054528722,2.826730625397241,360.9599999999999
56.010416666666664,0.16048586252711916,0.18308015274144823,0.04303867746112232,30.46267841374832,0.7828613080265023,24.85123470018673,2.8274615992859733,360.90125
56.02083333333333,0.16095007524645355,0.18181564269326098,0.04276714280638424,30.450330799897266,0.7803781903171034,24.582233610490995,2.8281942452722415,360.84250000000003
56.03125,0.16166693136093996,0.18079091360582863,0.0425294091901159,30.437504220318377,0.7773012261349171,24.47504666155031,2.8291643520747822,360.78374999999994
56.041666666666664,0.16190686766484128,0.1797946648674753,0.04230647875700448,30.42314858686954,0.7737029727823844,24.34525161826888,2.82996494829264,360.725
56.05208333333333,0.16295723533725248,0.17927067540545769,0.042146118448206794,30.405673205135216,0.7695851404548151,24.29916164311645,2.8309321588948895,360.66625000000005
56.0625,0.1639173765380492,0.17883596762363435,0.04200468947004904,30.384539956472373,0.76520834770809,23.935955656817683,2.8313269132092365,360.6075
56.072916666666664,0.16414278903423984,0.17818260048602344,0.04186238334124776,30.35782546939843,0.7605085944668469,23.654847060423908,2.8323085557662013,360.54875000000004
56.08333333333333,0.16415425460492736,0.17736770731612056,0.041702585985593316,30.327382469559513,0.7559907495518684,22.821064019089828,2.8324582185590077,360.49
56.09375,0.16355224760312922,0.17610216487990055,0.041506328330181266,30.29162838227592,0.7514803795438455,22.04159907514771,2.578690161542818,360.43125
56.104166666666664,0.16251470636731913,0.174522212996991,0.04126665284803325,30.248725442340476,0.746852676459568,21.52462355650969,2.5546300793360235,360.3725
56.11458333333333,0.1618988401028071,0.1730710363712709,0.04102280703492777,30.199296062869937,0.742256302777204,21.019689551131645,2.529813175367076,360.31375
56.125,0.1614200435753836,0.1717088641023722,0.04078073711337619,30.14224549632739,0.7376341161287998,20.57100654030733,2.50610480135434,360.25499999999994
56.135416666666664,0.16076526688606932,0.17038034879985756,0.04053876704070637,30.07692027811474,0.7329755688329533,20.1663647498737,2.4839334839731393,360.19625
56.14583333333333,0.1602223935196119,0.1691700447482924,0.040310682153714875,30.007000323630606,0.7285276013504731,19.58295599246192,2.458858296807764,360.1375
56.15625,0.15932263011370754,0.167815291417426,0.04007520009056004,29.932875316687664,0.7242580679753002,18.887529475803948,2.4320111608977304,360.07875
56.166666666666664,0.15816696282689086,0.1663254917433412,0.039827142759123364,29.851725073486758,0.7199787002277399,18.187413598691105,2.420818278180455,360.02000000000004
56.17708333333333,0.15676751526606025,0.16472979544463348,0.03956208588098705,29.771244637413215,0.7160477070786518,17.42722691334051,2.419995341350161,359.96124999999995
56.1875,0.155059832090892,0.16293507988542763,0.039277622467290774,29.68832663670067,0.7122532161389459,16.847712223269184,2.4199384396721544,359.90250000000003
56.197916666666664,0.15334776473292838,0.16106797518182067,0.038975297123228114,29.6002359685236,0.7084485231112491,16.478425164596587,2.420319655654291,359.84374999999994
56.20833333333333,0.1515312249573744,0.15919652364599932,0.03866367971338822,29.51321336023822,0.7048745331541543,16.189484008748245,2.420052577597518,359.78499999999997
56.21875,0.14959894662456535,0.15727999840447907,0.038345855865949616,29.424651574526475,0.7013898566000325,15.982478187501151,2.420200314346763,359.72624999999994
56.229166666666664,0.1478096420000654,0.15540765322440955,0.03802604407775049,29.33220781243279,0.6978853472866584,15.860099862073438,2.420671830337545,359.6675
56.23958333333333,0.1457677850048861,0.1535566705293901,0.0377084814976495,29.24112600503471,0.6945391381048232,15.755344483793102,2.420656067437133,359.6087500000001
56.25,0.1436016254640093,0.15171081183672305,0.03739472132938304,29.149116074875593,0.6912437219823347,15.680850161953666,2.4209795282671736,359.55
56.260416666666664,0.14171917402175585,0.1499687816029928,0.03708914466738057,29.054295994039737,0.6879160154766303,15.646304220147952,2.4215669352056017,359.49125000000004
56.27083333333333,0.1396080995308908,0.14839320139622064,0.03681375128582965,28.949412965712284,0.6842927964050126,15.696758635260306,2.42284667364903,359.43250000000006
56.28125,0.13766837555476988,0.1472154933820175,0.036591169616231954,28.830877051366077,0.680241888787828,15.847126865360046,2.4242781173777974,359.37375000000003
56.291666666666664,0.13649936812960897,0.14654013181444198,0.03642854846021357,28.70975815293647,0.6761197402960171,15.99750707142031,2.424574136714226,359.315
56.30208333333333,0.13441026628066235,0.1461811791599829,0.03636178089091321,28.560134170243263,0.6710069519978353,16.342044974604207,2.4268489301833513,359.25625
56.3125,0.13084494226017876,0.1461114289488782,0.03638203616260646,28.39109080021058,0.6651436608415422,16.84057511521712,2.4279563951210865,359.1975
56.322916666666664,0.12896311903536803,0.14687549059685687,0.036513642848762,28.22260120888807,0.6591448537045373,17.26201383938636,2.4274910810136894,359.13874999999996
56.33333333333333,0.12012147978138446,0.14587665804110564,0.03665282944800256,28.018696923776318,0.6515880179321623,18.053934991445256,2.4298700980654355,359.08000000000004
56.34375,0.11093759647890182,0.1442957933003842,0.03681091014762778,27.800742741445028,0.6430061530323569,19.150363904792084,2.430945889361677,359.02124999999995
56.354166666666664,0.106598971418014,0.14448515120415345,0.037136296029755086,27.603852149398787,0.6345748457900625,19.9619697853688,2.430078848232445,358.9625
56.36458333333333,0.10003333824207979,0.14138156615079134,0.03732123863090885,27.385151894075218,0.6236982336765651,22.47374496246972,2.4613010504847543,358.90375000000006
56.375,0.09719244974138821,0.13977311171504223,0.03761611045061751,27.23815961534315,0.6129916558009371,28.048211028946447,2.5431165699009246,358.84499999999997
56.385416666666664,0.0980190116428739,0.14204219271039908,0.03833873448711991,27.23286064592059,0.6048898624643105,33.51326162617847,2.8500270290858642,358.78625000000005
56.39583333333333,0.09966201395666728,0.14434177975238022,0.0391317490518851,27.408768127818398,0.5997416471719899,39.05592348479764,2.8465863011642845,358.72749999999996
56.40625,0.10245173012309816,0.1488902949612613,0.04018342499836627,27.766988092121096,0.5986395063040981,41.788265962489184,2.845116932637825,358.66875
56.416666666666664,0.10551827881441272,0.1537525797778497,0.041286390704681736,28.293036900876338,0.6015433096207575,50.162203892080015,2.894288283253797,358.6099999999999
56.42708333333333,0.10885500085556414,0.1599293983713019,0.04250844142420488,28.9139986465889,0.6078496299383334,60.0472482196605,2.9495595108317443,358.55125
56.4375,0.11214839117451035,0.16577767266337678,0.04364685292556306,29.60300257402329,0.617086564983931,67.0065467771361,3.0009672635844464,358.4925
56.447916666666664,0.11501940281249821,0.17034935838824217,0.04455860609333153,30.341868867953348,0.6290349672711397,73.19139397945551,3.2482217731818426,358.43375000000003
56.45833333333333,0.11886243624663068,0.17684273647347898,0.04556481025443288,31.05271871227945,0.6423433821942713,73.97202747860682,3.244350047442036,358.37500000000006
56.46875,0.12293633182515322,0.18332284681401043,0.046511154129423485,31.72838281775375,0.6566462111050743,74.16492121171792,3.2420770636246803,358.31624999999997
56.479166666666664,0.12606024195275575,0.18764566589137907,0.04716969748940533,32.37674848847812,0.672009073939989,75.92650628620162,3.2410969380022556,358.25750000000005
56.48958333333333,0.13018050005405157,0.19352508936351123,0.0478405634107161,32.92905264601927,0.6865637762747016,71.46583953471229,3.238604511979406,358.19875
56.5,0.13406024692183155,0.19803929878642904,0.04832126389266735,33.41372597406122,0.7007110537343268,68.79703703298125,3.237727455591856,358.14
56.510416666666664,0.13646297787003867,0.1998423767262267,0.048484618747048534,33.84795428299672,0.7148095532539629,68.3681232702387,3.2378751807451747,358.08125
56.52083333333333,0.13966203910930985,0.2025010867195613,0.04858225872090057,34.18487420813088,0.7270190807053656,61.6923921655874,3.2360983407821697,358.0225
56.53125,0.14193889752794614,0.20322579546128897,0.04847115828375378,34.45572007755464,0.7379847235943996,56.702836682542426,3.236084583853581,357.96375
56.541666666666664,0.14238613693056648,0.20137514985339522,0.04809273388242591,34.68505231701863,0.7484598323018106,54.66305404019348,3.2377891368488028,357.905
56.55208333333333,0.1431734449958201,0.19980492333149022,0.04762325241234031,34.85050962830017,0.7570675229271355,48.109457826068486,2.9926977850264156,357.84625
56.5625,0.14306662205259518,0.19683379142571392,0.047019034111975055,34.97763816259098,0.7646622858547488,43.49982569118936,2.9492093326502133,357.7874999999999
56.572916666666664,0.14181126310877928,0.19272736230982038,0.04629340362040122,35.0769019712937,0.7716401368545499,40.292622005426644,2.9104926772070017,357.72875
56.58333333333333,0.1413911618488387,0.18925738352149785,0.04555897038978211,35.143434488916704,0.7773432175850796,35.08182811061894,2.865482921750333,357.6700000000001
56.59375,0.14061139504341325,0.18540021686232872,0.04480207677680118,35.187731637500015,0.782258532752345,29.9866580252597,2.825604103955057,357.61125
56.604166666666664,0.1391494181807767,0.18128588405213386,0.04403240226910977,35.212817070908685,0.786471102543401,25.970670433106342,2.824271143119918,357.5525
56.61458333333333,0.13814086358692176,0.1775484941381475,0.04329210566609579,35.21977583434296,0.7900755174362507,24.734373490487172,2.825788441999466,357.49375
56.625,0.13774083414483806,0.17464622140331532,0.04265009280812431,35.20749698909299,0.7928255769335906,24.587867458358197,2.827174365936013,357.43500000000006
56.635416666666664,0.13726417934191518,0.17233385548775818,0.04211645543875809,35.17732355502191,0.7944932397173631,24.482376202747304,2.82799561973153,357.37625
56.64583333333333,0.13671775648104806,0.1702968119331596,0.04165798411531865,35.12867868620434,0.795032047154701,24.76764627908204,2.8294284745017935,357.3175
56.65625,0.13583000359986983,0.16856914259392392,0.04127739055092976,35.06394891531674,0.7942989068850653,24.967217436832346,2.830225939075784,357.25875
56.666666666666664,0.13493295474640782,0.16716756847207379,0.04097548393077042,34.98579322234891,0.7923077313335013,24.98155433444431,2.8307474351544513,357.2
56.67708333333333,0.13269862164370402,0.165315306353001,0.0406801768776606,34.89146803738989,0.7889554451587418,25.34287800261051,2.8318011800537977,357.14125000000007
56.6875,0.12978233614820625,0.16338860024597257,0.040416826829354754,34.778777459455966,0.7841085997484308,26.116268909334323,2.832815643338085,357.0825
56.697916666666664,0.1280140119440333,0.16235666190986905,0.0402550177767214,34.65466033344276,0.7781284493104158,26.481403180416265,2.8326804012262587,357.02375
56.70833333333333,0.12418526600204806,0.1602850528838274,0.04007586832717998,34.50108906757534,0.770220892140861,28.211597808477876,2.834337336763769,356.96500000000003
56.71875,0.12106289293729271,0.15893364372187263,0.03998694316115337,34.327975493184894,0.7610111859598061,29.841146952009453,2.8343590499580955,356.90625
56.729166666666664,0.11970739691008456,0.15896758406438277,0.040065516024708925,34.14630176587694,0.7512755335981091,30.637990298656426,2.833461391635,356.84749999999997
56.73958333333333,0.11854048605529122,0.15900719474265473,0.04019937246878146,33.95005342251182,0.7408345634803858,32.027586176615635,2.83366354320455,356.78875
56.75,0.11827016833456833,0.1598012294376179,0.04042459291520397,33.751914993059025,0.7304317633147737,33.145878988617284,2.8332265382521293,356.73
56.760416666666664,0.11872679734356924,0.16125548385997887,0.040736148599692754,33.56282899753563,0.720630727525167,34.582924413255355,2.8443082247625378,356.67124999999993
56.77083333333333,0.11934726659544648,0.1625059017598164,0.04105435005604629,33.37717152150614,0.7110896863748194,41.78543249739228,2.8794269253426856,356.6125
56.78125,0.12086625454088869,0.16468341998653516,0.04147067227099434,33.20981897624506,0.7025104656649812,51.256932579426504,2.924166179265451,356.5537499999999
56.791666666666664,0.12289217461131302,0.1677602544022142,0.04200247548888804,33.074680899664216,0.6955784652231545,58.18703181049038,2.9679859885838193,356.495
56.80208333333333,0.12556206852165736,0.17110248059366343,0.04260279987337549,32.965889168341434,0.6900754149842384,67.95731666735911,3.2477861078209873,356.43625000000003
56.8125,0.12953388435699956,0.1760076865308764,0.04337162056232574,32.88929128312955,0.6865720207423114,76.26764295056512,3.2447974891164044,356.37749999999994
56.822916666666664,0.13347812413771862,0.18142019070619236,0.04423211220326631,32.83887059023141,0.6852164802748909,81.96565059307854,3.242298700004888,356.31875
56.83333333333333,0.13913824803542407,0.187990319134576,0.04522502875593966,32.79879997261496,0.685977074732177,91.09444725174487,3.2417513140144902,356.26000000000005
56.84375,0.14601810494711215,0.19598699091131355,0.046352016422811865,32.75430399508662,0.6888387331288632,103.53177721062248,3.2496484171793143,356.20125
56.854166666666664,0.15188116165792112,0.20334826925596658,0.047445051422438454,32.68903045089405,0.6936385123273751,147.91860163301578,3.286258215399711,356.14250000000004
56.86458333333333,0.15827083959977506,0.2110585963328918,0.04850640665263304,32.59574686910789,0.6998595191643378,177.5861767388661,3.316345747326562,356.08375
56.875,0.1637373423609672,0.21732569040441177,0.04940019245307588,32.46911675724255,0.7072765758958176,196.5068078763248,3.3387487492436287,356.025
56.885416666666664,0.1674309121236862,0.2215143636959969,0.050059664097572634,32.303628357661175,0.7158331401647855,213.21867479200162,3.358111357549624,355.96625
56.89583333333333,0.17235785812189905,0.2260707607721817,0.050627739206273184,32.1086572016151,0.7248169824586256,214.8443449738815,3.3652297861965184,355.9075
56.90625,0.17738097913066672,0.2298878355380563,0.05107976534429459,31.882995742216863,0.7341429589253311,214.49027765381226,3.3670326984948185,355.84874999999994
56.916666666666664,0.18067825497012205,0.23212059986342135,0.05136177552422635,31.62481208875206,0.7437058876772716,215.49727235887647,3.3682921102481984,355.79
56.92708333333333,0.18580738060268795,0.23506471620147196,0.05160845935892075,31.35055088653719,0.7527924845742406,205.1001611174721,3.3605822608389895,355.73125
56.9375,0.1899924684437647,0.2368171596188301,0.05172359654611934,31.065921333473785,0.7612245301150112,188.82271166903823,3.3449536532532336,355.6725
56.947916666666664,0.19171945738617674,0.23659290066765815,0.05166554392978787,30.75921800470784,0.769317703248787,178.01865864581205,3.331222392153615,355.61375000000004
56.95833333333333,0.19320059195449335,0.23588194180203947,0.051468818896945316,30.466797711229457,0.7761831436242365,147.91037217771165,3.3019503855334844,355.55499999999995
56.96875,0.19284369680501978,0.23337181154305323,0.05110694795944312,30.176958646148933,0.7822479655632372,116.26638505608256,3.267579867391316,355.49625000000003
56.979166666666664,0.1910312964192268,0.22958719262212762,0.050599927988955413,29.874925992050965,0.7878394899081673,86.27265823695829,3.237433629915203,355.43749999999994
56.98958333333333,0.189264742015609,0.22566832871518885,0.04998825448891108,29.604785573281266,0.792236809838903,62.78274862318062,3.2285265627538213,355.37874999999997
57.0,0.18614665377104295,0.22053329625423068,0.04926679663582362,29.347517083471026,0.7959012082822307,56.47843549608372,3.228625888864237,355.31999999999994
57.010416666666664,0.18233420727880417,0.21476418803229108,0.048454104834515385,29.086203424235727,0.7990891289888702,53.93540178630687,3.230331941351842,355.26125
57.02083333333333,0.17924489181321535,0.20942876835233692,0.04762097342900449,28.846960179153584,0.8015104323782174,48.44305643763385,3.2312300934109204,355.2025000000001
57.03125,0.1762571093649154,0.20413969244427468,0.04678960763064554,28.613366642120997,0.8033793814681515,44.824761494342255,3.0028835429062246,355.14375
57.041666666666664,0.17313462755028236,0.19901193240259651,0.04596297904299753,28.380612853791476,0.8047063309820875,41.97387538099672,2.956581178160029,355.08500000000004
57.05208333333333,0.17114956544825718,0.1946669181275065,0.045200316618158126,28.1611287613333,0.8054118262908452,37.975787861110554,2.909492325715513,355.02625000000006
57.0625,0.1692498668675326,0.19058375919062895,0.044478666308250814,27.95411007017012,0.8055324603423432,33.60352868101025,2.8624950729984384,354.96750000000003
57.072916666666664,0.16689803039687678,0.18653877907251892,0.04378032709918345,27.75098109400087,0.8050729635937598,29.043383760530848,2.824390276420644,354.90875
57.08333333333333,0.1648875514981189,0.18281878623677716,0.043116031319069256,27.570476162433504,0.8041265466879725,24.69588487176108,2.8224657792400403,354.85
57.09375,0.16263104021009478,0.17905439919711452,0.042468187116026485,27.40025583291776,0.8027171918252148,22.572907777290432,2.8231744533918226,354.79125
57.104166666666664,0.16011558587368266,0.17530308841969508,0.04182522951481517,27.234509777261696,0.8008112503959309,21.58689373537956,2.824693164791579,354.73249999999996
57.11458333333333,0.1582761226028097,0.17202651923922846,0.041231743421509086,27.074116749269333,0.7984143773944777,21.033176197516745,2.826542782711049,354.67375000000004
57.125,0.15682575842430035,0.16917017560454467,0.040690196729885365,26.917172480927597,0.7954920646328322,20.69820423921065,2.828996300067568,354.61499999999995
57.135416666666664,0.15531363530817027,0.16658636755807754,0.04019133124078134,26.76515590478044,0.792068941905614,20.409021390640202,2.5732851417389417,354.55625
57.14583333333333,0.15430586497232654,0.16444490296823935,0.03976023393518688,26.618608518828722,0.7881737617575024,20.09913591430572,2.5399905255801585,354.49750000000006
57.15625,0.1533817932531132,0.1625303384110339,0.03937316312420605,26.478594531217603,0.7838716389973163,19.723803753140817,2.507987068944916,354.43874999999997
57.166666666666664,0.15225203586843009,0.16069405361146735,0.039013240342037674,26.342933678400524,0.7791372081849569,19.335481949612007,2.4782221747652944,354.38000000000005
57.17708333333333,0.15130490270839733,0.15904231923643758,0.038688182721548066,26.215058643706584,0.7741517241870978,18.832186079828436,2.4482595793287603,354.32124999999996
57.1875,0.15020389502011414,0.15739966315634044,0.03837730330530407,26.09387571517601,0.7689583374525158,18.226271643071204,2.4209572500484757,354.2625
57.197916666666664,0.14895108765244386,0.15574394062237207,0.03807240689772206,25.97569706588331,0.7634648130803677,17.58929655256747,2.4198928036425733,354.2037499999999
57.20833333333333,0.14751597490739732,0.1540838360807716,0.037772205086945926,25.866915823813297,0.7580521536337383,16.997396867946374,2.419537009787119,354.145
57.21875,0.14585595761011438,0.1523374722631708,0.03746896605296582,25.76331065755143,0.7526029462899693,16.56409748060228,2.419593406783517,354.08625
57.229166666666664,0.14422251283527757,0.15058216207388755,0.03716200311126638,25.66137214316849,0.7469878252193711,16.291952094688586,2.419979376583024,354.02750000000003
57.23958333333333,0.14227123119479462,0.14878892614375053,0.036851563511104954,25.566579219769118,0.7415659752715966,16.07746359147608,2.4198024273023475,353.96875000000006
57.25,0.14012434882419292,0.1469408600540722,0.03653745945104231,25.475544576465687,0.7362001343466535,15.9220740244735,2.4199633762128947,353.90999999999997
57.260416666666664,0.138204619889628,0.14515420116003172,0.03622493304956267,25.385457264624147,0.7307569272719869,15.832558220787567,2.420429895114898,353.85125000000005
57.27083333333333,0.13598711561965388,0.14344174732638718,0.03592785437858965,25.293392216408026,0.7250753326254515,15.818819983521212,2.421202477000276,353.7925
57.28125,0.1337847242815026,0.14195900913978585,0.03566235763701745,25.19639982309708,0.7189757229981767,15.892273508573522,2.422244878709902,353.73375
57.291666666666664,0.1322188843998317,0.14084448210436312,0.03543815076884455,25.10050165718715,0.7128415797330684,15.978855093429338,2.422590024746238,353.675
57.30208333333333,0.1297499199775876,0.13988390653279292,0.035276344348006354,24.99004647165423,0.7056571935260763,16.223767869713097,2.4244965867976727,353.61625
57.3125,0.12580733033264863,0.13907228729367688,0.03518192056354684,24.863706105496888,0.6972854980016608,16.680137161944728,2.4262854042692354,353.5575
57.322916666666664,0.12356282138366756,0.1391220881294057,0.03519161818955103,24.740546720719262,0.6889602672564019,17.088350624110717,2.4260139873056614,353.49875
57.33333333333333,0.11481028965048799,0.1374292278337759,0.03521118593126647,24.57954966950546,0.6778077792204674,18.144123265171647,2.4299017392258166,353.44
57.34375,0.10646166858240945,0.135492938138554,0.03526846128395491,24.40831575609035,0.6655340898067411,19.628091581456772,2.431236131223618,353.3812499999999
57.354166666666664,0.10277529122805096,0.1355454463411899,0.03554030057769668,24.254115021615885,0.6539135151526615,20.69427812367381,2.4314104586656304,353.3225
57.36458333333333,0.09749298107580391,0.13295940414507182,0.03567696843129512,24.09782190154369,0.6408381237337464,23.152476433450985,2.482149346367042,353.2637500000001
57.375,0.09452192667658264,0.13087200379590552,0.03581228476592288,23.990614453296857,0.6286517220796072,28.08209338152763,2.5569482551444054,353.205
57.385416666666664,0.09440845569886892,0.13143190228607013,0.03621984889682742,23.97614275992042,0.6190712015178793,32.26393627394921,2.8471530438587127,353.14625
57.39583333333333,0.09509478082530307,0.13189116600373346,0.0366254514421692,24.093951923116272,0.6119147675945651,36.87748903316126,2.8444569140463645,353.0875
57.40625,0.09729440786357274,0.13466011918786233,0.037298632244242194,24.372733073256786,0.6081633421369327,39.79940025113779,2.841757722127575,353.02875000000006
57.416666666666664,0.10001808228512878,0.13849906284466218,0.03814814295209229,24.818382038962106,0.6077379101492056,45.23474197161586,2.8755998715529727,352.97
57.42708333333333,0.10382970549615723,0.1443179762518078,0.03926100981813909,25.412038453926392,0.6103670196382651,56.80364537753674,2.9335094802618147,352.91125
57.4375,0.10839142344460724,0.15142422580745196,0.04055414800377022,26.132349474317145,0.6157542746882445,66.71413707154211,2.994021003654573,352.8525
57.447916666666664,0.11264023378868562,0.15813205799010502,0.04180021996531148,26.948484003467502,0.6236622816832736,74.4614493821975,3.248470693550223,352.79375
57.45833333333333,0.118477453527002,0.16686634806665462,0.04320565230055521,27.816823567191427,0.6337953348085946,80.20141079101762,3.2451697180520442,352.73500000000007
57.46875,0.12539888193526041,0.1769609030328825,0.044725552380432354,28.696934615344986,0.645876998960964,84.52449875411533,3.2429022498068885,352.67625
57.479166666666664,0.131401918163582,0.18558608986685235,0.04606067733687674,29.56018048650745,0.6597728591280625,88.57847171383179,3.2414652861853597,352.6175
57.48958333333333,0.13855947441233962,0.19523562831591884,0.047368554592284604,30.344848603974725,0.6746672106131227,88.8451155558745,3.239519838300528,352.55875000000003
57.5,0.14585230797865545,0.2041662236951537,0.048536511598678694,31.048683520541086,0.6905997093297079,90.36646254515767,3.2396081493880233,352.5
57.510416666666664,0.15137845515672252,0.21056448020068846,0.0494110401940087,31.663584721481325,0.7075494957490799,106.39180478142926,3.253067146525553,352.44124999999997
57.52083333333333,0.15832644466055446,0.2177796426903978,0.05019951420040193,32.14539751589601,0.7241247992281726,112.3549795393689,3.258302715134803,352.3825
57.53125,0.16510081557711184,0.22369678800249548,0.05080854790406329,32.51104835983587,0.7403070631563776,108.54913386007547,3.2554671257906884,352.32375
57.541666666666664,0.16931268271516656,0.22650376678392792,0.05111700454667085,32.78016068289296,0.756595743886913,106.16941119079566,3.253503883143893,352.26499999999993
57.55208333333333,0.17460367703820842,0.2293800279947087,0.051264894372774095,32.93900337604968,0.7712587906553943,86.04101078022543,3.2367859044932046,352.20625
57.5625,0.17857145741702177,0.2301662299198343,0.05120902453658227,33.014634009922744,0.7850138662610787,74.1244480854925,3.2325666835597637,352.1474999999999
57.572916666666664,0.18011572260648565,0.2288641815697655,0.05095250016827271,33.016049724259474,0.7982053237521174,72.57468260183882,3.232989337279713,352.08875
57.58333333333333,0.1818366014789715,0.22733354256416746,0.05057537604299842,32.952691883408285,0.8098302987874193,67.69832793118081,3.232289280708497,352.03000000000003
57.59375,0.18248530533232366,0.2248569698497476,0.050112453157550925,32.83488083120392,0.8202608091852732,64.4209441727396,3.232522513983587,351.97124999999994
57.604166666666664,0.18173685521861888,0.22162016126222073,0.04958841660641201,32.665127601717245,0.829717782787605,62.78344122347201,3.2334679258342383,351.9125
57.61458333333333,0.1811334467284989,0.21841308609768514,0.049012900011764886,32.46293826833332,0.8375476820641674,58.29568355138041,3.233498219710544,351.85375000000005
57.625,0.17980088590116988,0.21473683203377136,0.04840863245392858,32.23001466363789,0.8441033257185275,55.090844442965235,3.234594886914529,351.795
57.635416666666664,0.17780313781231935,0.21083685512537964,0.04779379620652433,31.964456643740085,0.8495439653540233,53.07433946685961,3.2364915158520717,351.73625000000004
57.64583333333333,0.17554906880701812,0.2069773737864501,0.04716717086134007,31.671404900576633,0.8537836478901344,51.01487775879702,3.0070224405535617,351.6775
57.65625,0.17305517733147474,0.20338048900784475,0.04658388455815801,31.34482705406351,0.8568691753764969,50.016903306670145,2.9848892826584885,351.61875
57.666666666666664,0.17099445582924105,0.20045532444674583,0.04608009496326191,30.996075307248518,0.8586562027715942,48.4573575992457,2.964698312590686,351.56
57.67708333333333,0.16819885481317928,0.19765899031368694,0.045637057322998706,30.60209135421848,0.8591442644103644,49.346498307937075,2.9561297178653514,351.50125
57.6875,0.16472842636780194,0.19530321892033492,0.04528040554216651,30.177852922152486,0.8581460089195377,50.22612413722985,2.9539448203685237,351.44249999999994
57.697916666666664,0.16252371330992707,0.19399781695281762,0.045057157139541906,29.74724051448274,0.8557422062483168,50.132986781184776,2.951890959715482,351.38375
57.70833333333333,0.1564702301546154,0.19128316487006086,0.04481114175150153,29.29159648113354,0.8518403368475458,52.50694916385422,2.9599338706509695,351.325
57.71875,0.15046040040779834,0.18867210978308957,0.04459918072732297,28.840401713772597,0.8466821931494383,54.56582121362927,2.971697681564875,351.26625
57.729166666666664,0.14702776582356394,0.1873795683710004,0.044513427199127716,28.41822676609482,0.8406651861408991,55.78763394778265,2.982693690448209,351.20750000000004
57.73958333333333,0.14326145459071551,0.1857079418825716,0.04444027710769307,28.017593366025128,0.8337375994537995,59.2765479729641,3.001607211541061,351.14874999999995
57.75,0.14071779013219182,0.18479144466690725,0.04444002376279348,27.664404896662848,0.8263404952559048,62.449495934497904,3.0236525623907,351.09000000000003
57.760416666666664,0.13973958484285143,0.1850117212713992,0.04455446394861208,27.3770567138883,0.8189582345250482,64.4632934498518,3.2429039692789376,351.03124999999994
57.77083333333333,0.13863330380398683,0.18489373036997156,0.044684571848616066,27.145065879955464,0.8113352858873799,70.5406974719839,3.242762780770015,350.97249999999997
57.78125,0.13855632118530684,0.18580738408763237,0.04492037058503191,26.987910747264642,0.8040619096063338,76.0215263881591,3.241893097743248,350.91374999999994
57.791666666666664,0.13947295256699868,0.18791221768789387,0.04529465780387431,26.90992029898564,0.7976943982180378,79.2140405450034,3.240475696987003,350.855
57.80208333333333,0.14062570842556057,0.19004381086852307,0.045722208020170796,26.9013440786357,0.7921645014372575,86.01823001139124,3.2404911547212922,350.7962500000001
57.8125,0.1431203098009999,0.19358953981967164,0.046285547596013915,26.952871012728888,0.7879389621951939,90.61645412956787,3.239744133541906,350.7375
57.822916666666664,0.14576275406488148,0.19752268340075194,0.04691466912612418,27.045238588142276,0.7851801100872194,105.05635699241134,3.251796428491277,350.67875000000004
57.83333333333333,0.15053113176120156,0.20285946722493628,0.04767593814508012,27.162443841390065,0.783898383428666,146.7182216012779,3.285708413722653,350.62000000000006
57.84375,0.15670914667114758,0.20951687893462087,0.04856393185181611,27.28291855213414,0.7842537444839509,188.68630035780984,3.324378573513477,350.56125000000003
57.854166666666664,0.1620727901428819,0.21587251806584826,0.049444976603072475,27.38515872427786,0.7862849508814623,221.7782303131348,3.3597835938268736,350.5025
57.86458333333333,0.16804369387008808,0.22247367062536474,0.050358329445627376,27.456884556147138,0.7901282626740156,256.90741683995674,3.3968956657869698,350.44375
57.875,0.1741518434362776,0.2294131524482781,0.05129297459684156,27.48535512200275,0.7957941957314761,285.72655875645404,3.430543261314007,350.385
57.885416666666664,0.17910956355353885,0.23565410241614523,0.05216976021308628,27.46577365892396,0.8031935118901143,308.07755196311905,4.004578511628562,350.32624999999996
57.89583333333333,0.18505197200990897,0.24242736245152216,0.0530501706271449,27.400040011004293,0.8120344499648612,320.82066733111435,4.004824252857364,350.26750000000004
57.90625,0.19096493306175596,0.24873996010475571,0.05385885772727164,27.293313312224765,0.8220459173543458,328.1536583996004,4.004932474726008,350.20874999999995
57.916666666666664,0.19518499891779906,0.25339774383428304,0.05450434702115531,27.149407275839355,0.8330603554070842,335.8378085923986,4.004917270434597,350.15
57.92708333333333,0.2010786546008774,0.25871991546187156,0.055124782855594266,26.976290569064023,0.8445515872396366,335.99838265374086,4.004802424092761,350.09125000000006
57.9375,0.20773650643441147,0.26400507810035095,0.05571070299697744,26.775676160845034,0.8564051777941776,338.58882927368774,4.004619275824796,350.03249999999997
57.947916666666664,0.21253379479619977,0.2679659751929879,0.05616954787548627,26.551396146211623,0.8683177981646455,339.91895474312656,4.004413679873794,349.97375000000005
57.95833333333333,0.22170076461023383,0.2742138261107446,0.05678639365894388,26.29864497418298,0.8804208373098827,350.76387987894066,4.004238235591718,349.91499999999996
57.96875,0.2329074678648595,0.281926492384828,0.05751851754209779,26.02130630010076,0.8924338956585366,361.7146888811407,4.004178296583753,349.85625
57.979166666666664,0.24127920292438054,0.2885240808966512,0.0581927848020964,25.727593602159285,0.9040821897548966,366.88239381519605,4.0043358162289735,349.7974999999999
57.98958333333333,0.2529727733629978,0.29667205999715424,0.058982881804058876,25.420837893615925,0.9154488881536808,370.8586344822765,4.004788748229968,349.73875
58.0,0.26427648861730985,0.3043359384335158,0.05972682626988887,25.109677494867075,0.9264655081771358,368.37556614908425,4.005551729837836,349.68
58.010416666666664,0.27161490497005797,0.3097792003237631,0.060317324355486396,24.79464008993162,0.9373195050777041,366.9640324302886,4.006597041107514,349.62125000000003
58.02083333333333,0.280673714689492,0.31544925508714966,0.060865455460724596,24.48540963291381,0.9477931513156427,356.82887504237317,4.007817778576141,349.56250000000006
58.03125,0.2887111295322268,0.3200866796692398,0.061322168925096045,24.179124531790826,0.9579928606932334,348.11191748348574,4.009125644945691,349.50374999999997
58.041666666666664,0.2935810195799381,0.3230107086894488,0.06163452442142768,23.87373866051245,0.9678872513271793,340.799816372728,4.010434541474835,349.44500000000005
58.05208333333333,0.3001746807698022,0.3263646955791244,0.061930408760512215,23.573526084161784,0.9771677689404022,327.64694261462586,4.011642512350166,349.38625
58.0625,0.3060885831216162,0.3290839656452623,0.062166402721568995,23.27398094272496,0.98577393019673,314.9083946009649,4.012704455692109,349.3275
58.072916666666664,0.30937700791956946,0.3305166109713051,0.062301050981314034,22.969524593883094,0.9936502743176173,304.2872767825988,4.013591598389776,349.26875
58.08333333333333,0.3145991852377328,0.33261000146133496,0.062455385920202826,22.661300404589042,1.0005941464880945,290.0808347153609,4.014263166222288,349.21
58.09375,0.3199336260235601,0.3347650630696343,0.06262369928713296,22.341104789836052,1.0066768682595344,279.94558170503115,3.4420275109785297,349.15125
58.104166666666664,0.323197289211263,0.3361953288548308,0.06273280915036743,22.00904473171707,1.0118541350801329,269.3821484383106,3.428045800374529,349.0925
58.11458333333333,0.33050390173260047,0.33997251954476126,0.06306212757745178,21.65207242995554,1.0163281893986138,269.59586190460993,3.4225253366108532,349.03375
58.125,0.33898271199033503,0.3451172760943773,0.06349778908383978,21.27849469847347,1.0200535757784732,268.91830212803046,3.419762846030948,348.9749999999999
58.135416666666664,0.34526284281218894,0.3499207746620648,0.06393831655405292,20.895199301070146,1.023140374676568,265.3964125879874,3.415740640281245,348.91625
58.14583333333333,0.3495294891079986,0.3536212576507327,0.06429621968455547,20.519826382044236,1.0256999903290207,248.57519068585748,3.400776431075234,348.8575000000001
58.15625,0.34956115700142587,0.3543694507386174,0.06442919601681377,20.154974823754497,1.0279448456933762,224.30984251347184,3.3758798192769386,348.79875
58.166666666666664,0.3479345592886715,0.3532863847809011,0.06441724076501713,19.783603154907713,1.030103653832794,206.39911163739148,3.3534665159971855,348.74
58.17708333333333,0.34180707071820676,0.3489770244541864,0.06402327474637357,19.44569402677801,1.0319871838878,165.03551104942105,3.3125812644549755,348.68125
58.1875,0.332379010266273,0.34164151396694703,0.06339004365346802,19.12297942880135,1.0336786511546987,121.73137538505385,3.2666737283293013,348.62250000000006
58.197916666666664,0.3236897922547878,0.3334594712581534,0.06262228414825408,18.797552754206556,1.0351781656046228,83.42832036241997,3.2362985209219164,348.56375
58.20833333333333,0.3128411255729054,0.3239740003505135,0.061621472416521626,18.50573784228958,1.0362173972960946,69.81498267104307,3.234535400885308,348.505
58.21875,0.30121120283696545,0.31355900889836213,0.060537677712452886,18.229383900899283,1.0367929517795234,63.78942655017155,3.235509246390137,348.44625
58.229166666666664,0.2913143317807986,0.3035428875407721,0.05942956045037339,17.956736647798078,1.0368032722328429,60.40020880261199,3.2380484074421174,348.3875
58.23958333333333,0.28100727014008203,0.29373825286444494,0.058272695272834255,17.711091890073988,1.0361631268883662,53.803151346179476,3.023093923614457,348.32875000000007
58.25,0.27095130160932385,0.28416639152496104,0.05713839759194033,17.48129318784074,1.0348230726572083,48.55849871406226,2.966218399964027,348.27
58.260416666666664,0.2625413681597893,0.27541991825398376,0.056051837055327826,17.260715808601503,1.0326529411560916,44.201256071151356,2.91533824078804,348.21125
58.27083333333333,0.2541695831228317,0.26790698816418795,0.05509658059985025,17.041253380564875,1.02936120750289,40.78106250795178,2.8757149550958188,348.15250000000003
58.28125,0.24671838391853057,0.2623404417160986,0.054342784409424645,16.82132534007416,1.0245454712564095,37.84985589402323,2.8495579346498174,348.09375
58.291666666666664,0.24214282643481042,0.2589004295464555,0.05378225837627966,16.62068130719854,1.0183594934247435,33.48859713890758,2.8320995271877485,348.03499999999997
58.30208333333333,0.23382221776676496,0.25648921480007253,0.05352826103621339,16.41330556690241,1.0094882930956668,33.705768387570345,2.8351725680124726,347.97625
58.3125,0.22024783217453708,0.25428615440734686,0.05344142300856578,16.22264236042518,0.9982360171495124,35.570870823802174,2.839063164013557,347.9175
58.322916666666664,0.21322058531595284,0.25490951505371245,0.053621069786115416,16.06335184359107,0.9856795286815941,37.291001524655165,2.8457749514334156,347.85874999999993
58.33333333333333,0.18763340289599606,0.24742262756134212,0.053592757672069745,15.91551239615405,0.970449052234158,45.861842558168796,2.8802619894582016,347.8
58.34375,0.16647597058840868,0.23781419149275393,0.053403513717223614,15.79551123636365,0.9540718852350032,58.8167639277296,2.9316218250847474,347.7412499999999
58.354166666666664,0.15787392587194088,0.23441366572992403,0.05358509078842609,15.724185975015295,0.9391744017557455,67.32667925176037,2.9776165709818185,347.6825
58.36458333333333,0.14881342728820943,0.2240170691903385,0.05327557385157462,15.727269212868128,0.924180961833882,91.35714851518613,3.259367729226296,347.62375000000003
58.375,0.14634362403158632,0.21856282604091776,0.05311360146165841,15.891341439510464,0.9131737620656027,113.88179984282519,3.257748575889394,347.56499999999994
58.385416666666664,0.14849723655625288,0.22055112000426316,0.053652806513545294,16.268279732250008,0.9080384749094196,137.27410196842467,3.2690249413053554,347.50625
58.39583333333333,0.1516161733895731,0.223384120907521,0.054325384806833785,16.89836627956796,0.9084712342752264,224.93857371671007,3.3391955031111022,347.44750000000005
58.40625,0.15548739428346553,0.2295972505617903,0.055360277936774525,17.718164419206804,0.913552738623182,282.798779325389,3.3977696308750147,347.38875
58.416666666666664,0.15909762825009918,0.23476769574607192,0.05628616245954353,18.703313285885926,0.9222124050673087,329.13948577182174,3.447614677886308,347.33000000000004
58.42708333333333,0.16242730208007616,0.2433106326554934,0.05751732818623286,19.67923645512946,0.9321358812649643,318.85364868648867,3.4549408262090613,347.27125
58.4375,0.16505262909825283,0.24979900141810696,0.058499425010887215,20.64724232011675,0.9427060618758488,305.33436281289175,3.4466903256175905,347.2125
58.447916666666664,0.16675043730111003,0.25227445632881423,0.05890871114098444,21.616457995349442,0.9536109089827203,302.11776151384555,3.442283143810398,347.15375
58.45833333333333,0.17053740862743608,0.25949307337323163,0.05956533671671958,22.46820903016654,0.9631571850484706,267.95704703045624,3.4154264192380084,347.095
58.46875,0.17452347269520052,0.2656292423247923,0.06007340019954565,23.236895132902976,0.9714744889979883,237.28385619147275,3.3832283157373597,347.03624999999994
58.479166666666664,0.1767252904480293,0.267011967664933,0.060056605445640426,23.949103448358212,0.9786522701367002,216.9649149804504,3.3582350098984515,346.9775
58.48958333333333,0.1805105746706478,0.2705907224053231,0.06002160110461294,24.537415570859906,0.9839574876143578,177.10768229331063,3.319293037528783,346.91875
58.5,0.18375182584816807,0.2717946135426471,0.05976505141151634,25.040802528072955,0.9878048717931411,140.11377060645955,3.2807984554187084,346.86
58.510416666666664,0.18477171355917751,0.26935147191953307,0.05917436751120109,25.474759422043537,0.9902934021349369,107.44991772535064,3.250051469768914,346.80125000000004
58.52083333333333,0.18735085783959074,0.26834928855387324,0.05857722111763463,25.81476575626666,0.9913094524869508,83.19989157758238,3.2384931069289173,346.74249999999995
58.53125,0.18964776312879109,0.2663744689003491,0.057930501882156295,26.081665208648012,0.9910050278060789,78.48074856283023,3.238830642652752,346.68375000000003
58.541666666666664,0.1899525566516451,0.2625575667597241,0.057172651023560034,26.283918552305565,0.989370168694678,76.13497879282635,3.2399152042341375,346.62499999999994
58.55208333333333,0.19187700346558592,0.25992476321565816,0.056467904972020214,26.420864280692147,0.9864367018985061,73.06845731797483,3.240719636620452,346.56624999999997
58.5625,0.1947265781535397,0.25802658438328024,0.055872314933811146,26.498918685135575,0.9821411117718541,71.72068284075002,3.24214931104853,346.50749999999994
58.572916666666664,0.19614732012600605,0.2558351818025254,0.05532586912543423,26.519150876246638,0.9765627898643074,70.04865079604772,3.2432770072890276,346.44875
58.58333333333333,0.20099471705471783,0.2557253854215913,0.0549653265429592,26.48265644362856,0.9695391633479309,70.7031728680606,3.2449425149821898,346.3900000000001
58.59375,0.20751065553963605,0.25723019861204127,0.054795376721574855,26.389195026882575,0.9612821386780539,70.98962579661624,3.245867522452133,346.33125
58.604166666666664,0.21184414226761994,0.258320907651685,0.05469640565245733,26.242305735884393,0.9521686773097268,70.49993805425433,3.2462516338052243,346.27250000000004
58.61458333333333,0.2190417469265605,0.2608568508768811,0.05475134701308058,26.03501322668507,0.9420962940532658,72.6922612300463,3.2472103377387835,346.21375000000006
58.625,0.22772198579359282,0.26477012193387667,0.05497597680763995,25.764896223580628,0.9314867837205258,75.32404284954185,3.2475426627901074,346.15500000000003
58.635416666666664,0.23408634052294408,0.2684414343063718,0.05526243326549959,25.440429560425066,0.9211236367759785,76.28369376570846,3.247020096966418,346.09625
58.64583333333333,0.24013391105701065,0.2724368510625092,0.05565949301705859,25.041049781890756,0.9108840871344792,81.37012714296657,3.2476429349366187,346.0375
58.65625,0.2439085495561312,0.27653454335291766,0.05612151903247998,24.581233367574356,0.9016652092164024,84.92939618780912,3.247190200304783,345.97875
58.666666666666664,0.24708654239006259,0.28094239818378136,0.05665894781431429,24.07794664486629,0.8940274100421383,86.93394383916191,3.246367965427329,345.91999999999996
58.67708333333333,0.24563853222621257,0.28375393314121045,0.05717386680470152,23.51867171505314,0.8879618925824133,92.37343418439134,3.2467413529052824,345.86125000000004
58.6875,0.24342775120859003,0.2868102769845659,0.057748763070012483,22.918886082956213,0.8838288631271956,98.08570317976759,3.2468948862525737,345.80249999999995
58.697916666666664,0.24400508373246516,0.2915084714384552,0.05844338693334122,22.314672345425706,0.8818617754899478,100.88940170126526,3.2461826126602924,345.74375
58.70833333333333,0.23898127066932165,0.2934388484043453,0.05902248261936186,21.705892584575874,0.8820146251837431,110.3597531372354,3.2520077096937,345.68500000000006
58.71875,0.23361105789431508,0.29474827321480473,0.05951586581421336,21.131046761305615,0.8842402551654197,132.52496131792154,3.269585309834322,345.62624999999997
58.729166666666664,0.2314164224012505,0.29712483288957425,0.06006029922181295,20.602791772754674,0.8883910270574439,153.37243394903726,3.287048668917024,345.56750000000005
58.73958333333333,0.22716852600857024,0.2974249735382348,0.06036767295656152,20.15117210462175,0.8940585586913976,159.0884048761418,3.2932290309209082,345.50874999999996
58.75,0.22241220618834973,0.2959635027763322,0.06047007146536164,19.777863634269004,0.900960690069835,155.7704592460262,3.2909271741045645,345.45
58.760416666666664,0.21923920815337045,0.29431623230546244,0.06048131249082626,19.479599666825564,0.908978496280037,152.48591387671524,3.287824710058606,345.3912499999999
58.77083333333333,0.21572972651966318,0.29189798058891236,0.06029301223985744,19.270378029534346,0.9173672955428059,136.21640978256963,3.274089420650808,345.3325
58.78125,0.2122798767056065,0.2883857983230699,0.05996193174622107,19.137688368714773,0.9259644136144806,116.8590125370235,3.2574171110727232,345.27375
58.791666666666664,0.20938230693054335,0.28453283026572745,0.05954865223667308,19.07434179295292,0.9346107938028451,99.44250657256738,3.243567476061588,345.21500000000003
58.80208333333333,0.20746462188908987,0.28122220880542426,0.05906852572039963,19.075114950652193,0.9425534500045599,89.62246787552621,3.241180235298033,345.15625000000006
58.8125,0.20553863252012705,0.2773124346133504,0.05852051313937628,19.128500460839373,0.9496823882062787,85.80502362115362,3.241110586226732,345.09749999999997
58.822916666666664,0.20325218810409804,0.27282952429873664,0.05791256927811907,19.227801439836394,0.9559059426075841,84.01638117861962,3.2417934135625233,345.03875000000005
58.83333333333333,0.2023328939051659,0.2692950790028224,0.05730563443494513,19.359224515982337,0.9607688875314127,79.14232427143145,3.241518495332772,344.98
58.84375,0.20143220145249913,0.26545712539861627,0.05668279550766779,19.51636962466943,0.9643390452473763,75.77225277474582,3.2421436862119366,344.92125
58.854166666666664,0.19977960385955704,0.26113190675179304,0.05602806646432964,19.695039565165377,0.9666167585981029,73.71361599331864,3.2433244680778244,344.8625
58.86458333333333,0.20034904028698078,0.2581931387964941,0.05543847008690808,19.88237696221326,0.9675530943256085,69.83174111316296,3.243977309171171,344.80375
58.875,0.2013039067838954,0.25537600604077215,0.05488007501035536,20.07587873762787,0.9672744481360684,66.89735341082283,3.245385040346697,344.745
58.885416666666664,0.20095573493694144,0.25201290814338284,0.05430469419952949,20.273181890783196,0.9658662188998289,64.75223514428934,3.0352805046929414,344.68625
58.89583333333333,0.20133271312852102,0.2491346571236439,0.05373482925978475,20.45773420812699,0.9636173371134295,59.46767675300029,3.002403747401422,344.6275
58.90625,0.20012752981546428,0.2451388890290201,0.053098158580796424,20.63113038283715,0.9607300645987581,54.52650670057689,2.9662316634164965,344.5687499999999
58.916666666666664,0.1976062533733315,0.24026389656731606,0.052395220464868525,20.800074137314756,0.9572030272116802,51.161576838517355,2.934840600217198,344.51
58.92708333333333,0.19483098855137737,0.23536541082758325,0.05163997725029626,20.949845516125272,0.9534632053351844,44.853292988191484,2.8938830722717626,344.4512500000001
58.9375,0.19135505373228182,0.2298508665795387,0.050841060250550546,21.088981011336553,0.9494257393493266,38.81402846548318,2.8527356301322615,344.3925
58.947916666666664,0.18763644932069284,0.22417137107242624,0.05001303517130128,21.223016707084977,0.9449495336150827,32.866117576655256,2.831521235216642,344.33375
58.95833333333333,0.1847666423670377,0.21910092734950593,0.04920286622860834,21.343399984404645,0.9403501714271527,29.036408552703474,2.8308610509507717,344.275
58.96875,0.18177204168552216,0.21399660275696106,0.04840142999782955,21.45542762866125,0.9354837616287193,27.22098069750126,2.8315198442703795,344.21625000000006
58.979166666666664,0.17854251231832619,0.20891183250852416,0.047604393827392455,21.56363292447992,0.9301465686232582,26.37716159831905,2.8331141107294946,344.1575
58.98958333333333,0.1761595622653893,0.204401595482846,0.04684010284248988,21.65972629354279,0.924792990981504,24.99633982645101,2.833836428925553,344.09875
59.0,0.17357672880544456,0.1997922771070448,0.046085765218107554,21.74926030009272,0.9192088614371933,23.792898666756475,2.612595614037299,344.04
59.010416666666664,0.17064140252259688,0.1951272324402842,0.04532934684975981,21.836325997554876,0.9131574420608843,22.997848072152646,2.571150336625247,343.98125
59.02083333333333,0.16850640922481827,0.19100729063362146,0.04461413346222985,21.916688941780595,0.9069669976737694,22.01417809098376,2.5277298534997397,343.92250000000007
59.03125,0.16655996261776432,0.18713666852975902,0.0439372322246791,21.99398408409115,0.9004078247239647,21.11986136636042,2.487226010746703,343.86375
59.041666666666664,0.16440930327051953,0.1834450961593802,0.043287223573856955,22.069213442880766,0.8933955878132213,20.28516193632546,2.4503226568769527,343.805
59.05208333333333,0.16306810089592094,0.1803503367864061,0.042706730181495414,22.140837181923388,0.8860803936723998,19.29785353183089,2.4250328442186033,343.74625000000003
59.0625,0.16185332877909916,0.177553135236685,0.042175726208106085,22.209103572877172,0.8784573922217419,18.289065002399962,2.424759226319534,343.6875
59.072916666666664,0.16034195038332696,0.17487187421458764,0.04167632999182013,22.27481483458301,0.8704366055567655,17.59786764884012,2.425215815023858,343.62874999999997
59.08333333333333,0.15917677335502842,0.17253599771345643,0.041229091456196465,22.335856845412167,0.8622897069114941,17.129626851782234,2.425309846056452,343.57
59.09375,0.15795951802136587,0.1703157535138965,0.040811777039234116,22.392703738565483,0.8539897832995845,16.81463344625194,2.425562158068529,343.51125
59.104166666666664,0.15652932518248094,0.16813020334981385,0.04041023013139145,22.44622262323985,0.8454165137373254,16.63110083953498,2.4260902616923135,343.45249999999993
59.11458333333333,0.1550512217535403,0.16602087584361222,0.04002386881090236,22.492475328934624,0.8372764059918023,16.387026188945264,2.425655592458712,343.39375
59.125,0.1532548017616531,0.16375679481608296,0.03963403443007876,22.53366113474695,0.8293124890481306,16.148767854018562,2.4258188986758347,343.3349999999999
59.135416666666664,0.15134619726042817,0.1614176840224566,0.03923454202935347,22.571549086497527,0.8212252806650608,15.989841875638747,2.4265816971334915,343.27625
59.14583333333333,0.14942799508838703,0.15911665584744447,0.03883281493317768,22.603401915896253,0.8136913711879575,15.785192808377559,2.4264703449056273,343.21750000000003
59.15625,0.14734953716630475,0.15673484893304848,0.038425227417109215,22.631154639498774,0.8064011161891611,15.596066817212606,2.427063991215771,343.15874999999994
59.166666666666664,0.1453194600064884,0.154367345530175,0.03801308752870888,22.656086071790977,0.7990725094142616,15.471493145723468,2.2089475923626893,343.1
59.17708333333333,0.14332410902388973,0.1520885828743823,0.037605683832184524,22.676617824151258,0.7922731088738403,15.32370296020891,2.1897159979134186,343.04125000000005
59.1875,0.1412883115934323,0.14981354551800347,0.03720202688061132,22.69413340192858,0.7857033287586404,15.195348170099416,2.170084901863051,342.9825
59.197916666666664,0.13936568700817806,0.14760716985670713,0.03680288653057937,22.709431980419343,0.7791276006048572,15.114198811587348,2.1517703825579675,342.92375000000004
59.20833333333333,0.1375507937407142,0.1455258875940058,0.03641649272604721,22.7217691895722,0.7729770326479904,15.024406898022969,2.1304551960379032,342.865
59.21875,0.13572811130377746,0.14349065072204453,0.03604058374856885,22.731954087826463,0.7670166879403392,14.950737422660746,2.1086947454639455,342.80625
59.229166666666664,0.1340230077201576,0.14154440084740186,0.03567519867874878,22.74044602141522,0.7610565175012953,14.907816762552255,2.0880203324224884,342.7475
59.23958333333333,0.13212025001981215,0.1396566624636933,0.03532174734667827,22.74695026593804,0.7554387590764424,14.859825702504885,2.0648117659278062,342.68875
59.25,0.13008297534483662,0.13779372603019616,0.03497864947850872,22.75193655259776,0.7499683090504725,14.822352203615699,2.0412255595835043,342.62999999999994
59.260416666666664,0.1282802112966418,0.13604254549282596,0.0346487652255511,22.75565156931468,0.7444956672981449,14.801706570525798,2.039708828555751,342.57125
59.27083333333333,0.12611124519823702,0.13438355235140348,0.03434293951129167,22.7582577336839,0.738739864464414,14.810042605231942,2.042561704831282,342.5125
59.28125,0.12386425325726565,0.13296103095901426,0.034075452841663204,22.75968137067934,0.7324985906793899,14.85453804208674,2.0452981111050548,342.45375
59.291666666666664,0.12229686423620895,0.1319348910206702,0.03385685475415185,22.759779883484303,0.726249956945455,14.905764738232245,2.0470041490280573,342.39500000000004
59.30208333333333,0.11964311758194895,0.13102275465762936,0.033703294275944345,22.758358631703597,0.718703659212441,15.032038103674731,2.049693612294975,342.33624999999995
59.3125,0.11574762264990596,0.13029386725323713,0.03362121337151938,22.754951998262637,0.7098480666173742,15.241703510781443,2.05065040792986,342.27750000000003
59.322916666666664,0.11356656046850884,0.13041581260840834,0.033647611260846186,22.750213880705072,0.7010008472630371,15.44355992874373,2.049051289510234,342.21874999999994
59.33333333333333,0.10563944262454054,0.12894727257056066,0.03368771485575977,22.742754213070054,0.6889761846055915,15.907558267519828,2.069998384209689,342.15999999999997
59.34375,0.0981226568231832,0.1272878093816767,0.03377459875151556,22.735072821040646,0.6753978671293887,16.65878028913543,2.1165906404281936,342.10124999999994
59.354166666666664,0.09484933608909181,0.12751340091015095,0.034072745628697394,22.731894344350003,0.6623104197865598,17.508865947913424,2.156828221826701,342.0425
59.36458333333333,0.09055619094439675,0.12545848743373614,0.034273730982046814,22.742865831537035,0.6464308375125184,19.36687108608519,2.2299184491912256,341.9837500000001
59.375,0.08896587235672299,0.12468101449245782,0.034582080820745126,22.79200131868143,0.6309495411489295,21.895772064767517,2.4453114961695968,341.925
59.385416666666664,0.08995308129178933,0.12676521654479977,0.03523718088884609,22.901833607575494,0.6184689037297153,23.710105291845974,2.442570509858835,341.86625000000004
59.39583333333333,0.09179396224767393,0.12909296532335,0.03597007748726894,23.111434597124294,0.6088495017947664,25.47704372959567,2.444579542709025,341.80750000000006
59.40625,0.09480085424875911,0.1335214649925153,0.036969430096529726,23.42805388382334,0.6034892106284201,26.996543760070523,2.479810660860072,341.74875000000003
59.416666666666664,0.09803975954289014,0.13846622593876626,0.03806680859431382,23.856709765067638,0.6022860599664117,29.731677579050864,2.53054508763044,341.69
59.42708333333333,0.10197749538204648,0.14491360716178484,0.03933324147997018,24.37079195921245,0.6049014166127663,31.928468197277137,2.576382099762487,341.63125
59.4375,0.10628830324077064,0.15178505765253794,0.040629966923782894,24.961635775936337,0.6108738580535877,33.535355909696754,2.6194349809907496,341.5725
59.447916666666664,0.11015246590623604,0.15777637618911092,0.04177752969607076,25.615937860256608,0.6198808731803074,34.883411811582434,2.8498974397239745,341.51374999999996
59.45833333333333,0.11529929196196563,0.1654739498372173,0.04301493600545545,26.293488303746265,0.6311787725541971,35.350088973088006,2.846901051740125,341.45500000000004
59.46875,0.12109604252218811,0.17377620556813086,0.04426202710019464,26.97674311015077,0.6442453562520246,35.43396051605261,2.8447456987141173,341.39624999999995
59.479166666666664,0.12581524013710546,0.18015392769705688,0.04525877039898754,27.666169372073785,0.6589505453858272,35.8378792547918,2.84358618555958,341.3375
59.48958333333333,0.13180395768103542,0.18785446934496727,0.04623941830696243,28.298185677725243,0.6737118720938879,34.63034041562097,2.8410666626963037,341.27875000000006
59.5,0.13773980521255566,0.194337849249299,0.0470314518349882,28.892317194363372,0.6887026704823355,33.66805084363115,2.839953510428014,341.21999999999997
59.510416666666664,0.1417905198442224,0.19794745329561705,0.0474888537473933,29.463562536988057,0.7041609913487477,33.44423872410908,2.8398163000898315,341.16125000000005
59.52083333333333,0.14703618390699716,0.20204773668272424,0.04783099770166016,29.963763375866545,0.7185816060100082,31.934863854226947,2.838168178897303,341.10249999999996
59.53125,0.15181247502318745,0.20464736477024806,0.047989433662853936,30.41485881653135,0.7323426510416051,30.654069093512817,2.8377567772730505,341.04375
59.541666666666664,0.15435601765661913,0.20487133290646273,0.04790934091570161,30.834859031717002,0.7458453635484094,30.121888676611704,2.8383770060130895,340.9849999999999
59.55208333333333,0.157815526525494,0.20525738607606026,0.047729393838534945,31.193696955867757,0.7579475876116061,28.77748029552303,2.837841350914048,340.92625
59.5625,0.16045180343157459,0.20451441568397416,0.04744041951729199,31.512102081954673,0.7691538453135653,27.744637473977917,2.838626617223584,340.8675
59.572916666666664,0.1612781298203689,0.20256746705754355,0.047044431247865184,31.798348341251796,0.7796249518629189,27.178873354088783,2.8401193024004514,340.80875000000003
59.58333333333333,0.16247355625590754,0.20070081782622493,0.046601144865922844,32.04070030165583,0.7887948420013613,26.292559375147775,2.610367037252254,340.75000000000006
59.59375,0.16310574874627742,0.19847538053391278,0.04613329786282803,32.2468355724497,0.7968165083994143,25.467613761983323,2.5845508003847346,340.69124999999997
59.604166666666664,0.1626312776209783,0.19583122781534082,0.045647487583579865,32.42199785055507,0.8037889844432,24.89352360231483,2.561576387932771,340.63250000000005
59.61458333333333,0.1623759969286484,0.19328774518523612,0.045140785784511216,32.55799458640214,0.8092952872490691,23.904198327614896,2.5332025617957523,340.57375
59.625,0.1615513939550586,0.19040812914347638,0.044619313027114645,32.66308822159164,0.813602272426862,22.939366866439393,2.5046582846275864,340.515
59.635416666666664,0.1600742197768794,0.18731265702423525,0.04409043222652482,32.741206499897885,0.8168330267587807,22.161660600182653,2.4789757271249364,340.45625
59.64583333333333,0.1582896597977123,0.18419518720020223,0.04354805881480518,32.791827971152685,0.8189454380525193,21.393655791181448,2.4548761540918216,340.3975
59.65625,0.15609990364704918,0.18118662860942797,0.043032466155502234,32.81562189325352,0.8199602715675459,20.676552478748253,2.435016413348041,340.33875
59.666666666666664,0.15419917766948069,0.1786417911970711,0.04257673020048913,32.81148853927086,0.8198348824026004,19.85855865046476,2.4275949387008615,340.28
59.67708333333333,0.15125657955660665,0.17599073674220753,0.042143978783426954,32.77810434851419,0.8185301248163371,19.302812040515594,2.4282690671061844,340.22125
59.6875,0.14720380855692233,0.173286860116485,0.0417410572557092,32.71514687092122,0.8160556632499386,19.034345609860594,2.4285626790843087,340.1624999999999
59.697916666666664,0.14419422800659573,0.17119553459040204,0.04141602939887141,32.62395914123868,0.8124974701600596,18.91266679152316,2.4286846278325673,340.10375
59.70833333333333,0.1375305121340608,0.16771473345040472,0.04102163181628466,32.50444310948844,0.807890196607515,18.9126764469917,2.4290165796129912,340.0450000000001
59.71875,0.13059251964023869,0.16390955500753057,0.04060744219118056,32.35745558738448,0.8023039760481092,19.001909679695213,2.429366905080727,339.98625
59.729166666666664,0.12612649613806395,0.16115090401254775,0.04027535508282962,32.18823340427616,0.7959555071840811,19.07481808254874,2.429394995171331,339.9275
59.73958333333333,0.12165665784800007,0.15817613106771583,0.03994881002896415,31.9860528822926,0.78842730376342,19.453030089938178,2.430724570794569,339.86875
59.75,0.11865536108310235,0.15615846517587653,0.039714506869905346,31.762045364838396,0.7800569976476666,19.93353694165369,2.431301702894619,339.81000000000006
59.760416666666664,0.11721426196215672,0.15537055858194845,0.03962087033119564,31.53281920820502,0.7713206033233528,20.244654067663035,2.431131121198018,339.75125
59.77083333333333,0.11620596417977948,0.15466264489391043,0.03958604625085156,31.283547789917314,0.7614060810013642,21.119157849395865,2.4455242714669776,339.6925
59.78125,0.11667443328111839,0.15539008166390497,0.03971996699263618,31.039457358120956,0.7509412103360641,22.891980021980263,2.4733312443364808,339.63375
59.791666666666664,0.11799620079133215,0.15737936798645266,0.04003411680337527,30.829682865141812,0.7408847854574996,24.883596676401233,2.50080621890848,339.575
59.80208333333333,0.12016401506668925,0.15987130181046189,0.04046742469408693,30.649218694601693,0.7307379410858846,27.789259506092986,2.5431558675083172,339.51625000000007
59.8125,0.12310800846713059,0.16363663817443078,0.04105561056809985,30.52324544913909,0.7218698649722183,29.956810387101296,2.582311204499379,339.4575
59.822916666666664,0.12574868455580032,0.167364908411664,0.04169030413179158,30.447747104238626,0.7145994144863403,31.456551173480825,2.6191711760456995,339.39875
59.83333333333333,0.12797645160734325,0.17080338466030795,0.042295668213350075,30.414044734420038,0.7093028471589733,32.10330442433159,2.8462534964063475,339.34000000000003
59.84375,0.12980900451078434,0.1736361724789569,0.04282468641528035,30.408119038470918,0.7059709495097137,32.471992724056435,2.8441621465321374,339.28125
59.854166666666664,0.13124498523769207,0.17581109936732175,0.04325729616500401,30.417134295640874,0.704559109136166,32.934128025257664,2.8428154443058484,339.22249999999997
59.86458333333333,0.13355167361830383,0.17848420476482738,0.04367567040764441,30.429083592485718,0.7049657024212073,32.81970755455117,2.841195924302507,339.16375
59.875,0.13608858639168245,0.18100856835920534,0.044048243549964186,30.434669394133163,0.7069312745922015,32.65143895366451,2.840152960513955,339.105
59.885416666666664,0.13790450383789676,0.18270886372825973,0.04431875888920102,30.426845720136466,0.7102513774515062,32.74950409055609,2.83963994739993,339.04624999999993
59.89583333333333,0.14072561976769477,0.1850120305332139,0.044579489400095505,30.40225934319535,0.7144204679886621,31.877972418807474,2.838141587752686,338.9875
59.90625,0.14331275281547937,0.18666726374803255,0.04475627760019549,30.359763253609472,0.7192014776356238,31.00861825252645,2.8374207099894484,338.9287499999999
59.916666666666664,0.1446698977807834,0.18706171235626748,0.044792748166258695,30.297227933763995,0.7245447879032199,30.705415919424226,2.837556654729529,338.87
59.92708333333333,0.14681607282873507,0.18777575326140336,0.044788669294560886,30.220288252119378,0.7298838591814668,29.55158061218338,2.836566916705038,338.81125000000003
59.9375,0.14873542313612417,0.1878602907962936,0.04470614822486013,30.129225945721874,0.735228484831633,28.543913327478215,2.8365648917995268,338.75249999999994
59.947916666666664,0.14943222384573135,0.18692950502538444,0.04451223439924849,30.022333160618434,0.7406398931902405,28.06248914397248,2.8373667187155847,338.69375
59.95833333333333,0.15142025045876634,0.18654119296470562,0.04431135523457874,29.908742860109935,0.745664367656783,27.000909635233388,2.8373137132074184,338.63500000000005
59.96875,0.15318514344163114,0.18572426092164282,0.04406924119550818,29.785822666968073,0.7504512931777753,26.183652892432505,2.838449489582355,338.57625
59.979166666666664,0.15373585367725798,0.18423505085045136,0.043759948936643936,29.65264084638482,0.7550084021979435,25.68955449053746,2.608969355634421,338.51750000000004
59.98958333333333,0.15513498890748517,0.18321334712104165,0.04348435071086201,29.509097760867412,0.7592849500055132,25.413587972370134,2.591257817989236,338.45875
