t_day,SO3,SO4,SO5,SNH_eff,Ntot_eff,TSS_eff,Q_eff,sludge_h,kla_sum
0.0,1.1499422624663256,1.7098422824338473,0.23897893364621312,2.956359790591627,0.7845180585385434,14.536723133699807,14643.440999999992,1.2818910895870754,564.0
0.010416666666666666,1.1499324842575955,1.709830649708756,0.23897736320312046,2.9563098198055298,0.7845175759928118,14.536769219232601,14643.440999999992,1.2818879265334215,564.0
0.020833333333333332,1.1661597727295296,1.7225732139415064,0.2399298101850378,2.9562625406685488,0.7845171094617386,14.47277352810548,13773.059000000008,1.2809313318526914,564.0
0.03125,1.1855040295802395,1.7440773928997013,0.24237230969741663,2.956210672105101,0.7845163785033942,14.370023075520058,13110.647999999986,1.2812391884255847,564.0
0.041666666666666664,1.2005986890806808,1.7669894735186698,0.24582749342633636,2.9561174084466555,0.7845140019294716,14.286633563943502,13110.648000000016,1.2832934018480449,564.0
0.05208333333333333,1.2260571834355298,1.802506624474277,0.25035324300478556,2.9559153154790705,0.7845073995074198,14.145365144811137,11865.152000000002,1.2832251805960264,564.0
0.0625,1.2528238999028587,1.8447092143361212,0.2567744718422567,2.955475600866456,0.7844921465475464,14.006794745460272,11341.696999999996,1.2858013020990566,564.0
0.07291666666666666,1.2774816591771807,1.8884232700174475,0.2643839064379816,2.954568860461866,0.7844605630108725,13.906497319944137,11341.696999999996,1.2904555596504697,564.0
0.08333333333333333,1.3124375746002603,1.9446843999480423,0.2735034271969611,2.953035152638091,0.7844078823485263,13.791159887439303,10438.525999999998,1.2921254104343063,564.0
0.09375,1.3517519258948671,2.010078833305825,0.2851717808348542,2.950594306091668,0.7843256795498927,13.691666446612238,10029.963000000003,1.2966712092342951,564.0
0.10416666666666666,1.3908157178105278,2.078719269884271,0.29886003527018823,2.9468078953338317,0.7842009473654268,13.626750584073099,10029.963000000003,1.3037819143415852,564.0
0.11458333333333333,1.4391707276127752,2.158821818770161,0.3147659441648754,2.9417273251187877,0.7840372835606662,13.553514376623852,9240.660900000006,1.3071078357493526,564.0
0.125,1.490610457980632,2.24498414110037,0.3338999832379369,2.9350059906257697,0.7838253607500237,13.493777014826858,8888.806599999996,1.31431093056982,564.0
0.13541666666666666,1.5406638746766803,2.3304355650419746,0.35545281178517496,2.926085617055105,0.7835498303517415,13.460366460940522,8888.806599999996,1.325006754756492,564.0
0.14583333333333331,1.5976200385862314,2.4224519089677523,0.37943944867489604,2.915450236875491,0.78322732260478,13.423964012336159,8270.458299999998,1.0151642287067162,564.0
0.15625,1.6573374436304433,2.5176985545079353,0.4071823143692814,2.9027014200875585,0.7828465989916903,13.398642380589079,7999.558900000004,1.0036758936980739,564.0
0.16666666666666666,1.7156667037657714,2.610414704312126,0.4377912719110638,2.8872390138245896,0.7823903829460982,13.39209020467643,7999.558900000004,0.9927731492965405,564.0
0.17708333333333331,1.780612091085705,2.708800059668964,0.4718350666249894,2.8698227300504136,0.7818806904604315,13.38674422687981,7586.802899999995,0.9820113770502112,564.0
0.1875,1.8477891474402532,2.8083854681709792,0.5107319437055131,2.8495575133612987,0.7812899332001991,13.394955667993624,7573.46560000001,0.970890284108492,564.0
0.19791666666666666,1.9130173747219896,2.9035496729595285,0.552214955402817,2.8262427464158457,0.7806099556350344,13.414020171913133,7573.46560000001,0.9611957315340025,564.0
0.20833333333333331,1.9770437614484626,2.99243953563406,0.5957639240525632,2.799048616452137,0.7798127489534878,13.4466607488022,7759.974900000001,0.9528857919912332,564.0
0.21875,2.0390133733235056,3.0735891618610185,0.6388446898710574,2.7680543563058393,0.7788950138795128,13.486268286051379,7844.75940000001,0.9460436896848679,564.0
0.22916666666666666,2.095571620328701,3.145002442130115,0.6797075074192321,2.733484564647969,0.7778563144814309,13.527332229788314,7844.75940000001,0.9398004630956922,564.0
0.23958333333333331,2.1455571251764334,3.206080590841997,0.7172948650542594,2.69567013436876,0.7766986279188826,13.565625502256625,7779.887199999997,0.9332164493882293,564.0
0.25,2.1868546976813605,3.254406322889306,0.7496996919305484,2.6547140371300473,0.7754165599876642,13.600133233636686,7722.180100000001,0.9266960147275002,564.0
0.26041666666666663,2.2213193287896686,3.292146619298209,0.776861379441188,2.6104557071308916,0.7739956197674026,13.632208658667137,7722.180100000001,0.9205212049147489,564.0
0.2708333333333333,2.2326064868499222,3.3013632331159384,0.7951281285780322,2.5561748382013003,0.7721995856485634,13.694326722534054,8803.596099999995,0.9174409151606243,564.0
0.28125,2.2251257883409563,3.2789339880721435,0.7942397002352406,2.4893234328329172,0.7699028822171761,13.79515014220288,10092.543000000005,0.9237832329217921,564.0
0.29166666666666663,2.224322075908353,3.253853497754382,0.7785948883676699,2.41809788842711,0.7673486460237692,13.88947850078964,10092.543000000005,0.934286711397931,564.0
0.3020833333333333,2.192469240584887,3.1857463243449176,0.7508202014777595,2.3207404930921802,0.7636714116640262,14.097545842502921,13040.005000000008,0.9442281514613572,564.0
0.3125,2.1440011825165,3.0834234001065925,0.6920518917294264,2.2046148347416774,0.7589937038571909,14.404809460426998,14851.551999999996,0.9761755095927428,564.0
0.32291666666666663,2.121904227065755,2.998274994596782,0.6302975581223125,2.0856826165880156,0.7538588683751636,14.68332513416102,14851.551999999996,1.0044980599331468,564.0
0.3333333333333333,2.0007907967396523,2.852385683113957,0.5629740999886175,1.9366867042816123,0.7468959908736224,15.184107484021272,18719.203999999998,1.0287830635024722,564.0
0.34375,1.845917814681308,2.6980634443184113,0.49660641634452357,1.7790318606948463,0.7387755424678988,15.838061991212316,20962.467000000004,1.3752954493093643,564.0
0.35416666666666663,1.7663610259485112,2.6035583009772667,0.45392478425859883,1.6415505767609269,0.730797652284242,16.33605883319533,20962.467000000004,1.3193372314532312,564.0
0.3645833333333333,1.519290525248754,2.4495580379579107,0.4224456251741267,1.5147634123395715,0.7217379658069162,17.337403651106243,26876.861000000004,1.3387483953523167,564.0
0.375,1.2734142675203193,2.2841567551507675,0.3871545303032901,1.472524412029907,0.7147979336112946,18.558744102118148,29777.14,1.361299675012023,564.0
0.38541666666666663,1.1271200644705828,2.162273801235825,0.35757129500674373,1.5716784821043734,0.7128447228034367,19.303971928857013,29777.140000000014,1.4023345485109757,564.0
0.3958333333333333,0.9753177617937916,2.0230987011764676,0.32928479986573905,1.863249090372843,0.717672778353515,19.856169028069,31445.100000000006,1.4450656099538346,564.0
0.40625,0.8714127211532064,1.8958293977098355,0.30109230342236615,2.351293916926375,0.7299838894769455,19.981603901448352,30819.38399999999,1.777988008117371,564.0
0.41666666666666663,0.7871356171169974,1.7787048638034202,0.27704345802658936,3.0347312788506056,0.7496343518696902,19.918609282355686,30819.38399999999,1.7463264111724026,564.0
0.4270833333333333,0.7379884378420407,1.6776204628033875,0.2551075500717143,3.8401962739517024,0.7741384056950152,19.5345641236693,29175.235,1.7254918643207457,564.0
0.4375,0.6955668911495989,1.5770064321291637,0.23566333579449059,4.7444001548881465,0.8023381565002248,19.106947594654578,28491.344000000012,1.7143758698780527,564.0
0.44791666666666663,0.6502709559288526,1.479989522545203,0.2187660500958257,5.728636646273126,0.833245656695621,18.798557430144598,28491.343999999997,1.7074956476588188,564.0
0.4583333333333333,0.6383936099567316,1.408738179654785,0.2047541067466404,6.70159765273786,0.8635819430650267,18.385853336296208,27019.802999999985,1.7010054650485065,564.0
0.46875,0.6317465621154176,1.3470361755686195,0.19325523917094906,7.6442522471529575,0.8924021281067772,17.953689680093447,25992.068,1.697722962330748,564.0
0.47916666666666663,0.6125911809290921,1.2845756390822203,0.1833906303879619,8.567967397110497,0.9197226353182313,17.662066209672002,25992.068,1.6968018485262395,564.0
0.4895833333333333,0.6171999272909038,1.2415323832447627,0.1748293140415299,9.355251376989626,0.9419513160459405,17.11389681103644,23094.035000000003,1.6936622175353513,564.0
0.5,0.6147931757800589,1.1955523412049744,0.16751222804873844,10.057064688379814,0.9606368620261393,16.572247344988803,21781.371,1.6953353861102505,564.0
0.5104166666666666,0.5993847682884103,1.1446352097028831,0.16086008502860397,10.710452977588135,0.9767506098833032,16.21346688666236,21781.371000000014,1.7005986046298858,564.0
0.5208333333333333,0.5959978853864485,1.102458784926969,0.1547606789380467,11.27478166531586,0.9893435844187867,15.864085625562405,20503.47,1.7021005822092246,564.0
0.53125,0.591483422376101,1.063000574849849,0.14954659833596018,11.781920561218953,0.999254191502662,15.629729363440408,20381.862999999998,1.7083474150751807,564.0
0.5416666666666666,0.5813644724209485,1.0267483427262303,0.14499244360781838,12.23123949046691,1.0065073024171685,15.498369081066482,20381.862999999998,1.7143783858842843,564.0
0.5520833333333333,0.5816650092116703,0.998635103259681,0.14114460175587631,12.61757755589388,1.0110977879902991,15.432135127569408,20279.108999999997,1.7176218188784662,564.0
0.5625,0.5847616234827282,0.9773204399767718,0.13805794347170383,12.93802672512981,1.0131418961505305,15.390845675787682,20080.722999999998,1.7200559150721686,564.0
0.5729166666666666,0.5819406693448628,0.9587782211156692,0.13558428356059885,13.19519234977525,1.0128447586543583,15.376670309183876,20080.722999999998,1.725380625514347,564.0
0.5833333333333333,0.586333039312075,0.9449307837520462,0.13351216011932593,13.38585198538838,1.0104792994725502,15.348341837595372,19738.831000000006,1.7268035529127541,564.0
0.59375,0.5906218876431435,0.9338698626391394,0.13188748021544475,13.51493098887351,1.0063505160383026,15.325648539148379,19625.196999999986,1.7305691605701727,564.0
0.6041666666666666,0.5900793958640175,0.9242070533314029,0.13061611529532202,13.58530632958148,1.0007530038718735,15.31917395763018,19625.197,1.735034337594717,564.0
0.6145833333333333,0.593338389856116,0.9171860886676619,0.1295633000394631,13.599700585022887,0.994084992184827,15.309732159442394,19442.693,1.7363548997935687,564.0
0.625,0.5966503795098382,0.912789522599265,0.12884009019793094,13.562681773937886,0.9866578971285456,15.304564310417296,19378.621,1.7390886301509827,564.0
0.6354166666666666,0.597364278018486,0.9102487629671778,0.12841951670158605,13.478526085636272,0.9787688563767996,15.307714617756563,19378.621,1.7427324092323264,564.0
0.6458333333333333,0.5978194085630589,0.9088925062008943,0.12825633829164812,13.346417551921647,0.970408140080567,15.393920312399326,20094.896999999997,1.7508495738074978,564.0
0.65625,0.5990742064973945,0.9116737480694747,0.128467648087445,13.16757901453621,0.961860499142391,15.557396055692605,20769.915000000008,1.7507552736421579,564.0
0.6666666666666666,0.602331941044158,0.9191464642192673,0.1290460275758458,12.951790454419159,0.9536464103780666,15.699722466205502,20769.915000000008,1.7409895582704167,564.0
0.6770833333333333,0.6007927030954295,0.9268992739649922,0.13001714665333,12.689309273874152,0.9454955174395068,15.931643984584603,22040.309999999998,1.7473009972064808,564.0
0.6875,0.5943473607002903,0.9370503977612078,0.13123824668699408,12.392382373144335,0.9379044527888106,16.18063735901747,22583.020000000004,1.739081035237267,564.0
0.6979166666666666,0.5933459820916773,0.951103738647249,0.13276088954893794,12.075671745124428,0.9311975702662423,16.35819790609765,22583.02000000002,1.727770585316986,564.0
0.7083333333333333,0.5665912992275947,0.9560060574826071,0.13416968084237207,11.733928724440522,0.9252279004200128,16.56543138457492,23575.612999999998,1.7281118267039843,564.0
0.71875,0.5384504830976317,0.9588107710880337,0.13540494689519103,11.382568770510506,0.920261288586259,16.790483771664395,24223.945999999996,1.7217489851157566,564.0
0.7291666666666666,0.5247315504781623,0.9656195640244701,0.13663547808755974,11.043587317075497,0.9165245915644693,16.940916244161876,24223.945999999996,1.7122572313515498,564.0
0.7395833333333333,0.5060643781455421,0.9660436209979693,0.13777318116638018,10.705573309029104,0.9138879678562298,17.267148923857906,26217.060999999987,1.7168097901759891,564.0
0.75,0.4964597714014837,0.9697738218398825,0.13874450388217438,10.403143340862274,0.9126898688497345,17.665048317841414,27172.428,1.7078522639487785,564.0
0.7604166666666666,0.4949689923526546,0.9780689736587956,0.13973772692174824,10.164489147446405,0.9130186290624422,17.923332481545874,27172.428,1.6965395773671543,564.0
0.7708333333333333,0.49287908415217063,0.9826513692636049,0.1409181437129555,9.990528687297031,0.9150491537000635,18.376051616609654,29628.511,1.700673585198247,564.0
0.78125,0.5009734496422025,0.9947733170897161,0.14228015245846046,9.91404847878515,0.9189417033544044,18.91482745432815,30989.501000000004,1.715325170248222,564.0
0.7916666666666666,0.5116978293244311,1.0118678771930718,0.14378871195907666,9.94679684387245,0.9245392265863487,19.204141220793165,30989.501000000004,1.7333919515680996,564.0
0.8020833333333333,0.5273901645425026,1.029570180676089,0.14582172777039168,10.09425266619296,0.9322964176746253,19.64714249578298,33144.182,1.760249816102176,564.0
0.8125,0.548240988561505,1.053667117709804,0.14795890975799533,10.342676337337352,0.9418727750955993,19.963446476558868,33480.32100000001,1.7831336805020905,564.0
0.8229166666666666,0.5640169302640137,1.0762263229438163,0.15008501872612756,10.664744331429048,0.9530886621696826,20.094915837562205,33480.320999999996,1.801414273079441,564.0
0.8333333333333333,0.5797335876255222,1.096904498321641,0.15214037286332988,11.032786212276516,0.9659137819344477,20.148538505916072,33720.929000000004,1.8172740249949466,564.0
0.84375,0.5955365595062772,1.1165694589210429,0.1539767235656529,11.4111673009093,0.9800049060824924,20.10256323939829,33523.587,1.8292221232566035,564.0
0.8541666666666666,0.6059197020785118,1.1315656012227358,0.15551604286797027,11.773501167459472,0.9951771559294734,20.03180875399736,33523.587,1.839170504275018,564.0
0.8645833333333333,0.6226246119645695,1.148160044352042,0.156654560078834,12.08436496476471,1.0104827118657882,19.753617005512215,32260.271999999997,1.8422911616848214,564.0
0.875,0.6356551574254681,1.1595799609233466,0.1575039219686321,12.33621990803302,1.0257616630004975,19.429095177125397,31559.168000000005,1.8430484022729365,564.0
0.8854166666666666,0.6413652328357528,1.1643503029179878,0.15799971323290551,12.525477169963102,1.0409306539277168,19.213065530370155,31559.168000000005,1.8446063238505777,564.0
0.8958333333333333,0.658568561091391,1.1738261983374298,0.15785050545789459,12.63856909538588,1.0543428376485229,18.67940203863783,28878.224000000017,1.8356156424692225,564.0
0.90625,0.6694334614329904,1.1744978959547052,0.15730829043527322,12.691220161558638,1.0662736753838353,18.0771433044149,27241.343999999997,1.823444451585604,564.0
0.9166666666666666,0.6688144096170534,1.1648021223669756,0.15639711460798497,12.692171258039863,1.077215516678442,17.691682158400923,27241.343999999983,1.8147647906489381,564.0
0.9270833333333333,0.6789601017044061,1.1599600920312552,0.15483089411211048,12.651046699000354,1.0859155928291342,17.091255866836768,24300.58,1.7957565947572631,564.0
0.9375,0.6814032694223717,1.1473149047517717,0.15315507248688753,12.577901703074856,1.0930310375529408,16.525852280338967,22931.032000000007,1.775316547906519,564.0
0.9479166666666666,0.675330645923279,1.1282391224435913,0.15133312786295192,12.473487721063782,1.0989209490614384,16.168800430549062,22931.032000000007,1.7585415473655397,564.0
0.9583333333333333,0.6788154565559097,1.1155234262169746,0.14928879905449477,12.355080360584015,1.1030265272014277,15.702775512730097,20551.78,1.7333471344204245,564.0
0.96875,0.677172665699547,1.0996084674344377,0.14744197978340304,12.22276077333696,1.1057868241447302,15.284513417775699,19466.983000000007,1.7068123944113391,564.0
0.9791666666666666,0.6701070448166857,1.0809470838972113,0.14568622718188154,12.072171552329294,1.1073537739874146,15.02079885131608,19466.983000000007,1.6833357422891702,564.0
0.9895833333333333,0.6698618056453347,1.0685081445583844,0.14390718042033251,11.924136800814242,1.1076724514969798,14.665053364373144,17289.589999999997,1.6697058314389919,564.0
1.0,0.6653418234726458,1.054193712159376,0.1424155759454191,11.77258443403786,1.1069909386688077,14.348275327253099,16352.358999999997,1.6761064610744345,564.0
1.0104166666666665,0.6578341279093577,1.038470455256903,0.14106247563050198,11.610555163111373,1.1053078343081915,14.149097887924919,16352.358999999997,1.6866105698430058,564.0
1.0208333333333333,0.6568669341791514,1.028527001106175,0.13995570307332766,11.447135295591611,1.1027344594509172,13.982665316339817,15577.111999999994,1.6918782032374815,564.0
1.03125,0.658859662599762,1.0223097331293813,0.13933294767955964,11.274741838045994,1.0991638651730429,13.90254875711135,15648.909,1.7040379823171197,564.0
1.0416666666666665,0.6614939256534561,1.0199461671215349,0.13904614799788437,11.09486662572061,1.0945817163800937,13.882170895911642,15648.909,1.7150972545184695,564.0
1.0520833333333333,0.67366961386937,1.0260209107411469,0.1394639755899045,10.906334856167051,1.088911348250171,13.919856227098421,15815.47099999999,1.7248892349712737,564.0
1.0625,0.6904118669500268,1.0395591159975357,0.14048457706490752,10.715376175811079,1.0823278869654707,13.959362483274926,15541.122999999992,1.7312427231703915,564.0
1.0729166666666665,0.7055061962606166,1.056692738714208,0.14205642092189275,10.519671764529809,1.0747708458281342,14.008281787676058,15541.123000000007,1.4269358661462272,564.0
1.0833333333333333,0.7258138687301444,1.0813067803751912,0.144254247626701,10.328446125313034,1.0666661879918988,14.009987709422735,14891.758999999991,1.4164961983575857,564.0
1.09375,0.747693201079632,1.110558698891911,0.14711721008454853,10.138199144296903,1.0579773809629602,13.996127141335382,14585.356,1.4051050868064106,564.0
1.1041666666666665,0.769076940947278,1.1423756624983445,0.15048924629335467,9.94535147134605,1.0486303603048874,13.995272140114599,14585.356,1.3942694577527328,564.0
1.1145833333333333,0.7982020110653831,1.1813342881234132,0.154427796078874,9.759785054203498,1.0392307626621191,13.95602121073651,13857.617999999988,1.3821807408481144,564.0
1.125,0.8299695287889136,1.2240361325054367,0.15901873532565425,9.576483982341037,1.0296702771221602,13.910926339222723,13513.619999999995,1.3688678457214467,564.0
1.1354166666666665,0.8608869456456127,1.2683169403158399,0.16411630492257415,9.390552211408835,1.019815793529251,13.886912395358182,13513.619999999995,1.3561884011224075,564.0
1.1458333333333333,0.899558022412248,1.3192536420993393,0.16970677916415894,9.21463506980652,1.01045978266822,13.82099539941552,12585.046999999988,1.341050292715479,564.0
1.15625,0.9391379403064691,1.3726779508727573,0.17594810817694728,9.043827528323606,1.0014428120855285,13.743372874083079,12013.244999999995,1.323544669196127,564.0
1.1666666666666665,0.9770619404383948,1.4262495060899956,0.18275110745585185,8.86981543462593,0.9924104857689837,13.694407214837945,12013.244999999995,1.3067625437177122,564.0
1.1770833333333333,1.021181793738533,1.4857243774548918,0.18994972391283718,8.70806474454115,0.9842167229773247,13.610179498097816,10952.771999999997,1.286773868529761,564.0
1.1875,1.0649976876095266,1.546824133529036,0.19795304753678117,8.549586203666061,0.9764221192768502,13.534887829797956,10527.044000000009,1.2661300422025532,564.0
1.1979166666666665,1.1087399784724254,1.608475777186363,0.206592179582221,8.38798223179614,0.9687429299437141,13.491968195113746,10527.043999999994,1.2707584895824187,564.0
1.2083333333333333,1.1571826707604371,1.6760099749064368,0.21582130352421858,8.23454255889076,0.9617207048039447,13.441275083656183,9805.207999999999,1.2732938680533723,564.0
1.21875,1.2076845386385802,1.7469825144999238,0.22610214511536078,8.083404298630613,0.9550668662801283,13.404060457750916,9483.64880000001,1.2777967677589464,564.0
1.2291666666666665,1.2604975096973996,1.8200346073721068,0.23734293618799687,7.929564781531374,0.9485608247737609,13.392762612594286,9483.64880000001,1.2844760009638188,564.0
1.2395833333333333,1.3175082141934844,1.8987687248624951,0.24944816947572374,7.782732706958833,0.9425945119054508,13.377320651777481,8900.949600000007,1.2873951173729723,564.0
1.25,1.3766331088004364,1.9803736959368017,0.26290669754934615,7.637828727538563,0.9369276608772211,13.3715568605163,8648.544900000008,1.2930948943457787,564.0
1.2604166666666665,1.438022047119168,2.0632176333238914,0.2775977180823775,7.490767637420671,0.9313853948594473,13.383107651532912,8648.544900000008,1.3013620323223491,564.0
1.2708333333333333,1.4971902454858985,2.146358344223915,0.2934338230589402,7.341170854454422,0.92594432071045,13.409270144757702,8673.7016,1.3085832957745618,564.0
1.28125,1.5536319834913555,2.2260922475807496,0.3102020765449313,7.184199244421079,0.9204244932183416,13.456530954682012,8976.779700000014,1.3164187456601417,564.0
1.2916666666666665,1.6140466632518014,2.3036969182954534,0.3271570595798783,7.025137379113906,0.9150016569022206,13.508563302047856,8976.779700000003,1.32027426337634,564.0
1.3020833333333333,1.6543737552522084,2.367006467965729,0.344144545292593,6.848129898527766,0.90913308594447,13.595393331371032,9861.717999999993,1.3328556550133088,564.0
1.3125,1.6671044021246044,2.406722923649577,0.3577901461572884,6.6509059773504315,0.9027522128421558,13.719266750583326,10849.39,1.3409441456232112,564.0
1.3229166666666665,1.693143799956468,2.4380603351406003,0.36708067810116124,6.451468817933618,0.8964154966283816,13.834280275340051,10849.39,1.3284198841263002,564.0
1.3333333333333333,1.5924490855202773,2.409600873469085,0.37022550354167594,6.203755493386696,0.8886297025397376,14.05690052698841,13358.065999999992,1.3546559403991867,564.0
1.34375,1.438430822572376,2.3420084728963455,0.36321853973530843,5.921191673621098,0.8797612673988062,14.380021383649783,15186.387000000002,1.3461836065851234,564.0
1.3541666666666665,1.3528837255518822,2.2913023646777897,0.353329107778891,5.640928291628316,0.870882912759443,14.67044286705573,15186.387000000017,1.3126266318464284,564.0
1.3645833333333333,1.0984703470287487,2.150526710344909,0.33911422926518875,5.249337616971389,0.8582017665260738,15.46953379640966,21978.551000000007,1.3593986286673752,564.0
1.375,0.8698583979254066,1.9857456468734342,0.31450215572545204,4.835569201498702,0.8442853824102432,16.716300219772577,25749.380999999994,1.348453151909288,564.0
1.3854166666666665,0.7481260473894682,1.8631914158554614,0.29107391426059664,4.5050990281179875,0.8325696591594435,17.684047293246003,25749.38100000001,1.3762275986068215,564.0
1.3958333333333333,0.615280727315058,1.7072645593198141,0.26733628035189083,4.273928749041051,0.8234864040422064,18.767617843226308,29596.300000000003,1.4239320418476198,564.0
1.40625,0.5329893293814045,1.5697649905371878,0.24341335778165393,4.242379125771315,0.8204965203989744,19.567983497762736,30070.78,1.8009790348776042,564.0
1.4166666666666665,0.4765675535433392,1.453502592021814,0.2233028741603354,4.436756389806645,0.8244018300314627,19.896913210530727,30070.78,1.7505208804714647,564.0
1.4270833333333333,0.44215357052232945,1.3501459641970286,0.2056957786305654,4.85412547267473,0.8347903711274388,19.920283093242954,30129.884999999995,1.7246880017910782,564.0
1.4375,0.4238144217327842,1.264536869034158,0.19068462830662025,5.453040410050499,0.8499479194041568,19.72012477214634,29460.895000000004,1.7077190446826722,564.0
1.4479166666666665,0.40488937231467137,1.1864651862531295,0.1781205760811925,6.2020056081231605,0.8682587811075811,19.51076275868574,29460.895000000004,1.7007591295365112,564.0
1.4583333333333333,0.41065135365158895,1.1387866602950143,0.1682643767514531,6.995531361793426,0.8864234080674697,19.04191758838339,27486.097999999998,1.7002198864420581,564.0
1.46875,0.418294925954885,1.0968621900483735,0.1603357705885288,7.810752786903962,0.9034484258845756,18.547717561818086,26527.043999999994,1.7014949378469668,564.0
1.4791666666666665,0.41568332086449244,1.051466413939487,0.1534322567802642,8.640593878455272,0.9187942435110615,18.20557215767623,26527.04400000001,1.7058320300732497,564.0
1.4895833333333333,0.43185263237079574,1.0235236419223597,0.14777407206992402,9.416423044392783,0.931078395385545,17.82011995724579,25251.64,1.704779423068131,564.0
1.5,0.4486907380359404,0.9991939153156559,0.14314770834246285,10.140264542292835,0.940499034831592,17.48721582056663,24713.498000000007,1.7029837148931353,564.0
1.5104166666666665,0.4533977785458816,0.9719353023065961,0.13907835375212654,10.811101676474355,0.9472005852938481,17.270084047111666,24713.497999999992,1.70291640387322,564.0
1.5208333333333333,0.4735827903905619,0.9557991877523916,0.13561201948532936,11.382738724756775,0.9510661353169646,16.969803882465143,23338.492,1.6968358826537318,564.0
1.53125,0.49153048993009313,0.9398517915142933,0.13266592068103802,11.869832752083173,0.9526539650288641,16.675201959929,22617.853999999992,1.6891891974062454,564.0
1.5416666666666665,0.4963210869334699,0.9198736525029396,0.12998820219123244,12.284018957406131,0.9522842772552951,16.47993442415929,22617.854000000007,1.6836309184465563,564.0
1.5520833333333333,0.511229064840234,0.9053453349138044,0.12748047089573214,12.603230741955558,0.9503111873431096,16.219125957228677,21329.895000000004,1.6771464909993488,564.0
1.5625,0.522391664106856,0.8901665184897395,0.1252212810796863,12.841395645157982,0.947100981158282,15.94239276877168,20422.119000000006,1.6786026220052015,564.0
1.5729166666666665,0.522729037559656,0.8719866270915242,0.12314966605128384,13.01261414236125,0.9427459196344607,15.757928689376696,20422.119000000006,1.6822336229564818,564.0
1.5833333333333333,0.5283080211642048,0.8569727524464762,0.1210506567574009,13.11101875938464,0.9378758098703023,15.474818146142189,18696.619000000006,1.682209738704949,564.0
1.59375,0.529043459104614,0.840278829566117,0.11914102419431298,13.154298342136046,0.9324939676319876,15.209499274463392,17986.770000000004,1.6855377030638423,564.0
1.6041666666666665,0.5239774835311682,0.8225832652784214,0.11737655360711474,13.149103329017825,0.9265130121500574,15.034527412307554,17986.77000000002,1.6915277683552619,564.0
1.6145833333333333,0.5218769600724287,0.8072719308779952,0.11562528813218263,13.102141962674859,0.9204001449874573,14.840465847100393,16927.254,1.6933216775378919,564.0
1.625,0.5180345269779241,0.7927029382626568,0.11408346206298252,13.019576818667911,0.914044347618188,14.67761182831554,16479.997000000003,1.6984141430177517,564.0
1.6354166666666665,0.5121670815162085,0.7792589644522795,0.11275008534080114,12.903139046893624,0.9073238692998556,14.578227100655539,16479.997000000003,1.7063568335531372,564.0
1.6458333333333333,0.5059272690829651,0.767528848721087,0.11147267509542472,12.763877473873416,0.9006417580982398,14.459565571511778,15617.421000000002,1.709446576523607,564.0
1.65625,0.49663098255437516,0.7562419212663786,0.11037661843246803,12.603364391077946,0.8938567751293233,14.355500960962651,15211.587999999989,1.7165237965298692,564.0
1.6666666666666665,0.48819053731706835,0.7463040439286093,0.10946879613102628,12.420417986312584,0.8868126576553452,14.29496531570719,15211.588000000003,1.727220843024666,564.0
1.6770833333333333,0.475215999492959,0.7363381263145917,0.1085750511907837,12.22455538953033,0.8797817319474329,14.231565572881847,14680.725999999995,1.732822819588765,564.0
1.6875,0.4575260373408559,0.7253217197786688,0.10777765134555037,12.008571516662496,0.8724340273205213,14.217853791287986,14888.841,1.4297859591370725,564.0
1.6979166666666665,0.4452120004674663,0.716578951021218,0.10709156131584306,11.777273604811574,0.8648896884693899,14.230817910433785,14888.841,1.4236769106651124,564.0
1.7083333333333333,0.42027593614361974,0.703860725053269,0.10634615797013433,11.52033188963471,0.8567822252533439,14.32255215095114,15648.058000000005,1.4202402687893756,564.0
1.71875,0.39476482847249633,0.6905659083876398,0.1055655727245649,11.238930683326966,0.848128316503098,14.486004389679962,16423.921000000002,1.4216023117426722,564.0
1.7291666666666665,0.37968832143001924,0.681428027547774,0.10488592264825168,10.95005446656872,0.8393992692153265,14.641476997518735,16423.921000000002,1.4245825781580805,564.0
1.7395833333333333,0.3582037553425196,0.6685092679919732,0.10434859514538201,10.597604366187698,0.8288417872751568,15.08416415271452,19927.45599999999,1.4340633655003312,564.0
1.75,0.34609047020876665,0.6625408469080645,0.10401684280630874,10.22175656188696,0.8175266273806865,15.73327051643515,21867.527000000002,1.7792031675417008,564.0
1.7604166666666665,0.3433221023589822,0.6647861095289319,0.10405902248614521,9.874132265757874,0.806795509155043,16.27938849135702,21867.527000000002,1.7370611466820798,564.0
1.7708333333333333,0.34010098242562914,0.6666851604466113,0.10452166592133563,9.534052576159398,0.7957036923523694,16.958108778762217,24910.830000000016,1.7426237338684571,564.0
1.78125,0.34517900742534874,0.6756691904561051,0.10528129606358688,9.263539457519684,0.7858794521004031,17.61477317044257,26069.742999999988,1.721097982468189,564.0
1.7916666666666665,0.3522766770600985,0.6882403541462627,0.10628042168441844,9.095420431149838,0.7783371489661964,18.020951633580214,26069.743000000002,1.7013873899447518,564.0
1.8020833333333333,0.36188477585925594,0.7007304372709875,0.10751780786239414,9.034695597808865,0.773182504896536,18.40253376780724,27784.030999999988,1.7112616770040727,564.0
1.8125,0.37541283827816563,0.7163776568722776,0.10876779973322617,9.09087826573919,0.7711957328579745,18.592316482101268,27735.900999999998,1.7308375883997038,564.0
1.8229166666666665,0.3851645329141591,0.7299296504213904,0.10996805562712675,9.250055060639665,0.772347345230858,18.645232217400572,27735.900999999998,1.750081703802498,564.0
1.8333333333333333,0.39744743538087546,0.7428050037951578,0.11096816561562436,9.486078802279108,0.7762738880381165,18.514166463924518,26993.845,1.763258832526012,564.0
1.84375,0.40836236090932243,0.7522954970423975,0.11171509401739621,9.775929123615908,0.7824494793835431,18.288735793512117,26397.107000000018,1.77228172735138,564.0
1.8541666666666665,0.41406074223653827,0.7568928440742971,0.1121809716274517,10.106683374093105,0.7905033834185566,18.104028007144326,26397.107000000004,1.7808898165430314,564.0
1.8645833333333333,0.42651555746875053,0.7627626642426641,0.11234384452751685,10.440502388778917,0.7993492948444982,17.757133787612,24801.014999999985,1.7807893498145722,564.0
1.875,0.43636563726573413,0.7644218033843055,0.11227721610756719,10.773377298086798,0.8086794607056129,17.392384739780287,23982.72999999998,1.7781713717327818,564.0
1.8854166666666665,0.43985024449628785,0.7612223473926488,0.11196485572421346,11.106934919404392,0.8183963512131254,17.139154281671665,23982.729999999996,1.7771758014429233,564.0
1.8958333333333333,0.4497678522897248,0.7600717676684718,0.11143641057428628,11.41053688195308,0.8274674154234365,16.775844967018998,22282.231,1.7685706465217903,564.0
1.90625,0.4567023146233879,0.7558246246931799,0.11080716105341938,11.69197448027408,0.8360055743355858,16.42657943771835,21465.906000000017,1.758520410723637,564.0
1.9166666666666665,0.4577888127176124,0.7481541615610945,0.11005060474708159,11.958130330010839,0.84414543315782,16.192646803463838,21465.906000000003,1.7508227024782292,564.0
1.9270833333333333,0.4640071786473948,0.7429432138014587,0.10922425965057563,12.19009720722609,0.851257193832568,15.90662697778774,20115.14,1.7377236719464686,564.0
1.9375,0.4692644319960959,0.7368667976145513,0.10845196833819526,12.39735086911438,0.8576015136449515,15.665166903383572,19646.975000000006,1.7247630305255996,564.0
1.9479166666666665,0.4703245012135399,0.7294727917263765,0.10767061865591672,12.582759312038135,0.8632528622979774,15.511383248569686,19646.975000000006,1.7138791818045747,564.0
1.9583333333333333,0.4788972590821302,0.7258795372337983,0.107017274806093,12.738544713984302,0.8679756572445083,15.358910543399803,18963.479999999996,1.7008522319920443,564.0
1.96875,0.48776267105842014,0.7234356787128631,0.10651849366998398,12.867261769704292,0.8718624707985426,15.233042242088194,18626.771000000008,1.6878606754278718,564.0
1.9791666666666665,0.49215540678933056,0.7205516706587342,0.10610201405121224,12.970068068618042,0.874973215619761,15.159616215071814,18626.771000000008,1.6765334070756615,564.0
1.9895833333333333,0.5003520945651647,0.7205725865619341,0.10581397708046038,13.042468937356352,0.8772039785529526,15.039936479378788,17710.323999999993,1.6761521902576257,564.0
2.0,0.506956963710392,0.7208190131850932,0.10566547221568694,13.088524816124355,0.8787114561847318,14.92424191213842,17300.496,1.6791354477366855,564.0
2.0104166666666665,0.5102043187111301,0.7204841185333277,0.10557750630153134,13.10982130129,0.8795825560211586,14.85262841052169,17300.496000000014,1.6836421700592434,564.0
2.020833333333333,0.5162378649157126,0.7225246799183048,0.10553811599862228,13.107527621988725,0.8798546182588088,14.699249848276747,15923.784,1.684445107207088,564.0
2.03125,0.5202240774274526,0.7239344770400608,0.10557409965295018,13.086314983586457,0.8796771549977782,14.517650207788417,15027.649000000005,1.6882562065201243,564.0
2.0416666666666665,0.5214195786689636,0.7239749115446026,0.10564447348189374,13.046920884464203,0.8791065297332434,14.39248211913032,15027.649000000005,1.6955238923309612,564.0
2.052083333333333,0.5248197097475159,0.7259792055385574,0.10568843064633159,12.996780282445092,0.8782863060666375,14.196385974786375,13395.233999999997,1.6982073705510499,564.0
2.0625,0.5265897625550411,0.7273383253982358,0.10582703366822466,12.936647613413108,0.877254365719909,14.011212042373279,12658.126000000004,1.7063489322003789,564.0
2.0729166666666665,0.5271894845565431,0.7280967173016542,0.10601075948019831,12.864365909925228,0.8759809016896984,13.88978791493037,12658.126000000004,1.7198195280694677,564.0
2.083333333333333,0.5304677302792241,0.7315810970387175,0.1062398304313294,12.789508911630596,0.8746387755981618,13.739824754864433,11336.381999999998,1.728188938964739,564.0
2.09375,0.5334582681785698,0.7358109292089025,0.10664522490358631,12.709358740978006,0.8731818183444066,13.616598194702544,10812.686000000005,1.4117055945173407,564.0
2.1041666666666665,0.5363898890812194,0.7406710060070244,0.10717627756025978,12.620820499482445,0.8715511491125083,13.545459406365078,10812.686000000005,1.3943101052757085,564.0
2.114583333333333,0.5424840999684346,0.7489088128470107,0.10789595045423377,12.529252583668685,0.8698421626423034,13.488094416230622,10254.646999999997,1.377019885115204,564.0
2.125,0.5502142309507077,0.7597498612241319,0.10888339039781852,12.432285962742016,0.8680078192406826,13.459573491231053,10070.642999999996,1.3587850340676484,564.0
2.1354166666666665,0.558796909936129,0.7727561527477549,0.11010283803886728,12.328521250167338,0.8660173132323524,13.46145565918883,10070.642999999996,1.34152947507081,564.0
2.145833333333333,0.5705152450809505,0.7898145612147036,0.11162474919927547,12.222484938286684,0.8639547689894921,13.46890043539174,9687.937000000005,1.3244377929985525,564.0
2.15625,0.5838008892145966,0.8099945928884753,0.11347906600955261,12.112964729681716,0.8617959841204724,13.486320215037077,9487.37159999998,1.3061671549000937,564.0
2.1666666666666665,0.5980209860660384,0.8325670127288064,0.11563073781171179,11.998090987404279,0.8595032552249967,13.518640796483497,9487.371599999995,1.2884118600662544,564.0
2.177083333333333,0.6147249071581368,0.8591543430797762,0.11812207677806852,11.882624250411222,0.8571729134057545,13.547903197884661,9142.154600000009,1.270841162570161,564.0
2.1875,0.6328457848859367,0.8889252545205334,0.12098134449450496,11.765499345429454,0.8547871124031334,13.578995204764775,8939.565700000006,1.2689527442960615,564.0
2.1979166666666665,0.6524830695657824,0.9212917636804233,0.12418702669261245,11.644543653342888,0.8523054781893401,13.618608847723552,8939.565700000006,1.2740298039208087,564.0
2.208333333333333,0.6740153051802424,0.9577948613595606,0.12776479950582253,11.52559439129517,0.8498535184931114,13.650098759638817,8551.084000000006,1.2762132080483781,564.0
2.21875,0.6973231802929247,0.9977295864613173,0.13180118661590276,11.405229895856108,0.8473677673494796,13.684792314766868,8452.037500000006,1.2805070253128705,564.0
2.2291666666666665,0.7236490080146134,1.0410828082981938,0.13627170825561882,11.282412796756367,0.844834602065034,13.725325092421935,8452.037500000006,1.2851439369423938,564.0
2.239583333333333,0.7537621607347135,1.0895482546526098,0.14136866175957222,11.153520936023508,0.8421894575136949,13.779399779220517,8716.152000000002,1.2905522401296152,564.0
2.25,0.7894501825146676,1.1442946038300155,0.14713813313345464,11.019530393824475,0.8394660996866752,13.842078342386433,8924.282000000007,1.2938879806123393,564.0
2.2604166666666665,0.8301798310917132,1.2049412854399644,0.15358642886812543,10.883803377632034,0.8367486938070638,13.902708106425548,8924.282000000007,1.2944984879449428,564.0
2.270833333333333,0.8729981642514029,1.2709627842027464,0.16124515028460282,10.726091584285557,0.8336630229030976,14.008045040592915,10251.746,1.3089582958776278,564.0
2.28125,0.9213693663497546,1.3453265766667448,0.1700090328931692,10.5482650852899,0.8303055385325872,14.156091950818483,11437.746,1.3113791455845139,564.0
2.2916666666666665,0.9798971189413744,1.4293231156641135,0.1796906364930821,10.368846761870543,0.8270828507347701,14.29083035747134,11437.746,1.2971693943906422,564.0
2.302083333333333,1.0274542523282775,1.5150369522707425,0.19151808795061456,10.14854423871653,0.8234020690737589,14.530595674510597,13940.152000000002,1.3144139251600944,564.0
2.3125,1.0587768882150235,1.6027172232928368,0.204203058487734,9.907071963347397,0.8197791956791259,14.829068090160558,15200.364000000001,1.3055501272504446,564.0
2.3229166666666665,1.1072281612793313,1.6970370837255595,0.21769743075950376,9.66546970454596,0.8166439984927328,15.076609655992959,15200.364000000001,1.2870861868535375,564.0
2.333333333333333,1.0528215815454152,1.758675307115178,0.2318092196885,9.386469648546903,0.8136977031059407,15.43792227471274,17689.477,1.30053514751915,564.0
2.34375,0.9696003317354387,1.8010348211396947,0.24429734470998987,9.089231655053286,0.8114375168860123,15.871717929594306,19302.097999999998,1.3286603994321802,564.0
2.3541666666666665,0.9386138676409286,1.85062834531384,0.2556921719099121,8.806773897515745,0.8102701702051492,16.19417965539108,19302.097999999998,1.357070983975143,564.0
2.364583333333333,0.8021183367510613,1.8268745944807783,0.26337156006742496,8.486662156660552,0.8105508049692601,16.94291183457604,24423.070999999996,1.395565722153464,564.0
2.375,0.677503767751491,1.7663920667798512,0.26156880044444164,8.210975602263854,0.8135392259450541,17.997869711838845,27005.443,1.4567045626283777,564.0
2.3854166666666665,0.6115308626151571,1.7136242552870364,0.2552589374786197,8.054916459438216,0.8198953121354543,18.72877552823939,27005.443,1.7578689366019185,564.0
2.395833333333333,0.5310555429148933,1.616836487706477,0.24397479000584188,8.0627819775614,0.8315151136398828,19.411688183272222,29922.42199999999,1.739134826385163,564.0
2.40625,0.4851413350841759,1.5226932412668466,0.22922358101805565,8.296329007412478,0.8487251882432786,19.87347387101434,30502.929999999993,1.720574217646584,564.0
2.4166666666666665,0.4551734275514039,1.43980379227201,0.21515520823565587,8.764607479597698,0.8712103513763643,20.028026811621224,30502.929999999993,1.7409762966039248,564.0
2.427083333333333,0.4427960552592051,1.3641941808715379,0.20193049286706566,9.45594252136157,0.8983990563674901,20.033089704123096,30775.22099999999,1.7680312191791394,564.0
2.4375,0.4402514915303553,1.3005019513354017,0.18995833503578075,10.301754850913596,0.9278258136865428,19.82681661357393,29962.477,1.7881671890852318,564.0
2.4479166666666665,0.4309089972314772,1.2367085750642204,0.17947849951337128,11.267427654741374,0.9584340953418158,19.620834243421054,29962.477,1.806459430838353,564.0
2.458333333333333,0.43917640273723724,1.1942659617008167,0.17064418767733003,12.224701363027595,0.9863586425960229,19.139436762041772,27873.54699999999,1.8122082229668406,564.0
2.46875,0.4453223408269824,1.15155058715091,0.1630592072170686,13.156910944729356,1.0114039192418787,18.625021252005393,26808.064000000013,1.814245391728626,564.0
2.4791666666666665,0.440933020923251,1.1034470052353689,0.15618619610580078,14.064497966852601,1.0336540795892464,18.274503794476058,26808.064,1.8180013071609966,564.0
2.489583333333333,0.453875675026307,1.0717166737055743,0.15021249104181797,14.85737667373489,1.051145609702122,17.796538926987196,24843.19399999999,1.8130562658233962,564.0
2.5,0.4645460065981721,1.0397702143906404,0.1450635648975684,15.559641215385833,1.0648242876015865,17.354973972951292,23954.593999999997,1.8069391978628446,564.0
2.5104166666666665,0.463913967759508,1.0037649498111985,0.14037612624316537,16.187825481034658,1.0752275990807314,17.067138221829527,23954.593999999983,1.8034528137331742,564.0
2.520833333333333,0.4766558057515188,0.9786768663353724,0.1361274090187203,16.69028758400691,1.0818659935431185,16.655992663190826,21926.025999999998,1.7917411222737862,564.0
2.53125,0.48455865984715096,0.951736853027393,0.13234991862787193,17.100566646447724,1.0856818301624263,16.2576034999268,20891.193,1.7785526810025027,564.0
2.5416666666666665,0.4818041961259659,0.9210003576953302,0.1288503330341295,17.44223576764737,1.0871343874859087,15.995385901875839,20891.193,1.7684956647363257,564.0
2.552083333333333,0.4860106241258461,0.8956545335727749,0.12550451591334247,17.697618371409593,1.0864557166988038,15.684318320608035,19382.929000000004,1.7528384037477842,564.0
2.5625,0.48596024835835905,0.8694442059780821,0.12254418987095844,17.89395681282154,1.083924610473251,15.475004149913012,19327.924,1.7400056290741066,564.0
2.5729166666666665,0.481553559243503,0.8447768476066653,0.1198668429216088,18.033568518157075,1.079628363105891,15.3550146444854,19327.924,1.7292016596908568,564.0
2.583333333333333,0.4822121684375951,0.8246090281804759,0.11755772648730894,18.119699045424582,1.0735348088964118,15.337106043507383,19675.799,1.721853727428099,564.0
2.59375,0.4854772796974187,0.8102584843300392,0.11571238746143821,18.152382659605106,1.0657825450369043,15.365427448754945,19745.929000000004,1.715885462725598,564.0
2.6041666666666665,0.48584388940797624,0.7992023635869538,0.11429565644788808,18.135025470494575,1.0565228529653263,15.409833350342703,19745.929000000004,1.7108195161041237,564.0
2.614583333333333,0.49126016960430247,0.7916550865198321,0.11312815611464822,18.074427437752774,1.0462263861382033,15.40178622996869,19207.422999999995,1.703597785118088,564.0
2.625,0.49602604303081943,0.7853061350502012,0.11221858190152323,17.97707139839043,1.0350069984343138,15.37203737672553,18942.584999999992,1.696141477200197,564.0
2.6354166666666665,0.4970669402341641,0.7792479043615902,0.11150619320161738,17.847250934187898,1.022931537939035,15.355455618830936,18942.585000000006,1.6898432849958478,564.0
2.645833333333333,0.49822473810525403,0.7738471520030319,0.1109776533304324,17.68133429820478,1.009561389263937,15.4506131744972,19899.646000000008,1.6898632307350934,564.0
2.65625,0.5005287784855477,0.7725266971164019,0.110773090754529,17.479972247077516,0.9950011947023817,15.658576329968733,20961.758,1.6957126733581387,564.0
2.6666666666666665,0.5045841243120572,0.7763200874715528,0.11089126135323919,17.257664195247106,0.9802521721078187,15.838239556431526,20961.758,1.7004631118921356,564.0
2.677083333333333,0.5061549631482986,0.7818517544429674,0.11147836572096084,16.999011278699857,0.964314590767015,16.176610008383367,22835.933000000005,1.7151649867048477,564.0
2.6875,0.5062128977572806,0.7919458926872345,0.11234694322753516,16.726774571751292,0.9486202607282743,16.485270542108342,23193.168000000005,1.7289850394502113,564.0
2.6979166666666665,0.5088076413341823,0.8053638701070666,0.1135443165114966,16.45338923115519,0.9337556851113904,16.691488380276862,23193.168000000005,1.7404062941037677,564.0
2.708333333333333,0.4934950275609885,0.8127569530866013,0.11467564738678047,16.18315421160246,0.9197885864498736,16.852409042142927,23589.235,1.752194615112476,564.0
2.71875,0.4761447178144456,0.817822174231228,0.11566757804114118,15.929998272613702,0.9072291229399264,16.94365479841928,23602.657000000007,1.7620737072062815,564.0
2.7291666666666665,0.46701750673074255,0.8237973224674815,0.11662724673979022,15.703678032930517,0.8962921258561777,16.983118154161502,23602.657000000007,1.770476701698019,564.0
2.739583333333333,0.45491428922198895,0.8251888795448021,0.11715305051942657,15.51851780774174,0.8873651083690478,16.912183925239532,22963.265,1.7743753560594502,564.0
2.75,0.4429321651799831,0.821705482124897,0.11727798391475992,15.378838758001754,0.8803490802644014,16.79146706801511,22570.872000000003,1.7762459566129125,564.0
2.7604166666666665,0.4345512148771371,0.8162143917020657,0.11713788729913453,15.288971103326785,0.8751370054878772,16.694223670326892,22570.872000000003,1.7784377122971566,564.0
2.770833333333333,0.4239067605017777,0.8065669258767346,0.11671445837713187,15.25546311132807,0.871614907992085,16.745443582207983,23560.312999999995,1.7858355113363795,564.0
2.78125,0.4177640272213657,0.7987184893708914,0.1162446976777039,15.292196209793449,0.8699237905893605,16.944172942834168,24694.622000000003,1.7977269137146257,564.0
2.7916666666666665,0.4165290427326904,0.7956269443727034,0.11584751049105181,15.4051665524187,0.8700699427044577,17.104149837627805,24694.622000000003,1.8072451196713126,564.0
2.802083333333333,0.4173094547384307,0.7935744578650743,0.11574540264829293,15.609261166273104,0.8719252186542678,17.429870304390082,26444.246,1.8241111520957904,564.0
2.8125,0.4227094996148303,0.7969846867969055,0.11575804811696465,15.891754294683665,0.875113854667448,17.65079095334513,26333.073000000004,1.8365542291656822,564.0
2.8229166666666665,0.4262265280904208,0.8004106577834144,0.11589979723265674,16.2429026674535,0.8792411773158338,17.76762130143051,26333.073000000004,1.8468563329566463,564.0
2.833333333333333,0.42788441033928054,0.8022259667861056,0.11591898009305619,16.640738041083686,0.8838652194462747,17.740114854264693,25808.296000000002,1.8530274348109366,564.0
2.84375,0.42719820816397225,0.8009344534341659,0.1157895068585931,17.073854133323188,0.8887637704256866,17.658805253721308,25598.676000000007,2.0820584331080023,564.0
2.8541666666666665,0.4256907425208193,0.7976570816709575,0.11551222982623024,17.531339197757905,0.8937859229987719,17.58588227314895,25598.676000000007,2.0794303370133114,564.0
2.864583333333333,0.42582583355092646,0.7946501089941896,0.11513729245853935,17.994300924227332,0.8987334611818889,17.48960760035608,25284.243000000002,2.0771284403490466,564.0
2.875,0.426395207637928,0.7914989382202885,0.11473514259401946,18.453729001329574,0.9035323159953823,17.39248324655874,25098.636999999988,2.0755255615896404,564.0
2.8854166666666665,0.42589396855930833,0.7875558583438278,0.11429658985423749,18.903977970869008,0.908141867292972,17.32306600225916,25098.637000000002,2.0743418399062175,564.0
2.895833333333333,0.43092791214996634,0.7864196722409247,0.11380112622932156,19.31550379338404,0.9122813091499851,17.107567177116497,23765.213000000018,2.0729584100360334,564.0
2.90625,0.43504247209913754,0.7831454975374565,0.11323030881513389,19.692751865280552,0.9160188439545789,16.825264865123405,22802.941999999995,2.073341876272949,564.0
2.9166666666666665,0.4344873893936174,0.7759103971277829,0.11254070994559,20.050119676759724,0.9195098629621609,16.625881063766965,22802.941999999995,2.07504863407882,564.0
2.927083333333333,0.43934105067415913,0.7710255844659243,0.11172145217122344,20.363691682453215,0.9225291554556533,16.324934509032754,21245.452000000005,2.0762772616674035,564.0
2.9375,0.44174054497778836,0.7637344352891613,0.11093245282501701,20.655625435705357,0.9252906144019429,16.099131044661018,21095.304999999993,1.8373350676998845,564.0
2.9479166666666665,0.44156216125309844,0.7555581055912418,0.11009550282255198,20.927542607384616,0.9277918635119002,15.959823529965755,21095.305000000008,1.8311607373029557,564.0
2.958333333333333,0.44721153118319423,0.7516322578882455,0.10949464858635236,21.179486533129857,0.9300004378310379,15.894513083810278,21155.481,1.8264231447408792,564.0
2.96875,0.4552872262765952,0.7513089275967882,0.10915839771243191,21.410522086296194,0.9318633278646886,15.879486037207814,21218.509000000005,1.8227842185047496,564.0
2.9791666666666665,0.46068508701143035,0.7520949139766779,0.10899082211825147,21.61879331453206,0.9333173976679462,15.887824797371634,21218.50899999999,1.8197201913862244,564.0
2.989583333333333,0.4742766107212151,0.7580938646452989,0.10920415337959213,21.803947756858285,0.9343144712403529,15.921999299577463,21357.929000000004,1.8178366788005684,564.0
3.0,0.4910026086111534,0.7676767369631038,0.10972256840563475,21.963344229402725,0.9348017523337058,15.969857610627411,21470.205,1.816719977874534,564.0
3.0104166666666665,0.5034756451929835,0.7776967577372901,0.11039356280541313,22.09350939453859,0.9347486245527448,16.01182920273515,21470.205,1.815690190379983,564.0
3.020833333333333,0.5232655574765143,0.7919692433322402,0.11128319023953041,22.188315752459626,0.9341889055615552,15.948501408234216,20601.259999999995,1.8104479900175807,564.0
3.03125,0.5416303516885477,0.8060810845687646,0.11227038531922429,22.249084874463033,0.9331981749934064,15.804686407319013,19783.508,1.8023813147960113,564.0
3.0416666666666665,0.5533856849520651,0.8174385160353242,0.11328201599251343,22.277706734549295,0.9317872608474268,15.694541345158813,19783.508,1.7960082493594502,564.0
3.052083333333333,0.5696741076603694,0.83108266797538,0.11424014554967146,22.273595091864063,0.9301415137082202,15.464136559931202,18192.350999999995,1.7823911978296547,564.0
3.0625,0.582930862336942,0.8429356139831478,0.11522832468906136,22.241118701047697,0.9282872186956638,15.207540364637405,17274.262000000002,1.766590810101969,564.0
3.0729166666666665,0.5913547928523881,0.8522706787345806,0.11621051797921182,22.179559634230255,0.9261586500429219,15.027556163910434,17274.262000000002,1.753169046322545,564.0
3.083333333333333,0.6036737647106714,0.8645011596908178,0.11711860921498532,22.098887849543313,0.9240192527393881,14.759693207138808,15482.392999999996,1.7314893475757784,564.0
3.09375,0.61358709802365,0.8758831021667575,0.11818092582147759,21.998896405009436,0.9217672324359865,14.516218197649849,14788.320999999996,1.7088202642334784,564.0
3.1041666666666665,0.6212303963235412,0.8864958750588495,0.11932253585386281,21.876312984596098,0.9193020789287694,14.353618112053447,14788.320999999996,1.6883505615362207,564.0
3.114583333333333,0.6331504795803917,0.9014274853608579,0.12066541656315846,21.737499145929217,0.9167238206251968,14.214058580597158,14187.837,1.6709034532268467,564.0
3.125,0.6468350668494194,0.9198274677443066,0.12235825176577331,21.580381957232902,0.9139608044299208,14.120186304471689,14000.418000000005,1.6757459492913318,564.0
3.1354166666666665,0.6610407666613357,0.9410162978353097,0.12435791441744094,21.403679529805064,0.9109669462904905,14.07426194274939,14000.418000000005,1.6821480369741582,564.0
3.145833333333333,0.6812021514700662,0.9685186884595157,0.12684019477665676,21.21160828234212,0.9077909224308888,14.048528707787098,13754.371000000017,1.6859365702684446,564.0
3.15625,0.7058999327323274,1.0016149958682559,0.12987650004129225,21.002864269336623,0.904392110129514,14.04716259062702,13700.079999999998,1.690625755506641,564.0
3.1666666666666665,0.7318158321355109,1.0388665964279373,0.13340590395315494,20.777657498716653,0.900762798219172,14.064855699236071,13700.079999999998,1.6965037747136749,564.0
3.177083333333333,0.7657638512510322,1.0837047004457971,0.1376425950218552,20.538784425635086,0.8969452631382409,14.089722741214992,13605.127000000008,1.7008513607440334,564.0
3.1875,0.8034396150331383,1.1347763905129393,0.1425546063328968,20.291034399652986,0.8930222418932954,14.10525243399077,13336.51999999999,1.7045736248084002,564.0
3.1979166666666665,0.8419201182206517,1.189893032927655,0.14816648806540536,20.031025851487108,0.8889569066456599,14.126965133253023,13336.51999999999,1.7112176443016274,564.0
3.208333333333333,0.8835084900560272,1.2510990863072797,0.1544511101190986,19.77250501301216,0.884986660577257,14.114217134064448,12732.39499999999,1.7148357800514802,564.0
3.21875,0.9261825951217135,1.315847368069163,0.16152760660677284,19.51155002853099,0.8810756374700702,14.090878488292397,12428.334999999992,1.7215962261392663,564.0
3.2291666666666665,0.9713197445249661,1.3832327072994275,0.16936286421726543,19.24315247162756,0.8771819094083619,14.07983567923379,12428.334999999992,1.7311576120896937,564.0
3.239583333333333,1.0179265753637985,1.454898992192338,0.17776885823127092,18.985937611304774,0.8735997018990018,14.034508845289704,11641.353000000003,1.4320985571400497,564.0
3.25,1.0645298706663446,1.5276304131308607,0.1869644060264357,18.73284840331588,0.8702419974896832,13.984504062397777,11250.645000000004,1.4197525979153212,564.0
3.2604166666666665,1.1146833144396764,1.6010266213110398,0.19690321156718013,18.476121648158248,0.8670277658963403,13.955032903680006,11250.645000000004,1.408202866884373,564.0
3.270833333333333,1.1630837042311175,1.6757491053615035,0.2079387974156899,18.200431168088063,0.8638135404189378,13.984457470274906,11945.406000000017,1.39996045310087,564.0
3.28125,1.2161585340319552,1.7551902723771446,0.22030249786920278,17.896518660438968,0.8605781437284589,14.09521802754852,13056.377999999997,1.3987964953168552,564.0
3.2916666666666665,1.2831150964829596,1.843473263510914,0.23354529125550455,17.591123335972288,0.8576705853029434,14.214410468939787,13056.378000000012,1.4006768506459724,564.0
3.302083333333333,1.3363011614314102,1.931695723122845,0.2498835380214892,17.22830872046488,0.8546800144084374,14.483685970686134,15506.572000000015,1.405844188951874,564.0
3.3125,1.3672705956984181,2.0206797389346716,0.2674843939962502,16.832221618581276,0.852001295665825,14.861316969842253,17039.092000000004,1.4248284808779306,564.0
3.3229166666666665,1.4228124610149004,2.1192092030131473,0.28615736069179726,16.442344587763877,0.8499744228011336,15.19695699098229,17039.092000000004,1.4415857768921856,564.0
3.333333333333333,1.336393085730822,2.1725538024676716,0.3064216990235231,15.991662576361303,0.8484293911771343,15.726461244880715,20309.198000000004,1.7849659490554475,564.0
3.34375,1.216920478991779,2.204996267197734,0.32355696227095615,15.52993574408237,0.8478808866006398,16.361314189923082,22016.557,1.7552140584384917,564.0
3.3541666666666665,1.1678482497928084,2.24877844011751,0.33899032931357365,15.109524716685897,0.8486431897413486,16.8348951236573,22016.557,1.7210828861694145,564.0
3.364583333333333,0.9870653780706241,2.2045754315577035,0.34615887937123846,14.69407878417935,0.8515129320629408,17.51657909171099,25666.159000000014,1.7268224621902863,564.0
3.375,0.8106207831901225,2.1089191708219195,0.33708818701243787,14.37264924342107,0.8574792677305977,18.277875435342033,27386.152000000002,1.7254752018331203,564.0
3.3854166666666665,0.7090885821330268,2.0173994831543896,0.32102009142598964,14.214226617617761,0.8670326420696634,18.722879129779745,27386.152000000002,1.7485814821738914,564.0
3.395833333333333,0.5920834402571749,1.8755905663769628,0.2973925478614854,14.263137091254537,0.8817772610613615,19.185254788757675,29598.455,1.7860494024290041,564.0
3.40625,0.5201095726214364,1.7336721441748937,0.2701179781182788,14.573225239598065,0.9013719356596887,19.51610167364803,30158.210999999996,1.8194373156532562,564.0
3.4166666666666665,0.4735201587090634,1.6084328228384266,0.2456277298622626,15.149905658927242,0.9247258999488692,19.649986932909616,30158.21100000001,1.846042813059201,564.0
3.427083333333333,0.45297153189687916,1.4983288313035505,0.22419787387227377,15.979902311955783,0.9505305815351686,19.684455557766643,30369.786999999997,2.0939289110011328,564.0
3.4375,0.44685588508967766,1.4081937722593365,0.20611915360019856,16.987527014381484,0.9759802106083612,19.514760737340136,29518.369999999995,2.082715066294803,564.0
3.4479166666666665,0.43381790711694,1.3218574616490093,0.19113124323909045,18.141533573091397,0.9998892313988158,19.344405036106874,29518.369999999995,2.0756975263294155,564.0
3.458333333333333,0.44367247996510767,1.2658059279917118,0.17927926485041557,19.29497862521698,1.01921695548911,18.902723615445325,27451.33600000001,2.0697890506969228,564.0
3.46875,0.45295576399281323,1.2144054205567365,0.1696314692472203,20.419378115191385,1.0339625296471793,18.385295102478874,26118.439000000013,2.0670423729074767,564.0
3.4791666666666665,0.448710629960648,1.1569279748879844,0.16121874566481167,21.53051528469994,1.0445068647327964,18.03233039442011,26118.439,2.0662144459019722,564.0
3.489583333333333,0.4630573944221918,1.1208964319280321,0.15390206804919082,22.450193534675073,1.0499853208658796,17.35317701482341,22491.777000000002,2.064246660408209,564.0
3.5,0.4675927010747703,1.0768338496239274,0.14743561244509065,23.253334594178526,1.0520743103818957,16.684738839045036,20816.732000000004,2.066425278607021,564.0
3.5104166666666665,0.4588601648343256,1.0242894335909343,0.14135941949760097,23.997522069573407,1.0513910274776541,16.243046677443445,20816.732000000004,2.070832386719105,564.0
3.520833333333333,0.459949035628586,0.9808847170166961,0.13569782714534465,24.622925003072673,1.0484364213010473,15.810367008232891,19198.975999999995,1.8384200536699409,564.0
3.53125,0.45853972779319707,0.9382519655642978,0.13071984270862733,25.17951270578955,1.0434531183551528,15.521310488804216,19053.424,1.8258417009724683,564.0
3.5416666666666665,0.4520878425019848,0.8984128158033898,0.1262690116673578,25.667780122029384,1.0365897946903257,15.35499451921489,19053.424,1.8156733651399626,564.0
3.552083333333333,0.45544061110871803,0.8674328938832773,0.12243221158967525,26.07627944017542,1.028220128822065,15.23590270043089,18636.625,1.8051823678750103,564.0
3.5625,0.46047113885829294,0.8426906497212486,0.11919344214975762,26.398763840349982,1.018922792275551,15.086253438946146,17664.426999999996,1.791650309481965,564.0
3.5729166666666665,0.45778353755286494,0.8180392373591049,0.11643923806253044,26.657526044154963,1.0084396067052248,14.994587249441421,17664.426999999996,1.780621876931997,564.0
3.583333333333333,0.4596294231556327,0.7980971541641663,0.11385721188717657,26.83310935055866,0.9982939453874937,14.768517790161667,15619.300000000003,1.7603491531683844,564.0
3.59375,0.4558659852657601,0.7759507799545144,0.11154238808309902,26.955111578280878,0.987842205479219,14.562463334951893,15037.551999999996,1.7403714583445244,564.0
3.6041666666666665,0.448327352403418,0.7533252708914256,0.10937502763393592,27.03126508668558,0.976801708127047,14.429381087187252,15037.551999999996,1.72289440163902,564.0
3.614583333333333,0.4434278352292808,0.7326055600154217,0.10736027925009291,27.062258774681737,0.9648244852674622,14.403606168958222,15577.318,1.7102765685567891,564.0
3.625,0.4417303166322424,0.7165009085236075,0.10564079169834811,27.043952332543988,0.9519929812069862,14.461116615782224,16046.596000000005,1.7014250970666953,564.0
3.6354166666666665,0.440007863809979,0.7047110198154254,0.10425997570503344,26.97581423532422,0.9387424165090814,14.541444893134097,16046.59600000002,1.6932652914335262,564.0
3.645833333333333,0.4394263556154562,0.6956710366293304,0.10318861535448642,26.855303651765926,0.9247446880639952,14.665415364602687,16527.513999999996,1.6888336671171884,564.0
3.65625,0.43813042038010247,0.6897934146010597,0.10240324814395432,26.68564229733338,0.910451822628657,14.783127310338864,16567.313999999984,1.6849385071643084,564.0
3.6666666666666665,0.43654090749075325,0.6861976506673034,0.10189674379137632,26.47002311268433,0.8960007465598833,14.882765155962213,16567.314,1.6814425621472993,564.0
3.677083333333333,0.43031154081103673,0.6824920655827508,0.10152647902054161,26.20799460778764,0.8813036076171897,14.982222373540964,16796.319000000003,1.679764672706436,564.0
3.6875,0.4208134976904547,0.6791975890008476,0.10130956392502773,25.896463100294586,0.8662481711608111,15.106745780946232,17301.343999999997,1.6813562551376875,564.0
3.6979166666666665,0.41526564686294487,0.6784757188074413,0.10124689356685455,25.547250053127385,0.85142200969684,15.209393651858406,17301.343999999997,1.682602116074091,564.0
3.708333333333333,0.3993519715403901,0.6748126514613952,0.10124320103422456,25.137644080390412,0.8359879852163363,15.397150352448609,18507.569000000003,1.691236496255012,564.0
3.71875,0.38435672525893916,0.6723859342652537,0.10130036680099899,24.679285025725676,0.8206044867894259,15.624022792854614,19245.705,1.7029480609607137,564.0
3.7291666666666665,0.37685331473393663,0.6734861992040558,0.10149267694423657,24.196311796785277,0.8061100640458198,15.800555568086322,19245.705,1.7127816917703993,564.0
3.739583333333333,0.3672470930775759,0.6727597397971673,0.10182652907147478,23.642570076052156,0.7912972376307247,16.138820599045413,21385.369000000006,1.7343356496662345,564.0
3.75,0.3641100345360368,0.6761397521714644,0.10227608343859981,23.057724448053847,0.77749286433086,16.52628453827002,22443.92199999999,1.7580154296935826,564.0
3.7604166666666665,0.36554105470165016,0.6833808369310015,0.10288784157899122,22.486879237369397,0.7657370756461953,16.803712470815086,22443.92199999999,1.7771789612473892,564.0
3.770833333333333,0.3659908373706789,0.6894710686020199,0.10363926233533084,21.914055794948986,0.7557090599395958,17.136380007619515,23910.334999999992,1.80152629004345,564.0
3.78125,0.36880757514711676,0.6975775301977973,0.1044245291472271,21.386872149677973,0.7483130550858214,17.412883873411197,24378.137000000002,1.8233337430472982,564.0
3.7916666666666665,0.3725349664722966,0.7066324434656704,0.10524948378275664,20.9328403454094,0.7438512848222161,17.56979366263161,24378.137000000002,1.8408075719298036,564.0
3.802083333333333,0.3746585082310569,0.7137824135642794,0.10605021644999046,20.553301231257382,0.7422841167410698,17.71751081239138,25057.293999999994,1.8587334664019726,564.0
3.8125,0.3789306842646444,0.7216091236584856,0.10678935102259386,20.26619453373585,0.7436255126082205,17.80144706304825,25149.024999999994,2.0817198516106017,564.0
3.8229166666666665,0.3827525419944271,0.7288013774103356,0.10746982669806199,20.072334071186432,0.7476118000211355,17.82380475216848,25149.024999999994,2.0755582224663294,564.0
3.833333333333333,0.3896210173072951,0.7362263243094646,0.1080886720435032,19.966348021626196,0.7538619051748913,17.797043700110077,25083.746,2.0707978619713954,564.0
3.84375,0.39761950169633953,0.7433510073011662,0.10862662246099687,19.93854195671441,0.7618844865277544,17.720321876686253,24850.538,2.0670532804092705,564.0
3.8541666666666665,0.40266260059993947,0.7482858984390907,0.10905605907552698,19.976559610329033,0.7712969413572436,17.64371320544594,24850.538,2.0643077906126255,564.0
3.864583333333333,0.4137173003962569,0.7546849798675056,0.10934279563337725,20.063506744189244,0.7812220275165327,17.44519699538306,23817.581999999995,2.0616891882278443,564.0
3.875,0.4234533538395806,0.7583206950520032,0.10948995069351876,20.185527083183864,0.7914198656221854,17.217032216012168,23275.247999999992,2.060460751570697,564.0
3.8854166666666665,0.4279945000142012,0.758181943809115,0.10945801606874944,20.33415636438913,0.8017923646066254,17.049934509446572,23275.247999999992,2.0600069585473415,564.0
3.895833333333333,0.4385668555653593,0.7597028050628998,0.10923836422708069,20.48941126236711,0.8114173442632802,16.766018479684526,21803.578999999998,2.059038967184921,564.0
3.90625,0.4464997725301035,0.7580033390168123,0.10888366130618916,20.647045787828112,0.8203978586959435,16.463391146725744,20968.464999999997,2.059551881692156,564.0
3.9166666666666665,0.4485169650837287,0.752382476160598,0.10837502251523849,20.80778841537187,0.8289496176536864,16.253197781212908,20968.464999999997,2.0610126097172494,564.0
3.927083333333333,0.45523138276813374,0.748516956344607,0.10774107365623259,20.957640228636066,0.836457408666799,15.984388362891307,19661.062999999995,2.061850968182139,564.0
3.9375,0.459771893262203,0.7431356419073291,0.10714796179895864,21.102979194765087,0.8433338989358931,15.78882119869018,19552.901000000013,2.0642774505905654,564.0
3.9479166666666665,0.46125799903005305,0.7371568564709647,0.1065291237881314,21.242324265469602,0.8495355833642483,15.668483342172776,19552.900999999983,2.0666784723638933,564.0
3.958333333333333,0.46834473699842666,0.7353911842290568,0.10615639710145132,21.374443845428633,0.8550179659765467,15.61839174816414,19669.486000000004,2.068890763098977,564.0
3.96875,0.4779145966955826,0.7374772782568777,0.10602759948584399,21.495217228864163,0.8596290925576137,15.58032848593371,19422.881999999998,2.0706311978290333,564.0
3.9791666666666665,0.48423659899350013,0.7403279986780174,0.10608493982256348,21.604732887422486,0.8634073355777023,15.566194812676105,19422.881999999998,2.0725574225456285,564.0
3.989583333333333,0.49503195101846864,0.7460787302504825,0.10618249353292113,21.69242927560823,0.8660910141231203,15.377023100914924,17493.705,2.073923789944212,564.0
4.0,0.501831532466329,0.7489902436879792,0.10631319540153497,21.76469827065061,0.8680140708974652,15.140844782150612,16530.312000000005,1.8281755206324264,564.0
4.010416666666666,0.5039174157425745,0.7486379447762241,0.10637690155675834,21.82568347987578,0.8693673108673065,14.971014289385051,16530.312000000005,1.8165351081137837,564.0
4.020833333333333,0.5099246862180052,0.7498699112195389,0.1063361225975497,21.870485317644956,0.8701307466214907,14.738474033206323,15013.943,1.7984330321011162,564.0
4.03125,0.514830732031062,0.7500448566920497,0.106336477228282,21.90336352009935,0.8704737462564229,14.533464770779425,14423.220000000001,1.7801105979149883,564.0
4.041666666666666,0.517144829461763,0.7492317949879419,0.10633320283872993,21.925704735168054,0.870458745906592,14.400490789363488,14423.220000000001,1.7640329209807764,564.0
4.052083333333333,0.5245308541039014,0.7516291661786906,0.10638417478224615,21.936532561722213,0.8701453914305075,14.247280528079072,13320.978999999992,1.743149783038362,564.0
4.0625,0.5314318423016594,0.7547985349505643,0.10656935523605424,21.937766146171313,0.8695942729106488,14.10691039887358,12657.002999999997,1.7206696412458664,564.0
4.072916666666666,0.5358483988522132,0.7577665603498916,0.10685693000562015,21.929911090626998,0.8688054690491873,14.021969532139346,12657.003000000012,1.7001691123474107,564.0
4.083333333333333,0.5430115776907609,0.7637523131522359,0.1072182584493585,21.914934428331332,0.8679005543656775,13.901507826065556,11357.866999999998,1.6730329114425624,564.0
4.09375,0.5491347936705891,0.7702618164214643,0.10775867559324662,21.893644301226118,0.8668725301149958,13.796703901839368,10777.166000000001,1.6723480644493842,564.0
4.104166666666666,0.5540183488832021,0.7768810788144429,0.10841777742976,21.86532972707354,0.8656811612874371,13.739378148591543,10777.166000000001,1.6804010581860613,564.0
4.114583333333333,0.561911496533323,0.7866590810613096,0.10918434035238969,21.833558009443106,0.8644634051179788,13.669017272065636,9748.29800000001,1.6842589428955457,564.0
4.125,0.5700550475653559,0.7978336431219722,0.11016880611017828,21.797686115941246,0.8631772889947675,13.618252712848308,9303.112800000006,1.6919991034699766,564.0
4.135416666666666,0.5780930719330624,0.8100747100547938,0.11132976962583965,21.756304195854344,0.8617700352893739,13.604360884442208,9303.112800000006,1.7037922545028223,564.0
4.145833333333333,0.5899244004581855,0.8262254450891696,0.1127866793674985,21.70903515568876,0.8602322515016994,13.62338443294133,9357.490099999995,1.7153649492632979,564.0
4.15625,0.6057943975697118,0.8471761111703563,0.11466749810213805,21.65280138041365,0.8584728621392171,13.689311229926744,9895.399000000005,1.7299130185900224,564.0
4.166666666666666,0.624522309140801,0.8734134458333133,0.11690597787146435,21.590072306919094,0.8565778257733448,13.769928414822752,9895.399000000005,1.7354536509641734,564.0
4.177083333333333,0.6504108375527132,0.9072262663379138,0.1199428408079149,21.51193895289644,0.854295208574252,13.910237549860334,11098.012000000002,1.4308981475389746,564.0
4.1875,0.684463517843054,0.9510749948278437,0.12369161206969226,21.421593528551785,0.8517444655849582,14.072680683239666,11585.426999999996,1.432214529125071,564.0
4.197916666666666,0.721795315607285,1.002927621461776,0.12816443895486104,21.32234270185191,0.8490394084651554,14.223193072364971,11585.426999999996,1.4326186284623594,564.0
4.208333333333333,0.7671440661177844,1.064004883642963,0.1337797291389799,21.205473748103284,0.84597930424902,14.395798253360704,12493.565000000002,1.4333319836739313,564.0
4.21875,0.819994181422832,1.1350942711813776,0.1403673373075036,21.07541086465112,0.8427368268199429,14.556492621454316,12793.926999999992,1.4388375286102368,564.0
4.229166666666666,0.8758439571550586,1.2134510189823824,0.1479217204423529,20.935046549472354,0.8394430308315035,14.684113286370874,12793.926999999992,1.7508065490840239,564.0
4.239583333333333,0.9326879324813272,1.2982581109321147,0.1565085804855267,20.788175773826357,0.8362425230279671,14.754111682951265,12495.835999999996,1.7488008040761036,564.0
4.25,0.9894392075746152,1.3866019133841885,0.16609465845221227,20.634940522828423,0.8331891685506387,14.776589321446298,12248.60500000001,1.7485837633547814,564.0
4.260416666666666,1.0489959254864583,1.4768227106689356,0.1766552352050855,20.47257458028217,0.8302865884991635,14.779637678654815,12248.604999999996,1.4386286954604754,564.0
4.270833333333333,1.1026572101611032,1.5680912895921957,0.18834951450120074,20.296337148939873,0.8275307762887383,14.793155468071658,12578.517999999996,1.4381635051760167,564.0
4.28125,1.154722248733952,1.661304120224906,0.201264274274297,20.102094432322954,0.824964776065778,14.836334540141841,13130.928999999993,1.4405895158563302,564.0
4.291666666666666,1.218293601529974,1.7593716666749484,0.2151992752623511,19.89744565713879,0.8227746338379854,14.874896624444236,13130.929000000007,1.749609526384444,564.0
4.302083333333333,1.2594131704870954,1.8534437396981198,0.23114750100039588,19.65850046171074,0.8208359595051244,14.996418019149647,14570.728999999992,1.7610967140710958,564.0
4.3125,1.2750095633448384,1.9430854084200568,0.24869537696071536,19.376287734329125,0.8193135070952365,15.238256757065972,16360.293999999994,1.7611047702172726,564.0
4.322916666666666,1.3196859209238796,2.0428512169793396,0.26704723089579213,19.08125066946662,0.818491443031774,15.461091770496648,16360.293999999994,1.732041222755794,564.0
4.333333333333333,1.2400838923926762,2.1038255839291415,0.28854536763847427,18.695803174918463,0.8184215032628288,16.000241483732946,20631.546000000002,1.7531941826234667,564.0
4.34375,1.1390765964834544,2.1539159315839336,0.30886483442682067,18.257660450361964,0.8195500798370936,16.786025217023592,23081.857000000018,1.731633681220139,564.0
4.354166666666666,1.1093237001297582,2.222243794734371,0.32879111755780166,17.829515802681822,0.821920861961216,17.402966306966764,23081.85699999999,1.7141149583813253,564.0
4.364583333333333,0.9319992164397098,2.1869421105305746,0.3431114390041811,17.333963516280868,0.8269073307227758,18.543046631203236,29457.252000000008,1.7726710772472078,564.0
4.375,0.7688516988881196,2.101579475130641,0.33911418765383367,16.91179679060875,0.8356043334738394,19.876138146131712,32695.891999999993,1.839429785127723,564.0
4.385416666666666,0.6873304089092602,2.0311719198678286,0.3270206706682387,16.691283745407045,0.8484684837926735,20.667781944381257,32695.892000000007,2.104236669318748,564.0
4.395833333333333,0.5943647650725726,1.9130762938236479,0.3065991788926857,16.73309892256475,0.8673221082366122,21.296753118058646,34712.656,2.0833071087829156,564.0
4.40625,0.5429950836606132,1.8003131746391428,0.2816903035394672,17.074906625530918,0.8910235391891483,21.449338973357072,34163.23999999999,2.0685145580011897,564.0
4.416666666666666,0.5054081688332898,1.6923476466184548,0.2588090402079704,17.70297930144096,0.9188958437126735,21.379005627313436,34163.240000000005,2.065733445527254,564.0
4.427083333333333,0.4950579127148904,1.6052756831400035,0.23802926902423308,18.52610054872455,0.9477038508873817,20.996748811931827,32413.358999999997,2.0739040674217706,564.0
4.4375,0.4884176750853821,1.519340697291028,0.2197282557173968,19.482305586822566,0.9760582555348487,20.664058204986112,31322.743000000017,2.082363589628494,564.0
4.447916666666666,0.47346329486446426,1.4303936653807257,0.2038458761704144,20.541885174138933,1.0032458244377735,20.594931846523586,31322.742999999988,2.0926928337533877,564.0
4.458333333333333,0.485467003384712,1.3741919865753374,0.19101948403566293,21.563997525643774,1.0259847687120662,20.236152301016567,28918.739,2.0919223343317084,564.0
4.46875,0.49590165720743234,1.3204730057218037,0.18045549961335972,22.535729909515798,1.0445615088501752,19.754916451522114,27482.944000000003,2.0866407659977146,564.0
4.479166666666666,0.49068379725114397,1.2584555439548561,0.17114671402564094,23.475830195876256,1.059541491336244,19.431739872967363,27482.944000000003,2.0839001220840023,564.0
4.489583333333333,0.5061558550644262,1.21941658421928,0.1630156905611546,24.250756969121177,1.0693737172903115,18.660130267203538,24024.985,2.066449973813795,564.0
4.5,0.5112434113763227,1.1722466340826871,0.15588265016789465,24.923272525521785,1.07569620178794,17.852044550675675,22503.073000000004,2.0457418522012203,564.0
4.510416666666666,0.5020395304614602,1.1166453851814315,0.14925581096562462,25.53426709846737,1.0791873462408343,17.226340124858847,22503.073000000004,2.044758008914618,564.0
4.520833333333333,0.5039450823162098,1.0711703480516772,0.14311387219569308,26.038282267208775,1.0799008697031138,16.581142208148613,20838.152000000002,2.0459304415380086,564.0
4.53125,0.5023562896821779,1.0255615757102787,0.13770294252280374,26.47165580092929,1.0782648852824952,16.124830808327435,20533.227,2.0483554389485947,564.0
4.541666666666666,0.4943288755647209,0.9815169340615824,0.1328359026896516,26.838193793514236,1.0743533605736064,15.853809806020719,20533.227,2.050890003058999,564.0
4.552083333333333,0.49474075403879636,0.945150227974014,0.12851644644451204,27.128871504447144,1.0683924673934517,15.665974413102576,20071.608999999997,2.052994313289423,564.0
4.5625,0.49415464840192136,0.9130524964554579,0.12475880663991086,27.346046992626277,1.0606238775416905,15.519456231878001,19579.883,2.0551829128596037,564.0
4.572916666666666,0.48777827626328246,0.8825175292215817,0.12149001963275217,27.496695159106526,1.0510344041442508,15.44344706590712,19579.883,2.0577375971989533,564.0
4.583333333333333,0.48269549022084274,0.8555385721487405,0.11846344347980262,27.578359390924284,1.0403292741705081,15.326256975100176,18657.062999999995,2.059710568179361,564.0
4.59375,0.4744523304902073,0.8291916091511194,0.11576584196665615,27.600613516561495,1.028429827622655,15.230878560102738,18380.178,2.0626148644985465,564.0
4.604166666666666,0.4648569437452962,0.804645598849674,0.11335411110950123,27.56667536681495,1.015342894738884,15.182448998346048,18380.178,2.0657172915643542,564.0
4.614583333333333,0.4550160568768088,0.7821156400479774,0.11113235888361245,27.47887136042133,1.0012518023175918,15.170994623704747,18357.30900000001,2.06857438676363,564.0
4.625,0.4458006170789289,0.7628271635293291,0.10921091244991508,27.339357046595758,0.9862617101998565,15.193037333436571,18417.682,2.0712141119219085,564.0
4.635416666666666,0.4381377362154306,0.7470716162572617,0.10760493164728702,27.151489533914635,0.9705943774878601,15.231268838498039,18417.682,2.0734707511395705,564.0
4.645833333333333,0.42842087134037576,0.7325973505550558,0.10616396839926469,26.920814717613865,0.9545644639845028,15.262308830189014,18266.785999999993,2.0754207058355316,564.0
4.65625,0.41738593396220036,0.7195245785850058,0.10491409539159574,26.65254628978544,0.9383942383522883,15.278972113243244,18079.497000000003,1.8425311801577795,564.0
4.666666666666666,0.4086862280733391,0.7084225576392709,0.10387145947028034,26.348168405699507,0.9220973749923828,15.300054128051672,18079.497000000003,1.8394800654555505,564.0
4.677083333333333,0.39513652630316504,0.6964336826016606,0.10283943525381481,26.016042674796033,0.9060582869072172,15.304175934396413,17845.626000000004,1.835800196124647,564.0
4.6875,0.3787864840889317,0.6837961413038156,0.10188216131799005,25.652014891717606,0.8900470055413127,15.334628767965139,18056.202000000005,1.834087263078815,564.0
4.697916666666666,0.36788084171404073,0.6737685090510813,0.10104745493501593,25.26437263415274,0.874417429929534,15.369640496322516,18056.202000000005,1.8326427675708774,564.0
4.708333333333333,0.3482514128027565,0.6607331224086314,0.10019017452945973,24.844877302565273,0.858844235655747,15.461212082068913,18642.377999999997,1.83470266803362,564.0
4.71875,0.32952795817070013,0.6484146656819874,0.09939476453955075,24.39809234986177,0.8435301149372726,15.604245581204271,19248.61,1.8394587626875358,564.0
4.729166666666666,0.31883044518397596,0.6403269050311029,0.09875462052305302,23.945562914708415,0.8291507943670271,15.724835073678106,19248.61,1.8431359642024387,564.0
4.739583333333333,0.30581678635787657,0.6305096560059141,0.09831563850949343,23.433722177151186,0.814069447207636,16.097696820416907,21966.952000000005,2.0821275084657183,564.0
4.75,0.30097055718517496,0.6282864250011052,0.09819747841688611,22.908883069259595,0.7997701788680135,16.58595063173163,23414.252999999997,2.0768690950647297,564.0
4.760416666666666,0.3016576091418317,0.6327542590745735,0.09843630607106676,22.42176461781476,0.7875213374999929,16.95432970782421,23414.252999999997,2.070742622747911,564.0
4.770833333333333,0.30157680509890533,0.636907165607474,0.09909114691255454,21.936011982813202,0.7764111178726191,17.552303226661763,26379.630999999994,2.0669761876912314,564.0
4.78125,0.307612673595059,0.64855595662285,0.10013857880505095,21.511078791041953,0.7679750698861417,18.19098802354835,27855.872999999992,2.061323179091728,564.0
4.791666666666666,0.315692656723358,0.6648573145402461,0.10146783232777765,21.18464621728982,0.763026775105332,18.593299815996257,27855.872999999992,2.0568966714776504,564.0
4.802083333333333,0.3245223609271959,0.6809921583653537,0.10317227916286606,20.940163722513432,0.7615488219419554,19.17798138789023,30320.02799999999,2.0811469436792804,564.0
4.8125,0.33957454609270654,0.7040201002668789,0.10511747033060248,20.798864846752753,0.7639616034087785,19.890577588460236,30825.447,2.10969031622096,564.0
4.822916666666666,0.35238949887914,0.7270876213358729,0.10713702130973438,20.74715101203195,0.769876632657003,20.646955210302515,30825.447,2.1350661304319605,564.0
4.833333333333333,0.3704178467770656,0.7520158589938732,0.10928568478338208,20.763578331284574,0.7788535493869014,21.401721132771748,31257.073000000004,2.159008931115876,564.0
4.84375,0.39116336597798257,0.7781873042422323,0.1113835778371711,20.82528206458639,0.7900218048986162,21.91154482103324,30924.872000000003,2.177532207227743,564.0
4.854166666666666,0.405515472380903,0.7993760353314083,0.1132806035614168,20.911061058338483,0.8027932634148933,22.276270636602575,30924.872000000003,2.1933236668202563,564.0
4.864583333333333,0.4290666062164783,0.8227004262402117,0.1147722868792654,20.996186108996458,0.8155390435975145,22.00329569916124,28743.292000000016,2.1967500757372695,564.0
4.875,0.44748814957613053,0.8370676517423224,0.11577568787084509,21.070986758740734,0.828098379692733,21.53685826899249,27578.479999999996,2.195694703936369,564.0
4.885416666666666,0.4558863850194809,0.8417656932039322,0.1162875846296844,21.13031762762699,0.8405734007672474,21.266433353619757,27578.48000000001,2.195986566018469,564.0
4.895833333333333,0.4742293820378594,0.8486607060913425,0.11635795909681562,21.16603756522297,0.8517660007011629,20.69538569283522,25617.638999999996,2.1880289658482077,564.0
4.90625,0.4897965322892763,0.8501735922732669,0.11617504306955234,21.179657211623145,0.8619872909786923,20.14597876316223,24809.261,2.178934209792718,564.0
4.916666666666666,0.496298342312352,0.8459171476668076,0.11573321851844433,21.171077441681664,0.8713783039597451,19.80720433355589,24809.261,2.172037176233964,564.0
4.927083333333333,0.5128077420575277,0.8455878788121445,0.11514854513788436,21.14252047172257,0.8792459501433549,19.29773334797903,23244.179000000004,2.1593925593886794,564.0
4.9375,0.5254828933144999,0.8423147518990189,0.1144771903752463,21.097057464032638,0.8857772583683696,18.744737493967953,22189.589000000007,2.1444483349450634,564.0
4.947916666666666,0.5290065706616053,0.8345332211945801,0.1137232197873225,21.034471559229452,0.8912303392680809,18.364320833503587,22189.589000000007,2.13208129643148,564.0
4.958333333333333,0.5370891454913471,0.8292334352612863,0.11282037483423815,20.963062856427467,0.8951712892691296,17.789607041102197,20250.850000000006,2.112241849340486,564.0
4.96875,0.5401527300856046,0.8208087880399086,0.11191876739557428,20.882600927168344,0.897940528028976,17.22587533623842,19358.35499999998,2.0910415000606757,564.0
4.979166666666666,0.5378691302051245,0.8097728371414569,0.11098382686776308,20.790636074065343,0.8996686970417961,16.80535927865831,19358.354999999996,2.072475781707534,564.0
4.989583333333333,0.5380961295667871,0.8010579767833733,0.10994900025339327,20.69787488516886,0.9002849681590182,16.250843190470153,17493.39,2.0464022801190103,564.0
5.0,0.5343974649070381,0.7902725310653879,0.1089667119348421,20.601025147045394,0.9000001129704289,15.713100309791201,16676.305999999997,2.0415821175264455,564.0
5.010416666666666,0.5283441370264826,0.7781891657446859,0.10799472577486337,20.49597221785912,0.8988338011735326,15.293779601943086,16676.305999999997,2.044716702355206,564.0
5.020833333333333,0.5263997789933381,0.7691888183815611,0.10700868756157304,20.394064724456914,0.8970036713633909,14.865068001482339,15049.455000000002,2.0470812246680476,564.0
5.03125,0.5241082441093622,0.7600427166639113,0.10614046661805766,20.291262651562082,0.8945776772396178,14.517556729854125,14249.035000000003,2.0509324446949893,564.0
5.041666666666666,0.5200947592042464,0.7504586552282223,0.10534494092102083,20.18216687788115,0.8914686039059915,14.297102244125094,14249.035000000003,2.05603873033239,564.0
5.052083333333333,0.5214885055742466,0.7446076814078844,0.10462251490858242,20.077998372023814,0.8880674910687228,14.074346795111929,12875.37999999999,2.060925300039933,564.0
5.0625,0.5226000415347232,0.73959889387199,0.10409004374202338,19.97293189464014,0.8842781304160109,13.904112349704125,12345.976999999999,1.828239787531512,564.0
5.072916666666666,0.5223275594038863,0.7352013863155232,0.10368562817497885,19.86255781208268,0.8799743833763012,13.808308053646167,12345.976999999984,1.8102219361786664,564.0
5.083333333333333,0.5259948920688367,0.7346494759070871,0.10345288415481672,19.754823179918716,0.8755124657978682,13.717897353111832,11489.135999999999,1.7886784819380581,564.0
5.09375,0.5303201096591468,0.7362669156047524,0.10346029723553611,19.646102159616593,0.8708011612081603,13.655237231417164,11077.453999999998,1.7666403916895752,564.0
5.104166666666666,0.5340043695107756,0.7393569423912925,0.10366372432735617,19.532338474341415,0.8656987867265517,13.63646442517792,11077.453999999998,1.7460688004519762,564.0
5.114583333333333,0.5409811207559851,0.7462257168284189,0.10405046559522649,19.424242710410336,0.8607310550775075,13.598786654971562,10074.043000000005,1.720378915324545,564.0
5.125,0.5481732300911523,0.7548398463015283,0.10468435913402836,19.316829906097876,0.8557167185427319,13.57217209564537,9605.679499999998,1.6934626271472542,564.0
5.135416666666666,0.5549674738830924,0.7646345170263136,0.10551268094672134,19.204962519004344,0.8504461984579729,13.57736175228605,9605.679499999998,1.6687619204179325,564.0
5.145833333333333,0.5648134001329491,0.7779884781523961,0.10652492801299084,19.098086613093134,0.8453931086798351,13.574492980212806,8824.734100000001,1.6724076005895245,564.0
5.15625,0.5756393351490633,0.7936513710793529,0.1078062456712763,18.991221212255496,0.8403466661742646,13.585159609655264,8505.025999999983,1.6789974011174875,564.0
5.166666666666666,0.5869882570517997,0.8113262982343002,0.10932392643566302,18.880448412444547,0.8351429674505645,13.61971662742291,8505.025999999983,1.6881791545355325,564.0
5.177083333333333,0.6018528047010511,0.8332686891957736,0.11110616574580669,18.77259698960718,0.8301201568421887,13.655404304125755,8000.5257999999885,1.6936997800717084,564.0
5.1875,0.6190515219003793,0.858877020449608,0.11325776698007907,18.662544250599712,0.8250536491271904,13.705525170715978,7902.310700000002,1.7040840866260107,564.0
5.197916666666666,0.6379962458564105,0.8880738339579773,0.11575194764340772,18.548965298220796,0.8198997734483264,13.769527516449637,7902.310700000002,1.7157694081505774,564.0
5.208333333333333,0.6620767394817265,0.9230714021557631,0.11871554323022046,18.432276436915682,0.8146954153157788,13.842908746970277,7875.198499999995,1.7263938589659218,564.0
5.21875,0.6904965761541945,0.9641461540393428,0.12220638205468361,18.312641076410355,0.8094651538311135,13.921823098117073,7842.590499999991,1.4272616753742597,564.0
5.229166666666666,0.7216241864532605,1.010650721846202,0.12624795012240203,18.18966192825742,0.804209239433785,14.003706561265414,7842.590499999991,1.4158808925345356,564.0
5.239583333333333,0.7564951007630908,1.0636585896627555,0.1308807372303636,18.069096972725387,0.7991828821674498,14.075652358607282,7496.221099999995,1.4035628221713017,564.0
5.25,0.7938032633319732,1.1218846190955272,0.13617975327652165,17.94905094798633,0.7943091070519492,14.141604500306038,7296.170299999998,1.390316928721585,564.0
5.260416666666666,0.8340627168474483,1.1844919141393742,0.1421566824380508,17.826504828286744,0.7894746721539577,14.207365383215555,7296.170299999998,1.3773457385070638,564.0
5.270833333333333,0.8750615407728598,1.2518993911054144,0.14891530731234046,17.699065886213344,0.7846042183639165,14.276883200099457,7445.9897000000055,1.3659766500491048,564.0
5.28125,0.9174115827239473,1.3243411377341943,0.15658129571662616,17.56235508684322,0.7795641555335556,14.356117434019994,7851.289900000003,1.3574140149598253,564.0
5.291666666666666,0.9673271414562462,1.4033682593187873,0.1650918754442772,17.42356832458986,0.7746503413286779,14.432317244553632,7851.289900000003,1.3507789620402029,564.0
5.302083333333333,1.0085839457921615,1.4850847193957089,0.17499415000834295,17.264387996643986,0.7692753566632843,14.532294025160901,8889.701999999987,1.346455203258788,564.0
5.3125,1.0382910662213398,1.5695211894365766,0.1860216327070538,17.08766746204627,0.7636470309861044,14.65267709990559,9768.864000000005,1.3503090519975276,564.0
5.322916666666666,1.0830539725742736,1.6619019799503834,0.1980783176280493,16.909942306282435,0.7583603908277777,14.762935555345539,9768.864000000005,1.3559465351228892,564.0
5.333333333333333,1.0563355466389999,1.7371491607913812,0.21170030342000598,16.693861844059434,0.7524584531391092,14.938226573276383,11883.453000000009,1.3647153738354467,564.0
5.34375,1.0050186220772408,1.8039383778095677,0.2253930845151555,16.456568176594338,0.7466722897688691,15.16488210936284,13188.673000000006,1.388033050531278,564.0
5.354166666666666,0.992713789760206,1.8784015566602754,0.23924261318729936,16.225053743642114,0.7417690763373672,15.36802752481601,13188.673000000006,1.4084477144768202,564.0
5.364583333333333,0.8869295248316649,1.8998713431552423,0.25222094746854756,15.938970509326039,0.7368177757935468,15.77459295149015,17142.84700000001,1.434831129157132,564.0
5.375,0.7765114866395386,1.8886251723256942,0.2588588099180772,15.648652771332726,0.7332844737487538,16.352749199718147,19265.98199999999,1.7918747449475487,564.0
5.385416666666666,0.7180511177027654,1.8780457371616697,0.26098914757713243,15.406160470506807,0.7319869792348271,16.83855384145418,19265.982000000004,1.7323485844274416,564.0
5.395833333333333,0.6278871951405347,1.8171233188066889,0.2577367100688837,15.207541228075518,0.7332891785478395,17.392384870122093,22074.464000000007,1.7282339363609327,564.0
5.40625,0.5673703540239609,1.743521692204481,0.24825157531502476,15.113493327828204,0.737703757077123,17.84975046894283,22822.570000000007,1.731808553414962,564.0
5.416666666666666,0.5296406176636205,1.6730567717750575,0.23696609290368958,15.151034538321044,0.7450212367240018,18.082272852430755,22822.570000000007,1.7593881859393643,564.0
5.427083333333333,0.5011573325609454,1.5930368298668196,0.22436386785399362,15.338620812668639,0.7552073676508299,18.217947461145272,23565.197000000015,1.792071040562366,564.0
5.4375,0.4889010466929253,1.52074014374012,0.21157662721659096,15.667816859147765,0.7671443280031875,18.16657335330301,22990.266999999993,1.8161502660356943,564.0
5.447916666666666,0.4738283676746892,1.4492829595729302,0.1999283741320515,16.13213884423699,0.78035805477331,18.055128508881864,22990.266999999993,1.8370423918007974,564.0
5.458333333333333,0.4814296295514866,1.39936860600927,0.1899030349039613,16.666345118015027,0.7930443435192831,17.7200183019358,21244.242,1.8446349886975189,564.0
5.46875,0.4885954691131654,1.3520866517397925,0.18148378238149093,17.256977678522556,0.8050840076424739,17.336535491192464,20401.217999999993,1.8483662113702097,564.0
5.479166666666666,0.4850579333752703,1.301440760634512,0.17399850514618667,17.904695389005454,0.8164864815727574,17.04031854451682,20401.217999999993,1.8532208574975813,564.0
5.489583333333333,0.4982719657848736,1.264857938179013,0.1674981235193167,18.548043177264432,0.8262571868520253,16.701635791652908,19183.475000000006,1.8514651821065353,564.0
5.5,0.5115057777620112,1.2318863248456333,0.16208420211588656,19.188389510289927,0.8346076096989578,16.396102906388478,18625.954999999987,1.8486915617342579,564.0
5.510416666666666,0.5140111740334717,1.1974208761018745,0.15732197778394716,19.82936200424613,0.8416755156050646,16.17788996549269,18625.955,1.847604449572654,564.0
5.520833333333333,0.5303731798770744,1.174087992582534,0.15317839173239406,20.415148867609744,0.8470314247507876,15.91077838990308,17355.914000000004,1.8404060526628934,564.0
5.53125,0.5439424487000994,1.1526610535250446,0.14976387538533006,20.958862621868104,0.8510498161088793,15.657873344337993,16702.453999999998,1.8321812588919002,564.0
5.541666666666666,0.5469842157327196,1.129126921035856,0.14677323177891435,21.475011681924176,0.8539778808509301,15.479280780578813,16702.453999999998,1.826159787389203,564.0
5.552083333333333,0.5578817232236648,1.1117873164740424,0.14406340503395199,21.929714608911105,0.855783673701569,15.280684758117282,15723.839000000007,1.8159313931996275,564.0
5.5625,0.567707562651801,1.0959003130898104,0.14188439279714193,22.3473327195669,0.8567240201167575,15.137140644703155,15643.394,1.8075607643693203,564.0
5.572916666666666,0.5715533608007911,1.0810787372650923,0.1400274591520151,22.726544960865873,0.8568759886993511,15.04633936088258,15643.394,1.800574990248025,564.0
5.583333333333333,0.586981388575624,1.072353550024002,0.13860984187491154,23.06794008363046,0.8562984124596494,15.011402366025196,15816.824000000008,1.7955773782487918,564.0
5.59375,0.6073386857681173,1.0706554276210116,0.13773702402480711,23.363584466484486,0.8550646189715119,14.9983696966337,15742.402000000002,1.7906856627266705,564.0
5.604166666666666,0.6209495313606913,1.071614502935508,0.13734589911185116,23.613735771449342,0.8532445846663749,15.00212508741406,15742.402000000002,1.786432063306895,564.0
5.614583333333333,0.6422958012365448,1.0783065623188708,0.13720022766607973,23.804311808533775,0.8510959270996984,14.923732429409807,14593.917000000001,1.77590838032589,564.0
5.625,0.6600618622477101,1.0851961967886965,0.13741357762959805,23.94950191570185,0.8486740059545137,14.816849419574028,13989.137000000002,1.7637543996341516,564.0
5.635416666666666,0.6702099372011708,1.0902052732372165,0.13783669007585544,24.058187340252562,0.845947883929171,14.73840090834741,13989.137000000002,1.753383577851183,564.0
5.645833333333333,0.679939913535856,1.0959036312278232,0.13825070857820143,24.129011587338027,0.8430682505299177,14.657816891173555,13524.358999999993,1.7412535048067632,564.0
5.65625,0.6854989344744234,1.101823844476359,0.13889512158343476,24.167023956244144,0.8399685932064507,14.615024724098653,13616.457999999999,1.7311095601100064,564.0
5.666666666666666,0.6907527083854342,1.1100185644752223,0.13974501221896962,24.17264461150696,0.836706121907058,14.59808405227179,13616.457999999999,1.721823560731508,564.0
5.677083333333333,0.6908928646767415,1.1187576999346547,0.1408045305695455,24.146150855105677,0.8332238614276599,14.625406500135664,13976.794999999998,1.7155840930206263,564.0
5.6875,0.6868020041725067,1.1293994074780458,0.14215271050248085,24.086080681803317,0.8295002668220576,14.700796573225643,14509.953999999998,1.7130148045900233,564.0
5.697916666666666,0.688322391859658,1.145029361467497,0.14379213866574245,23.995452692086836,0.8256983111994199,14.776246851998177,14509.953999999998,1.710199782253969,564.0
5.708333333333333,0.6712354966051756,1.1553884925487117,0.14564720658610125,23.86581503338608,0.8215063081943169,14.937978641623014,15796.847999999998,1.7157975466982731,564.0
5.71875,0.6534765556395652,1.167128105837784,0.14752628728599526,23.70109175654805,0.8171130511833281,15.137359679729018,16500.606,1.7244168121896701,564.0
5.729166666666666,0.6474334637902475,1.1842975206527635,0.1495856250178362,23.51269322968231,0.8127604522910249,15.301541462764932,16500.606,1.7312754357303144,564.0
5.739583333333333,0.6338447387433926,1.1954067418181136,0.15180196215629116,23.285603214682247,0.8080850022282906,15.566901709469931,18220.061,1.748033344394574,564.0
5.75,0.6269958282465459,1.208438517050904,0.15384444831655567,23.03671337051184,0.803452671287572,15.86183775865646,19097.809999999998,1.7667957092926811,564.0
5.760416666666666,0.6288268078318282,1.226007031025355,0.15590213962934332,22.788226285253007,0.7992471583613635,16.08117386854043,19097.809999999998,1.781857700064426,564.0
5.770833333333333,0.6258747817171317,1.2381073716014865,0.15796405525046758,22.5368375245244,0.7954283346327963,16.337523015419563,20317.180999999997,1.8018111926689708,564.0
5.78125,0.6262396305256248,1.2507142373561622,0.1597169358235303,22.306796926510334,0.7924321823573117,16.549805922002225,20681.083,1.8196971121433385,564.0
5.791666666666666,0.6297753552677593,1.2643117421929904,0.1613682755242031,22.11305304121384,0.7905116403389023,16.6765402245997,20681.083,1.834093773330172,564.0
5.802083333333333,0.6301325401786649,1.2736390858223232,0.16280871751602685,21.96021630979188,0.789794594609581,16.779406406010168,21130.505000000005,1.84853225213172,564.0
5.8125,0.6342505744175052,1.282857649967141,0.16393147091550567,21.85774281263484,0.790401287640699,16.81453410951593,21027.436,2.084063359418668,564.0
5.822916666666666,0.6378881894318712,1.2903907979371854,0.16489102792828159,21.805823196702697,0.7923267033702319,16.80886958944781,21027.436000000016,2.078881682239844,564.0
5.833333333333333,0.648269431375736,1.2988999072679672,0.16560728099311262,21.802111199535997,0.7954213348124491,16.726645181853392,20549.486999999994,2.0747055918216883,564.0
5.84375,0.6581500846830528,1.3049640183528954,0.16622065843074535,21.840717050381915,0.7995903277090599,16.63506884855761,20491.990000000005,2.072029723709153,564.0
5.854166666666666,0.664545610718766,1.3087077013025488,0.16663978839952198,21.916094055915586,0.8046934069296208,16.554680251392938,20491.99000000002,2.06990246120647,564.0
5.864583333333333,0.6751841879023559,1.3135931180590057,0.16734639407599317,22.027170840062944,0.8108348515802605,16.587498712806756,21397.138999999996,2.0683784131915672,564.0
5.875,0.6922248980716627,1.3254634660346407,0.16841627571464113,22.16716517735899,0.8177674583428617,16.673964179884262,21884.227,2.066025518870235,564.0
5.885416666666666,0.7076490587087098,1.3411374021127416,0.16978111353832478,22.325719649837865,0.8251509292424646,16.734915036759183,21884.227,2.0634536550837836,564.0
5.895833333333333,0.7359036751769875,1.365019901941427,0.17160011907213016,22.488830992336684,0.8325297108325349,16.675642281189123,21134.322,2.0610628258917405,564.0
5.90625,0.7656699466641043,1.3906092046742229,0.1736853954638476,22.64697834322153,0.8396607968312629,16.497979726508937,20177.975999999995,2.0596174008523893,564.0
5.916666666666666,0.7841382310158346,1.409609868835185,0.1758560122847815,22.80116805630177,0.8467590120269904,16.346005716643976,20177.975999999995,2.0595637808093255,564.0
5.927083333333333,0.8139768060679867,1.433534311975585,0.1776450170188188,22.932710160473285,0.8530932392523594,16.043712100078114,18327.79400000001,2.0588372618575344,564.0
5.9375,0.8388189590567466,1.452581131727319,0.17945488020878914,23.045263304994858,0.8588989959184757,15.710873631517774,17266.766999999993,2.060180770273449,564.0
5.947916666666666,0.8525064998414699,1.4636331198244634,0.18109945257719706,23.143487026499656,0.8644904682441011,15.470339602120093,17266.766999999993,2.0629859716114582,564.0
5.958333333333333,0.8774987440285148,1.4807836465657866,0.1822454663851155,23.216006830787332,0.869196684336194,15.134774932744774,15228.247999999992,2.0650573877022436,564.0
5.96875,0.8969267427006499,1.4938613504349014,0.18360979840546443,23.27069795363737,0.8733878396614673,14.824053439505017,14319.263999999996,2.070315791482955,564.0
5.979166666666666,0.9077736307553801,1.5012270677916904,0.18491460460110687,23.31133533329752,0.877308663186327,14.611460581853413,14319.263999999996,1.8234394408422616,564.0
5.989583333333333,0.929842717308327,1.5154184124699097,0.18599292152448874,23.335193027011105,0.8805344853141048,14.367441610993207,12757.425000000003,1.8016875144091042,564.0
6.0,0.9498184014640638,1.5289285172911877,0.18748306798713976,23.346841738188882,0.8833184712185916,14.160955306755262,12071.796000000002,1.7792039719058912,564.0
6.010416666666666,0.963606521791359,1.5396275785253395,0.1891205220571879,23.34783707374212,0.8858043706330864,14.030401748970888,12071.796000000002,1.759041806556596,564.0
6.020833333333333,0.9877598935454953,1.5576973953475008,0.19080247243768672,23.339737293972505,0.8877502481452835,13.887470206138238,10839.334000000003,1.7329956248200993,564.0
6.03125,1.0117897660963797,1.5773273178714946,0.19307681641183236,23.324304332813153,0.8893195059774079,13.774827565919558,10293.28899999999,1.7058925789971258,564.0
6.041666666666666,1.0313261972662915,1.5959872941986808,0.19568242670532524,23.301494053825273,0.8905912544131218,13.716122398130526,10293.289000000004,1.6805254804307665,564.0
6.052083333333333,1.0601569802064335,1.621860359125103,0.19857771101050423,23.274223379503827,0.8914747593735242,13.659207720686823,9445.135699999999,1.670013650224462,564.0
6.0625,1.089998522684382,1.65043026832326,0.202279173080841,23.241468700191763,0.8920622425263672,13.63801216220588,9328.564700000003,1.677618355033171,564.0
6.072916666666666,1.1181722975131159,1.680510693467297,0.2063991993753877,23.203046032861103,0.8923496744332071,13.650369077115784,9328.564700000003,1.6855055583940668,564.0
6.083333333333333,1.1549083435109602,1.717457997414334,0.21138530785225454,23.15862472334893,0.8923206851327303,13.692907005337393,9413.312399999995,1.6927497278287376,564.0
6.09375,1.1976998525119125,1.7613895792969176,0.21737512553996421,23.107541230461923,0.8919483326246525,13.762227728720287,9601.470799999996,1.7002105847301077,564.0
6.104166666666666,1.2414362199990148,1.8100670649219608,0.2241352224598106,23.05066967299443,0.8912207402028681,13.84246416659979,9601.470799999996,1.705800184278895,564.0
6.114583333333333,1.2937389364289869,1.865745145456,0.232747716525681,22.981060272455508,0.88999734339631,13.970386177354568,10616.956999999995,1.720629831325019,564.0
6.125,1.3564680049701963,1.9319792695730782,0.24279713677932607,22.89966995072167,0.8882250857021117,14.126115472130312,11237.347999999998,1.7246392702572153,564.0
6.135416666666666,1.421804824400492,2.0054338790298454,0.25404405784358586,22.81029089512235,0.8859738721345712,14.273555413606793,11237.347999999998,1.718968322281376,564.0
6.145833333333333,1.495283307066224,2.086651750752435,0.2679806059005675,22.705435327480565,0.883052445098432,14.439981676362683,12055.107000000004,1.728136187502766,564.0
6.15625,1.5757707319221919,2.176197138021096,0.28367786626236224,22.58934817283868,0.8795905600186932,14.589170814164099,12240.510999999999,1.7247316824640389,564.0
6.166666666666666,1.6542411208116696,2.267859541400545,0.3010397885444495,22.46344104635983,0.8756820549702035,14.707401330947318,12240.510999999999,1.7205680217411272,564.0
6.177083333333333,1.7366891910123632,2.3630339554454833,0.3211007078977271,22.32319729300284,0.871247618087063,14.812873020486162,12621.788,1.7229879872944642,564.0
6.1875,1.8218551047411415,2.4611349089944023,0.3434750182979578,22.16826712608566,0.8663451163472714,14.907252807414283,12944.286000000007,1.7219957428861141,564.0
6.197916666666666,1.905003421185456,2.5588761193399763,0.3674245674927849,22.002021260559005,0.8611555480718805,14.975327839094549,12944.285999999993,1.717409508974505,564.0
6.208333333333333,1.9914795559959,2.658745775299259,0.3953261999232467,21.814996275999786,0.8554613251992903,15.05948909359689,13613.091,1.7204837377917959,564.0
6.21875,2.082749348219917,2.762671716148635,0.4256712341435981,21.614250544027488,0.8495497168739868,15.126664625911234,13704.980999999996,1.7146403848880671,564.0
6.229166666666666,2.170467872634181,2.864898082368076,0.4585759475180185,21.401354608827905,0.8435120181665522,15.169507535096873,13704.980999999996,1.7112317446985048,564.0
6.239583333333333,2.259445263949522,2.9677479255244297,0.4925263868650976,21.19212010129054,0.8377960550165884,15.126743315647351,12793.854999999996,1.7083839304823354,564.0
6.25,2.3412975887911758,3.0643923752670164,0.5288786535131565,20.983332655096767,0.8322828419227686,15.03647558671044,12220.524999999994,1.7083033617734191,564.0
6.260416666666666,2.4138376590127875,3.151355920625389,0.567030598238609,20.766397195397094,0.8267245305978883,14.952388217819323,12220.524999999994,1.7102209482178488,564.0
6.270833333333333,2.483917411552796,3.233736575210756,0.6040731516256,20.5518488073233,0.8213638541226088,14.851579528745347,11688.402999999991,1.7116248969997736,564.0
6.28125,2.5465433119346166,3.3082720586370216,0.6425067420983358,20.330308345484113,0.8159344053206095,14.774269701753129,11722.843999999997,1.7151801900352017,564.0
6.291666666666666,2.606161243077022,3.376646616786953,0.6798363828742745,20.102987399672923,0.8104371119000222,14.717776179477179,11722.843999999983,1.7182683164944743,564.0
6.302083333333333,2.65481448806233,3.4372088059734907,0.7175346906628733,19.862315759458387,0.8046576404181476,14.702638608286557,12131.772999999983,1.7247700831064594,564.0
6.3125,2.6860525304742495,3.4854375638688317,0.7548932122163617,19.59472449355593,0.7982342601162923,14.764618533694449,13216.932,1.7336364507470756,564.0
6.322916666666666,2.7244385337638417,3.5310103850016024,0.785006250502781,19.322623800388047,0.7916618129935634,14.833518718299677,13216.932,1.723413047909475,564.0
6.333333333333333,2.671682180788646,3.5376566165191443,0.8175676076834777,18.98737173456171,0.7834601096916881,15.087432361092228,16088.665999999997,1.7424631585674704,564.0
6.34375,2.5686352030505715,3.5170637578628727,0.8313991755666307,18.615309958585257,0.7741905970140698,15.478173485044875,17791.320000000007,1.73229269288557,564.0
6.354166666666666,2.5092535171450456,3.5022074053706085,0.8321558792131383,18.247780959666112,0.7648664389956322,15.824137094820722,17791.320000000007,1.7073915699546482,564.0
6.364583333333333,2.2531664560218903,3.3933852987202955,0.8207778456127869,17.803437804243988,0.7534461143586935,16.508765483913997,22443.055999999997,1.7256787577386847,564.0
6.375,1.9531326508860303,3.2333651817497864,0.7665426444701297,17.359616432008583,0.7420734027890434,17.42543930801792,24894.303,1.7460366245744923,564.0
6.385416666666666,1.7496730558382514,3.0944723314496576,0.7000435520596517,16.998721312759727,0.7332115818518514,18.040781757203337,24894.303,1.7786864355547847,564.0
6.395833333333333,1.5069733994299301,2.9145253698872815,0.627900391644663,16.738058747608147,0.7278051693083466,18.573314520610015,26900.668000000005,1.820292228494029,564.0
6.40625,1.3232649064727047,2.7413250125897894,0.5515393943012166,16.64258069475245,0.7278808058818664,18.83263449434298,26781.574999999997,1.8516626628350947,564.0
6.416666666666666,1.1827172401788049,2.5843081938572805,0.48732615448805755,16.72933500057589,0.734106630561001,18.89895539213734,26781.574999999983,2.090978836354749,564.0
6.427083333333333,1.083758287353813,2.4411654263668394,0.43171853159774803,16.993472606990537,0.7462333567985626,18.768345063644766,26152.104999999996,2.0793907738640893,564.0
6.4375,1.0078061062089838,2.3060024213318506,0.3850471568981237,17.41828000479008,0.7636204196365326,18.560392826884282,25796.763000000006,2.0719874155672064,564.0
6.447916666666666,0.9356748750361821,2.179697875602668,0.34694632456081725,17.986590489509034,0.7855070578069373,18.375937269152605,25796.763000000006,2.066908744973541,564.0
6.458333333333333,0.9191956126766443,2.088017596820919,0.3172593579736413,18.642825526425877,0.8096217393880432,18.094678992583965,24788.239,2.0626319535956257,564.0
6.46875,0.9164050721116227,2.0130862015735507,0.2945065906946318,19.358937318200006,0.8347632314747315,17.790621563544995,24143.201,2.0600851380302903,564.0
6.479166666666666,0.8958953048444499,1.9398771848701797,0.276080075982426,20.123918174476263,0.8602707946596088,17.567345760815325,24143.201,2.0586669645051225,564.0
6.489583333333333,0.913356804937697,1.8916267055739566,0.26121780971386455,20.86467152431331,0.8835188596238567,17.239909238344975,22708.418999999994,2.0568940526665496,564.0
6.5,0.9303581784894014,1.8489924887539153,0.2496451893409973,21.58432270252475,0.9045499806874511,16.922944026152592,22055.328999999998,2.0566307694491424,564.0
6.510416666666666,0.9261777333370811,1.8030174073483358,0.23987278221935895,22.287380029988213,0.9233873849290397,16.703711922293163,22055.328999999998,2.0570934465589548,564.0
6.520833333333333,0.949529365285972,1.7735649455880986,0.23148453730777127,22.91610680226997,0.9385739065495823,16.40388126910537,20607.069000000003,2.0568972748963286,564.0
6.53125,0.9694423075906284,1.7467739777013462,0.22487557706358816,23.48638754554895,0.9507703166473536,16.11409175712528,19878.800000000003,2.0580760252126282,564.0
6.541666666666666,0.9696704506118327,1.716036822915885,0.21926366755706492,24.0122032186055,0.9604434738007672,15.917502341122642,19878.800000000017,2.060037022080359,564.0
6.552083333333333,0.9884926441438787,1.696272505968884,0.214191024912862,24.456100237853832,0.9671810434585972,15.665741170931732,18562.683000000005,2.061348266727287,564.0
6.5625,1.004170977071831,1.6789566742984938,0.21022059720654482,24.832101328863924,0.9715848693783247,15.412189426387352,17720.872000000003,2.064063215515384,564.0
6.572916666666666,1.0041820442986231,1.6584365458144192,0.20699546518510564,25.157176827716317,0.9740784697660642,15.241597187566189,17720.872000000003,2.067956389350786,564.0
6.583333333333333,1.0173821991025054,1.6464528950562958,0.2038362703596714,25.405707223393108,0.9747618458565833,14.996859657432992,16116.832999999999,2.0713838999426653,564.0
6.59375,1.0254061965099395,1.6341329079526765,0.20155478468754634,25.60039884907709,0.9740664568031109,14.776666166650914,15492.513999999996,1.824728252190878,564.0
6.604166666666666,1.0237235950482304,1.6200503806933162,0.1997515239144625,25.750544664975322,0.9721129547144637,14.633011384466034,15492.513999999996,1.8113940318112962,564.0
6.614583333333333,1.0334962670323413,1.6119970415320426,0.19811853161317153,25.851714494050242,0.9691364782892968,14.497903741195902,14784.354999999981,1.795774892900781,564.0
6.625,1.044540704607997,1.6074765625199885,0.19720491906216306,25.91103415407463,0.9652118559776658,14.4002999975255,14525.177999999985,1.780744729987356,564.0
6.635416666666666,1.050120196512018,1.60484475826516,0.1968514634703402,25.93112990621841,0.960353667791755,14.350668897036922,14525.178,1.7672944104182882,564.0
6.645833333333333,1.0601047044970129,1.60656093079098,0.19685773393217534,25.913667960212774,0.954729922337033,14.319891443305044,14273.051000000007,1.7535564607350955,564.0
6.65625,1.0679222741070498,1.6118165767375718,0.1975321468248115,25.860862730774727,0.9483304743549237,14.317940868633594,14267.923999999999,1.7410436209472975,564.0
6.666666666666666,1.0755407401374601,1.620932949249255,0.19879381103421404,25.77474716562603,0.9412243716868817,14.337223235949608,14267.923999999999,1.7295093538229807,564.0
6.677083333333333,1.0769965972990845,1.6309407656793322,0.20047218302079897,25.656101910233684,0.9333828984020877,14.384885745316309,14459.377999999997,1.7199870585248658,564.0
6.6875,1.0707522577070159,1.641995665484131,0.20265284388807503,25.5040488899196,0.9247206464303316,14.472818018483816,14906.203000000009,1.713771072546294,564.0
6.697916666666666,1.072787747102451,1.6588101390046521,0.20525585856800838,25.325713596585032,0.9155799833550295,14.559541059711686,14906.203000000009,1.7076787574694339,564.0
6.708333333333333,1.041962962548384,1.6660894291211599,0.20808280076669253,25.109297504089753,0.9053391847396968,14.725756134759148,16052.349000000002,1.7091068605423183,564.0
6.71875,1.0074980772002449,1.673461268266752,0.2107700503564778,24.86292384897845,0.8943928115977723,14.930703280116996,16739.130999999994,1.7138855710987708,564.0
6.729166666666666,0.9930623096361925,1.6884007807132722,0.21364670329516,24.602343592137498,0.8833698812263173,15.10248875385243,16739.130999999994,1.71744409033179,564.0
6.739583333333333,0.9596393249152331,1.6913069299911805,0.21658851236403392,24.305018572842133,0.8712972480549099,15.393090238938555,18592.141999999993,1.7319174006788995,564.0
6.75,0.9339714545804176,1.6944217261038137,0.21872280765357272,23.994044211154662,0.8591321478273496,15.722881415529434,19535.380999999994,1.7491168277840143,564.0
6.760416666666666,0.9248501327567994,1.7037667998332087,0.2206048993021435,23.69509877550956,0.8478509195204369,15.973757908686178,19535.38100000001,1.7629423671630287,564.0
6.770833333333333,0.8997956808885839,1.6996448790867538,0.2223649831041618,23.389219840288398,0.8367784587959447,16.353210807902578,21641.043999999994,1.787115918567511,564.0
6.78125,0.8819007829760106,1.6962944595356628,0.22315983833686695,23.106552010871436,0.8271286551298492,16.76236117138894,22743.29699999999,1.8122639137028016,564.0
6.791666666666666,0.876356362478531,1.6995118357962673,0.22366068593265895,22.870059661910712,0.81977344519758,17.041870195204474,22743.29699999999,1.8318147878901754,564.0
6.802083333333333,0.8609411313827204,1.6927012270448853,0.2243094284926691,22.666785846261163,0.814487270919824,17.436970934025375,24771.67,1.8587940741232498,564.0
6.8125,0.860260795893332,1.6924005959829675,0.22460321813311035,22.51123481082128,0.8119294734898052,17.832955959202025,25780.258,2.082424949292316,564.0
6.822916666666666,0.8658305578680673,1.69862146262148,0.22492982968135847,22.403479190788232,0.8121365435745587,18.06928522268169,25780.258,2.073411849968397,564.0
6.833333333333333,0.8861642528485868,1.7077964565652384,0.22651789978979395,22.32716665482061,0.8150320088940507,18.40372365423304,27533.914000000004,2.0675229732441545,564.0
6.84375,0.9233474910548769,1.7300464501220627,0.22844215136171583,22.2747679145714,0.8202769512473792,18.616415528281866,27641.270000000004,2.061373288727883,564.0
6.854166666666666,0.9501811662455724,1.7515577500337531,0.2307303614999064,22.23069191738001,0.8274327374568046,18.69497496376039,27641.270000000004,2.0567549425041047,564.0
6.864583333333333,0.9940108969660976,1.7815972310763994,0.2324200191696566,22.18532067408147,0.8353303138093185,18.360043135257985,25318.953999999998,2.0523694446302923,564.0
6.875,1.0249822350171367,1.8004984842359268,0.2339161546217925,22.128967415394285,0.8437594952112718,17.891367275976528,24039.956999999995,2.050510008626473,564.0
6.885416666666666,1.0364892321776449,1.8044914356049888,0.23473627765895266,22.053186296168516,0.852864407876963,17.543483669411117,24039.956999999995,2.0501877922112954,564.0
6.895833333333333,1.0636989415920672,1.8147494008432723,0.23411346383899173,21.964885776578797,0.8614304811695022,17.018604270725188,21588.243000000002,2.0489347070907415,564.0
6.90625,1.080999250883323,1.8164747377781096,0.23350059574837023,21.862028368677706,0.8697189091499551,16.514927213558494,20430.37400000001,2.049682717082562,564.0
6.916666666666666,1.0837378266343654,1.8080000617085294,0.23252930150163034,21.74015542523854,0.878029105010987,16.172568719885877,20430.37399999998,2.051594466754682,564.0
6.927083333333333,1.101415619044911,1.8081393922894753,0.23080075938913597,21.61510124800723,0.8853819950903866,15.747343171980795,18359.837,2.0525289499790706,564.0
6.9375,1.1129345955841012,1.804559171022454,0.2296565353064144,21.48315567486793,0.8921855446109277,15.37703487518085,17534.67199999999,2.055477210396805,564.0
6.947916666666666,1.1146141277031478,1.795681982871171,0.2285605046648959,21.340559127596148,0.8986628065890757,15.132572972500242,17534.67199999999,2.059509821742192,564.0
6.958333333333333,1.129898445142713,1.7958862528132973,0.22742276809861425,21.20120562246963,0.904250033544867,14.866640284571725,16170.627999999997,2.0630863926221714,564.0
6.96875,1.1434670871674792,1.7970495479266315,0.22708139028296956,21.061306990567697,0.9092003049106034,14.644570785126975,15583.524000000005,2.0687423330700723,564.0
6.979166666666666,1.1502572434638287,1.7963222411200082,0.22709020606861413,20.917389856897938,0.9136476246091306,14.505914650416907,15583.524000000005,1.8267940066497357,564.0
6.989583333333333,1.1700515198862553,1.8048332732255812,0.2273942794726541,20.780963988369173,0.9172738125189012,14.349430689202403,14518.357000000004,1.8087574656059053,564.0
7.0,1.1899276808320147,1.8156849037293479,0.22858671452928542,20.647473139429906,0.9202613981691964,14.222750175144888,14090.146999999997,1.7908133248194866,564.0
7.010416666666666,1.2043490014189244,1.8258000737950906,0.23020299506575617,20.513834789479514,0.9226769386775014,14.151583776015128,14090.146999999997,1.774707342498782,564.0
7.020833333333333,1.2280376473150019,1.8441316516900652,0.23207967657683573,20.391271135032664,0.9243590334931302,14.04678682583693,12979.715000000015,1.7536205084029564,564.0
7.03125,1.2492564461947913,1.863808969254477,0.23470630922577176,20.275906964836683,0.9254472787000596,13.94311004444612,12316.116999999998,1.730875338031237,564.0
7.041666666666666,1.2654912044878075,1.8812842824370897,0.237777010367791,20.161744212713245,0.9260216341012768,13.884984623008943,12316.116999999998,1.7100320543644185,564.0
7.052083333333333,1.286542979662078,1.904184064255727,0.24087319282170683,20.057975691047865,0.9260842249803269,13.805612914056946,11323.479999999996,1.6843954023865026,564.0
7.0625,1.306283738481811,1.9266290817726694,0.2448790195449639,19.95479028887495,0.9256901025861886,13.77100364317616,11387.661000000007,1.6704384519589335,564.0
7.072916666666666,1.3266644359323287,1.9497993577208144,0.24898832809099972,19.852698016962858,0.9248338990659365,13.770176006188471,11387.660999999993,1.6771098540637657,564.0
7.083333333333333,1.3560194086844735,1.9785920068076053,0.2542356861926606,19.746586937047727,0.923438316209755,13.828604842238702,11946.331999999995,1.6862189700504482,564.0
7.09375,1.394087566827738,2.0156846806134405,0.2603375350889702,19.63936312367802,0.9214979927110456,13.918977923108333,12157.289999999994,1.6891303591193234,564.0
7.104166666666666,1.4329735728266606,2.0574257409873367,0.26723619944931276,19.53257087408005,0.919039883620644,14.017109351575309,12157.290000000008,1.690027216537617,564.0
7.114583333333333,1.478962006939287,2.106812737450166,0.27555543056037035,19.426609427396382,0.9160977080440992,14.104302507754147,12072.271000000008,1.6938840575783387,564.0
7.125,1.5277128513945144,2.161065447202485,0.28516729288783343,19.32116113032902,0.9126969088156006,14.176333370462778,11987.657999999996,1.6975235200758032,564.0
7.135416666666666,1.5747791011898193,2.2159890020839272,0.2956699288793318,19.21522213126216,0.9088371086193536,14.23987788485877,11987.657999999996,1.701230204055489,564.0
7.145833333333333,1.6269932975961137,2.275962709318028,0.3070621441738584,19.11291547347702,0.9047216847962664,14.269162665847729,11503.299999999985,1.7033186112398107,564.0
7.15625,1.6796382072102596,2.337348927343412,0.31953666399427966,19.013355948668014,0.9003829006890517,14.274146555380556,11113.407999999996,1.7073093059894229,564.0
7.166666666666666,1.728829821839091,2.3960421379453005,0.33282914111983175,18.913018096087118,0.8957075802752503,14.281997308897282,11113.40800000001,1.7135537052332324,564.0
7.177083333333333,1.7818327515947925,2.457567183087908,0.34621038837932167,18.81856440757403,0.8910544768491857,14.257867142528315,10379.843000000012,1.7171185950981986,564.0
7.1875,1.8323037230306658,2.5173086242242664,0.3606235253790328,18.726171461605375,0.8862881781303728,14.230667510775056,10076.088000000003,1.7243376664846084,564.0
7.197916666666666,1.8798124098433753,2.5734188837866694,0.3754401980533225,18.633064425502067,0.8812897768178162,14.218129737909603,10076.088000000003,1.73452282961392,564.0
7.208333333333333,1.9289446042338876,2.6305998875004395,0.3900360444832283,18.544278881878274,0.8763576011187337,14.195432062420883,9533.98999999999,1.4287323775962617,564.0
7.21875,1.9761867013575865,2.6857591882237557,0.40538638374361347,18.45672737060965,0.8713506850641777,14.179940893317198,9327.214699999997,1.417597188474571,564.0
7.229166666666666,2.0213683745822992,2.7376475086874983,0.42089275635935075,18.36842843742937,0.8661716770349484,14.179804379684077,9327.214699999997,1.4070740000143895,564.0
7.239583333333333,2.0659177871102026,2.789005994641269,0.4365570262238401,18.280165519076007,0.860879802161347,14.189383822246004,9236.796799999993,1.3974801389244345,564.0
7.25,2.1104360044714454,2.839428271773389,0.45263837518980893,18.190938698184574,0.8554286537523668,14.210310060788704,9241.497999999996,1.3882242693041174,564.0
7.260416666666666,2.1544674143536033,2.888119097248596,0.46869265373317365,18.1006747643394,0.8498263517957021,14.23915302286268,9241.497999999996,1.3794590409297987,564.0
7.270833333333333,2.1918676237908548,2.9335295882946335,0.4864328286440673,18.002261961373524,0.8436368239020465,14.301066922891154,9942.105999999996,1.3735317613063076,564.0
7.28125,2.2285425453149146,2.978173819517126,0.5045996501177976,17.894837781732207,0.8368076753616442,14.395994783866236,10681.229999999996,1.3739308981893403,564.0
7.291666666666666,2.271694141362732,3.025167715910823,0.5216620176075389,17.785460619557803,0.8298032159267491,14.488025654484186,10681.229999999996,1.3758110089359725,564.0
7.302083333333333,2.291870781526066,3.063439622492679,0.5430629328518759,17.656008137786138,0.8214835414899816,14.648531079573717,12380.296999999991,1.3801713015903583,564.0
7.3125,2.2911018276481303,3.094468040971227,0.5621777025944943,17.5106071442422,0.8121503345519716,14.862243581309961,13568.558000000005,1.3961524372408682,564.0
7.322916666666666,2.309573160652831,3.129068346004406,0.5781101901447598,17.361451201415935,0.8026429993240684,15.053621455055003,13568.558000000005,1.4109667274890287,564.0
7.333333333333333,2.173972289187362,3.112187135974073,0.5935070173666854,17.178478609800266,0.7911445234789563,15.372459693152036,16228.070000000007,1.4284083467684259,564.0
7.34375,1.9746793310229451,3.0645075099366563,0.5968470116579853,16.971411857458868,0.7784347257872354,15.796844669576421,17982.752999999997,1.79063057653343,564.0
7.354166666666666,1.8519644306103882,3.0318078481793513,0.593504140703143,16.76335900731489,0.7660598986404309,16.149409163884446,17982.752999999997,1.7427425581137477,564.0
7.364583333333333,1.5309253460961807,2.8915594902566712,0.5788010404276891,16.499498546562965,0.7510140473538424,16.939556240577524,23606.704999999987,1.767129881093654,564.0
7.375,1.2226499383015388,2.7095071677654072,0.5336308265864883,16.240421457920796,0.7370394437386764,18.081966127262827,26536.823000000004,1.7457774737886969,564.0
7.385416666666666,1.0403225009480155,2.5608499738983004,0.48376894013852706,16.057593566357593,0.7278412132082678,18.876869605259408,26536.823000000004,1.7697869804869426,564.0
7.395833333333333,0.8470751628987561,2.3680292309125623,0.43073729790384374,15.990012255328782,0.7250661256562695,19.570635378083207,29418.043000000005,1.8210435141211716,564.0
7.40625,0.7226865950488867,2.1884872261591783,0.37693829499816756,16.10610504140407,0.731524529983622,19.954900140610604,29707.748999999996,1.8628513425721198,564.0
7.416666666666666,0.6365580991185316,2.029804770165965,0.3325088001108901,16.42908883789936,0.747668994224767,20.066706407858092,29707.74900000001,2.0907730841740007,564.0
7.427083333333333,0.5850653565122391,1.8864554385916132,0.29498301339192096,16.95287831668043,0.7725976424729434,19.987795940818877,29514.424,2.076797373107602,564.0
7.4375,0.5547262523260504,1.7607809882802847,0.26401866899514087,17.636948316415552,0.8039029263373566,19.735934489470274,28785.104000000007,2.067516178553968,564.0
7.447916666666666,0.5231300333512707,1.6431828401836368,0.23913230281488096,18.456886630130814,0.8399943905279428,19.502629328846023,28785.103999999992,2.0616756745275904,564.0
7.458333333333333,0.5253192741336675,1.5633005645718945,0.2199652561117159,19.30766135644293,0.8758979806353309,19.040203417069208,26888.326,2.056583915584385,564.0
7.46875,0.5304448767082879,1.4931248129027332,0.2050006896059292,20.164535546927425,0.9104048302741441,18.532407671622252,25757.062999999995,2.0539274525141096,564.0
7.479166666666666,0.521116004655077,1.419200122852097,0.19246926983401938,21.030783517048672,0.9434375385869577,18.178634782045798,25757.062999999995,2.0527816392837073,564.0
7.489583333333333,0.5399338733534301,1.3728136481899709,0.18214829731560545,21.79420747309673,0.9708148375600252,17.61930314908888,23147.709999999992,2.050717820961325,564.0
7.5,0.5530541317486971,1.3243389185326697,0.1735696235624459,22.48868040300846,0.9941102793125445,17.082332387582678,21952.838999999993,2.0508378806825056,564.0
7.510416666666666,0.5484728239907224,1.2680846552309708,0.16586596178986746,23.14198045619413,1.0143991891861341,16.724177175697093,21952.839000000007,2.0520897951297807,564.0
7.520833333333333,0.5606819447590996,1.2254214122789826,0.15901455209333643,23.70309778579835,1.0303288165179347,16.334739519511665,20383.380999999994,2.0525061413157584,564.0
7.53125,0.5689045141094066,1.183544187942784,0.15318633885670907,24.203353428773205,1.0430993328998424,16.030340626171146,19935.292000000016,2.0543001565183867,564.0
7.541666666666666,0.5652349426622393,1.1409234197415918,0.1480040357621539,24.651037994000745,1.053064477208946,15.84064751728712,19935.292000000016,2.056417244218822,564.0
7.552083333333333,0.5736890849325256,1.1080785022339266,0.14348279383961018,25.028251289744432,1.0600142985904017,15.657006793701663,19141.93400000001,2.0579865438833784,564.0
7.5625,0.5811035683544777,1.0797042536782877,0.13967518868337847,25.341070237193996,1.0643396781652672,15.4769410001199,18454.005999999994,2.0600946716316884,564.0
7.572916666666666,0.5782119803989028,1.05086614522776,0.1364016936163477,25.602872052034677,1.0664130054078926,15.364029040018535,18454.005999999994,2.0629423053893348,564.0
7.583333333333333,0.5817156942679608,1.0277272744209196,0.13337314601087846,25.79999736478002,1.0664096925949025,15.182091535336006,17136.439,2.0651524384271482,564.0
7.59375,0.5808195290280309,1.004358683317195,0.13075613910267952,25.949643534781384,1.064716196487874,15.01945130697005,16680.212,2.069130635815312,564.0
7.604166666666666,0.5743131226668311,0.9809142992508493,0.1284147635440798,26.05842091118457,1.061453183358586,14.917930067254158,16680.212,1.8401107727592145,564.0
7.614583333333333,0.5707281779518223,0.9605254394127865,0.12625642743171575,26.12664271835125,1.0568238970684756,14.842233597275094,16368.589000000007,1.8305295492768103,564.0
7.625,0.5672290137178104,0.9432658002973631,0.12444670263348168,26.158258000683883,1.0509067421370444,14.8039534184105,16304.309999999998,1.8220983217728386,564.0
7.635416666666666,0.56240670039781,0.9289157568980095,0.12296887029301916,26.155568026135022,1.0437860747820986,14.79804102339974,16304.309999999998,1.814807335252846,564.0
7.645833333333333,0.5586998835592518,0.91731650472254,0.12176139212643815,26.120399219602405,1.0354825724617922,14.827430306980785,16453.372000000003,1.8092294306862922,564.0
7.65625,0.5558026379771572,0.909705023862564,0.12091580735304305,26.054334109759523,1.026049328659142,14.885511113405956,16640.63399999999,1.8052418371934424,564.0
7.666666666666666,0.5538995373603829,0.9059730835443313,0.12041689429187456,25.960527276008296,1.0156866758600749,14.94666356913842,16640.63399999999,1.801566429980849,564.0
7.677083333333333,0.5501556064765165,0.9039282459552875,0.12021814733393484,25.838127301579064,1.0041572911828875,15.048483060290136,17153.29999999999,1.8011756570860082,564.0
7.6875,0.5436648285300413,0.9045964084827524,0.12033457877514465,25.688321870978136,0.9915022793261359,15.18852440496347,17704.981,1.8035428742786386,564.0
7.697916666666666,0.5413429807993528,0.9098191080740784,0.12075147125412712,25.519082174408783,0.9782495525889502,15.307058537444524,17704.981,1.8050898859135114,564.0
7.708333333333333,0.5243111196189763,0.9114409437284625,0.12137158063509686,25.321859263506006,0.9636079663647608,15.514318426534116,18963.763999999996,1.8134652815604713,564.0
7.71875,0.5076219428877748,0.9152432625732443,0.12215951731068357,25.104367597472606,0.9480232266167206,15.777173048903222,19901.293000000005,1.8249472144523424,564.0
7.729166666666666,0.5011971658018092,0.9249035881463848,0.12316921896582798,24.884567106515473,0.9325365809723744,15.981531444086938,19901.293000000005,1.8337545309255572,564.0
7.739583333333333,0.4926340805829055,0.9318323010520079,0.1246738092293211,24.637225065356134,0.9150367887830294,16.480261497205603,23246.766000000003,2.0882890442629756,564.0
7.75,0.4975337311903417,0.9489368059974613,0.12650664710216503,24.398834496140868,0.8975596525743753,17.10415097904799,24977.445000000007,2.0796449624324644,564.0
7.760416666666666,0.5093835745454112,0.9746580616271001,0.12870069732695022,24.20441795050079,0.8821134031544382,17.550820278175127,24977.445000000007,2.071119669752664,564.0
7.770833333333333,0.517738504070744,0.9980459100020495,0.1314899381776289,24.05333130942953,0.8680678959480398,18.15689431569148,27671.274999999994,2.065869338241283,564.0
7.78125,0.5291581338474305,1.0265366588476257,0.13441140547394434,23.972766053986085,0.8574933975985942,18.703400616237847,28686.261,2.0595944660164585,564.0
7.791666666666666,0.5427564825098397,1.0580121062660939,0.1374440963155061,23.963267774871355,0.8513022976356794,19.008134260085146,28686.261,2.063568639046278,564.0
7.802083333333333,0.5486410367550435,1.0833025924697317,0.1405752902090378,24.012943482784564,0.8495221932654369,19.442714358948862,30185.085999999996,2.087844287829703,564.0
7.8125,0.5617504057294004,1.1115079747468848,0.1435141207173722,24.10127913138754,0.8522859809409533,20.002690036054524,30336.83,2.1117148935038763,564.0
7.822916666666666,0.5742670181622098,1.1378391715322413,0.1462824440347603,24.204418790084617,0.859008250379712,20.592101873412606,30336.83,2.1326643784464747,564.0
7.833333333333333,0.595618760111508,1.164589240302588,0.14884237599101596,24.301903801539837,0.8688521780287976,21.059754730387095,30147.747999999992,2.1497466541663637,564.0
7.84375,0.6183725441055306,1.1890048532005775,0.1509873993017847,24.3787222789167,0.8807604678890445,21.272695427698363,29483.968999999997,2.1612776308926485,564.0
7.854166666666666,0.632073040802701,1.2054041780113451,0.1527278527057461,24.428579771255336,0.8942186864529618,21.4319152460544,29483.969000000012,2.1715276313503424,564.0
7.864583333333333,0.6509223160650781,1.2218721924560316,0.15335592121158764,24.44634667432774,0.9071545234863659,20.901640197606667,26529.424,2.16687304835006,564.0
7.875,0.6565283000260673,1.2231489320595859,0.1532625256435335,24.438098391085187,0.9197427901912734,20.215178380438292,25059.150999999983,2.1577391539196227,564.0
7.885416666666666,0.6522447240992733,1.2120414692933645,0.1525163267945602,24.405548246258235,0.9323996410271392,19.776462252695108,25059.151000000013,2.1511326602278498,564.0
7.895833333333333,0.6565230648281495,1.2035146476160863,0.15085361631458835,24.356822969834198,0.9435502854419534,19.017990177812464,22400.812999999995,2.133677462200704,564.0
7.90625,0.6547657989337489,1.1865672279541117,0.1489429624741309,24.2950451972053,0.9537918837596292,18.283708920381873,21228.512000000017,2.1142513060846055,564.0
7.916666666666666,0.6461416644480951,1.1628131818090082,0.14677678651162443,24.22002027157286,0.9635364183124736,17.77633780829707,21228.511999999988,2.097950992367978,564.0
7.927083333333333,0.6476918526465131,1.1449085062177677,0.14431475042235628,24.142788889112794,0.9717506373610648,17.125630256275844,19170.160999999993,2.0737928524494897,564.0
7.9375,0.6449254625341182,1.1236664407854284,0.14196816234935686,24.062847459465157,0.9788986279759643,16.505514051681978,18206.098999999987,2.0480644962990078,564.0
7.947916666666666,0.6363973280586877,1.0990369836435483,0.13965418624437603,23.978094421902018,0.9852763055622282,16.013870207893117,18206.098999999987,2.0421299463611087,564.0
7.958333333333333,0.6350095823700976,1.0804048499733268,0.13734203092368,23.898114284024487,0.9902927847039319,15.465605727364926,16550.751999999993,2.0440196802125876,564.0
7.96875,0.6306847249447862,1.060972263087285,0.1353050053022661,23.81970471593766,0.9943109287826158,15.021254351251756,15874.861999999994,2.0472299727109617,564.0
7.979166666666666,0.6230029116066549,1.040589513969157,0.13340742459679428,23.740344937692697,0.9974680482288601,14.73406820480925,15874.861999999994,2.0512261758184303,564.0
7.989583333333333,0.6216513739192335,1.0258175562253646,0.1316727116343661,23.66598066789506,0.9995686876567558,14.48131882701262,14798.975999999995,2.0547956498045608,564.0
8.0,0.619788032252917,1.0123239000182218,0.13024348913173472,23.593683998293137,1.0007791202721652,14.298044435637166,14377.159,2.0597857607300343,564.0
8.010416666666666,0.6158839605844098,0.9993706955840338,0.12900008212274705,23.521516748183082,1.0011310159473366,14.1965068165308,14377.159000000014,2.0657295654457934,564.0
8.020833333333332,0.6182978641511032,0.9920135097939767,0.12801186112120225,23.45326151521596,1.0006444358110909,14.102706315184403,13636.358999999997,1.8289353234010508,564.0
8.03125,0.6222818685331383,0.9874730730192548,0.12736502897820468,23.386823431529066,0.9993840392020619,14.037696069119841,13308.019,1.8130319171943328,564.0
8.041666666666666,0.624391972478006,0.9841848583412377,0.12695141607752333,23.32047913872861,0.9973417541142723,14.015791824985804,13308.019,1.7986906011345958,564.0
8.052083333333332,0.6334587927709205,0.9868369825033149,0.12686063847551357,23.257041540479367,0.9946625243139173,13.988208151036137,12716.258999999991,1.7820984072435275,564.0
8.0625,0.6441668687506432,0.9929659410041562,0.12712804578330267,23.19546803964025,0.9914039685756646,13.963542429947372,12301.126999999997,1.7646943019481705,564.0
8.072916666666666,0.6524569600286477,1.000256744820331,0.12766924978706956,23.133493748246206,0.987506124235897,13.965907329859217,12301.127000000011,1.7487834840565204,564.0
8.083333333333332,0.6662286849543047,1.0130633613947368,0.12848647801665325,23.07520827326886,0.9833200728985021,13.940060625022697,11458.536999999997,1.7287803725135633,564.0
8.09375,0.6805783448923606,1.0284066095623168,0.12968618288081046,23.017897293269286,0.9787642621011272,13.919635752768132,11129.023000000001,1.708451566321426,564.0
8.104166666666666,0.6932927553508894,1.0449120713212243,0.13114577518968443,22.959708524863377,0.9737508081631564,13.923121968474126,11129.023000000001,1.6895131942990296,564.0
8.114583333333332,0.7122003812676855,1.0669637458706651,0.13297622513779486,22.902159130751635,0.9684690450591839,13.93069212460016,10811.793000000009,1.6711093913362605,564.0
8.125,0.7344487369171413,1.0936446591223465,0.13526819320726838,22.843973524153146,0.9628647911301246,13.95194139731091,10712.815000000002,1.67504268399451,564.0
8.135416666666666,0.7564185686373968,1.123397315189173,0.13794483191512125,22.78446120257718,0.9569224836232507,13.98847297875344,10712.815000000002,1.6808234398016513,564.0
8.145833333333332,0.7844858891558164,1.1597286593461604,0.14110650591086607,22.726059494077774,0.9509448840127711,14.014505759778679,10260.899000000005,1.6834690955867362,564.0
8.15625,0.8143223016504902,1.2005443064592556,0.14480902244077648,22.66821125628887,0.9449360374058227,14.034231308486953,9910.118000000002,1.687918986165613,564.0
8.166666666666666,0.8436873771347119,1.2436695492140444,0.1490154902121274,22.60880380227652,0.9387260108990589,14.064099926383513,9910.118000000002,1.6945738365125198,564.0
8.177083333333332,0.8767985212917798,1.2923236086548617,0.1536687686721529,22.551742730088886,0.9327679947435995,14.074627265233417,9261.792499999996,1.6979878059101068,564.0
8.1875,0.9113455393274699,1.3442496716247896,0.15896874203158884,22.494676697192507,0.9268542494880988,14.086344023072755,9010.432700000005,1.7045697725949605,564.0
8.197916666666666,0.9472702340754935,1.398426421215801,0.1648352080870589,22.43594898958509,0.9208496303099079,14.110091995468204,9010.432700000005,1.713832849382466,564.0
8.208333333333332,0.9880466939621534,1.4580735674170082,0.1712964951890004,22.378213295000034,0.9150560656436375,14.129022029921236,8600.967900000003,1.719888180897869,564.0
8.21875,1.0320147150325667,1.5217310799078452,0.17856128698001397,22.31995976082763,0.9093450613501866,14.152534401389538,8423.226900000005,1.7295406663759518,564.0
8.229166666666666,1.078547564427834,1.5881157102190593,0.18659077489609538,22.259890475281185,0.903617873794463,14.185880762643132,8423.226900000005,1.4280060769426974,564.0
8.239583333333332,1.1294831930480687,1.6593601677918832,0.19539859838055723,22.2002623212695,0.8981104610020977,14.216416511474664,8105.257500000003,1.4171641205619816,564.0
8.25,1.18332237410383,1.7337302825281096,0.20517590611380704,22.13981177193144,0.892718217887308,14.249916370463538,7966.3290000000015,1.4057197139383484,564.0
8.260416666666666,1.2398780662455904,1.80983741409395,0.21585718086904251,22.077447774611162,0.8873629356988652,14.289736154619531,7966.3290000000015,1.3947188618985522,564.0
8.270833333333332,1.2933887760222622,1.8867908929766422,0.22773643425916726,22.009375352769837,0.8817599486567387,14.34864684927653,8420.236900000004,1.386236895943465,564.0
8.28125,1.3450828953253053,1.9653014246400657,0.24080374422987577,21.933438792328914,0.875804409849305,14.43104238084641,9078.788100000005,1.3828498143328392,564.0
8.291666666666666,1.4065385422912147,2.0487659210741804,0.25467459079945254,21.854848436004133,0.869957291453558,14.51195214644685,9078.788100000005,1.3814346730826692,564.0
8.302083333333332,1.4441285877029557,2.12680473827471,0.27086108789612356,21.75868242998196,0.8632164705070939,14.645586112502217,10721.358999999997,1.3829607256194274,564.0
8.3125,1.4561587827807243,2.2011446797474123,0.28810534611290345,21.645410222820093,0.8558137659307757,14.834887407975883,12165.706999999995,1.3971950882814428,564.0
8.322916666666666,1.4940203292036043,2.2848592776281587,0.30591321874110666,21.528258704891826,0.8487033259653114,15.013842809144233,12165.706999999995,1.4124062627729648,564.0
8.333333333333332,1.3945213437919415,2.327770656772534,0.3268079078372689,21.37013829088648,0.8398617285071331,15.378495279228003,15963.856,1.4330983314741188,564.0
8.34375,1.2600753722861557,2.357386476219966,0.345980528957323,21.18546320958178,0.8304372814132874,15.933265146480485,18387.367,1.7944319115635907,564.0
8.354166666666666,1.2049837196347344,2.4086189380642584,0.3644065554280425,21.004290865549443,0.821939375619267,16.430624849620962,18387.367,1.7332610683882117,564.0
8.364583333333332,0.9910201265519734,2.360078163761227,0.37840118605727696,20.783129979499325,0.8123506868522687,17.394212284620526,24575.549,1.7554874026443439,564.0
8.375,0.7993237820418022,2.268738340463432,0.37336939747237285,20.594119061191133,0.8047425550983267,18.684179651354597,27586.75899999999,1.7799987000130297,564.0
8.385416666666666,0.7003932357198165,2.1935578694422926,0.35964914488687966,20.506812850852384,0.8015125058200142,19.47253518943762,27586.75899999999,1.825537494512699,564.0
8.395833333333332,0.5870139440494905,2.063986332161639,0.3367060678125453,20.56808377383269,0.8040561940195193,20.106103330938684,30044.009999999995,1.8804160936156924,564.0
8.40625,0.5228739670983487,1.9375409320717383,0.3077382479643182,20.818273804047948,0.8134412176632417,20.372005849037674,29941.511,2.086553798062732,564.0
8.416666666666666,0.48029353439824896,1.8190942384447686,0.2809067545668766,21.262598071982136,0.8293991685131669,20.386786487539336,29941.511,2.0715953599606074,564.0
8.427083333333332,0.46254393254744264,1.7157781264694152,0.25642206448325244,21.86134243663144,0.8500503107014221,20.123511797335112,28967.820999999996,2.0617697461456976,564.0
8.4375,0.45241652721273246,1.6178791716676115,0.2349904987692276,22.573836573772294,0.8735645901184355,19.739999145796542,28200.323000000004,2.0589914551874444,564.0
8.447916666666666,0.4373635251382313,1.5210694690137814,0.21674113027950528,23.37586880419833,0.8986952665550416,19.461242363724715,28200.323000000004,2.0698463323628085,564.0
8.458333333333332,0.44609138618263255,1.4561405434792485,0.20225684851853268,24.1754535067402,0.92226506778937,19.12942205503724,26564.736000000004,2.0752100846732566,564.0
8.46875,0.4552480983543728,1.3978066815542798,0.19065411742841726,24.958377717663495,0.943767765145652,18.86292457969347,25779.339000000007,2.0784906166230996,564.0
8.479166666666666,0.4527354970180417,1.3364355838547621,0.18072470872402452,25.718570987755864,0.9629623541783023,18.73681399234709,25779.339000000007,2.0831985761514846,564.0
8.489583333333332,0.4701075777429236,1.2970235931885579,0.17254553417032858,26.3877708127069,0.9782792101368504,18.449114167989997,24144.266000000003,2.080146334438431,564.0
8.5,0.4851645541892373,1.2588919524295863,0.16571352413080628,26.979405559759996,0.9903684118550925,18.1228619193011,23329.451,2.0748498974225873,564.0
8.510416666666666,0.4863373806802656,1.215116847833384,0.15959164780771784,27.505920831052105,0.9997201702416003,17.884407468898274,23329.451,2.0714754220372478,564.0
8.520833333333332,0.5036825292382917,1.1860162903191487,0.1541609796687652,27.924784895044446,1.0059268421179435,17.446979154859577,21385.096000000005,2.0593853593840272,564.0
8.53125,0.5154041535944746,1.1544735500020835,0.1494310911005479,28.26561629341077,1.0098356181146437,16.985108992432714,20514.160000000003,2.045432665628018,564.0
8.541666666666666,0.5143793439295609,1.1178620654435891,0.1450723933005534,28.544803561620366,1.011830685828621,16.606496506411645,20514.160000000003,2.0446796736373583,564.0
8.552083333333332,0.5216463647120485,1.0881166817086176,0.14106524904633824,28.75393693031591,1.0120236816694723,16.228819802767102,19675.892999999996,2.0455411080009096,564.0
8.5625,0.525437387332216,1.059140367277783,0.1377048379725595,28.909275200973077,1.0105372100506556,16.03152610629201,20233.209999999992,2.0473005094222634,564.0
8.572916666666666,0.5253059695783309,1.0346553612245042,0.13478852575457315,29.005049026618998,1.0074122307735134,15.929792148541003,20233.209999999992,2.0483026953149177,564.0
8.583333333333332,0.5312815123780289,1.0157729938633544,0.13279795259408425,29.04378466374653,1.0021049340363075,16.13880963495605,22524.881999999998,2.0501108357227373,564.0
8.59375,0.5476465190815708,1.0130058682438359,0.13183182097788274,29.01034937102896,0.9945184304066286,16.522688921235932,23942.11600000001,2.050002230567819,564.0
8.604166666666666,0.5629039371877953,1.0209051080945029,0.13170771039504997,28.905265139394356,0.98519538459603,16.833921899656794,23942.11600000001,2.0492443248848455,564.0
8.614583333333332,0.5891411051701638,1.0374151436414705,0.13292330723646195,28.711865505370056,0.9732603821757893,17.39256136041877,26596.896000000008,2.068277217843692,564.0
8.625,0.6280873966795576,1.0704992481232372,0.13528739917514954,28.429513268247874,0.9595578242009412,18.1802488666684,28040.975000000006,2.093525337318982,564.0
8.635416666666666,0.6630630302917826,1.1116438211979474,0.1384220001941948,28.075597800874817,0.9455288393660846,18.97599614584334,28040.975000000006,2.114926439788181,564.0
8.645833333333332,0.7013700799041787,1.1576487002621747,0.14295638908496314,27.614297985765333,0.9307565773210749,20.208141084745083,30765.381999999998,2.146524844839235,564.0
8.65625,0.7427749131546499,1.2150855341007254,0.14838413744438167,27.06582017984423,0.917172643071287,21.479345049375436,31818.164000000004,2.176764110459058,564.0
8.666666666666666,0.781660346609701,1.2775775033558388,0.15447407570232144,26.453605821250388,0.9061454722965393,22.387713751317833,31818.16399999999,2.200750989846515,564.0
8.677083333333332,0.8077785415000776,1.3352905229338807,0.16124696184048032,25.75849822045693,0.8979566720362291,23.331070670596894,33146.732,2.226029908663852,564.0
8.6875,0.8251450683385446,1.3918553875351687,0.1680904528438037,25.013400908698696,0.8933747925133302,24.01748461546567,33327.463,2.4554164760247783,564.0
8.697916666666666,0.8461859174171479,1.4482765664044086,0.17515788130990592,24.237597567248667,0.8924182235466137,24.440268690464837,33327.46300000002,2.4538469043831976,564.0
8.708333333333332,0.8336646222188773,1.4868224170967606,0.1810905616878577,23.460900190656993,0.8947793102344547,24.552917531686813,32828.42199999999,2.452299532135598,564.0
8.71875,0.8140392544249703,1.514507107841029,0.18617343652678783,22.698156627597413,0.8999984423829295,24.53066893619053,32493.096999999994,2.451229285442157,564.0
8.729166666666666,0.807595789175691,1.5403674783519359,0.190857526096092,21.95984984049315,0.9077023993880544,24.546136544666467,32493.09700000001,2.4506573054063967,564.0
8.739583333333332,0.7942596451611487,1.555087460969368,0.19457984476957738,21.252246907908088,0.9177137315793238,24.76703154963809,33061.739,2.450669872797195,564.0
8.75,0.7857147104256363,1.5665537044707836,0.19767066549955814,20.592417988588096,0.929852180232642,25.154356049791485,33767.333,2.4508108005106872,564.0
8.760416666666666,0.7872207060727514,1.5816680627077213,0.2003324332434025,20.009605418908617,0.9436284326356024,25.388534375185355,33767.333,2.4503479710098577,564.0
8.770833333333332,0.7820748985301527,1.5834151194629242,0.20332271731051835,19.467161640930392,0.9603516482935933,26.66808963766523,37051.681,2.4528455206619255,564.0
8.78125,0.7940316836324391,1.5954322924285882,0.20599357953960815,19.00772915693106,0.97944697890926,28.09639476383493,38815.09100000001,2.4538601582822164,564.0
8.791666666666666,0.8108204945830334,1.6149947482948017,0.20835580513875934,18.650638825668768,0.9999639724053112,28.80582540203232,38815.09100000001,2.453264164473512,564.0
8.802083333333332,0.8288924747256614,1.6292884672831973,0.2114082588434616,18.368213923152958,1.022890002090893,30.149299844433507,41028.917,2.4653665481868305,564.0
8.8125,0.849771739479233,1.6486398345821816,0.21362043993481283,18.164713768999235,1.046629259864184,31.957412773775015,41040.043999999994,2.4892405100592994,564.0
8.822916666666666,0.8628688288257184,1.662662991407041,0.21536327564599728,18.023103088319086,1.0705738069744501,34.07741339331982,41040.043999999994,2.513869319279926,564.0
8.833333333333332,0.8688067264254521,1.6699195985901305,0.2158611565999102,17.930642758282513,1.0936144240052956,35.46794044486661,40348.43199999999,2.5328252623991956,564.0
8.84375,0.8697500439759035,1.6693189123014973,0.21542853785827373,17.873860841409165,1.1151915013772538,36.31404732329707,39857.630000000005,2.5476862978690082,564.0
8.854166666666666,0.8668605343435156,1.6620689298033384,0.21435249804765327,17.84157459037106,1.1350015233162754,37.10394438338816,39857.630000000005,2.5617042667512804,564.0
8.864583333333332,0.8722757025334664,1.659047567614752,0.21275587233938303,17.824706593846063,1.1522086245198524,37.12849279768174,38870.01699999999,2.568306882706104,564.0
8.875,0.8762590443991781,1.6537587516319054,0.2110545621647282,17.81388695326993,1.1668164917764299,36.92215884136517,38203.84,2.5710017767199638,564.0
8.885416666666666,0.8736318307848796,1.6428563975021773,0.20921696510757776,17.800543029755488,1.1788936443054254,36.98712933389875,38203.84,2.574335925662595,564.0
8.895833333333332,0.8905803244893011,1.644034475627142,0.20631372518588703,17.779011113105344,1.1875126378066712,35.01798838543045,35013.841,2.557368498424294,564.0
8.90625,0.8979817717041967,1.6324591899589636,0.2028962338262793,17.74489319264631,1.19328867928105,32.86123356605791,33006.51000000001,2.532565475540204,564.0
8.916666666666666,0.8878374013007084,1.604718818579058,0.1991506474439828,17.69240570847831,1.1965783067367444,31.596686127853605,33006.51000000001,2.5126557928419575,564.0
8.927083333333332,0.8960274604969832,1.587787915248821,0.19413155553612685,17.626749461034972,1.1972731890407515,28.740686888227152,29318.361999999994,2.473319722659997,564.0
8.9375,0.888129816388396,1.5564534311835556,0.18915349927448197,17.545910363769682,1.1959337672779584,25.850876184878913,27661.127000000008,2.44144481396933,564.0
8.947916666666666,0.8684176810234251,1.515283195299575,0.1842482178256555,17.444930562647173,1.1926100905170458,23.77528547490423,27661.127000000008,2.4413644555801235,564.0
8.958333333333332,0.8597899883792863,1.484443178982241,0.1790200494307804,17.335565012607024,1.1878920749180006,22.024948338497293,24938.123999999996,2.439539850092726,564.0
8.96875,0.8436322577691945,1.4489978841170794,0.17448065582922645,17.213831371386803,1.1818295865047288,20.853660643095566,23931.285999999993,2.439627768401645,564.0
8.979166666666666,0.8238906266526644,1.4119182480483912,0.17038013376591288,17.07569336456154,1.174262184032866,20.242149618100136,23931.285999999993,2.440783131093141,564.0
8.989583333333332,0.8193905930559254,1.3869029703455609,0.16671080819031847,16.93149691491647,1.1657831824830058,19.588235618577247,22464.47,2.4406908154920637,564.0
9.0,0.8156876688078407,1.3647059597651483,0.16377624469602092,16.778995453092456,1.1562926396305266,19.026516821217342,21773.97200000001,2.4415705716797316,564.0
9.010416666666666,0.8078963866628736,1.3431303483181756,0.1613456794270698,16.614852790114846,1.1455597998001692,18.681651151645376,21773.97200000001,2.2163546745656886,564.0
9.020833333333332,0.8140781734151662,1.3327029263071721,0.15935625033738002,16.451499028101352,1.1344099959802785,18.203571819117055,20391.47,2.196212694699368,564.0
9.03125,0.8211175910839416,1.325085236650693,0.15804506376414582,16.284789767913,1.122611554133944,17.761016256811956,19809.020000000004,2.1762708488207876,564.0
9.041666666666666,0.8231860787088282,1.3179869263068698,0.15715837925564358,16.11103648163611,1.1099319207668386,17.4611921526995,19809.020000000004,2.1586085378240294,564.0
9.052083333333332,0.8385092860292895,1.3213495357937295,0.156771301166127,15.94030066969845,1.0971649881401455,17.09607172375752,18804.61600000001,2.1379727731466702,564.0
9.0625,0.8542374729063728,1.3286648815438038,0.1569492865083393,15.77165896361831,1.0843311477567015,16.70755938483027,18052.528999999995,2.115960566051515,564.0
9.072916666666666,0.8642833710401493,1.3361728932114791,0.15759946231613425,15.598822035982455,1.0710284770244274,16.412383788982414,18052.52899999998,2.096079189476974,564.0
9.083333333333332,0.8819262495325499,1.351720544711054,0.15850258724279728,15.43584955118369,1.0584218297415229,16.006291155472677,16661.085999999996,2.070832146409611,564.0
9.09375,0.8977357588735728,1.3686747110380362,0.1599806232536833,15.275431892364855,1.0460229811628987,15.609070845036774,16091.042000000001,2.0449413833336956,564.0
9.104166666666666,0.9108109463303152,1.3861126660357836,0.161848699645187,15.112063633552332,1.0334734073974832,15.27349125028223,16091.042000000001,2.0411019671003805,564.0
9.114583333333332,0.9317883034874003,1.411664593980673,0.1640220120795277,14.957667118749237,1.0217410922266215,14.895812027971683,14940.532000000007,2.043416446967021,564.0
9.125,0.9532350994287733,1.4403669735267959,0.16682779607879025,14.806993497542116,1.0104573832227493,14.576075065582632,14332.408999999985,2.0466431620945422,564.0
9.135416666666666,0.9734474790186354,1.470432430450051,0.17018036805283182,14.653681838513458,0.9991815030518326,14.367301393519359,14332.409000000014,2.050656623950393,564.0
9.145833333333332,1.002474051860439,1.5088356001557686,0.1739078489839661,14.509752816701047,0.9888096113083534,14.16768733126874,13226.419999999998,2.0542964409010724,564.0
9.15625,1.033520785301917,1.5506045520083063,0.17843260594771548,14.36875817044953,0.978865499468005,14.015360158061405,12746.576000000001,2.059558794923567,564.0
9.166666666666666,1.0642167087912628,1.5941435785592875,0.1836263039349575,14.22550710033154,0.9689890700949949,13.930506438489017,12746.576000000001,2.0661294168346243,564.0
9.177083333333332,1.1046055197833753,1.64589895545416,0.1893918139637983,14.089409319968867,0.9598182751586678,13.846526501593965,11932.243000000002,1.8205693001286536,564.0
9.1875,1.1465276915311673,1.7014586825263223,0.19617003014412143,13.954984970006532,0.9509592464243848,13.791324174301574,11631.411000000004,1.8022865782881394,564.0
9.197916666666666,1.1891714741718047,1.7596973617691674,0.2038493383168554,13.818983515941772,0.9421896528427651,13.77570599450431,11631.41099999999,1.7853163177879778,564.0
9.208333333333332,1.236723837828898,1.8249627427755577,0.212470223057747,13.687104274370204,0.9338617274211733,13.765265747904254,11168.915999999997,1.7664954941679536,564.0
9.21875,1.2869487822479917,1.89496966722038,0.22240376800633108,13.556905178532135,0.9257990333925948,13.769327218446735,10942.70199999999,1.747535105287998,564.0
9.229166666666666,1.340258075423968,1.9681483556602224,0.23363470883197027,13.425987698596206,0.9178401795763045,13.795645598809786,10942.70199999999,1.7296131318988914,564.0
9.239583333333332,1.3971268500969116,2.0467104234279097,0.24590295185735037,13.302029797912388,0.9104315622490118,13.80764013001515,10328.013999999996,1.7085571267197266,564.0
9.25,1.4544863577065814,2.1265356793309125,0.25966068287747757,13.181472956783029,0.9033361939702304,13.822075588434206,10035.996999999988,1.6868638430969956,564.0
9.260416666666666,1.5142164279384895,2.2062651740858934,0.27478573102304343,13.061087345165292,0.8963512461630355,13.852471460556167,10035.997000000003,1.6706366094351457,564.0
9.270833333333332,1.5671574500483336,2.284460349098472,0.29168762627681116,12.934519305162246,0.889107414476116,13.922788558438095,10593.913,1.6784738787799973,564.0
9.28125,1.617086344450266,2.3629243290673503,0.3104704660816906,12.798300989437518,0.8814155349761552,14.046295769959471,11487.34900000002,1.686981553803444,564.0
9.291666666666666,1.6809888362863399,2.448087556086747,0.33032230897453985,12.663674299501992,0.8739081746726891,14.174888247897774,11487.349000000006,1.6842584682256996,564.0
9.302083333333332,1.7124494286914704,2.5242239669743225,0.3545187425875251,12.507268555404659,0.8652857457201424,14.411450335968334,13594.29800000001,1.696418014778888,564.0
9.3125,1.708947385592456,2.5939652412718455,0.3797971765408504,12.338212181450178,0.8560528872156401,14.739044118901065,15141.702999999994,1.698524182138566,564.0
9.322916666666666,1.7381749092987369,2.674874840053143,0.4058134910425239,12.176587657072368,0.847259667420222,15.042329369783403,15141.703000000009,1.6861598351796712,564.0
9.333333333333332,1.5925381958311198,2.6979052647004518,0.4343025140971238,11.991961719047774,0.8371446020366923,15.543830588927339,18606.441999999995,1.7119616563192372,564.0
9.34375,1.4110044528649996,2.6996606974926585,0.45644673281494547,11.8137238841999,0.8270630760903535,16.13159806190138,20442.227,1.7479228459551626,564.0
9.354166666666666,1.3229875040872445,2.722053858768235,0.4757846727113085,11.671263438446923,0.8182914656727405,16.578978522856286,20442.226999999984,1.7769149342082196,564.0
9.364583333333332,1.0937945144280135,2.6492543375805133,0.4833823696789999,11.566127481392604,0.8099444854166796,17.304384961677805,24480.353999999992,1.8262832616302191,564.0
9.375,0.8835940160820936,2.530189015496709,0.464792876087808,11.562129974941877,0.8042752765415548,18.10347543065722,26414.909,1.873928602862163,564.0
9.385416666666666,0.7657592167067724,2.4231242603647276,0.4356628728451481,11.706352761233568,0.8028781811600563,18.617916057917622,26414.909,2.081010166414312,564.0
9.395833333333332,0.636695810155495,2.264865001295965,0.3962041413378187,12.062709764440818,0.806900078658744,19.133456863790162,28433.44099999999,2.070049568495978,564.0
9.40625,0.5591345417596818,2.1077765419001273,0.3520814819057882,12.659068435381588,0.8171282192542322,19.445575734158272,28683.918999999994,2.062211861337634,564.0
9.416666666666666,0.508450863653032,1.964362440437204,0.31337428870939926,13.501150419999497,0.8333013164111567,19.574241247015657,28683.918999999994,2.0772468323984126,564.0
9.427083333333332,0.4868110746909292,1.8379822623000484,0.28020974228462353,14.559739160325986,0.8541549344024713,19.67626714268664,28276.698000000004,2.0976313475338317,564.0
9.4375,0.48093056344203133,1.729906986701706,0.25275967790730336,15.759400937780867,0.8773621577620558,19.710688104006547,27079.08,2.111775893884251,564.0
9.447916666666666,0.46496058790868394,1.6204721420315076,0.2302697022912266,17.104116011240507,0.9021428170658485,19.83760398537781,27079.08,2.125991186417662,564.0
9.458333333333332,0.4807013980615064,1.5517081810372795,0.21268653791206274,18.4014021803341,0.9243759036604592,19.501530399991402,24343.665000000008,2.1253550026884147,564.0
9.46875,0.4905373260160704,1.481056766831571,0.19849846855225134,19.68616380073905,0.9444468261677355,19.062743312634872,23237.26299999999,2.121339147566146,564.0
9.479166666666666,0.48452152823704575,1.4031962655260857,0.1861867358058153,20.98724227562177,0.9624967919806454,18.770811963304595,23237.263000000006,2.1195483791317677,564.0
9.489583333333332,0.4954462238869218,1.3429835834168504,0.1757535701730102,22.214305108535765,0.977140769034474,18.41069984825934,22085.5,2.113237714460786,564.0
9.5,0.5046412357996355,1.2865435656652657,0.16699799611691526,23.386994295352178,0.988699682177072,18.09204665039892,21645.392999999996,2.1068180792201368,564.0
9.510416666666666,0.5020033006304059,1.2297012183946092,0.15936744115864224,24.511856544099473,0.9972478633239491,17.875068829557875,21645.392999999996,2.1022618051817217,564.0
9.520833333333332,0.5159371241824992,1.1878107648931389,0.15288995566895197,25.522438691398868,1.0024881288008844,17.575412584904544,20583.932,2.093552965886963,564.0
9.53125,0.5295717424372933,1.1502489114676675,0.14747489943085637,26.43862312696764,1.0048939651120203,17.27116886104293,20031.233000000007,2.083996959773007,564.0
9.541666666666666,0.530739289082226,1.111350436634909,0.14273091775615854,27.278398810589053,1.004724936937216,17.040492581906836,20031.232999999993,2.0763778143468268,564.0
9.552083333333332,0.5444962242234906,1.0818146574045282,0.13858906814819552,28.00407485475163,1.0022689453245168,16.762885956886215,19212.880000000005,2.065837517690022,564.0
9.5625,0.5554418544819499,1.054623549935673,0.13509748713891262,28.638946370733446,0.9977813882851302,16.51452332978954,19012.978999999992,2.056110719802916,564.0
9.572916666666666,0.5568588959048452,1.0279318021150592,0.1320454617211599,29.186114133625164,0.991421357094048,16.308751937960803,19012.978999999992,2.04798086587973,564.0
9.583333333333332,0.5636664071466029,1.0061955876494675,0.1293889139415363,29.638116532519003,0.9834645592975928,16.11260118327899,18826.611000000004,2.043810688500015,564.0
9.59375,0.5697175169950528,0.9882662135501387,0.12721316693316442,29.999382800698726,0.9740388044156949,15.949858864674074,18853.165000000008,2.0446956104370617,564.0
9.604166666666666,0.5705170782581606,0.9726594294580174,0.12542009477323143,30.269041257228093,0.9633601689076846,15.834895460355538,18853.165000000008,2.0454606244193476,564.0
9.614583333333332,0.5754712790660605,0.9607064916427034,0.12400263243007309,30.451450622412864,0.9513874964423401,15.807770480080928,19249.664000000004,2.046270707837791,564.0
9.625,0.5823974072996341,0.9539601316957279,0.12300673206665162,30.54396164329285,0.9384133886094675,15.834310409710293,19478.092999999993,2.0466635581547825,564.0
9.635416666666666,0.5865720467179713,0.9505589816700424,0.12237956824673946,30.54920391522929,0.924824963932801,15.870969829442723,19478.092999999993,2.0467421695817944,564.0
9.645833333333332,0.5890060834620374,0.9487586193222264,0.12212952797577384,30.468722993012875,0.910211535391882,15.999379820676257,20393.940000000002,2.047187331536942,564.0
9.65625,0.5903891383303935,0.9516642812475439,0.1222662700579751,30.303504644771053,0.895021495247904,16.17741387101878,21024.332999999984,2.0474580185088507,564.0
9.666666666666666,0.5938205454936539,0.9596304818554297,0.12276717043536597,30.06613496504367,0.8799878667576372,16.31851864743166,21024.333,2.0510762121012442,564.0
9.677083333333332,0.5879763412571882,0.9668312478619308,0.12362037485683774,29.751825311068536,0.8646318576236227,16.558493516323228,22118.019,2.0620254743158206,564.0
9.6875,0.5777415631222543,0.976622998321539,0.12466420240408899,29.38133193037229,0.8498827153610952,16.83309805704969,22340.929999999993,2.0730274592567253,564.0
9.697916666666666,0.573910842719295,0.9901148397390908,0.12598596165813863,28.971702611604695,0.8361653351479313,17.108605901681404,22340.930000000008,2.08272356414093,564.0
9.708333333333332,0.5468949361249467,0.9951956507774407,0.12712575954148136,28.531384825370477,0.8235942365486345,17.394866211186194,22587.011,2.0926307729096525,564.0
9.71875,0.5173613250698794,0.9970109554539366,0.12816392664464873,28.067712452106818,0.8123353989916291,17.715567409486678,23061.754,2.1038504010242187,564.0
9.729166666666666,0.5025361400399799,1.0028527733587114,0.12920499314576972,27.601788411520168,0.8028632008601018,17.989927241474042,23061.754,2.1135244159633793,564.0
9.739583333333332,0.4804387381460866,1.0020864071426212,0.13040181067093912,27.094482908613024,0.7946050640394018,18.652893407441447,25623.425000000003,2.135533309519261,564.0
9.75,0.47017650087006396,1.0096140635676438,0.13175629612372583,26.586616280041092,0.7886134872186308,19.501879004066936,26920.782999999996,2.160176989158092,564.0
9.760416666666666,0.4708048415472134,1.0261137001452707,0.13339394009045047,26.11600522165471,0.785393115798225,20.173438016137997,26920.782999999996,2.1802821276880264,564.0
9.770833333333332,0.46982772437871084,1.0394974411953781,0.13536484620732983,25.662814691801366,0.7849083956782821,21.06769752149141,28796.218999999997,2.206345692151088,564.0
9.78125,0.476486239102508,1.0582980854718282,0.1373968389573049,25.25733388816125,0.7873324504602,21.89758748918656,29465.684999999998,2.2302931676456796,564.0
9.791666666666666,0.4851391344729758,1.0790514974936354,0.13944247960343165,24.910347205844868,0.7923572607332762,22.446789917112717,29465.684999999998,2.450203657399463,564.0
9.802083333333332,0.4959055775995427,1.096664575029163,0.1414864727097439,24.6083926900467,0.7998534841820386,23.070926566884584,30488.781999999992,2.4495084136137235,564.0
9.8125,0.5140929480121582,1.116952403112951,0.143329506107664,24.356832739963295,0.8092570307249063,23.52880032746036,30614.655,2.448329007359304,564.0
9.822916666666666,0.5276172852247668,1.1337590185345474,0.14491282736222905,24.150036238295716,0.8200815652293266,23.8103721347518,30614.655,2.4473206466781563,564.0
9.833333333333332,0.555924766434271,1.1536933983954416,0.14638041470363597,23.982441352223695,0.8318836608304817,23.972943089991226,30560.69099999999,2.4464874295885144,564.0
9.84375,0.5857294983754328,1.1714729444820913,0.1475101356080592,23.85042754027748,0.844178242403081,23.99500868867685,30263.410999999993,2.4456172273163514,564.0
9.854166666666666,0.6031379683901499,1.1813424287981056,0.14822883207834964,23.74900906578216,0.856738139791807,24.023772730352636,30263.410999999993,2.4451504501232977,564.0
9.864583333333332,0.6254504570342153,1.1924133615848735,0.14848594688522546,23.678177378171583,0.8687009983062327,23.6587273376076,28934.837,2.44362137789651,564.0
9.875,0.6399484386665384,1.1964206604097218,0.14842555857451348,23.63133548954855,0.8800631453857756,23.237225958136225,28241.293999999994,2.4428477295513895,564.0
9.885416666666666,0.6446680991698089,1.19308741825463,0.1480406523157222,23.603849503957743,0.8908345656824466,23.021514818507608,28241.293999999994,2.4427893574331936,564.0
9.895833333333332,0.6555064364241897,1.1927384649914299,0.14714334786974068,23.592857026315713,0.9000438513289667,22.35677146255242,26220.319999999992,2.4409931408749626,564.0
9.90625,0.6587837523581139,1.1851950144989127,0.14601010065969203,23.592579089682438,0.9078962338148374,21.638856464948944,25068.303,2.4402073698985935,564.0
9.916666666666666,0.6540926145031338,1.1703726970253503,0.14466317982605584,23.599315412275054,0.9145811753471692,21.2347539712664,25068.303,2.440569451410261,564.0
9.927083333333332,0.654813206664785,1.1590052943971998,0.14291110953217762,23.609024541528527,0.9194970645837987,20.535808698322356,23052.733000000007,2.4392015160048914,564.0
9.9375,0.6520478461504101,1.1433223975957627,0.14118889641076451,23.61922079523389,0.9229530409697834,19.89681842672843,22221.263999999996,2.439139354406559,564.0
9.947916666666666,0.6447938266432583,1.1240339419329348,0.13941902800427441,23.628077020606742,0.925006334765942,19.51978829988653,22221.263999999996,2.4399201283373047,564.0
9.958333333333332,0.6481497020339692,1.1113213147293992,0.13765781993109802,23.633332497465645,0.9255494421217215,19.018875252147147,20828.244999999995,2.439537499239178,564.0
9.96875,0.6500798961907427,1.0983184671980235,0.13609359404719945,23.63404841922865,0.9247382460752702,18.532460420586908,20061.84700000001,2.43997210346095,564.0
9.979166666666666,0.6466674559738649,1.083274154850034,0.13464397079166862,23.629013362534735,0.922579669951786,18.220827555119953,20061.846999999994,2.215059564488149,564.0
9.989583333333332,0.6498930605741968,1.0738873851009545,0.13311795318305664,23.618357194307478,0.9195003832716113,17.65750790047757,17957.922999999995,2.194118976063609,564.0
10.0,0.6476161743589288,1.0611203717817346,0.13175002331272392,23.60178750765463,0.9156066436010084,17.098073048350678,16997.638999999996,2.1720362799202126,564.0
10.010416666666666,0.6407293881377834,1.0451496923013353,0.13041351125028275,23.577767300056188,0.9107951283803927,16.716021198585,16997.638999999996,2.152765603558982,564.0
10.020833333333332,0.6403550283059016,1.0341029276606255,0.1290730172295765,23.54814957905147,0.9056181781949858,16.27047949890769,15582.235,2.1282698584905075,564.0
10.03125,0.6399265112075105,1.0235189967639156,0.12798897297463108,23.511581724522138,0.8999528225164201,15.883793337138185,15083.693,2.103848923984654,564.0
10.041666666666666,0.6373650277114127,1.0131193811786974,0.12704816043899123,23.466295438343394,0.893691811714735,15.60133184298799,15083.693,2.0815583626690013,564.0
10.052083333333332,0.6430752314649097,1.0091256248942775,0.12636387716633105,23.41425958018858,0.8872304037352988,15.312374218816025,14349.309999999998,2.05692454454044,564.0
10.0625,0.6505024667533144,1.0085653856879833,0.12606981982157014,23.353494540611113,0.8804125175217785,15.060568879893827,14174.858999999997,2.0398375155077604,564.0
10.072916666666666,0.6561230679826277,1.0101736227861882,0.12603949344399673,23.28268894414629,0.8732131120475605,14.844846893479023,14174.858999999997,2.0422505292721995,564.0
10.083333333333332,0.6694217915246721,1.0189576906834146,0.12651751265156172,23.201042920049744,0.8656770040431777,14.678422331643523,14192.229999999996,2.0449613519258856,564.0
10.09375,0.6870781694825254,1.0344748553766876,0.12752605529859404,23.10769356159549,0.8578471586113744,14.574844081493165,14235.486000000004,2.0475757066658264,564.0
10.104166666666666,0.7038592273554423,1.0542474189939108,0.12896311026039686,23.002297684988026,0.8498100437684684,14.52424823838758,14235.486000000004,2.0500416962495778,564.0
10.114583333333332,0.7263381927073629,1.0813984717359777,0.13093513025188927,22.88827531472922,0.8418937503441796,14.480700217995999,13787.784,2.052207791191107,564.0
10.125,0.750305531858635,1.113326666226545,0.13344378004469237,22.764744342212186,0.8340729445145494,14.448238872498022,13517.866000000009,2.054793727052891,564.0
10.135416666666666,0.7732180408260688,1.1477935856854493,0.13638564045481996,22.62936907855741,0.8262619461706036,14.4405026378785,13517.866000000009,2.057747103203836,564.0
10.145833333333332,0.80161425245355,1.1887771266081697,0.13989239855610158,22.484105703790863,0.81863456427147,14.44030604202564,13336.426000000007,2.060612438731972,564.0
10.15625,0.8341320976959122,1.2357570933891524,0.1440758564006343,22.32637301680637,0.8111148960813216,14.460933070185199,13408.589999999997,2.0637858673113407,564.0
10.166666666666666,0.8684326441630333,1.2875880829757322,0.14883825905532055,22.157118588402234,0.8038140425151415,14.492757380304553,13408.589999999997,2.0668253875340055,564.0
10.177083333333332,0.9105289528481405,1.3478554085856342,0.15454161618348675,21.974690943085566,0.7967250445262706,14.541063908712802,13553.837,2.069883821473618,564.0
10.1875,0.9590738256602951,1.416530312818504,0.1612425749081012,21.779740843807065,0.7899388611195031,14.599044070333132,13667.845999999994,2.0726637895808664,564.0
10.197916666666666,1.0104031463080139,1.491329253794834,0.16889611352080153,21.574483954585947,0.7835783964657156,14.654659237973053,13667.845999999994,1.8411373123373844,564.0
10.208333333333332,1.070174830429588,1.5751322312270322,0.1781776268124805,21.349982829407416,0.7774490619707638,14.74674104109322,14278.527999999991,1.8402774114508673,564.0
10.21875,1.1396490990810386,1.6697782364471732,0.18921471506154497,21.10658141315716,0.7716895900394865,14.87025477208193,14858.934000000008,1.8419647063282385,564.0
10.229166666666666,1.2151791014027826,1.773335559067619,0.20187748179857923,20.854489570995483,0.7666162392804211,14.976228044284444,14858.934000000008,1.842377043007381,564.0
10.239583333333332,1.2966570409540592,1.885772799718274,0.21810828820680717,20.564594777254918,0.7618238022222116,15.188855506430063,16577.751000000004,2.079493793786574,564.0
10.25,1.3922406839767743,2.013414981774036,0.23755993344984716,20.25039624179662,0.7578134025592224,15.448222397546989,17511.592999999993,2.07684438813257,564.0
10.260416666666666,1.4973574338477482,2.152027493142951,0.26032823194667026,19.93003756002432,0.7549335414724968,15.653669878703138,17511.593000000008,2.0731745395715713,564.0
10.270833333333332,1.5880837253057585,2.2921461486051897,0.28994228335714056,19.565961907817993,0.7530923721627487,15.98543676541831,19636.357000000004,2.0708494090490874,564.0
10.28125,1.6771813362914243,2.4403473537801808,0.32525781916553864,19.178072777657803,0.7527668080131156,16.357809158035124,20777.918000000005,2.066408308679142,564.0
10.291666666666666,1.784839406737878,2.59742642694349,0.3665819024176777,18.790639557937578,0.7540998545713391,16.62153128086366,20777.918000000005,2.061596404198736,564.0
10.302083333333332,1.830921888531808,2.735351335946746,0.41957172179092783,18.359186193039733,0.7575140605624673,17.05941788167151,23392.646000000008,2.0590127845436825,564.0
10.3125,1.8221890529005351,2.8562877839840115,0.4809524902259325,17.895436614292727,0.76344077941237,17.674271248275126,25780.701,2.062962332324162,564.0
10.322916666666666,1.8702089637233243,2.9922932695742297,0.5484504032884454,17.451520704732157,0.7713403056293889,18.15040254014613,25780.701,2.0824681328460977,564.0
10.333333333333332,1.677877344257642,3.030009165653025,0.6271131452920534,16.95027950694392,0.7831096841756938,19.568423376158012,31435.80900000001,2.1347379077832374,564.0
10.34375,1.4310609849125693,3.00304078809691,0.6797075705745603,16.46574971368291,0.7982881987308932,21.98719537132615,35081.05799999999,2.1951645119305527,564.0
10.354166666666666,1.320145192104296,2.996972119041199,0.7089976750432733,16.09139126976013,0.8150966429865489,23.97235326951985,35081.05799999999,2.240707655094115,564.0
10.364583333333332,0.9533276959113858,2.7264464276444804,0.6584682314950014,15.825538488545336,0.8391338931558096,28.831709344989097,45271.234000000004,2.4624996696938872,564.0
10.375,0.7091989348513774,2.415764074727568,0.5410566627617767,15.878135491334481,0.8702236835523637,34.47509575248848,50716.03599999999,2.4753928798320484,564.0
10.385416666666666,0.6223287635319479,2.21382813162735,0.4493352707893777,16.30482889017503,0.9068398291908869,39.98381472044066,50716.03599999999,2.549766317090609,564.0
10.395833333333332,0.54585720458806,1.9728301622833422,0.37977688699862266,17.166632587529932,0.9550762318684037,53.74152853811788,58606.17499999999,2.691672847254081,564.0
10.40625,0.5463623473652368,1.8452124391924816,0.33657154438363485,18.29607903961785,1.0081416157010092,65.55611748868687,61291.90299999999,2.88016053578653,564.0
10.416666666666666,0.5639325051314181,1.781202081773772,0.3113599724648091,19.426351201910826,1.0583359276908944,79.38189298381549,61291.90299999999,2.928038454237766,564.0
10.427083333333332,0.6166384276940271,1.7581348436487336,0.29963527609809165,20.409573107382894,1.103727004346544,113.06742616005403,64532.497,3.0490145438085614,564.0
10.4375,0.689476655250458,1.7905196403814134,0.29655211598231906,21.04881004417289,1.1398400763656973,136.70472362534903,64327.666,3.2858728495228156,564.0
10.447916666666666,0.7374562452180533,1.805554672551489,0.29389616319332346,21.292697078873083,1.1671297389714093,154.62279219339382,64327.666,3.2832917431851896,564.0
10.458333333333332,0.8248032075514965,1.8731762478944958,0.29824353520062,21.16441017690793,1.186477439189738,164.49645299668984,62852.388000000006,3.281914513224585,564.0
10.46875,0.9133422823075192,1.9427203920136233,0.3035257813819089,20.750075193282417,1.1996284467283387,190.54849421295032,61288.986999999994,3.303010841115117,564.0
10.479166666666666,0.958833283302278,1.9674839230231702,0.3046281656902097,20.11941545308911,1.2077508823071628,224.66302622897598,61288.986999999994,3.3306234160829087,564.0
10.489583333333332,1.0562967763220181,2.0436394977974444,0.30715035381064354,19.397467327770332,1.210927691358482,212.75899775788488,56855.806,3.323286287499073,564.0
10.5,1.133971276465404,2.0892987195846917,0.3073319171816262,18.613825871482337,1.2096220387659544,193.0056595302766,54961.057,3.3073684993131947,564.0
10.510416666666666,1.1616905994887454,2.0911290766125927,0.30385605964537515,17.762569044316265,1.203330919558853,181.8736925021769,54961.057,3.298140601994852,564.0
10.520833333333332,1.2164693379099056,2.1139468304738838,0.29938362304171834,16.89785455044729,1.1929090706855332,150.70994363910145,52086.834,3.273777547460766,564.0
10.53125,1.2475307371202986,2.1172963481015437,0.2942498397705601,16.008190303969393,1.1793962612993762,134.9314390890617,50675.90400000001,3.2675085729428837,564.0
10.541666666666666,1.2490898842477949,2.100655740645023,0.288845889403248,15.078422097113142,1.163446369806596,131.95431571342104,50675.90400000001,3.2679543676821448,564.0
10.552083333333332,1.2637839258572785,2.0945097516761684,0.28215143083321603,14.164801564183309,1.1469926779419657,122.72187322694964,48309.315,3.266438298295356,564.0
10.5625,1.2771833036579165,2.084238054605177,0.27799459159170087,13.235856810412542,1.1303121927840496,119.65822998614577,48476.515,3.2674916928602675,564.0
10.572916666666666,1.2800473998953497,2.0732276887622456,0.27446682745639234,12.310499637300497,1.114280505230551,116.86928506101094,48476.515,3.2683777958451414,564.0
10.583333333333332,1.3204313619731753,2.084608547471371,0.2745569275256365,11.387396915542293,1.0993105994659758,116.79100137285741,49354.765,3.2698393653786533,564.0
10.59375,1.3654850497015494,2.1071106549750196,0.2761746923106578,10.494324125494787,1.086168025649479,115.55770879557892,49460.92300000001,3.2704981859549003,564.0
10.604166666666666,1.389651000004521,2.1249110552397092,0.27837992037807047,9.64102169611874,1.0750714116843842,114.2027099611614,49460.92300000001,3.2710359870910093,564.0
10.614583333333332,1.4072793854193126,2.1391667781472328,0.27949991488657006,8.844599418369835,1.066179100319409,110.69812937474535,48594.939,3.2710392696137376,564.0
10.625,1.4130187304542479,2.146369685850527,0.28060699168848313,8.098478899591774,1.059383222354625,107.96356973233708,48241.19,3.271653813134594,564.0
10.635416666666666,1.4144522221700666,2.152272548377847,0.28223069816453983,7.40445586743679,1.0548197373590944,106.049442116181,48241.19,3.1120029735533983,564.0
10.645833333333332,1.4094278040210708,2.154383271198837,0.2828500297117015,6.7804633616884775,1.0527435182778921,103.13141558121968,47756.342000000004,3.0963299970323535,564.0
10.65625,1.4005989145099649,2.1553545526537166,0.28385893608355045,6.233609757268233,1.0532962485615798,100.67985813002275,47562.15700000001,3.0814082145334885,564.0
10.666666666666666,1.3974742757627774,2.161286269339154,0.2859399942231372,5.77113391422564,1.0567378069259865,98.71402836959436,47562.15700000001,3.0683014649273908,564.0
10.677083333333332,1.378669355727839,2.1598342241945043,0.2873419798251359,5.398971048196511,1.0633586297366067,96.79161646400273,47515.651,3.056080362602637,564.0
10.6875,1.3384066156160799,2.1489130354380763,0.28889352287485087,5.114789932325401,1.0735424975672923,96.3636098534629,48091.32399999999,3.0491005617758478,564.0
10.697916666666666,1.322378332625044,2.1528425471705823,0.2917098527606116,4.923216909351026,1.0874115982388168,95.21063485614904,48091.32399999999,3.041754535514034,564.0
10.708333333333332,1.244046692088933,2.123341485998012,0.29270706319679224,4.823400114267954,1.10551019031319,96.90383132117095,49350.599,3.043625896028373,564.0
10.71875,1.1814382419966907,2.101073740038636,0.29385163115036017,4.825816304442383,1.1275859212948183,98.4464767600389,50021.66500000001,3.048212917836502,564.0
10.729166666666666,1.1585979447804735,2.1015025165236505,0.2967115163305422,4.941297217249521,1.1528758380935586,98.77571574321962,50021.66500000001,3.04996458727826,564.0
10.739583333333332,1.1495838960383107,2.103905341628325,0.29998074779060224,5.182480188840558,1.1812984771835935,100.55527824307367,50762.23300000001,3.0556479661725042,564.0
10.75,1.1539372725366441,2.1123738758825157,0.30238600191185033,5.546742061486776,1.2120775253011287,100.7975960835103,50611.186,3.0579762106644504,564.0
10.760416666666666,1.1577797488160178,2.119209746237251,0.30447768150877064,6.023052882108262,1.2449152280792886,100.98355306903946,50611.186,3.059081143930137,564.0
10.770833333333332,1.1699513644363686,2.1231694117887034,0.3065383063866965,6.603701823449062,1.2797539574775425,103.65444467217306,51700.611000000004,3.0676789063291,564.0
10.78125,1.1905233338922478,2.1292847157737955,0.3083388025926398,7.26714609423915,1.315482907691543,107.42007148537435,52834.122,3.082138985375913,564.0
10.791666666666666,1.205406421686107,2.1358390980454516,0.30890157937564766,7.974115489752532,1.3501136088280434,109.13211703186118,52834.122,3.092320136399773,564.0
10.802083333333332,1.2379792086607806,2.1458132370590293,0.3115760056632865,8.728051150906587,1.3837156381384186,115.28342145473282,54774.91399999999,3.1148533374163536,564.0
10.8125,1.2749239461705872,2.1633031650440517,0.312837584459062,9.480416549036551,1.414143730558682,117.71715873480612,54646.583,3.1307116782794426,564.0
10.822916666666666,1.2922302075274315,2.1705728610759816,0.3131451560763455,10.21585630564297,1.4410779830539446,119.64829474200107,54646.583,3.278167765934795,564.0
10.833333333333332,1.3200829741862745,2.1828978640049264,0.31284657664377374,10.91092450612803,1.4638208042846006,119.20233368776634,53893.484,3.2771712548154417,564.0
10.84375,1.3431675272273544,2.190722290226919,0.3111629065116873,11.55104468963438,1.4819221157907956,116.90636897927335,52775.098,3.276233029544577,564.0
10.854166666666666,1.3470749348314333,2.1845759447874817,0.30884348919287996,12.141342484599573,1.4952437715030842,116.57472724310631,52775.098,3.276316559528768,564.0
10.864583333333332,1.370616433642038,2.188782198117866,0.30171383861381235,12.632401229878067,1.5026259994374602,105.56336236423618,48457.425,3.1061473438872134,564.0
10.875,1.368474645896628,2.16712060411805,0.2928391336369966,13.047710160789412,1.504721368022093,96.64164795009032,46096.273,3.066191315596185,564.0
10.885416666666666,1.3455582439372633,2.126643489487295,0.28405368027986344,13.40407917689897,1.5012838025961999,92.23579523682005,46096.273,3.0371503530781627,564.0
10.895833333333332,1.3406663330972612,2.0979332039086773,0.2711704451311085,13.663589517756003,1.4931314653992847,78.01006369851007,40987.05299999999,2.9786563348749944,564.0
10.90625,1.3114093588126983,2.0463435816126885,0.25876246184159835,13.853179566327059,1.4809640903489993,66.15569581401239,38551.69999999999,2.919494602832556,564.0
10.916666666666666,1.2693871077977708,1.9824514320032574,0.2476838096383373,13.987637533394718,1.464443278575525,56.96096959864642,38551.69999999999,2.8739228961010097,564.0
10.927083333333332,1.2463287776152154,1.9332837457845213,0.23553971190257825,14.062233214817683,1.4459781141372936,44.80484124876067,34705.76699999999,2.850964066866637,564.0
10.9375,1.2173989719380085,1.8775665030893973,0.22599535708017526,14.095737019298376,1.4248382350823927,40.91785487250227,34012.342000000004,2.8520579678619815,564.0
10.947916666666666,1.1875150165579154,1.8245094156036143,0.21784741506549643,14.094791505356698,1.4010187562886325,39.40859586211626,34012.342000000004,2.8545221389567885,564.0
10.958333333333332,1.1901318888037073,1.7945042751471267,0.2119576643466373,14.065565509337105,1.3753443246399044,37.91431982500159,33523.65299999999,2.857036444383047,564.0
10.96875,1.199141049749596,1.7764719707157253,0.20793960072520665,14.013976523146159,1.3483564742043703,36.49206543482008,33132.803,2.6443720521932454,564.0
10.979166666666666,1.1999438419711017,1.7622929261512081,0.2052603702466029,13.942817600167071,1.3203836219200646,35.36695432642949,33132.802999999985,2.6090936553677992,564.0
10.989583333333332,1.2034313773936458,1.7575764466140482,0.20296403426596582,13.857941489215378,1.2936357394886266,33.17017342628199,31318.622000000003,2.56686335671638,564.0
11.0,1.1983644425928053,1.7515124487963598,0.20169195455305328,13.757113958012107,1.2677273316341495,31.229230827451016,30608.077999999994,2.5272540386987825,564.0
11.010416666666666,1.1923596175555653,1.7466057281876954,0.20117107099271855,13.636480240397455,1.2424488775464366,29.650855553598486,30608.07800000001,2.493226256204582,564.0
11.020833333333332,1.2015251450775228,1.7546758600210137,0.20187609139403512,13.49502908499773,1.218243184453214,27.977573326330337,30398.073000000004,2.4621878272974107,564.0
11.03125,1.2231682856072663,1.7741622602027938,0.20391801299074,13.331449743388623,1.1951869080980628,26.134763685104094,30301.875,2.443880556172662,564.0
11.041666666666666,1.24392531346695,1.7987953064269075,0.20692422050215623,13.145617744493599,1.1733200434950894,24.731599251909024,30301.875,2.4440008057330265,564.0
11.052083333333332,1.2822059732748745,1.8362655027341568,0.2105261864674389,12.949454856163284,1.1536655031959693,23.64710783055468,28870.752999999997,2.44312240338241,564.0
11.0625,1.3144051273957253,1.8723738669199705,0.21422333350942688,12.750324858873501,1.1362664113415373,22.59319287198808,27150.846999999994,2.442159947215483,564.0
11.072916666666666,1.3345085335754416,1.9015237028836316,0.21876236991577963,12.539823110482466,1.1199094456376222,22.018252865718786,27150.84700000001,2.4429573875759694,564.0
11.083333333333332,1.3604041650132308,1.9366671420691126,0.2216291276893487,12.349011443416277,1.1064261848387293,20.830606557205467,23723.053,2.440782170136154,564.0
11.09375,1.3738532590904642,1.962769670904266,0.22540027032548457,12.164165512130236,1.0942678513024537,19.798214913933116,22498.907999999996,2.4411351053546286,564.0
11.104166666666666,1.3848806223817745,1.9853471162911736,0.22976187643151516,11.977384135567753,1.0826227613978407,19.195486075157085,22498.907999999996,2.4429254443715607,564.0
11.114583333333332,1.4147344483183595,2.0213133115414275,0.23484293721693852,11.797784230349942,1.0718051539050282,18.671112896007806,21607.266000000003,2.2074919263930184,564.0
11.125,1.453446977735844,2.0670623598044293,0.24186859900535704,11.621678634921002,1.061357373593695,18.27570708038421,21333.368000000002,2.1880950581301337,564.0
11.135416666666666,1.4951395076940561,2.120419210266323,0.2507193062120935,11.448044028735238,1.051030807097549,18.014504384447797,21333.368000000002,2.1705896787180317,564.0
11.145833333333332,1.5505758385520252,2.1882413019440574,0.2608052611860885,11.289443233215186,1.0414418758237876,17.571453347066488,19870.638999999996,2.14810248886046,564.0
11.15625,1.604287364883109,2.259388128350049,0.27297801904406,11.142265261077801,1.0323192755896746,17.065671979242254,18858.174,2.1234089786128405,564.0
11.166666666666666,1.6551281046629134,2.3301919175082926,0.2876026538328829,10.998620444281668,1.0231453663080385,16.686220118478545,18858.174,2.1010041306912193,564.0
11.177083333333332,1.715488286282991,2.4101741296146644,0.3028623041525054,10.870586431978902,1.0147079114993816,16.177969068525464,17222.012000000002,2.0723945116810993,564.0
11.1875,1.7745804344726015,2.490143391506864,0.32141822262816644,10.748598522117977,1.0064195783129848,15.718016615463771,16792.73700000001,2.0440670693081726,564.0
11.197916666666666,1.8358395919247334,2.571392558693817,0.3427326961420907,10.629372801452496,0.998066724047588,15.33208711943273,16792.736999999994,2.0409814833271125,564.0
11.208333333333332,1.9099167898981484,2.6617678472043274,0.36694024946090936,10.516519997997209,0.9899104836401799,14.967972216662652,16265.619999999995,2.04393637236644,564.0
11.21875,1.9879094346961579,2.7565959354789493,0.395320470642728,10.408331421296378,0.9818353031947211,14.68668625504544,15970.084000000003,2.0473136942672636,564.0
11.229166666666666,2.066619172382036,2.8530860398997486,0.4282418171302282,10.302945170616127,0.9736887219701151,14.512072864114675,15970.084000000003,2.0510578767502228,564.0
11.239583333333332,2.1469227293361848,2.954072544075277,0.46384072978024515,10.207006145089291,0.9659839208529128,14.339070063931208,14967.823999999993,2.0544237509777177,564.0
11.25,2.2214931739256887,3.0517141357897217,0.5044543951871475,10.117114991134065,0.958460072421306,14.199685178587833,14483.380000000005,2.059103041804961,564.0
11.260416666666666,2.2957205610561937,3.145497813544231,0.54984984566247,10.030493327412266,0.9508637591704712,14.12160723817306,14483.380000000005,2.064873031305774,564.0
11.270833333333332,2.3553228075713375,3.234456898158025,0.5988890059592076,9.947586438885436,0.9431901952628967,14.092688378573841,14480.092000000004,1.8335992267834649,564.0
11.28125,2.402643969154444,3.317774950090397,0.6527581692799647,9.866605814139902,0.9351990205238156,14.13286810988214,14908.712,1.824061545715444,564.0
11.291666666666666,2.46585730044514,3.4039543068575364,0.709293099354017,9.79069984650329,0.9271082145668575,14.1950351315283,14908.712,1.8146416608270572,564.0
11.302083333333332,2.476350735301932,3.472883348655833,0.7724173982352314,9.715167212634546,0.9182335739223081,14.36135918807632,16134.869000000006,1.8122936036902844,564.0
11.3125,2.4325200698199074,3.5234970903113316,0.8359652464910778,9.642155016179347,0.9084330302288182,14.641576335405468,17565.046000000002,1.8166068428233346,564.0
11.322916666666666,2.4352435899870493,3.5856960366579003,0.8966263786899127,9.580678181305249,0.8985057014236714,14.894136863356195,17565.046000000002,1.8185739714662834,564.0
11.333333333333332,2.2211318703599545,3.5736512742848467,0.9583221818844088,9.526016253533458,0.8865754067439716,15.411735025527806,20936.108999999997,1.8382172342935208,564.0
11.34375,1.964024519281713,3.5363207015948857,0.999061917925772,9.495792980862497,0.873569993903458,16.079093831652106,22919.375,2.0852533373536426,564.0
11.354166666666666,1.8325809099988395,3.5312430081678223,1.030525163872012,9.506164894889316,0.8609542630651865,16.59681148781121,22919.375,2.0771726536701767,564.0
11.364583333333332,1.517032272547782,3.403970568332666,1.0324572903662828,9.593583572046569,0.8467134273016078,17.59445496049172,28173.516999999993,2.072682469848536,564.0
11.375,1.2315864365193154,3.2315337847558383,0.9632972901486251,9.814404732915811,0.8340105124468828,18.76360842266551,30806.508,2.0644079296378517,564.0
11.385416666666666,1.0723498121201887,3.0903065747924003,0.8684376274094152,10.197806928711504,0.8257969637004335,19.5145160801744,30806.508,2.072358459891427,564.0
11.395833333333332,0.9008334926675643,2.89551351355594,0.7544526900548086,10.812947951425096,0.8233875830091248,20.435901909820597,33158.93099999998,2.1086004890438264,564.0
11.40625,0.7992455156566266,2.7143086875833644,0.6355292174334336,11.63785305234076,0.8284561957224317,21.452008619266845,33258.372,2.141963771612481,564.0
11.416666666666666,0.7261098300420752,2.548975356650149,0.5377480367163153,12.641733482022197,0.8408832091912061,22.36994557361233,33258.372,2.170447079767981,564.0
11.427083333333332,0.695342507978765,2.4048018508158893,0.4594206235567109,13.761891166418279,0.8593480970602563,22.975565901308993,32879.947,2.1926620477946637,564.0
11.4375,0.678789357831022,2.2726945613901,0.3978200926186476,14.937922738138134,0.8819344272521449,23.311169213748357,32507.040999999997,2.20992570182238,564.0
11.447916666666666,0.6525050960137221,2.145789419117459,0.3502397519689339,16.125935551526986,0.9067487903728246,23.56793054807141,32507.040999999997,2.224942003947589,564.0
11.458333333333332,0.66944417843572,2.060370850826403,0.31567864741665347,17.238655796627153,0.9308568282416606,23.482978013921663,31432.20300000001,2.233208165397801,564.0
11.46875,0.6937390299513091,1.992246931182405,0.2899811741588873,18.24591041928422,0.9526628417513814,23.173987629611194,30396.645000000004,2.453086802267525,564.0
11.479166666666666,0.6918476592552742,1.9163118154483663,0.2692633261730952,19.161255627015905,0.9718286793638546,23.02386781677948,30396.645000000004,2.4524778838700714,564.0
11.489583333333332,0.7308727742396852,1.8786599957641859,0.25234991333253803,19.88470962133126,0.9860642462314156,22.092125907457568,26975.937999999995,2.2305309669013282,564.0
11.5,0.7533747722169899,1.8295691062751382,0.2384141779745136,20.485057913647772,0.996882348558645,21.129441348394337,25400.474000000002,2.2174610136513646,564.0
11.510416666666666,0.74638252480874,1.7631124953920079,0.2258124277755317,21.006577467411997,1.0051591899495493,20.57395906539576,25400.474000000017,2.208142359688176,564.0
11.520833333333332,0.763263735690997,1.7144608576834863,0.21422912143217604,21.41548542357231,1.0105334028415982,19.80236019024969,23186.478000000003,2.191291204666135,564.0
11.53125,0.7695853803543505,1.6606202672305526,0.204355039517299,21.75273432463678,1.0138063742771617,19.148831003580444,22440.127999999997,2.174968331055497,564.0
11.541666666666666,0.758922972874411,1.6017207934610778,0.19550689549791697,22.03535818749493,1.0152280637700941,18.73966723019286,22440.127999999997,2.16167727533892,564.0
11.552083333333332,0.7623883683190223,1.5536779168551487,0.18758038142628491,22.25820088318061,1.0148823777450686,18.328030093309916,21553.216,2.1464305957282415,564.0
11.5625,0.7614718259121713,1.506889950070491,0.1810571203471285,22.439187513049507,1.0128336093196544,18.115228796839773,21980.009999999995,2.135697352875907,564.0
11.572916666666666,0.7547143582160046,1.4656252590634227,0.17540375142511525,22.576115159306372,1.0091145758793412,17.97858371971077,21980.01000000001,2.1264548425256526,564.0
11.583333333333332,0.7574437587335942,1.431220341690492,0.1710949722975618,22.67606929545902,1.0034251618803312,18.1080605207663,23322.04699999999,2.125056174352619,564.0
11.59375,0.7687405342839574,1.4114057522283472,0.16781025990260012,22.732634577181773,0.996010086776435,18.26042097207682,23545.630999999994,2.1247198197524524,564.0
11.604166666666666,0.7737130749979424,1.3978514967646294,0.16548779766385807,22.74789348748999,0.9871496846864302,18.362071135973654,23545.630999999994,2.1244930076741237,564.0
11.614583333333332,0.7809997520586953,1.3893767470677176,0.16330477727407916,22.727960553922674,0.9778303897808517,18.157905580849842,22016.195000000007,2.1169582372477045,564.0
11.625,0.7780566690917513,1.3757026737859144,0.16137599262020066,22.680548464182564,0.9681746876447563,17.846191577917793,21225.398,2.1071416676416495,564.0
11.635416666666666,0.7686705936006333,1.3575425138455188,0.15957142394760324,22.608667752538555,0.9581201131402552,17.60492336887207,21225.398000000016,2.09904336304592,564.0
11.645833333333332,0.7529592846541043,1.3362484431857988,0.15760776340777483,22.515256909353997,0.9478470507124938,17.445716297704262,21329.008,2.0927063616377177,564.0
11.65625,0.7356575533969388,1.3163670960795133,0.15595847610868363,22.40074843211796,0.9372850219294485,17.426770517534504,21981.708,2.090649463747178,564.0
11.666666666666666,0.7257859726025659,1.3041933449441383,0.15466601017567916,22.272080076334586,0.9269076372987409,17.42315807899024,21981.707999999984,2.088863183893599,564.0
11.677083333333332,0.7082450072466276,1.2917213720724747,0.15394429012814917,22.12539916865087,0.9162450765117093,17.615580015960035,23285.394,2.094145645031299,564.0
11.6875,0.6896846299219714,1.2852183492544786,0.15366985983087827,21.967963247673765,0.9056765637956045,17.921025220610243,24095.227,2.1026697976758304,564.0
11.697916666666666,0.6818309359366466,1.287909815043201,0.15390147166526555,21.810311658431903,0.8956836848809785,18.18288753717179,24095.227,2.10988012025303,564.0
11.708333333333332,0.6493081106077957,1.2809012212800666,0.1543971636269444,21.647630369301556,0.885788161235485,18.67063278664369,25713.15299999999,2.1243684046195463,564.0
11.71875,0.6199740827736748,1.2769752968600716,0.15496715596002764,21.491464178863183,0.8765766736289212,19.256306686077483,26598.691999999995,2.140785027586236,564.0
11.729166666666666,0.607496028457857,1.281902326309326,0.1558029602674457,21.35414071766351,0.8686664387830899,19.718044203957746,26598.691999999995,2.1544442310612117,564.0
11.739583333333332,0.5826005360613945,1.2764428224705318,0.15679495451875547,21.235351935192803,0.8619476587022532,20.51300341605815,28741.964000000007,2.176501731831498,564.0
11.75,0.5668340709439114,1.2758249888327258,0.15765984264300473,21.154938540940073,0.8574445195799101,21.382759363239888,29772.92199999999,2.1991638354923335,564.0
11.760416666666666,0.5630591081738405,1.2828291655208355,0.15861437823938213,21.127495071738593,0.8559006228285073,21.99089105341354,29772.92199999999,2.217448744909116,564.0
11.770833333333332,0.555174320043504,1.284080968473774,0.15946652433167638,21.160929020161667,0.8577921960123277,22.600526236211795,30615.668999999994,2.452935512899576,564.0
11.78125,0.5528958566353727,1.2874598606636203,0.16003645833341487,21.257862713926546,0.8634457778330401,23.008027284080505,30586.627000000008,2.451391162840687,564.0
11.791666666666666,0.5525652449245144,1.2901137073114508,0.16047391026017294,21.41377197761006,0.8728993273029513,23.26738420231325,30586.627000000008,2.4502055673788825,564.0
11.802083333333332,0.5532530041980892,1.2903854880102663,0.1606181295763481,21.620111956267756,0.8860000164548768,23.46099727415052,30645.22200000001,2.4493109782322757,564.0
11.8125,0.5563399362246456,1.2891337174342983,0.16074683327340303,21.87117384081274,0.9027659797348946,23.816575833932983,31365.895000000004,2.4491126093193074,564.0
11.822916666666666,0.5608525276655493,1.2901005479973628,0.16071352745795675,22.149406492871492,0.922330014996688,24.065422782937695,31365.89499999999,2.448376641062787,564.0
11.833333333333332,0.5750048455671275,1.293545615176192,0.1612051291568081,22.455769851504556,0.9449944309760384,24.6812274599454,32822.75099999999,2.448984179326642,564.0
11.84375,0.5984378767332984,1.3064715244443181,0.1618339161518232,22.76499303192387,0.9690222690689869,25.093704276763987,32867.52100000001,2.4483559812371456,564.0
11.854166666666666,0.613456665063718,1.3165184422722012,0.1624445627445319,23.064626917501304,0.9934469653609288,25.31611136957234,32867.52100000001,2.4478038335984693,564.0
11.864583333333332,0.6391955111438391,1.3326320540552945,0.16262928243199207,23.327498700127354,1.0159245413294464,24.782626346279056,30845.244000000006,2.4455695254127283,564.0
11.875,0.6553953249135995,1.337778376583403,0.16240245929456334,23.557542480996748,1.036587444678784,24.151456057400907,29822.581999999995,2.4444991008962766,564.0
11.885416666666666,0.6590536423168182,1.3313140047198886,0.16167801328373133,23.75882115318396,1.0556586706259115,23.840450945457906,29822.581999999995,2.444483213549068,564.0
11.895833333333332,0.6764691031008538,1.3311445040209293,0.16076996410348116,23.92360384022316,1.0722141027330543,23.423675658783917,28859.103000000003,2.443627128193575,564.0
11.90625,0.6962660645648874,1.3315769470282817,0.16013778739318377,24.057877222909607,1.0865971385675366,23.15126063559928,28716.319000000018,2.443593380090704,564.0
11.916666666666666,0.7070179923898561,1.3295020435017144,0.15950302646883516,24.1638332261904,1.098796454567442,23.02391585911377,28716.319000000003,2.4436889887148707,564.0
11.927083333333332,0.7369085011084,1.3389224500677954,0.15936695463639106,24.242333466616852,1.1086455515139635,22.786737283194725,28099.406000000017,2.443228494103384,564.0
11.9375,0.7662933766424791,1.3508399646226585,0.159402465843037,24.296664836017158,1.116281444707859,22.3384361636191,27028.428,2.4424404563290105,564.0
11.947916666666666,0.7800199391700531,1.3555141246295417,0.15955245790610398,24.332233376690425,1.1222746399039372,22.07028519432263,27028.428,2.442705648441947,564.0
11.958333333333332,0.8020964662637826,1.3657534631944341,0.15933968015888808,24.349669899602972,1.1264902687188838,21.36456576552202,24875.152000000002,2.44112509510173,564.0
11.96875,0.8155834077473704,1.3694547845117766,0.15914721723250086,24.353406118038095,1.1294774925605324,20.64743152639213,23801.069000000003,2.440786177572784,564.0
11.979166666666666,0.8185497998459602,1.3661162057255214,0.15887436489097384,24.345056209346264,1.1315206809712182,20.22803013876659,23801.069000000003,2.441540228189168,564.0
11.989583333333332,0.8343508248878201,1.3703663049262815,0.15817335306530653,24.327729085851395,1.1325835647928866,19.459047982296898,21371.944000000003,2.4402906793731294,564.0
12.0,0.8437044430565687,1.369748164021618,0.15766691134164246,24.30316588187009,1.1329181594070017,18.722435287102016,20280.09599999999,2.440705841241654,564.0
12.010416666666666,0.844654161550031,1.3640237275849125,0.15720935130382876,24.271251502013815,1.1325683405190923,18.259766189623186,20280.096000000005,2.2075268683706595,564.0
12.020833333333332,0.8569314660191225,1.36655137169963,0.15645228208888856,24.23749125059257,1.1316475884243054,17.5606982803794,17896.956999999995,2.1823624798427788,564.0
12.03125,0.8638779003521471,1.3664909139565422,0.15601744000426995,24.201766815052306,1.130225385371996,16.87630323798296,16669.852,2.1551741563159648,564.0
12.041666666666666,0.86409791390768,1.3627065492002017,0.15579712651712518,24.162334841679314,1.1282010727026412,16.40804460242027,16669.852,2.131019740633829,564.0
12.052083333333332,0.8740644842071582,1.3673258458290078,0.15541704173969914,24.12528667056111,1.1258926595863772,15.817174710104588,14526.637000000002,2.098217597655598,564.0
12.0625,0.881384878132917,1.3717753747464825,0.1555455932307414,24.08861273953828,1.1232237441502093,15.280792623364613,13603.95199999999,2.063640950423518,564.0
12.072916666666666,0.8853239980623773,1.3754216331515046,0.15600371759755807,24.050320638343223,1.1200170491404844,14.8811670739008,13603.95199999999,2.0382511342495997,564.0
12.083333333333332,0.9000840358184384,1.3884566409314207,0.1565800467435998,24.015382833735746,1.1166936550915467,14.442225373931684,12029.736999999994,2.040483806583988,564.0
12.09375,0.9150015350656476,1.4043676609393414,0.1578428347329713,23.98134343561229,1.1130592427969261,14.084991007451439,11486.834000000003,2.0449577454772268,564.0
12.104166666666666,0.9288513781878832,1.422476729689256,0.15958735734779067,23.946925444076655,1.108943315077197,13.84745711054426,11486.834000000003,2.050557330692774,564.0
12.114583333333332,0.9507959860700148,1.4493367943379427,0.1619883634450945,23.91305452091158,1.1044026869777117,13.696849087725811,11283.289000000004,2.0566726338792134,564.0
12.125,0.9782838729357571,1.4846400732691973,0.165284213020786,23.879304142463898,1.0993200201912574,13.627713163848002,11332.130000000005,2.063888383714902,564.0
12.135416666666666,1.0089820646842613,1.5274063370249775,0.16939703855823698,23.84616245969878,1.093692828030656,13.61581105704273,11332.130000000005,1.8219075189148342,564.0
12.145833333333332,1.0485764481661104,1.5809586866826462,0.17452553786924987,23.814948298681955,1.0877082067068986,13.624489344028555,10979.86900000001,1.8047058379007697,564.0
12.15625,1.093623551280789,1.6426930572169747,0.18073106394493527,23.785956209149134,1.0814378517598227,13.6408720075999,10586.837,1.7862042509306808,564.0
12.166666666666666,1.1398513056324755,1.708802185265389,0.18806948510487903,23.758275875866993,1.0746816184203796,13.679388044780975,10586.837,1.7687977981376757,564.0
12.177083333333332,1.1945828653195927,1.7834205024955605,0.1963660284354459,23.733679305993807,1.0679169045987444,13.701908620018337,9927.407999999996,1.7480329740624783,564.0
12.1875,1.2523399394083778,1.8623748836849872,0.206109238322016,23.71085507729047,1.060863005998346,13.734013157964789,9781.918999999994,1.7276437845420316,564.0
12.197916666666666,1.3122754022536496,1.9445128397252354,0.21713507926716574,23.689526138782817,1.0534472000635777,13.780692041747574,9781.918999999994,1.7081586676712757,564.0
12.208333333333332,1.3791624153743527,2.032909312121946,0.22970821697289864,23.66997364361656,1.0457856157396577,13.834688726815791,9673.623999999996,1.6886433320060732,564.0
12.21875,1.4510276981780286,2.1263138277526545,0.2440651840854641,23.652130390245528,1.037889176536588,13.895109774845327,9602.818699999989,1.6709608581919422,564.0
12.229166666666666,1.5254261937035094,2.2226118217415327,0.26030391259313973,23.635884924833505,1.029737282056451,13.962199378366446,9602.818700000003,1.6749858676647835,564.0
12.239583333333332,1.6048046442963735,2.3235705344669184,0.27840419400113775,23.621832527794954,1.0217143266345066,14.01693195722691,9208.09040000002,1.6789300154091236,564.0
12.25,1.6852877290843375,2.425595237064776,0.298895355644409,23.609532738720993,1.0136939913876748,14.06778957500189,9017.6584,1.6835777427605871,564.0
12.260416666666666,1.766155526065153,2.526718479794003,0.32177470103566885,23.598686079814986,1.0055433192449545,14.122606070413381,9017.658399999986,1.6896156063322283,564.0
12.270833333333332,1.8426105736954488,2.626658900895954,0.34772954141155965,23.58894579156412,0.9969617766729861,14.195035743420327,9377.27009999999,1.697403789178741,564.0
12.28125,1.9161178784566038,2.726703963122994,0.3770750321483075,23.58034315970505,0.9878119490527162,14.290416939128207,9908.486000000004,1.7033246662953991,564.0
12.291666666666666,1.999011303764695,2.8306563263470275,0.40920893079376086,23.573442545831,0.9786122509966786,14.384003523389397,9908.486000000004,1.702031034819055,564.0
12.302083333333332,2.0556363963331883,2.927427975676556,0.44774017399464777,23.56761277318581,0.9681811168173033,14.525354043480387,11213.565999999992,1.7145041537202728,564.0
12.3125,2.0848134465259602,3.0183792198233013,0.4901225483397442,23.563482825692894,0.9567313492728404,14.71076662240617,12334.635999999999,1.7171085481610406,564.0
12.322916666666666,2.1388313661811083,3.1166626859393993,0.5351097717588043,23.56152830943164,0.9453571345677707,14.881094518038324,12334.635999999999,1.7045692394209575,564.0
12.333333333333332,2.057235159693285,3.170825226766223,0.5861814672253072,23.56170220835576,0.9318931795167218,15.159557841748201,14785.005999999994,1.7187205147840205,564.0
12.34375,1.9275109082641586,3.2020261922222613,0.6322602205861566,23.564730032474102,0.9172844646044594,15.525743619128573,16392.81599999999,1.7119395581469397,564.0
12.354166666666666,1.8696309949026775,3.246727392582257,0.6742888456188233,23.570818344888057,0.9031468079841053,15.840834780543448,16392.81599999999,1.694174785431755,564.0
12.364583333333332,1.6145636923283462,3.1843913638670904,0.7084514365123935,23.585898994784248,0.8852745940345873,16.54533116011224,21921.739,1.7409512844086505,564.0
12.375,1.352632268462592,3.0752585764471387,0.6996386052760964,23.62087232804365,0.8669875511542916,17.49484557524416,24903.721000000005,1.801743653178574,564.0
12.385416666666666,1.2078023608171207,2.990458692020827,0.6692457246698434,23.689564174735054,0.8516133243673741,18.19819372797434,24903.721000000005,1.8474391830735293,564.0
12.395833333333332,1.0196201948102754,2.839251929689094,0.6215263968547711,23.831041094258808,0.8385380096876368,19.051211905127087,28464.606,2.093915853841588,564.0
12.40625,0.9113355098501191,2.698876072779285,0.5572572095120901,24.066400607862043,0.8308276567831977,19.687310133207383,29212.333,2.0750717659126323,564.0
12.416666666666666,0.8416058668907574,2.575781769393108,0.49806434682544765,24.402635403949997,0.8290764224519923,19.969524931667742,29212.333000000013,2.0659195292221684,564.0
12.427083333333332,0.8110403460635116,2.459198706527069,0.4456376480540033,24.84422933470535,0.8329279934367276,20.138332677769714,29811.441999999995,2.0878891769980528,564.0
12.4375,0.8069474270025624,2.360717177655706,0.4003402221569918,25.356330373426253,0.8411943209576401,20.308938807110625,29286.945000000007,2.1126313457239765,564.0
12.447916666666666,0.7879019314479371,2.2633488157059856,0.3634030896483709,25.919003322253143,0.8524882876570422,20.6395266941068,29286.945000000007,2.1362432931801676,564.0
12.458333333333332,0.8192833793895643,2.2041511966530276,0.3349900056211802,26.46968041852762,0.8645610286347213,20.687167808417914,27677.900999999998,2.14890094213244,564.0
12.46875,0.8524389862504298,2.1527984265218305,0.3134071494731389,26.997080316461926,0.8764028472868421,20.583508772176383,26863.062999999995,2.156900797218052,564.0
12.479166666666666,0.8569365196599525,2.0937924268849386,0.29541061246379724,27.496184862957236,0.8874371210803966,20.54411171161914,26863.062999999995,2.1648293451602703,564.0
12.489583333333332,0.9051898092776185,2.063142933516723,0.2811176943265506,27.926664945750225,0.8965453691490639,20.266766035514333,25448.826,2.165314074857037,564.0
12.5,0.9535429030605511,2.0386397261571023,0.2704240780390815,28.294336766942237,0.9038251900303772,19.943734322257598,24771.936,2.1636054747910993,564.0
12.510416666666666,0.9716175469139542,2.0067597101350967,0.26143983825558176,28.602906880379702,0.9093950071800624,19.742546293738428,24771.936,2.163048308939012,564.0
12.520833333333332,1.0260920746766695,1.99620985958654,0.2540413522369967,28.833914668869358,0.913049501440093,19.343850330860192,23285.699999999997,2.1558981011918696,564.0
12.53125,1.0763108590055868,1.9883536179182688,0.24874541954326645,29.00042212249161,0.9151680443184939,18.927905640628982,22569.701,2.147234404764282,564.0
12.541666666666666,1.0980082180731714,1.973246726157145,0.24442209915148222,29.10918787805907,0.9159448758753772,18.64574716114361,22569.701,2.1404007884008016,564.0
12.552083333333332,1.1445452773394127,1.9713691073265565,0.24076936732127177,29.158905049861495,0.9154939634547266,18.280460138303287,21504.66200000001,2.1295428507589884,564.0
12.5625,1.1880843999199338,1.9719822407863037,0.23867907124013216,29.156734400637554,0.9139521516620127,17.977410004617997,21296.952000000005,2.119577735104961,564.0
12.572916666666666,1.211866972229858,1.9706107570799265,0.23730022874052276,29.10421270788968,0.9113622078938962,17.760363685812855,21296.95200000002,2.111076108490421,564.0
12.583333333333332,1.2549174026070555,1.9777963529373985,0.23702139415938658,29.000913649201337,0.9077163863187151,17.639737963015282,21533.213000000003,2.1048775397323216,564.0
12.59375,1.3014238989541405,1.9932786692098587,0.2380123955794156,28.84650535439867,0.9030306107792205,17.582533925120224,21744.682,2.1004460377601646,564.0
12.604166666666666,1.3344920498793353,2.011864704077262,0.23992614533645013,28.642955675856623,0.8973939219855489,17.534756104425323,21744.682,2.0964579091760567,564.0
12.614583333333332,1.3713185581298188,2.036290348642733,0.24246794200443053,28.397852348393904,0.8910448168255081,17.412382355126955,21241.587,2.090316414881399,564.0
12.625,1.4023559144698388,2.063132775360434,0.24612647025016168,28.111433731687654,0.8840323636531295,17.26759043171232,21023.346000000005,2.0838552049683954,564.0
12.635416666666666,1.4265754326094935,2.090669827730992,0.2506522625020406,27.78264673590604,0.8763986940021724,17.140838990686518,21023.346000000005,2.078151329637206,564.0
12.645833333333332,1.44520513282633,2.1190009986931275,0.2553634232530537,27.420107745740626,0.8684094932214613,16.978417655305616,20633.463000000003,2.0709986224377865,564.0
12.65625,1.4587423620301911,2.149065066591893,0.26089004304098135,27.02592910984194,0.8601613704462661,16.794424065638278,20328.394,2.0630674210867816,564.0
12.666666666666666,1.475063644923632,2.1815728959867924,0.267444781903303,26.597129274790078,0.8516397102699395,16.629520080579457,20328.394,2.056008923730257,564.0
12.677083333333332,1.478787708796609,2.21222909529832,0.27390124936217464,26.147015274104994,0.8431344732478415,16.426255577009368,19881.959000000003,2.047248101076307,564.0
12.6875,1.473349162996974,2.23911975052581,0.2816554286288207,25.653146536884467,0.8342530645976883,16.31439654244873,20575.180999999997,2.044308191570383,564.0
12.697916666666666,1.4829999729190058,2.2730195466232987,0.2897498179385921,25.13609911497485,0.8253958667647561,16.209025401411587,20575.180999999982,2.0447898620551923,564.0
12.708333333333332,1.4654469632426852,2.295540963012731,0.2988122033667365,24.564870209184434,0.8160757559070712,16.28838025940316,22025.136,2.0460501087454723,564.0
12.71875,1.4500889565484831,2.319995902202022,0.307565262235918,23.96641010239339,0.8067960158122999,16.46356470508853,22754.078999999998,2.0516246750255087,564.0
12.729166666666666,1.4547653723982406,2.353072601296455,0.316711118406686,23.372755979700443,0.7980817939576023,16.636326101204393,22754.078999999998,2.05690010441555,564.0
12.739583333333332,1.4368836854645437,2.3714954600275915,0.32710881374171896,22.74743941426911,0.7894955056320505,17.07808956234654,24830.078999999998,2.072503496815602,564.0
12.75,1.428288754749857,2.3925669528994145,0.33636972164122236,22.140153708593694,0.7819029693762277,17.693831866383807,25884.936,2.0908036102022853,564.0
12.760416666666666,1.4378181023587446,2.4220614219438494,0.3453138227239734,21.597002366880943,0.7760345378579991,18.276132698786462,25884.936,2.1059128586745417,564.0
12.770833333333332,1.441107973439527,2.444258426912597,0.35373623647651375,21.12598503514163,0.7721304797541504,18.823545028628814,26291.672999999995,2.120637534493644,564.0
12.78125,1.449739161982361,2.464258532398874,0.3599959640471753,20.750821489787786,0.7705030737144714,19.171451565956893,25893.318,2.130916431346063,564.0
12.791666666666666,1.4561232591571167,2.4782226353011856,0.36538948554716066,20.467322189331288,0.7711560650746732,19.41349678463987,25893.318,2.1397265981926292,564.0
12.802083333333332,1.4671677817271704,2.489742126911037,0.36755295490742845,20.28067128873401,0.7738935574034457,19.37914620095577,24813.820000000007,2.14198905173199,564.0
12.8125,1.4694230433973576,2.491568599530129,0.3674468616534156,20.176076261616032,0.7783615052227597,19.15305893503655,23837.131999999998,2.1396575922174277,564.0
12.822916666666666,1.4617244228640174,2.4823767396971306,0.3662465932215469,20.139681412871216,0.7844589882687002,18.986751919247087,23837.131999999998,2.1382228066793605,564.0
12.833333333333332,1.4588439070183938,2.4757459768118677,0.3610784142146982,20.16130727172822,0.7912538695370129,18.515079100338482,21743.728000000003,2.127022743336174,564.0
12.84375,1.4423133636684016,2.4569402366315747,0.35535369453591653,20.226792286581134,0.7986484015584921,17.999035922494674,20758.28,2.1133319885179964,564.0
12.854166666666666,1.4188819923569038,2.428579129405514,0.34896271841140414,20.33260876012517,0.8067277660305091,17.628127074420547,20758.28,2.1018954090958055,564.0
12.864583333333332,1.4065636073555325,2.4071745063612546,0.3405854407650659,20.46259769693816,0.8145625248706955,17.123957923260043,19058.687000000005,2.083434125233402,564.0
12.875,1.3869173236608678,2.3801423928089633,0.3331142761704627,20.616066502397075,0.8223489517800779,16.65380461857891,18436.297000000006,2.064392290203,564.0
12.885416666666666,1.3643149612460694,2.3493056621431294,0.3258854901424757,20.79482034587052,0.8301707870546585,16.28340712910099,18436.297000000006,2.047615884759624,564.0
12.895833333333332,1.3494265830327123,2.320817377228961,0.31952202912551103,21.002647085153765,0.8380639264736555,16.02847649903597,18933.585000000006,2.043040695452229,564.0
12.90625,1.3476876713250137,2.2998339366048595,0.31465078186628387,21.24344477818937,0.8459682384254162,15.900033823657411,19772.754,2.044914030219435,564.0
12.916666666666666,1.3510716872321584,2.2885556865032974,0.3105357549445463,21.505502974357654,0.8533509614605456,15.82137524365741,19772.754,2.045828061953569,564.0
12.927083333333332,1.3736463316609089,2.286908806089611,0.31004629236023756,21.806527693856502,0.8605354673263218,15.941251425041951,21246.292,2.0472384182134102,564.0
12.9375,1.4144680875582631,2.302974151211611,0.3110658308255635,22.124834962913674,0.8668629652952833,16.088669472053937,21421.407000000007,2.047143144095691,564.0
12.947916666666666,1.4464663935511364,2.3232231915176786,0.3136670298137701,22.451182036169314,0.8721906574045617,16.206309643385886,21421.407000000007,2.0468604498440657,564.0
12.958333333333332,1.4922465045614273,2.3523463116147485,0.318775738078514,22.782565970742162,0.8765445832138667,16.319371433682168,21736.228000000003,2.046743588273153,564.0
12.96875,1.5428426481981903,2.3881838657780268,0.3256647918733574,23.108916166583672,0.879879269436098,16.42188335749418,21969.402000000002,2.0464640184609553,564.0
12.979166666666666,1.5837941340329853,2.4242053446873775,0.33329168196687775,23.417550686793984,0.8821842194192515,16.489585495756213,21969.402000000002,2.0474242565119147,564.0
12.989583333333332,1.6411548369536233,2.470317047533194,0.34351106369516377,23.701313219693667,0.883526515127116,16.549172636918417,22099.86600000001,2.0500682429601245,564.0
13.0,1.7055363861208512,2.5250791184986583,0.3558444320151684,23.948277461606,0.8839626600310199,16.580628350913663,21908.160999999993,2.051542381764776,564.0
13.010416666666666,1.7583334987984436,2.5781761949418445,0.36976636953107117,24.154319942876743,0.8835826542717864,16.61256826877372,21908.160999999993,2.052890356538228,564.0
13.020833333333332,1.8292376315616323,2.643597111178739,0.38465788726964073,24.305205151995455,0.8825517312790583,16.475342422433545,20501.210999999996,2.0464459555062042,564.0
13.03125,1.897050414821819,2.709735276683027,0.4021424023479726,24.407835945239736,0.8810165594522867,16.227435940766746,19492.424,2.0442524707288876,564.0
13.041666666666666,1.9489083902955522,2.7673247310170153,0.4217250101587463,24.46849615780027,0.8789805400614967,16.014163503298423,19492.424,2.0453024814920577,564.0
13.052083333333332,2.0168038978617275,2.835062825716498,0.4403284012191356,24.486114135684165,0.8767430516320597,15.671296561597002,17577.42199999999,2.045435078389165,564.0
13.0625,2.078508822855893,2.9002086279019275,0.462664853362924,24.469880525239525,0.874281050303418,15.344429157711872,16733.759999999995,2.0470844587408656,564.0
13.072916666666666,2.128926011470799,2.958427710559274,0.48724728474002554,24.421703647023946,0.8715148459816384,15.119223042925048,16733.759999999995,2.0496310606396166,564.0
13.083333333333332,2.19377532611932,3.0262614266336727,0.5114058768663144,24.350693383114567,0.8687471072682825,14.853013365340628,15242.572,2.0514617496403647,564.0
13.09375,2.255407666152869,3.0938299542943355,0.5404771759990702,24.258922934271276,0.8658755119478483,14.627652505180187,14669.52900000001,2.0549213112614932,564.0
13.104166666666666,2.310256925326091,3.157564386922136,0.5726272756720574,24.14546570624148,0.8628139256182513,14.481696073754367,14669.52900000001,2.05931989647601,564.0
13.114583333333332,2.3765920728784202,3.2291335379588766,0.6074233749550199,24.017431030098642,0.8597021651552059,14.358202053344293,14102.241000000009,2.063687959877048,564.0
13.125,2.446062106258758,3.3048865971979007,0.64836615850423,23.87435060151279,0.8564728765626516,14.277203466287679,13928.891000000003,2.0691925595315985,564.0
13.135416666666666,2.513185037281481,3.3807030067700032,0.6938526922063999,23.716510304540517,0.8530903288325826,14.240160566901798,13928.891000000003,1.8278918351886038,564.0
13.145833333333332,2.5888073288910247,3.4636597925990236,0.7419856066372705,23.556657356666836,0.8497743898336495,14.176099369134095,13067.149000000005,1.812111248158637,564.0
13.15625,2.6622269217733225,3.546521669600023,0.7956379650890815,23.395549002661106,0.8464868875661364,14.100490858063162,12422.956000000006,1.7945011635893657,564.0
13.166666666666666,2.728045328417106,3.623208330692431,0.8543111957862816,23.22685302132542,0.8430573101822417,14.057942446968294,12422.956000000006,1.7786272359454829,564.0
13.177083333333332,2.798115159364102,3.7017629500464317,0.9099888485576858,23.068109490047284,0.839807872055112,13.975613687028261,11282.280999999999,1.7570399466051658,564.0
13.1875,2.860388019264607,3.7738617162912482,0.9693590135897044,22.912090148097963,0.8365660212607184,13.901302583224986,10796.937999999995,1.734555337533267,564.0
13.197916666666666,2.915871257341907,3.8381131308778453,1.0294510767497242,22.75278064987442,0.8331819014991299,13.86325186318988,10796.937999999995,1.7136258509292333,564.0
13.208333333333332,2.9728973972826416,3.9015189712905123,1.0834070191926362,22.60351065479377,0.8299224349624318,13.813756823368067,9958.173000000006,1.6883406826166063,564.0
13.21875,3.0233121755999552,3.9585402175286095,1.1373810164082563,22.45810598140756,0.8266466172769985,13.779460757808735,9591.188599999998,1.66919622765876,564.0
13.229166666666666,3.0679297007345485,4.008523180524087,1.1894710849316452,22.311540202256804,0.8232263835753273,13.775470432916553,9591.188599999998,1.6756185381435962,564.0
13.239583333333332,3.1140308635180873,4.057518343135417,1.234673555342789,22.17382701186092,0.819888678162483,13.769609285291457,8968.294500000004,1.680234966188572,564.0
13.25,3.1548544675746006,4.101451873734994,1.279466387400384,22.038378789405876,0.8164736309401371,13.781190148397043,8803.049100000004,1.6873932881860076,564.0
13.260416666666666,3.191905416360768,4.140702847368853,1.3215131881146307,21.90300764699022,0.8129144602313291,13.813260020333525,8803.049100000004,1.6958097498772267,564.0
13.270833333333332,3.219643361025248,4.173463922843544,1.3718049749429833,21.745027807718138,0.80855508031277,13.92136511147929,10310.847000000012,1.71515684605632,564.0
13.28125,3.2514323639283234,4.2084631315012055,1.4262080633717302,21.560247612838896,0.803140308866735,14.125124083179978,12163.542000000001,1.7255193098092008,564.0
13.291666666666666,3.3005882607270034,4.255304197254036,1.4726038256245368,21.37817953164813,0.7974291921465768,14.339618564095447,12163.542000000016,1.708980661631109,564.0
13.302083333333332,3.319792272108819,4.290878643196074,1.5580384324161918,21.134672144566757,0.7891264915953907,14.808677882140474,16697.284000000014,1.7408458671702547,564.0
13.3125,3.3416787223568987,4.336038506726737,1.639571257507146,20.867516166646563,0.7790177381013541,15.512349566566865,19176.131999999983,1.7259663827491258,564.0
13.322916666666666,3.3921081165557863,4.396650314437295,1.7133337867810787,20.617437714066945,0.7684812663682993,16.151027764456224,19176.131999999998,1.7091821396538567,564.0
13.333333333333332,3.247090045709743,4.388852227248158,1.8110203651281895,20.326758262250205,0.754791316647036,17.12928819997501,24589.796000000002,1.761136671211446,564.0
13.34375,3.0289490799385628,4.34742209479092,1.8729097210422063,20.0437184210722,0.7398850968521596,18.299148689818633,27900.008,1.8256152545652493,564.0
13.354166666666666,2.917467978540571,4.335510983899981,1.9088923891309593,19.817056226170113,0.7268248428539219,19.07988349056165,27900.008,1.8720047831166475,564.0
13.364583333333332,2.487758742567275,4.137209844563755,1.8802448547136583,19.623566320631713,0.7148236715774186,20.694118475857294,35663.792,2.0873908960586687,564.0
13.375,2.0625522386553587,3.875289799532997,1.7106671479342168,19.56071806406801,0.7102238036344966,22.434534411985215,38924.09500000001,2.1029965129707806,564.0
13.385416666666666,1.80935506012741,3.6692893524655052,1.5015585643601748,19.67518838654455,0.7162015693330279,23.76847947493962,38924.09500000001,2.1509590249932544,564.0
13.395833333333332,1.54954885739598,3.422978149416025,1.276335670900034,20.00059946711021,0.7345820573474884,25.972220020087835,41989.834,2.2100494663126455,564.0
13.40625,1.398863035802566,3.2167827973227916,1.0572365039330007,20.51819573666674,0.7640396286061755,28.00256716196184,42689.867,2.466220127053412,564.0
13.416666666666666,1.2937702368975128,3.0485909384158574,0.881566433733913,21.16760015947842,0.8008446875874308,29.30918737660722,42689.867,2.4629320968676076,564.0
13.427083333333332,1.2643942320070802,2.911364659324659,0.7488659264911453,21.89683511721311,0.8418618176516772,30.559884801547817,43821.48300000001,2.4618634098925156,564.0
13.4375,1.2704911493564812,2.8071713912675618,0.6484345763124976,22.616664748576195,0.88205384157627,31.413797838450307,44019.508,2.4606944008396963,564.0
13.447916666666666,1.2520779810904192,2.7113518759630715,0.5728422395032234,23.255892702040807,0.9177032575260643,31.93252197912026,44019.508,2.4598105647647848,564.0
13.458333333333332,1.3096114380529278,2.663532201944444,0.5240158038995446,23.763971894947638,0.9465990577947141,32.44176008759487,44226.72099999999,2.467858525641018,564.0
13.46875,1.3825005792206049,2.639878527471137,0.49120439088068085,24.10247258548788,0.9676246778103154,33.81856585118813,44255.95799999999,2.489810281108773,564.0
13.479166666666666,1.4077661067690672,2.6065777374064174,0.4644798579935209,24.250960080698047,0.9811097365232293,35.78747470252239,44255.95799999999,2.512567500778692,564.0
13.489583333333332,1.5082076680565826,2.615900559775154,0.4504603388246995,24.202887945747705,0.9882866307460362,37.58051796718462,44278.59100000001,2.533980164275812,564.0
13.5,1.6156068922783922,2.642023216914344,0.44510468162668826,23.96339930406803,0.9908047906101568,39.16476366717458,44492.55100000001,2.5546264318964993,564.0
13.510416666666666,1.6683154181783189,2.6535949553245595,0.4408051479615668,23.55013358171088,0.9903941615490741,40.38478194967426,44492.55100000001,2.572778992782986,564.0
13.520833333333332,1.766526161311318,2.688737377160018,0.44419957980601105,22.97949885743537,0.9886180717464672,41.85241401380198,45179.453,2.593015505779316,564.0
13.53125,1.8579425423397828,2.7328200818947614,0.45085408709644054,22.291765237940275,0.9867384510292961,42.74174531400431,45013.569,2.6089636051934186,564.0
13.541666666666666,1.9051135524672516,2.762705152988298,0.4580725302884182,21.517186223539714,0.9855318369813584,43.452019926876005,45013.569,2.6226665636924613,564.0
13.552083333333332,1.9728238723227896,2.802641538248288,0.46263286937271403,20.725416251722205,0.9852735584297899,42.33890892908858,42851.64399999999,2.6199990359054635,564.0
13.5625,2.0198446019221423,2.832298628641228,0.46533275497568033,19.948368246561873,0.9857125349570579,40.31529160623156,40490.41999999999,2.603742631704326,564.0
13.572916666666666,2.0321869480939982,2.841823814276274,0.47001416069520674,19.15859518609709,0.9864769099931161,39.47099790873753,40490.41999999999,2.591318205416069,564.0
13.583333333333332,2.0540478771734367,2.854573593428183,0.46239121849542725,18.45888868665942,0.9870998443427315,35.80380333999653,35840.668999999994,2.55112441355185,564.0
13.59375,2.0479891326577913,2.8470444554568126,0.45724671146673546,17.801326829728254,0.9874047704226396,32.77366538873588,34042.133,2.509138427429809,564.0
13.604166666666666,2.0312842481455533,2.8310595135301737,0.45419425156575477,17.157214943269828,0.9872643293217651,30.613414038797927,34042.133,2.4741352919458577,564.0
13.614583333333332,2.033311737973701,2.8262333311097647,0.4471570963613956,16.575900957429727,0.9866858646744788,27.504716935165924,31665.532000000007,2.4464070024314917,564.0
13.625,2.031732427838513,2.8221035650132396,0.44390541822936097,16.0390213277313,0.9857673697335141,25.03864978284562,30432.84700000001,2.445596209270629,564.0
13.635416666666666,2.0271979779953715,2.8195410137746375,0.444860265735223,15.52959880755834,0.9845723510648524,23.925792251622198,30432.84700000001,2.4465202822131547,564.0
13.645833333333332,2.0240056548810403,2.824213567619179,0.4413735655664909,15.097054635143076,0.9833248431977165,22.604183251224576,27598.483999999997,2.4449561205134462,564.0
13.65625,2.0028997435275366,2.8219280211343976,0.44152057751221996,14.714731329095898,0.9820488269492814,21.52969097647896,26394.485,2.4453188140680093,564.0
13.666666666666666,1.987976602683458,2.821551864656301,0.44520366042277726,14.367850280102324,0.9807376664605914,20.934489901713718,26394.485,2.4470319711037027,564.0
13.677083333333332,1.961143192662134,2.82262294902031,0.4463367424739501,14.077103728659893,0.9795064497190201,20.246015524379207,24899.910999999993,2.2163746112940546,564.0
13.6875,1.9142742982613505,2.8174339436304585,0.4504436769029404,13.826605690692961,0.9783344446454048,19.76205208149334,24744.618000000002,2.1974900235176538,564.0
13.697916666666666,1.8912832835035651,2.8224060011280074,0.4570336698745117,13.61716552067586,0.9772794533142015,19.458894892707825,24744.618000000002,2.180808371751278,564.0
13.708333333333332,1.8125430600359131,2.8095035479736863,0.4632927847132479,13.446631987486173,0.9764205891124597,19.41963377264616,25512.744999999995,2.1690237193816277,564.0
13.71875,1.7298355950170516,2.794049354492334,0.47051132069339763,13.319402067634217,0.97594507231341,19.673392652596146,26835.444000000003,2.163657996164714,564.0
13.729166666666666,1.6970054930196152,2.80083961597607,0.4785443701818543,13.248213271854194,0.9761701554720317,19.830440848873263,26835.444000000003,2.1582574421971104,564.0
13.739583333333332,1.632381872195063,2.7796494569741568,0.49371388280687506,13.240642768275666,0.9778341550830628,21.09457337781841,32017.913,2.17521806968723,564.0
13.75,1.606372630903144,2.774698302237553,0.5046418245405611,13.33270745355206,0.9821334916822667,22.825137268371204,34912.86600000001,2.1997082025993406,564.0
13.760416666666666,1.6164277422080686,2.7941195769586535,0.5135250461574709,13.527748428535046,0.9898734600059328,23.919448759855392,34912.86600000001,2.218209663606474,564.0
13.770833333333332,1.575363849637645,2.7739227970389844,0.5278612417692603,13.864625117402873,1.003982814348851,26.279449679572313,40404.92500000001,2.462623680193703,564.0
13.78125,1.5508139683883406,2.7645306524267674,0.5351062484128479,14.31271538974566,1.0255266383092299,28.71664145509189,42983.62899999999,2.4625877041972224,564.0
13.791666666666666,1.5555156360179458,2.775323308437064,0.5399374644895425,14.793365202931396,1.053512178817933,30.00832941886957,42983.62899999999,2.460928189902236,564.0
13.802083333333332,1.5173294446447663,2.752760023079706,0.5488690323305361,15.286862622296528,1.0905961170928145,32.592668759074435,47449.276,2.464146077448482,564.0
13.8125,1.5278244321869485,2.758678166018264,0.5553748122140179,15.686127072590722,1.1335683399271455,34.782696562678794,48911.621,2.479781032637639,564.0
13.822916666666666,1.5481844184254088,2.774485247651627,0.5608181919862321,15.930307017041521,1.1791412137593844,37.74542380775618,48911.621,2.5180857529883394,564.0
13.833333333333332,1.5948267124905322,2.792865661073908,0.57429164018168,16.00735792905767,1.2281426396590864,43.14199740446218,51664.60800000001,2.5738145088210573,564.0
13.84375,1.6610952938864114,2.824507876722684,0.5866482827755789,15.916636499505232,1.278149445214858,48.02748140062738,52885.568,2.6308678606581335,564.0
13.854166666666666,1.7029008787782658,2.847664488272046,0.5934399529597698,15.704448741292799,1.3280160018809128,51.19280917617307,52885.568,2.6806023443073124,564.0
13.864583333333332,1.7820193537750235,2.8833055103753575,0.6047298508670327,15.425845771634767,1.3790047639941077,54.24037203909711,53697.94899999999,2.879162083554495,564.0
13.875,1.8610964260483545,2.9222578432734667,0.6136585254979567,15.13782094081912,1.4302303498492241,55.974505961170856,53397.55900000001,2.8767199531570995,564.0
13.885416666666666,1.89853572532444,2.9402132856190906,0.6179095280840995,14.87205615720735,1.4813611395254513,57.43134236409037,53397.55900000001,2.87527466727687,564.0
13.895833333333332,1.9829221037574478,2.9826033387017854,0.621787554209885,14.651236964463386,1.5293266999892674,56.55852029326249,51432.594,2.8725533715678266,564.0
13.90625,2.0573273679723356,3.019662632114889,0.6279823007097027,14.47119508174996,1.5737275745443646,55.77986154048278,50339.138000000006,2.8710845854808915,564.0
13.916666666666666,2.089165491046296,3.0348151673889645,0.6323203609439855,14.3236546132797,1.6144798309315858,55.87669371854603,50339.138000000006,2.870875708943156,564.0
13.927083333333332,2.1657801652782664,3.07474433186639,0.6375417989742996,14.206848490024395,1.6495626284222478,54.09039786146695,48446.65700000001,2.8690732578762734,564.0
13.9375,2.231348575444664,3.111854091267539,0.6476884805695451,14.110718803300784,1.6797609582067228,52.77915179103018,47534.607,2.8685088755184296,564.0
13.947916666666666,2.2634009711303156,3.1343290920991707,0.6587577312673156,14.028260260440995,1.705812087114937,52.32170610874545,47534.607,2.8689284770243737,564.0
13.958333333333332,2.3277464379375856,3.176106655207749,0.6685704948148807,13.959488373302923,1.7270314337313735,49.88126317234041,45319.01000000001,2.867610584789637,564.0
13.96875,2.3792445370666093,3.2132488496979694,0.6817772203275843,13.901483904826994,1.7444714251092597,47.64201685554926,43822.774000000005,2.8675250617265426,564.0
13.979166666666666,2.4046908496161215,3.237885343515145,0.6986662435937622,13.853508261842528,1.759070743236356,46.64827875827062,43822.774000000005,2.8690589084813958,564.0
13.989583333333332,2.45440796222428,3.2779231703188976,0.706132415790523,13.820985699745696,1.7700023429373162,42.87324914132641,40162.215,2.6699730353134727,564.0
14.0,2.485044206955044,3.306994895906394,0.7192036772303488,13.802771380360374,1.7781714849877923,39.906148889107605,38422.630000000005,2.6243363880357484,564.0
14.010416666666666,2.4999091198639833,3.326943632361102,0.7373415937842647,13.799846146212483,1.783772294363106,38.223693938208086,38422.630000000005,2.587147442265223,564.0
14.020833333333332,2.5339319861409058,3.361885112269045,0.7452100132958238,13.812178752384675,1.7861315286113417,34.49618834334007,34769.58900000001,2.5327875291522464,564.0
14.03125,2.5513852612854646,3.3882938878093123,0.7611653914873469,13.838075268464156,1.785430351977312,31.169546395523408,33191.861999999994,2.480028241973968,564.0
14.041666666666666,2.5633335373714097,3.410357625938756,0.7836321415720299,13.878206255143473,1.7812301225805078,28.318080693682184,33191.861999999994,2.4485221335947447,564.0
14.052083333333332,2.5914996818012375,3.446858725617951,0.8032997594976135,13.928841085992506,1.7735377010648767,25.526700291876548,31110.74100000001,2.446742281577502,564.0
14.0625,2.6181833872655376,3.48462139162789,0.8353086152360252,13.990955353759125,1.7618615941457827,24.131292919876447,30777.77799999999,2.4475232709371473,564.0
14.072916666666666,2.6489781454054304,3.526392695679966,0.8735661292166217,14.064258408944657,1.745762385626479,23.507364794710355,30777.77799999999,2.4487044701770726,564.0
14.083333333333332,2.6960006081912034,3.5824655074188807,0.9190747796270787,14.145727701850758,1.725501577769459,22.999190290767274,30119.75,2.4492988848553767,564.0
14.09375,2.746849039530099,3.644762131035968,0.9732555951133912,14.233558293100629,1.7012884593359543,22.517136531899524,29515.834000000003,2.4500488231403845,564.0
14.104166666666666,2.7948786824233043,3.706748162004174,1.0362472358783295,14.327973550363689,1.6729049495087969,22.215835315408395,29515.834000000003,2.4514164992633525,564.0
14.114583333333332,2.855329510426856,3.779282672844009,1.0983492166544209,14.421729946353976,1.6426899479526673,21.555332597910255,27739.125,2.2171028956012733,564.0
14.125,2.9086262520085047,3.847723697520698,1.1697386829497796,14.516766141229846,1.6103500618959166,20.919933144255612,26965.535000000003,2.199301266964074,564.0
14.135416666666666,2.9568424297468168,3.910859059701676,1.246620616428677,14.614721650010079,1.5754134451882158,20.51906681226002,26965.535000000003,2.1839643680318592,564.0
14.145833333333332,3.014498313324118,3.98056629142389,1.3258694551878476,14.71183036723617,1.5390539868220645,20.12481812608109,26354.75600000001,2.1679577887801527,564.0
14.15625,3.0714089681701258,4.050381896385162,1.41504304884138,14.808741917559633,1.500462385228501,19.887407275746014,26567.581999999995,2.154710739942128,564.0
14.166666666666666,3.1299445330229902,4.120928905913319,1.506195792619797,14.901249687153502,1.4602057564713564,19.711392934718404,26567.581999999995,2.1427410068478236,564.0
14.177083333333332,3.1910052359013883,4.194932190365099,1.612146263721422,14.987804689909996,1.4170593429780087,19.763818469385868,27541.312999999995,2.1359342895124747,564.0
14.1875,3.2624405510696404,4.277797549037934,1.7240754352514438,15.06007222916893,1.372399737824343,19.84435002294017,27854.414000000004,2.1306300083947507,564.0
14.197916666666666,3.3341440899602506,4.361910363308012,1.8396629949691585,15.111204261033976,1.3272658506826023,19.85853688059802,27854.414000000004,2.1254616792710426,564.0
14.208333333333332,3.4098199890645335,4.450825018652341,1.9636469302491482,15.136004195229926,1.282446603729935,19.805555550139903,27758.682,2.1201094033422594,564.0
14.21875,3.4875898161355128,4.5415970717221255,2.0922423855826016,15.131104455873423,1.2388853414893664,19.673368905588585,27464.03899999999,2.1137923346311918,564.0
14.229166666666666,3.5585685917877052,4.626294517990975,2.221820274439443,15.094948787914824,1.1966458774163213,19.547244776006078,27464.039000000004,2.107970499015873,564.0
14.239583333333332,3.627110834518177,4.709066950432875,2.3499165613200126,15.027930929602107,1.1563579253246763,19.403396792657034,27306.95599999999,2.1018349089463904,564.0
14.25,3.6916059842935653,4.787234044054118,2.4770768615735883,14.93081004207839,1.11774793452997,19.310137822429056,27503.165999999997,2.0969905507878184,564.0
14.260416666666666,3.753920022908919,4.860680350913252,2.596887156702037,14.807087057438189,1.0812146831278215,19.221225373521076,27503.165999999997,2.092321479086937,564.0
14.270833333333332,3.7819800264228314,4.913386508089615,2.727647232001398,14.642524245824772,1.0428756097687149,19.740646779391643,30709.266999999993,2.1018692214697214,564.0
14.28125,3.8112037746260454,4.963199920066082,2.8438337266381644,14.442260013330419,1.0045970434377685,20.650780746345617,32911.88199999998,2.118239786801938,564.0
14.291666666666666,3.857213240702818,5.018806543967791,2.9396357422624817,14.225617210078864,0.9692299350863857,21.355747753284387,32911.882,2.1306543626785643,564.0
14.302083333333332,3.8402907435265297,5.039843367004936,3.0364607598332745,13.977566871049893,0.9336358112030404,22.70431684234257,36465.50700000001,2.155064419724954,564.0
14.3125,3.7818199448049437,5.041503987154662,3.097751652519147,13.725306833591183,0.9011110182802989,24.082406261187753,37847.438,2.178931925486632,564.0
14.322916666666666,3.7666820970266524,5.052679785676513,3.1395522999845387,13.495946672267142,0.8737520135513817,24.961778331795262,37847.438,2.1968213267141183,564.0
14.333333333333332,3.5001093310534963,4.967180548870685,3.1379305546740746,13.303026726180873,0.8515146390905941,26.077312792050595,39768.155999999995,2.2178656675366684,564.0
14.34375,3.193668954275504,4.8499110812419,3.0892442807592193,13.186897017238648,0.8369437138996567,27.053471635824973,40596.87200000001,2.236484073364479,564.0
14.354166666666666,3.02194150802083,4.770522249301295,3.0312008835883066,13.18912066262128,0.8321954221481161,27.61460591970351,40596.87200000001,2.46425239082124,564.0
14.364583333333332,2.6240800920390526,4.550413513380842,2.868073379438386,13.35949484122548,0.8394681119449715,28.586407529306868,42399.17100000001,2.4645777570206495,564.0
14.375,2.214157600943161,4.266559241049437,2.5820299835159624,13.738498541357437,0.8605490619371001,29.32375929546066,42835.982,2.4638555262979422,564.0
14.385416666666666,1.9411955805012613,4.020167668789036,2.2616084623418997,14.332193895031152,0.8950826873298863,29.72449889726254,42835.982,2.462966084756457,564.0
14.395833333333332,1.713492904589451,3.790245086207611,1.9147039829179058,15.056568000198517,0.9377449590837248,28.845738633898385,39879.25,2.459662405396365,564.0
14.40625,1.5265221162050124,3.5572503336754013,1.5644272613110406,15.859137791868921,0.9852566415588031,27.68868350814637,37767.83499999999,2.4575972818729532,564.0
14.416666666666666,1.3559593170231898,3.321078669036464,1.2465040421421896,16.73343826071529,1.0369364490057693,27.187190203797524,37767.83499999999,2.457695520959336,564.0
14.427083333333332,1.2665614213112308,3.1370859578367054,0.9791435740300627,17.567089520352855,1.085599119905267,26.02939502679762,34843.66099999999,2.4552785449089067,564.0
14.4375,1.1738841847334842,2.939336538904751,0.7710198592488844,18.387177707505256,1.1321252544108356,25.338240385157746,34543.57000000001,2.455511226502373,564.0
14.447916666666666,1.0806029203063598,2.749715755133347,0.6178362349707558,19.17334211748321,1.174371884645859,25.03917027308316,34543.57000000001,2.4559453429582185,564.0
14.458333333333332,1.0559564614074928,2.6052280095035987,0.5143898682337985,19.899880830988366,1.209844822649981,24.877763060825956,34425.774000000005,2.456138611602023,564.0
14.46875,1.050994023668298,2.4881325137750445,0.44273851808724196,20.544129009384342,1.2365504482239724,24.67932847908206,34019.872,2.4559955269573543,564.0
14.479166666666666,1.020456520592872,2.3730273946019933,0.39016794264386745,21.102826491393788,1.2538757443012114,24.579302165071482,34019.872,2.456140037386522,564.0
14.489583333333332,1.0261458165089898,2.2915536081075896,0.35069571936374994,21.54576948220932,1.2614309290993686,23.97530386733216,32119.286999999997,2.4547300221910824,564.0
14.5,1.0185268776778675,2.2074672569338567,0.32039485312831023,21.89852873547211,1.2610083955428542,23.442072823151435,31483.872000000003,2.4546685146344274,564.0
14.510416666666666,0.9897540491425235,2.118647821868887,0.29558943479700633,22.170898581012242,1.2537239364672075,23.17214706801067,31483.872000000003,2.227288267360892,564.0
14.520833333333332,0.986754070643116,2.0511438144022627,0.27524599033413905,22.35682189145293,1.2413382654250318,22.68842600411726,30164.754,2.2191466219414053,564.0
14.53125,0.9785428558643605,1.9870000237078749,0.2591937122842323,22.468172400839656,1.2249804737961758,22.285754908413555,29736.728000000003,2.2118989839376857,564.0
14.541666666666666,0.9575138236268548,1.9236216589141903,0.24592476035849156,22.50745757979554,1.205468364144341,22.06695064701595,29736.728000000003,2.206728217368551,564.0
14.552083333333332,0.9517165920376266,1.873034458402675,0.2356391056745447,22.47270653695558,1.1833511015885867,22.068153091861994,30167.547999999995,2.204752668640914,564.0
14.5625,0.9615828984331225,1.8396087376626273,0.22896457617982047,22.3555543534331,1.1586310263585147,22.448805818309484,31528.793000000005,2.208960660422555,564.0
14.572916666666666,0.9696669394435946,1.8211501621569839,0.22411429090539173,22.156496955416735,1.1331311390130958,22.70970062691543,31528.793000000005,2.21236499129437,564.0
14.583333333333332,1.0171636310760779,1.8237752271440313,0.22423029276821843,21.842342373954203,1.1048846473944731,23.85352137085838,35026.95999999999,2.229603047515242,564.0
14.59375,1.0951641449326588,1.8619353214935381,0.2279306507470229,21.409684880977863,1.0762129884145866,25.261384857936978,37072.55799999999,2.459252833558205,564.0
14.604166666666666,1.157229871357019,1.9116960567937094,0.23318933095463976,20.88385847041057,1.049921074224013,26.066185931174168,37072.55799999999,2.4578718879821,564.0
14.614583333333332,1.2505646061214326,1.9774943498379625,0.24474198859752094,20.200132789213328,1.0244587790656252,28.058546473810253,41475.119000000006,2.460422144526213,564.0
14.625,1.3690054638297022,2.0736139393142707,0.26010094333200967,19.392454503370544,1.0030992938584877,30.072190683345298,43635.094,2.4611281905924587,564.0
14.635416666666666,1.4627092709345002,2.171070211534699,0.2766828488479325,18.520006979783545,0.9878722797600107,31.071505346984186,43635.094,2.460147908770437,564.0
14.645833333333332,1.5550080040888765,2.267250514408983,0.2995879579801695,17.540763243800143,0.9784553051999252,33.084745088415495,47024.062999999995,2.4663190949937017,564.0
14.65625,1.6408018196445115,2.3695363191291534,0.3248451456771424,16.52753286921416,0.9759668791620225,35.849498247382144,48387.368,2.500944012084554,564.0
14.666666666666666,1.713656999447547,2.466787311775527,0.35083914048570997,15.54201891491418,0.9800775141611374,39.25111710777749,48387.368,2.537522402371929,564.0
14.677083333333332,1.7448824670103098,2.5372258616120646,0.37972639834161076,14.562146710748358,0.9905833426731063,43.96728532353917,50948.375,2.5868645029852524,564.0
14.6875,1.7332219870856354,2.5841768528387528,0.4050872959530419,13.637242257471085,1.0069850401112466,48.243650136529695,52351.864,2.63786200202321,564.0
14.697916666666666,1.746484860579973,2.6349122775525493,0.4280997089423168,12.811814261894659,1.0284261130738561,50.92267208952478,52351.864,2.6810883624015043,564.0
14.708333333333332,1.637092071048632,2.6170283237896967,0.44291036037839543,12.078088099399524,1.055817075800226,54.73860693231902,54356.80499999999,2.8799110774235666,564.0
14.71875,1.5458985866939174,2.5978834444650247,0.45248558755202756,11.486390592316356,1.0892213774992494,57.73020137530954,55174.85399999999,2.8783843793069903,564.0
14.729166666666666,1.5168291524105744,2.602519192862571,0.4619307427655038,11.0812916632352,1.1288645998710987,59.59621480471152,55174.85399999999,2.876875784807191,564.0
14.739583333333332,1.4847554342705536,2.594898742223356,0.4692973043365133,10.884566511762765,1.17620582185818,62.468331658281016,56465.171,2.877126155107905,564.0
14.75,1.4729478085941121,2.595583530652332,0.47399634862707674,10.899904062944733,1.230092054644926,64.3491679813583,56679.628,2.8769804260932887,564.0
14.760416666666666,1.4728005094011003,2.5998461597629596,0.4774330670484903,11.077702699241593,1.289019925478355,65.89029014814888,56679.628,2.8796813274823356,564.0
14.770833333333332,1.4637582548228991,2.5914982220839153,0.4806831072924685,11.353162453337362,1.353091040850421,74.1688955059984,58363.75,2.908155428720208,564.0
14.78125,1.469775253144421,2.5938422855229866,0.48497873882631914,11.65017394617897,1.4200426509238353,84.50527379792884,59514.992,2.941829972915295,564.0
14.791666666666666,1.482087672958233,2.6037630757516177,0.4884521574057159,11.897631460737136,1.487309199171242,91.66967033596254,59514.992,2.9686854131942364,564.0
14.802083333333332,1.501931677295237,2.616473284801412,0.4970711812893447,12.059141899723052,1.5561392520660005,100.3167941767198,61070.206999999995,3.000952531319218,564.0
14.8125,1.5311087219712147,2.642299614002991,0.5044692191527061,12.114248286783834,1.6238934013284934,104.44388693134287,60449.56099999999,3.021534749279432,564.0
14.822916666666666,1.5461838312859506,2.6572435725061063,0.5108072477037913,12.074096969202873,1.6907208874756718,107.86470521189828,60449.56099999999,3.0380700368903195,564.0
14.833333333333332,1.5715032159919062,2.679625966301843,0.5086402464597282,11.970992743328127,1.7522266835679856,103.22869348463364,57288.30599999998,3.0291915844049475,564.0
14.84375,1.5808271481215346,2.6829685907441325,0.5015025602953456,11.843000306845692,1.808047067755959,97.44225383643045,55070.022,3.0100668777813775,564.0
14.854166666666666,1.5694291425135916,2.664521201487484,0.4931273877893796,11.720724126613073,1.858145630937357,94.88930530236242,55070.022,2.997537159804081,564.0
14.864583333333332,1.5878929529948997,2.667950181132257,0.4776708720508133,11.636751937572653,1.8969726313229565,84.27747352705528,50900.292,2.960207763128734,564.0
14.875,1.5854531083126566,2.6506865238131296,0.4625322117545396,11.592029828701047,1.9258854515211412,74.91639889811955,49020.31599999999,2.922194461577435,564.0
14.885416666666666,1.5655409428853584,2.6186946258622092,0.4488876422814344,11.57999962319624,1.945390006643291,67.9935458808827,49020.31599999999,2.894063600097549,564.0
14.895833333333332,1.574791671248991,2.6113451428865853,0.4274573539463245,11.587296019875794,1.954301486190718,53.67408174474322,43315.353,2.8616598207593142,564.0
14.90625,1.5511705697855944,2.5746712699580865,0.4065185790113939,11.600320494900496,1.955462719802997,47.093384663509724,40291.299,2.8600585625272132,564.0
14.916666666666666,1.5071303180683806,2.517308325277521,0.3883780409701062,11.613603065701353,1.949672635402832,45.01201898876828,40291.299,2.8626171545394885,564.0
14.927083333333332,1.4891692780218027,2.482640588006516,0.36561327840876,11.623422771735072,1.9388055789159402,39.455982649701845,35109.03899999999,2.668699967081918,564.0
14.9375,1.4484964672410512,2.4281614566589496,0.3459697392758343,11.631249475437274,1.9236826706114565,35.25716961323807,32628.646000000008,2.5924800480142984,564.0
14.947916666666666,1.397147616985199,2.3618967174105943,0.3295560032796066,11.639550443106849,1.9035008909176299,32.75781435344492,32628.645999999993,2.531067044733224,564.0
14.958333333333332,1.374047002610443,2.3195133345882395,0.31180078974789355,11.649346382070492,1.8815855858738144,28.422876804419193,28428.108000000007,2.454594770862519,564.0
14.96875,1.3355925919272207,2.265324775489875,0.29762315712111165,11.66279890096316,1.857019378603487,24.557389844386133,26862.225000000006,2.4421571877782426,564.0
14.979166666666666,1.2930912289401701,2.207292725136534,0.28582321381699705,11.682201236032519,1.828575948710525,22.45402794888128,26862.225000000006,2.4436850381773403,564.0
14.989583333333332,1.2868346471550192,2.173241261780032,0.27539763503062786,11.707000082910765,1.7986305686119957,20.987250574149254,24921.357000000004,2.4437828717817855,564.0
15.0,1.2837191183989645,2.1433475700495785,0.26776437690913907,11.738284772408502,1.7662539896068394,20.018587227900937,24196.24100000001,2.4454960321361634,564.0
15.010416666666666,1.273902228997359,2.115208616970533,0.26195641822367366,11.776981922342365,1.7306671678961396,19.46997586170529,24196.240999999995,2.202649355023826,564.0
15.020833333333332,1.2884846067428302,2.1063538198887324,0.2574350359412382,11.819625755580056,1.694459060295549,18.827463568701003,22710.657999999996,2.176243647667281,564.0
15.03125,1.3007503689165674,2.1013318171151463,0.2548962719058961,11.865738288089515,1.6569374992089867,18.245742743014453,22020.701,2.150173529226609,564.0
15.041666666666666,1.3054594242869053,2.09740447706149,0.2537851593383994,11.914893370229123,1.61727988366515,17.84020985976234,22020.701,2.1267204935043433,564.0
15.052083333333332,1.327148797900401,2.108738862733306,0.2538899424643666,11.962785854559458,1.577666130318215,17.378961819187705,21038.589999999997,2.101096035831361,564.0
15.0625,1.3526132048157555,2.1269592811260396,0.25610491199688806,12.009122584145095,1.5370510673790494,16.979253614127014,20845.907000000007,2.077002286014443,564.0
15.072916666666666,1.3758298207040853,2.1500217031044113,0.2597052141011919,12.052384971570731,1.4954010445716157,16.64121189794792,20845.907000000007,2.0549340418664412,564.0
15.083333333333332,1.4209097495202276,2.189291975003676,0.2658746580231368,12.090993389055019,1.4528353703870176,16.337434391817762,20956.972999999998,2.041299566654975,564.0
15.09375,1.4768385149062275,2.241819928782721,0.2747735813420335,12.12358661516604,1.409408865702747,16.06772582878871,21219.216,2.04362047526797,564.0
15.104166666666666,1.5315029580420023,2.30233275667138,0.28577843264325276,12.148500394236763,1.36605711828144,15.859566206812147,21219.216,2.045844293858301,564.0
15.114583333333332,1.5962821545143298,2.3758741418354785,0.3010810183966861,12.165323131787195,1.3219639523742173,15.807744694384542,21837.072,2.0481520091610044,564.0
15.125,1.6705520266775309,2.463412074060646,0.3202773082991656,12.172798674161628,1.2783896735565445,15.840970126610234,22074.740999999995,2.0497808872392227,564.0
15.135416666666666,1.7462508652271256,2.558370392876927,0.343328726346255,12.170597977255154,1.236270918533106,15.895406379900619,22074.74100000001,2.0510234680948574,564.0
15.145833333333332,1.8351160384779919,2.665252536013387,0.3719815520392678,12.15902336163682,1.196220671023191,15.936219306530594,21961.350000000006,2.0521118300423633,564.0
15.15625,1.9330536223178594,2.780160602467576,0.40672239619014383,12.13876267194614,1.158641798335163,15.952452221250878,21793.292000000016,2.0531708453301207,564.0
15.166666666666666,2.0276846836002056,2.8954381399693125,0.4477558775936908,12.110468518965172,1.123480345887839,15.967485507350355,21793.292,2.0543448218016507,564.0
15.177083333333332,2.1368629858091595,3.0190457138095037,0.49764726972683465,12.075027571990244,1.0908933809932697,15.986300445384234,21809.823999999993,2.055458502649232,564.0
15.1875,2.2491747807831346,3.146594865746958,0.5589582814354319,12.03263305638757,1.0604051563435497,16.05958933949667,22274.75,2.0566692572070124,564.0
15.197916666666666,2.3606577374711404,3.2759045591041374,0.6297256790023789,11.985334704863254,1.0327751621938852,16.124802927496813,22274.75,2.057281036852133,564.0
15.208333333333332,2.4726131505618696,3.407456683020262,0.7205164699752586,11.931503512215686,1.0065733628705238,16.331464049086534,23612.293000000005,2.058364221639249,564.0
15.21875,2.5940151795840616,3.547298513954932,0.8271113330601215,11.87402742136952,0.9828265164838118,16.583283957630055,24286.174,2.0581290536066144,564.0
15.229166666666666,2.716426208068531,3.688862748557335,0.9473784412883595,11.81613038435835,0.962136505057701,16.76451226992198,24286.174,2.057243975328202,564.0
15.239583333333332,2.8308853646117975,3.8265968138836803,1.0918666135354262,11.75628731381634,0.9434232180404724,17.02241841259056,25478.152000000002,2.0569953677086343,564.0
15.25,2.947916552059698,3.9650175042597406,1.2506826207969461,11.696223456371131,0.9269345883847107,17.303591817122225,26257.89499999999,2.0559404331020077,564.0
15.260416666666666,3.0651328248534537,4.1008231682483345,1.4153501486654414,11.637537078061019,0.9127940807076393,17.485106303640478,26257.895000000004,2.054370204882258,564.0
15.270833333333332,3.142336692641802,4.217135578660934,1.6047440647742646,11.573022092748825,0.8992736178291694,17.95683820233257,28990.568,2.0541832339754955,564.0
15.28125,3.213042061500899,4.330712994240608,1.7937358886473531,11.502694491979922,0.8865966433512209,18.562416238777313,30731.588000000003,2.0552556087564677,564.0
15.291666666666666,3.3055985170030366,4.449072836447043,1.973312909440299,11.428369599071175,0.8749682748282207,18.98227223967726,30731.588000000003,2.0649003743694885,564.0
15.302083333333332,3.2681695850664783,4.499032234068505,2.1506366285519753,11.338000469972034,0.862393601245311,20.16063760409523,35222.15299999999,2.0965815276305895,564.0
15.3125,3.0915956924037475,4.461819194668667,2.2503929212686247,11.235068064520602,0.8490862727081415,22.406392073619003,39458.454,2.140627686276058,564.0
15.322916666666666,3.0052441253435966,4.438862332934429,2.2804116548317013,11.143021265046219,0.8371698287541164,24.324686729692885,39458.454,2.1740763149651,564.0
15.333333333333332,2.549678345103069,4.235095040224464,2.243539021616414,11.073507161330186,0.8264686494956264,28.313032710670516,47690.046,2.233247215038642,564.0
15.34375,2.132737213670885,4.024212702860668,2.1335600312014606,11.092273821903053,0.822837640178989,32.46347333771761,51533.592000000004,2.4734178588795848,564.0
15.354166666666666,1.9485213720386803,3.912700583610952,2.032041485010325,11.25536320692085,0.8314599951268551,34.63005845686791,51533.592000000004,2.4712033247807863,564.0
15.364583333333332,1.515234487714195,3.584617087663484,1.8135403645546906,11.660524171361647,0.8598289956791416,39.5440643696855,58939.796,2.4865264123458415,564.0
15.375,1.1951526530858476,3.2471277009172237,1.4944475071104588,12.345376376429748,0.9108230816319116,46.63964109729963,62020.01999999999,2.559544212897747,564.0
15.385416666666666,1.0586338359267498,3.0201130333513344,1.216592949687083,13.246175085530325,0.9777136914768176,53.605411477459626,62020.01999999999,2.634039397842638,564.0
15.395833333333332,0.9755046101191868,2.80923444825949,0.9801257968578526,14.299917084726575,1.0533078661233113,60.05026207344936,63585.00699999998,2.7126833062535454,564.0
15.40625,0.9746218455115614,2.68373465168964,0.810414726527732,15.367282968750331,1.1260030990758565,63.58559443970641,62931.494000000006,2.8892784892332553,564.0
15.416666666666666,0.9630296764359324,2.5672409569519026,0.6865964251787914,16.362895619224467,1.1899582260640524,66.54289592520115,62931.494000000006,2.8871141081484994,564.0
15.427083333333332,1.0404391059457803,2.554624173042918,0.6139967195538101,17.180728507460067,1.2398950574461596,65.70737290788985,60073.106,2.8829651862640007,564.0
15.4375,1.1021943248234662,2.535877855291374,0.5563662019665286,17.8076242094164,1.2774163002697034,64.15952867907639,57756.693,2.879818879065215,564.0
15.447916666666666,1.1061013388277567,2.4696789148711433,0.5038123613895523,18.256961489377947,1.3058037933099569,64.5932150195894,57756.693,2.8794459297744557,564.0
15.458333333333332,1.1598009440262824,2.460046056965184,0.4673707244806705,18.513190784622996,1.3258105439494723,61.852130979488564,54819.38399999999,2.87594471248806,564.0
15.46875,1.2044267491365759,2.4401421769724867,0.4404296538885156,18.608701083337003,1.3405690227043536,61.189355220274074,54452.629,2.8754363918464274,564.0
15.479166666666666,1.2118859395041564,2.399914226371932,0.41546064925576753,18.55387706340413,1.3518442989883737,61.15098684971584,54452.629,2.87533624067666,564.0
15.489583333333332,1.295329530067461,2.4107647141462576,0.40315243197461964,18.36011573444251,1.3609437994884863,61.565208468192274,54748.30799999999,2.8754952733351136,564.0
15.5,1.3880919080403715,2.435094910398688,0.39635946013796924,18.0485057732666,1.3684850957107604,62.04468236643543,54968.531,2.875531374986164,564.0
15.510416666666666,1.4283748551178024,2.4364290124926162,0.3885430933301172,17.650540658834714,1.3745806747653901,62.35286197719778,54968.531,2.87535477131036,564.0
15.520833333333332,1.5086265287780272,2.4643372041405462,0.38647386445403104,17.201459707289114,1.3790397647884607,62.517284051525074,54833.345,2.8750968762404145,564.0
15.53125,1.5731968110569694,2.490372155580045,0.3862788832828886,16.730081592102053,1.381496209957803,62.566068094049086,54636.55100000001,2.8747794376307243,564.0
15.541666666666666,1.6000777807061377,2.5000875283825716,0.3856603116076753,16.247255167120148,1.3815327014185914,62.78704085076472,54636.55100000001,2.8747157262885397,564.0
15.552083333333332,1.640143480527452,2.5186200806656265,0.38673950558556297,15.75442259375919,1.3788991479364385,62.71496043327414,54385.86499999999,2.874360322172479,564.0
15.5625,1.6763582455795405,2.539114884149963,0.39042198950513185,15.23954792590208,1.373484768080725,63.13358340029054,54628.17,2.874621339979792,564.0
15.572916666666666,1.696300121133525,2.555223712936324,0.3942817572976072,14.69276663298345,1.3652961695255343,63.34076288800972,54628.17,2.874598042130331,564.0
15.583333333333332,1.7277628810121095,2.577105301703243,0.3997738026177803,14.102293103173624,1.3545799753635213,63.728980194536504,54820.056,2.874814992930774,564.0
15.59375,1.75800174235316,2.601283056921755,0.40509825915028136,13.473535114808238,1.341971902927178,63.31026686071638,54321.02900000001,2.8741906161600177,564.0
15.604166666666666,1.7732809378870127,2.6185691186176547,0.41095932404888436,12.804246028071452,1.3278737003377719,63.28962306573564,54321.02900000001,2.874185661355482,564.0
15.614583333333332,1.7979035162376347,2.63686265176617,0.41132131851188997,12.131297498809165,1.3135598694499793,60.75101244634856,52171.19,2.8715548693953337,564.0
15.625,1.807419937500443,2.640962853687049,0.4105623281588728,11.458001384030611,1.2994598026404438,59.05437783447808,51221.466,2.8706517685247204,564.0
15.635416666666666,1.8055223574737402,2.637617628287468,0.4101797229757394,10.796712104604365,1.2858726114163708,58.45325112073958,51221.466,2.870977637531657,564.0
15.645833333333332,1.7950312887770972,2.630100536198606,0.40890650064088185,10.17573799930248,1.2732325539383709,58.00620855695147,51211.74900000001,2.8712976383307516,564.0
15.65625,1.778343579754141,2.6236358672808637,0.4105298099479736,9.612311605475712,1.2617114659042854,58.46351719190975,51988.466,2.872349806687954,564.0
15.666666666666666,1.7763461670919802,2.6306336482201345,0.41417854052272646,9.134396779101355,1.2519333637565397,58.337572743603495,51988.466,2.8725306912220456,564.0
15.677083333333332,1.749690896070554,2.6273712125301185,0.42314356162571043,8.732738684936876,1.2443317283668929,60.999500423926854,54584.638000000006,2.8751985849709274,564.0
15.6875,1.7248216652760517,2.6343788477033745,0.4362176664481228,8.420925623977348,1.2405596727912125,64.08835105561364,56780.315,2.877582953885318,564.0
15.697916666666666,1.733294332418325,2.666129051846598,0.45140029903032164,8.207317819711978,1.242697177450393,65.06859465871652,56780.315,2.8775588957014175,564.0
15.708333333333332,1.687860165945151,2.668473547819772,0.4797717265394386,8.070180821650476,1.2543008104258744,77.60387656790977,62911.519,2.912456657647887,564.0
15.71875,1.6799622776542165,2.7050961561249864,0.5169376485688807,8.021908007643328,1.2796596248161367,96.68341055076785,66515.938,2.9716677682100157,564.0
15.729166666666666,1.715412444696456,2.773867724447219,0.5574230410935906,8.05806319433606,1.3203898406162276,108.38291421842598,66515.938,3.015893720610817,564.0
15.739583333333332,1.691430368846048,2.7953661433490233,0.6097569115685515,8.17866571332869,1.3827705217662167,131.09612974891883,72598.57500000001,3.0924880303250384,564.0
15.75,1.6984388374724122,2.84027290596098,0.6628958472992683,8.384376892667065,1.4627075587520548,148.8769405824852,74891.05400000002,3.163458297889548,564.0
15.760416666666666,1.7331040467512802,2.9009976264545916,0.7145467148993639,8.670717800247042,1.5491325435467238,158.56852359452262,74891.05400000002,3.3014347374681607,564.0
15.770833333333332,1.7755505912513152,2.9478407995738567,0.781752712474321,9.051051146546941,1.6383282610939554,182.33050960975865,80131.68099999998,3.3065128932133967,564.0
15.78125,1.8637967009511807,3.0292981593123596,0.8550438014136884,9.503661754361035,1.7222038069040067,200.2802373904145,82492.774,3.3097040296051774,564.0
15.791666666666666,1.9276884805170187,3.0956152632747758,0.9122822806102826,10.009231533664229,1.7993719018849688,208.14699877323733,82492.774,3.311003068629869,564.0
15.802083333333332,2.037632965858612,3.1802929408316194,0.9880393175991485,10.5700265674918,1.873035927316221,246.5583937187396,85431.64300000001,3.3407008005697385,564.0
15.8125,2.1573368876591323,3.272777160797572,1.0527119227928377,11.147796381084074,1.9425509501937697,261.30913991945135,85456.435,3.352928493795659,564.0
15.822916666666666,2.213111169549505,3.3180009671587705,1.0894836681455078,11.72110482324581,2.0074669700098857,258.7637149230638,85456.435,3.3509813111810307,564.0
15.833333333333332,2.3351798281673917,3.399713019477842,1.1308921372968819,12.252508872445388,2.0626261560709227,241.0862728332814,84435.53799999999,3.3368425649263016,564.0
15.84375,2.424299402641455,3.45351032331737,1.1525202750421146,12.71000202090073,2.1034411701553384,217.3813845604382,83595.25900000002,3.3180095198931734,564.0
15.854166666666666,2.4521586697504802,3.464655671064836,1.1519899610585336,13.07144827256215,2.128595748804273,206.66256039655192,83595.25900000002,3.3133603409828467,564.0
15.864583333333332,2.4909564800907256,3.4808460250846185,1.1393325626073691,13.31865728527674,2.1403531815853696,196.17231652863288,81770.07199999997,3.3115117737081228,564.0
15.875,2.5065488586409446,3.479585791430001,1.119799572387113,13.439445341987794,2.1425284142334418,187.35165044665604,80850.881,3.310727374461556,564.0
15.885416666666666,2.5025750800617543,3.465289987176093,1.0981111696808286,13.410724999721179,2.1360810335264158,181.32174405660118,80850.881,3.3110481210113156,564.0
15.895833333333332,2.504057352070705,3.4543993626455,1.0581321869920002,13.243865546370284,2.121556419259273,165.69235593148827,77545.67200000004,3.235898315863574,564.0
15.90625,2.483921536114823,3.425555419970457,1.012845823543238,12.965114636311709,2.0998205038532496,152.89718620601786,75407.661,3.183833479185877,564.0
15.916666666666666,2.45726075520425,3.3905924081764565,0.9763102196809937,12.579447772105672,2.0710023447864567,145.7575753786533,75407.661,3.147449863288927,564.0
15.927083333333332,2.428759250816878,3.3557499949843095,0.9117180016883794,12.140270309778458,2.0387496725308165,126.97248117140391,70101.97200000001,3.081115060903797,564.0
15.9375,2.3733537816720958,3.2967836090185285,0.8420456915940415,11.672928697066713,2.004349762533023,109.45183173736243,66248.848,3.0130640944376985,564.0
15.947916666666666,2.315934602756182,3.2311890951603055,0.7900570473836527,11.165556955280614,1.9661359646614263,98.93491435657859,66248.848,2.967229379055635,564.0
15.958333333333332,2.2604241705033945,3.1715068276225535,0.7099010586640986,10.689797850753767,1.9289096639578969,75.24784904864376,58675.40299999999,2.8890222119906763,564.0
15.96875,2.173431374779325,3.0834408598650893,0.6424247690491225,10.226236855991168,1.8907272709531886,62.251131162949186,55423.069,2.8801697432738464,564.0
15.979166666666666,2.095686414715234,2.9960884373726215,0.5927074892662342,9.754203665271392,1.849073867394912,59.04046245203439,55423.069,2.882621747618824,564.0
15.989583333333332,2.0366252542753203,2.930888722608719,0.5419811854719645,9.314597678738554,1.8073357608762528,52.804059950019564,51023.917,2.7144007041050084,564.0
16.0,1.9694542507217867,2.862096749205086,0.5055427081260258,8.886082858078463,1.764000180445567,48.68161198991074,49497.937000000005,2.6474862053727084,564.0
16.010416666666664,1.9167291881834174,2.804237779123601,0.48037899635972364,8.456890744476596,1.7184620144129834,46.01801391788224,49497.937000000005,2.5953942091637145,564.0
16.020833333333332,1.901419535964961,2.7787191982721278,0.46428741335358165,8.03672640526295,1.672669370186915,42.87421128336775,48443.5,2.546673196828971,564.0
16.03125,1.909221861445323,2.774418623392656,0.45952776059979134,7.617128641452238,1.626774316369205,40.285746129961915,48584.974,2.5082740783157895,564.0
16.041666666666664,1.919085480220402,2.781461322842029,0.4603723265834782,7.203481909167292,1.5823549058788615,37.665634646479766,48584.974,2.476240275616626,564.0
16.052083333333332,1.9711299144872758,2.820625374277228,0.4728192702519503,6.799142513819532,1.5404930229993805,35.39088181809101,48972.30100000001,2.4684391190685675,564.0
16.0625,2.035400248193587,2.876268320026632,0.49020658572887704,6.4208579288151215,1.5031789870119026,34.08798701886115,48315.75099999999,2.468035200471228,564.0
16.072916666666664,2.081076714288306,2.9283601106184247,0.5127721414668066,6.072107785120751,1.470551826454066,33.58986664104,48315.75099999999,2.46850000500562,564.0
16.083333333333332,2.158334737287118,3.0019959954469377,0.5408976255187996,5.768478297563701,1.4434532096858423,32.811752424437756,47109.107,2.467741987129903,564.0
16.09375,2.2348973962866365,3.0788753650825496,0.5775768005977582,5.508341563764551,1.4208458982509187,32.29589959687755,46822.162,2.468028431704213,564.0
16.104166666666664,2.297278969836664,3.153490798312772,0.6207200887117945,5.294017685356842,1.4019296776055212,32.02482310475895,46822.162,2.4686160533671626,564.0
16.114583333333332,2.3926244077286647,3.2510960997426133,0.6783118265323081,5.128572875558671,1.3859721244367245,31.783925296747565,46672.304,2.469031760967498,564.0
16.125,2.4933923092404324,3.358414208459797,0.7493691359096231,5.013283339645208,1.3721784508580097,31.49329624363532,46378.46599999999,2.4693077416915847,564.0
16.135416666666664,2.5792853578517114,3.4636547462706693,0.8339733316984881,4.948914826418719,1.3596685793884855,31.304530604080416,46378.46599999999,2.469874765966396,564.0
16.145833333333332,2.670421932405253,3.579165932733979,0.9365657864895686,4.937563393661573,1.3478256920314768,31.02775093394397,46030.36199999999,2.4701112987873373,564.0
16.15625,2.7522307316008763,3.695933487413894,1.0592736234576052,4.979262865279289,1.3359940389253164,30.851446963470096,46044.06700000001,2.470710305485169,564.0
16.166666666666664,2.839163926486402,3.816655560499933,1.200354568478469,5.072621752496214,1.3238745922734776,30.7218188700572,46044.06700000001,2.4712784582546665,564.0
16.177083333333332,2.9166517725529797,3.9393524285154795,1.3608522666551446,5.213449877861821,1.3114748877002407,30.558594430210128,45911.159,2.471717362375812,564.0
16.1875,3.002397626100792,4.065495938559789,1.5336845013861247,5.393489638118627,1.2991038174565328,30.194023726023918,45285.53899999998,2.23926828036693,564.0
16.197916666666664,3.092080559846683,4.1889993084059975,1.7194406710358783,5.608582953829487,1.2868689587704512,29.973176632010663,45285.53899999998,2.2338478477792925,564.0
16.208333333333332,3.1813555231230377,4.3110211641647345,1.903993154145575,5.848648825585851,1.2752113718988456,29.475015056001926,44321.081999999995,2.2260716840366066,564.0
16.21875,3.263001419535988,4.422955618451831,2.0883564780829023,6.113551445708216,1.2638673897576016,29.077871791765816,44027.456999999995,2.2186872432447866,564.0
16.229166666666664,3.345237294674716,4.5289728438268755,2.268794402876301,6.404642163659019,1.2523742564159255,28.8450714397528,44027.456999999995,2.212350811791559,564.0
16.239583333333332,3.432856553363661,4.6373473165569035,2.4462579988042275,6.719265772965138,1.2402603590403682,28.5182980856369,43551.570999999996,2.205281830315776,564.0
16.25,3.5195796048034027,4.742937784787919,2.622684658073101,7.058191368306846,1.2269425127154427,28.220874960568135,43322.414,2.1984555718970524,564.0
16.260416666666664,3.6024578002039904,4.842674840239051,2.794598146777916,7.420437635764377,1.2121996248247702,28.021348387987086,43322.414,2.1924673787872795,564.0
16.270833333333332,3.670069696012814,4.930700723643761,2.970919773593114,7.81884936434705,1.195605399710298,28.52167635347318,45249.23300000001,2.193045652670466,564.0
16.28125,3.73620212910557,5.013907834330147,3.1385570514066092,8.249434649089752,1.17796991708855,29.394215692136772,47099.106,2.1981636241736093,564.0
16.291666666666664,3.8084816636573104,5.098188608226447,3.2870134397167283,8.69299644053158,1.161665382468093,29.78802163258007,47099.106,2.2010244408389514,564.0
16.302083333333332,3.809294929096295,5.139405052469584,3.4317845006660463,9.196883326872795,1.147893071863988,31.654164523810103,51696.198000000004,2.2164636081539117,564.0
16.3125,3.69894912690591,5.125750696895008,3.518312312363392,9.757818874177593,1.1413521534685778,33.734591197283166,54517.724,2.2350057308141227,564.0
16.322916666666664,3.6700185893646653,5.136927677310356,3.57620677263367,10.368821051450958,1.1469458013850091,34.68063892037612,54517.724,2.2473291221944924,564.0
16.333333333333332,3.248960962708097,4.9519818412349155,3.5231514725525748,11.113952319355993,1.1706270155296568,37.081072380848276,58900.77799999999,2.4858881711155285,564.0
16.34375,2.8413431180441275,4.729660936877902,3.3765780623224484,12.018578839922016,1.2180878572652358,39.27339938412555,61179.66,2.487209960227386,564.0
16.354166666666664,2.647021441062441,4.593092636959929,3.227785528918824,13.094769469236722,1.2913570351757708,40.21398544127386,61179.66,2.4865031735763488,564.0
16.364583333333332,2.274269132901291,4.272398191022281,2.921282700578362,14.476990263894919,1.3992440234831096,43.608037932822086,66597.59399999998,2.4929743403125726,564.0
16.375,1.9672684907722795,3.933997124242018,2.4893500535931,16.086890367176682,1.5335982950311173,46.16843492332557,68556.98999999999,2.495686951001466,564.0
16.385416666666664,1.789278649293829,3.680231966814328,2.081008339614449,17.78280722200145,1.6790085361183833,47.84866022627116,68556.98999999999,2.515046523297737,564.0
16.395833333333332,1.6583601178786627,3.464801824733415,1.701228632753897,19.386218459186903,1.8169351303461017,48.73214867176025,66147.46600000001,2.5282149602335298,564.0
16.40625,1.5611646985142293,3.275163025161597,1.3650756230128966,20.81350744122801,1.936915099772403,48.34614675271745,63662.21100000001,2.530834755048843,564.0
16.416666666666664,1.4619009563629684,3.0864601540093717,1.0920002520769394,22.07378985346558,2.035584127332016,48.78222948185454,63662.21100000001,2.538073754292324,564.0
16.427083333333332,1.439629420761505,2.978585964811085,0.8884018839048708,23.067129735106725,2.102947713001652,46.130072634111215,59038.98999999999,2.5221227540333775,564.0
16.4375,1.4094964463516362,2.861309064216048,0.7361624372806337,23.856668286806322,2.1440041817343674,43.781202853689905,57242.687000000005,2.5062537379836263,564.0
16.447916666666664,1.3535163012585822,2.729893188130681,0.6213908894952,24.465784612846946,2.1604174693340643,42.52249060647624,57242.687000000005,2.4980301735808594,564.0
16.458333333333332,1.3732724306892687,2.669110032736313,0.5435457515060221,24.86595540940917,2.154091920029952,39.73779943618073,53984.95300000001,2.4773517549872213,564.0
16.46875,1.3888401723670978,2.6084456101359224,0.487189300200722,25.084083899370242,2.129977401897237,37.30740231153336,52401.272,2.4730036270999394,564.0
16.479166666666664,1.3651267922929655,2.5271483727696333,0.4419024798057407,25.122285494830578,2.091066097096311,36.5196151936236,52401.272,2.47288090114632,564.0
16.489583333333332,1.4071528658823071,2.49610165293957,0.4074044921977351,24.98495183154094,2.0438910572499007,34.882333509984036,49372.728,2.4696023030607086,564.0
16.5,1.4362408685322015,2.4568257109850125,0.38052636296440306,24.69191624332912,1.9908506297914648,33.73389852205865,48188.713,2.4685388472244005,564.0
16.510416666666664,1.4253869137994797,2.39929895227636,0.35748922863897814,24.25562294639529,1.9330816684593999,33.31406040133843,48188.713,2.468769841876367,564.0
16.520833333333332,1.4435509357888414,2.3652338139487203,0.3370196626319238,23.72947357143148,1.8754760014142355,32.08432529133041,45673.077,2.4664559638963652,564.0
16.53125,1.4389936943422459,2.32149361105422,0.32043666574606167,23.13180175147781,1.8175959770587715,31.146169700992697,44681.384,2.465881007036742,564.0
16.541666666666664,1.4160552368567478,2.272483996430525,0.3069097019669305,22.475821184087,1.7590684108951251,30.75973485207421,44681.384,2.466311364382678,564.0
16.552083333333332,1.4005827417177836,2.2341381650878707,0.29497208083438736,21.801966598810246,1.7020374399894995,30.147156689311174,43544.68400000001,2.4656199898850644,564.0
16.5625,1.3830520364682723,2.200914505614962,0.2863916242505764,21.118160396645788,1.6459188988048723,29.737934499417612,43256.106,2.465786058606661,564.0
16.572916666666664,1.365819449230985,2.1744824601904367,0.28032505134255153,20.436602531093353,1.5907695067544128,29.54856764054303,43256.106,2.466172072075045,564.0
16.583333333333332,1.3525200305091083,2.155669758970086,0.276005925711936,19.771897264261717,1.5370431562652178,29.420584170654035,43172.863999999994,2.4664004835235698,564.0
16.59375,1.3458205661486093,2.1472650933030324,0.274760898700252,19.12323044204128,1.4841539629757856,29.589739064094932,43816.12499999999,2.4671871798191303,564.0
16.604166666666664,1.3466690294999362,2.151018757760448,0.27526179328996786,18.506867300483396,1.4331706926703036,29.665747756161988,43816.12499999999,2.4672515840711426,564.0
16.614583333333332,1.3711644713441518,2.167713120371217,0.2807029024711601,17.891106829258696,1.3815558057012511,30.7104485298656,46443.114,2.4695286741838434,564.0
16.625,1.4190224419602628,2.2087273247686867,0.28887652733328917,17.296555390306246,1.3317476313035674,31.683418707404613,47580.473,2.470146798380438,564.0
16.635416666666664,1.4599720325173868,2.255837147667771,0.2982643778974447,16.726701734414046,1.2856040273650358,32.110403862750395,47580.473,2.4696690852607683,564.0
16.645833333333332,1.4692649251993093,2.2889659852600235,0.30940128230412545,16.146110718413635,1.2423088861752751,32.95413573154569,49100.304000000004,2.4707077268664053,564.0
16.65625,1.4608606104745774,2.318912957831833,0.31987439778473076,15.55491226749927,1.2036375122847813,33.41933424880739,49220.581999999995,2.4703947431235673,564.0
16.666666666666664,1.4673451609780235,2.3556122738196743,0.3316972957178663,14.947494672639019,1.1700000410864655,33.640693216857116,49220.581999999995,2.4700481168735697,564.0
16.677083333333332,1.4280347518430698,2.3675736479110974,0.3386751492036495,14.343807413258356,1.1422955491816789,33.2701303089782,48076.02100000001,2.4686559285310596,564.0
16.6875,1.3797059399106464,2.3678082833926757,0.3431115297156054,13.758972202821152,1.120379128736534,32.66635046775292,46966.901,2.46745847251959,564.0
16.697916666666664,1.3547273006991256,2.371664628319511,0.3484869190994813,13.20130992410919,1.103786006933805,32.443266279563446,46966.901,2.4674832297423253,564.0
16.708333333333332,1.299123639265407,2.359454699035554,0.3461979376109829,12.724003114734142,1.0932031922893224,31.27555168984529,44313.96100000001,2.464980396535329,564.0
16.71875,1.2328428050698594,2.329509371352501,0.34198531319433867,12.327607507936232,1.0877049031318218,30.298764538806815,43159.526,2.464233185554768,564.0
16.729166666666664,1.190583363094444,2.3035224774518515,0.3386270144379842,12.021676059232934,1.0869221450180326,29.88525510021887,43159.526,2.464691321748871,564.0
16.739583333333332,1.1447802077163924,2.2747922530266678,0.33169632107453606,11.831736546476861,1.0904851807429932,29.157625959259853,41717.109,2.4638042186575864,564.0
16.75,1.0981192197102738,2.2381698793461755,0.32389201320417127,11.757208819952615,1.0976748977154867,28.540509585628556,41031.41,2.463757093207667,564.0
16.760416666666664,1.0650173585778588,2.2046822050471513,0.31696419501367773,11.791069674231148,1.107620784588523,28.24423700410376,41031.41,2.464340521638179,564.0
16.770833333333332,1.0426578813387435,2.1780557327226324,0.30856259518196566,11.910069816632033,1.1186779445213149,27.586161656652465,39579.806,2.463626241476688,564.0
16.78125,1.0223742258022406,2.1466031103051266,0.3007370726219766,12.087150646656985,1.1298693571889011,27.116421274092033,39238.477,2.464035395283361,564.0
16.791666666666664,1.004571215052963,2.1162359197874943,0.2936528018653757,12.29666512396479,1.1401819285568264,26.88342339787807,39238.477,2.2318869005896578,564.0
16.802083333333332,1.0010030504115497,2.0932789624877177,0.28797191412138823,12.517658319272911,1.148803298016487,26.884257151973554,39606.64699999999,2.2291633346182684,564.0
16.8125,1.002197210337508,2.0763014594184463,0.2837691653978919,12.734271500012305,1.1551379669165258,27.07312918931693,40181.122,2.2291878389364723,564.0
16.822916666666664,1.0031567127866858,2.0658087730551933,0.28045616489843295,12.932730619190346,1.158814572216746,27.16569490485898,40181.122,2.229388351966899,564.0
16.833333333333332,1.0098062410044082,2.057705480315081,0.2797416778019106,13.113825463475877,1.1598964288321023,27.783134801244785,41862.48900000001,2.2355853855051104,564.0
16.84375,1.0292717536544822,2.063996639098658,0.2805182568919634,13.265541789398688,1.1584402145058663,28.437579631414884,42731.421,2.4676147808471587,564.0
16.854166666666664,1.045631510497512,2.075599242404027,0.2817871783668289,13.373642180799132,1.1548582116821695,28.77045483294674,42731.421,2.4670042649698765,564.0
16.864583333333332,1.0781614126670644,2.0940976989864204,0.2857537851712008,13.424807429436191,1.1494240850425521,29.472174644733673,44149.864,2.4676281732136913,564.0
16.875,1.1202981379701527,2.122768333045921,0.29090647845546685,13.399538785022777,1.142595542839833,30.172939477974708,44955.73300000001,2.4676336528701794,564.0
16.885416666666664,1.1508899921141598,2.1500277701420916,0.2957029372762989,13.289176001989887,1.1349663855902534,30.5363341867686,44955.73300000001,2.466966608466643,564.0
16.895833333333332,1.213087105891459,2.1927448512868715,0.30346602401815675,13.093272867342888,1.1267987142407034,31.012684719827043,45644.719000000005,2.46704189476323,564.0
16.90625,1.2879101638194261,2.2466673820204655,0.31220544773587766,12.826653275580544,1.1185207192683275,31.169467302247597,45366.63099999999,2.4662908674062254,564.0
16.916666666666664,1.3340716373139399,2.287239353214607,0.320487509324543,12.50418600865011,1.1103154350152953,31.271945942608266,45366.63099999999,2.4659232976531222,564.0
16.927083333333332,1.4171803884345997,2.3465450998103847,0.32958367505780994,12.152563179893914,1.1026395994279121,30.837996157107707,44084.854,2.4644548887611815,564.0
16.9375,1.4970426708694708,2.4023581231801296,0.3396376913076752,11.781599551848904,1.0955552820423955,30.4309417923638,43508.334999999985,2.4638450219971917,564.0
16.947916666666664,1.5441018363436418,2.4417263313236446,0.34893245223735375,11.396946528476926,1.0891321853307745,30.27746303507587,43508.334999999985,2.463869649835688,564.0
16.958333333333332,1.6325499763451974,2.50098477647832,0.3597033488991585,11.01454198197295,1.0836143144826769,29.84835064842685,42546.757,2.4630304481309673,564.0
16.96875,1.71355592652265,2.5578291645317015,0.3711496251769002,10.637897206831013,1.0789519873647686,29.329754538011855,41731.912,2.4624637488758685,564.0
16.979166666666664,1.761438596693902,2.5995427151806068,0.3827002072760462,10.261560212604573,1.074904558098761,29.087758685276047,41731.912,2.462742696124293,564.0
16.989583333333332,1.8187500803909504,2.6482516975339436,0.39030979023540957,9.911291986375252,1.0714677062467803,27.92832940854061,38864.03699999999,2.460513126631825,564.0
17.0,1.8525308931679525,2.681247662660706,0.3981057196368142,9.573467349228732,1.0681924763019555,26.85526101098724,37484.84299999999,2.460101192173356,564.0
17.010416666666664,1.8691475574818581,2.7022649920563886,0.4064054612494593,9.236370390323529,1.0646500876107343,26.329534140157158,37484.84299999999,2.461123868676442,564.0
17.020833333333332,1.9003336472687242,2.734086366253734,0.41048539684141117,8.927937420797633,1.0608616836402283,25.14182455840471,34570.187999999995,2.2245560355738148,564.0
17.03125,1.9185784621693314,2.7573719828319745,0.4161303487308808,8.637346834867659,1.0565157661158284,24.027610986188584,33098.44500000001,2.205589352713109,564.0
17.041666666666664,1.9278898982193489,2.773889685468524,0.42372698094069555,8.353897219821565,1.0512262021721144,23.407583821810224,33098.44500000001,2.1901878975131424,564.0
17.052083333333332,1.9548810197630089,2.804890153525499,0.4285486788225074,8.101042468859188,1.0453370827605382,22.359599492422024,30465.30900000001,2.167833041064596,564.0
17.0625,1.9775299036640377,2.8340961372115436,0.43790583862046273,7.86379764399244,1.0385548830832994,21.466642223559838,29584.06599999999,2.14605340168414,564.0
17.072916666666664,1.9984015476363695,2.8635476646753992,0.45035375574167524,7.6347901711284,1.0306385223261292,20.893837375560327,29584.06599999999,2.1273146698497074,564.0
17.083333333333332,2.045776640447063,2.9137489177933222,0.46611703931710735,7.421789995255499,1.0219272137823292,20.250200182801002,28431.187999999995,2.106444453246003,564.0
17.09375,2.1000710301055063,2.974523294277286,0.48958694919204976,7.217061831055731,1.0122852549098276,19.685808539564384,28085.468999999997,2.086796830390688,564.0
17.104166666666664,2.154332156086579,3.0411318171444877,0.5195186872001593,7.016592945980224,1.0016981039444874,19.228193051786057,28085.468999999997,2.0693275993347418,564.0
17.114583333333332,2.2248215077945566,3.123051009911503,0.5588596215319497,6.819137463471536,0.9903215933156923,18.813593312430218,28057.929000000004,2.0535370630677723,564.0
17.125,2.3035422601208393,3.215680055567796,0.6102348595911764,6.620394461090207,0.9781627672949865,18.469116169729787,28471.555999999997,2.0438722906227422,564.0
17.135416666666664,2.3855612115152347,3.3154150613617865,0.6711490650468321,6.42248092932624,0.9656320888318206,18.1237803042254,28471.555999999997,2.0452141623121416,564.0
17.145833333333332,2.4804770702823618,3.426552133985832,0.7563076752143401,6.213653637293779,0.9522578143579227,18.120410700788167,30143.40299999999,2.0473243880874206,564.0
17.15625,2.5963761390210616,3.5564632578155275,0.8620387086157768,5.999442427655575,0.938654300110731,18.32818203307059,31121.304000000004,2.0482727081426355,564.0
17.166666666666664,2.7144419246912914,3.6939541624044847,0.9847914420975347,5.78808514505968,0.9255619987639532,18.4994978622112,31121.304000000004,2.0483374171267767,564.0
17.177083333333332,2.8396281193740878,3.8378364045613282,1.1489204392761643,5.5666622918664395,0.9123522950943813,18.962118927142253,33404.763999999996,2.0492261907992018,564.0
17.1875,2.976544085167557,3.9929913290713626,1.3424203913485693,5.341519314202091,0.8995265213191231,19.62315336619623,35339.015,2.0567368041543785,564.0
17.197916666666664,3.112676077285961,4.151185291736942,1.5451411990529638,5.129048670067032,0.8879840321898927,20.156264481992373,35339.015,2.0652571971754914,564.0
17.208333333333332,3.233694751549124,4.298379497271967,1.7904140684912198,4.913364606329665,0.8767521065045595,21.37008025549192,39028.898,2.087213793504002,564.0
17.21875,3.360829710761628,4.449271157203177,2.0328855662131313,4.716248240054035,0.8667759831902929,22.825571586820384,40441.976,2.1094164385409635,564.0
17.229166666666664,3.478005069727591,4.591663036838801,2.2623508150200724,4.552455884219388,0.858552083753871,23.948135181387126,40441.976,2.1261590260084247,564.0
17.239583333333332,3.5559467296601657,4.706757546801306,2.487511297705153,4.424010871489168,0.8519425747482194,25.203168899047892,42274.670000000006,2.145535345223534,564.0
17.25,3.624515672697998,4.8067585356540725,2.6828185881739475,4.343201095675584,0.8472858018745578,26.252004177164373,42966.70199999998,2.1622492915896885,564.0
17.260416666666664,3.691166956111316,4.894963813840746,2.848900708417004,4.311477958932218,0.8444055849731531,26.900617754744378,42966.70199999998,2.174437551277664,564.0
17.270833333333332,3.7101775829352484,4.95149786761754,2.992207397027701,4.321675045530561,0.8427087291976296,27.80379076537559,44547.41500000001,2.1887664911202136,564.0
17.28125,3.718401669472703,4.992930138118273,3.102186029892242,4.3631067742644705,0.8416327075094284,28.636049743522527,45363.193,2.201665118370665,564.0
17.291666666666664,3.742440958267704,5.032562924560616,3.1872406740497947,4.422671861342536,0.8406782531099644,29.1058457290462,45363.193,2.2107112431736247,564.0
17.302083333333332,3.6612189534719235,5.012847205855132,3.2321601622317844,4.495815306921399,0.8395806558243736,30.05911164636398,47269.666,2.223332584555798,564.0
17.3125,3.432121472914636,4.901589612250829,3.18422767028345,4.584473367610891,0.838585284208554,31.261577355763997,49027.263999999996,2.237750154514028,564.0
17.322916666666664,3.2942116347034807,4.808535703445108,3.089240184369392,4.702434390290556,0.8388510204957537,31.87495095876531,49027.263999999996,2.247735457480628,564.0
17.333333333333332,2.7652408496972236,4.515897096094758,2.8668528836282636,4.897076106617334,0.8427369118780037,33.678252515937025,52622.880000000005,2.4778349244245246,564.0
17.34375,2.2579487389397923,4.193409909090875,2.5590634256650295,5.229300283736861,0.8540953119265736,35.34821050029599,54366.888999999996,2.478414749156357,564.0
17.354166666666664,1.9918036915012354,3.974306435005682,2.275616231061014,5.769139328039245,0.8771057660009428,36.11699145301958,54366.888999999996,2.4775308814784758,564.0
17.364583333333332,1.5717947729408592,3.630029734077198,1.9199863785056246,6.618609802498104,0.9165320929099882,37.714786759612196,56854.185,2.479430665060618,564.0
17.375,1.24213644643945,3.291722078347464,1.530967898555853,7.7750275653602925,0.9714941940316363,38.76243065657088,57409.40299999999,2.479517884257935,564.0
17.385416666666664,1.0687318489639455,3.038170617193307,1.2062586657240293,9.158765961383322,1.0368155905470327,39.30608373853335,57409.40299999999,2.479384806555009,564.0
17.395833333333332,0.9381355818392823,2.813904594125226,0.9390276440602932,10.620318493589632,1.103829577472162,39.07259931339019,56232.092000000004,2.4777351349249677,564.0
17.40625,0.8656656317241922,2.6316165782235315,0.7420928502294467,12.046576109873737,1.165561721753043,38.635487157289774,55241.47099999999,2.4762855872530816,564.0
17.416666666666664,0.8100583511997851,2.4666128025382865,0.603586538170774,13.375354251761257,1.2171442600680382,38.63006576622934,55241.47099999999,2.477250722089412,564.0
17.427083333333332,0.8128753267748323,2.375386256395629,0.5145731473052605,14.512537545599923,1.2534978700257462,37.91748148671618,53419.97899999999,2.4752728800559294,564.0
17.4375,0.83057967136573,2.300761990991856,0.45238779070233526,15.463338369134627,1.2748499219652536,37.484090982118516,52801.834,2.4752872966510164,564.0
17.447916666666664,0.8232485314878512,2.211900855939135,0.403019866364774,16.224517471344388,1.2819406190450777,37.580733520592126,52801.834,2.478793825471447,564.0
17.458333333333332,0.8860389454810714,2.1922146738280355,0.37424220793931284,16.78242468945509,1.2765120667793952,37.75461504853722,52336.59,2.482080884149567,564.0
17.46875,0.9607667463152001,2.1859837014032624,0.35439889913183686,17.14029124541463,1.261195788911258,38.29221858717584,52462.054000000004,2.4884987383651525,564.0
17.479166666666664,0.9888877048431011,2.1550246916732925,0.33567776813093275,17.290685392882217,1.238838400918038,39.02916676454637,52462.054000000004,2.4963651644974427,564.0
17.489583333333332,1.0891468995446993,2.176401036859792,0.32710619717583844,17.231773656138905,1.2119639906534314,39.98139778404436,52623.315,2.5062664926774665,564.0
17.5,1.196341826944809,2.2088677277318944,0.32236976486441365,16.974797750018574,1.1828704545973605,40.9054167536734,52558.43400000001,2.5163029417742737,564.0
17.510416666666664,1.2436592597882277,2.212104710987534,0.31644242395429034,16.543905984091662,1.1532254233610026,41.81929098490921,52558.43400000001,2.526766198258495,564.0
17.520833333333332,1.3500832473740068,2.252284225163722,0.311554573711746,16.009980783275346,1.1257843666460796,40.56554964080467,49459.674,2.5195241786492364,564.0
17.53125,1.4273547148566477,2.2697897864466463,0.30482629927493626,15.417943775194319,1.1004312011399027,38.441379434754474,46954.257,2.5026661309725275,564.0
17.541666666666664,1.4426323614528171,2.2492371172304755,0.2973214856325229,14.767897162241594,1.075637255961807,37.16496462942173,46954.257,2.4913624866541864,564.0
17.552083333333332,1.4819032228151583,2.2400932341706126,0.2843041168819123,14.161038960867053,1.0540853621208088,33.177249531108195,41473.27400000001,2.459137796159909,564.0
17.5625,1.4719990449218998,2.194948372906712,0.2711188909323726,13.57371480893225,1.0341013565045094,29.79355273757348,38953.05100000001,2.4561832805899053,564.0
17.572916666666664,1.4346424536973277,2.1315978545402503,0.25933770493217667,12.976701941587113,1.014297630529792,28.479305625838837,38953.05100000001,2.4568989835741073,564.0
17.583333333333332,1.391888906055278,2.069596556436293,0.24487385967630354,12.435101062558772,0.9966208140469555,26.591799821933826,35063.926999999996,2.4540508254278217,564.0
17.59375,1.3285317399962477,1.995195679801069,0.2327815321452912,11.911216701645266,0.9797493565686582,25.25713846538752,33873.974,2.4542746936055324,564.0
17.604166666666664,1.2731856362879175,1.9263346237399905,0.2229400819856545,11.389038159870996,0.9631574926750279,24.609482224334602,33873.974,2.4557706437494415,564.0
17.614583333333332,1.2145529303394398,1.8635498508019483,0.21408328639042346,10.880016139710404,0.9472430603594503,24.087687747745026,33248.01000000001,2.4567034901289895,564.0
17.625,1.160648266125273,1.8110991221108368,0.20759437244023438,10.373392653792738,0.9317413743095223,23.83863654504392,33476.67999999999,2.220983161774675,564.0
17.635416666666664,1.127358019978268,1.7770400999045535,0.2031528716738746,9.876659809471482,0.9169674651701382,23.678891376745653,33476.67999999999,2.2116124033217233,564.0
17.645833333333332,1.0807819930896303,1.746130090918198,0.20117354753182265,9.365801121634567,0.9023518261253161,24.184722227424132,35622.633,2.211361730416351,564.0
17.65625,1.0506503515676142,1.7384025019422091,0.20150498274810583,8.865020647003178,0.8888501147748981,24.891417626945444,36984.676999999996,2.215253542669439,564.0
17.666666666666664,1.0471359689042226,1.7555624046809317,0.20382644871465538,8.407257982503626,0.8776961133416876,25.248641585359092,36984.676999999996,2.2177507619939303,564.0
17.677083333333332,1.0192133505000163,1.768230038588221,0.20838900275257782,7.983811880506216,0.8692570995703756,26.113066915083454,39212.53800000001,2.22753729938139,564.0
17.6875,0.9905473280297596,1.7907456258104038,0.21381175101145716,7.633605901801916,0.8651279439593828,26.79607073015305,39770.462,2.2364949099770306,564.0
17.697916666666664,0.9876696820571808,1.8288051178000742,0.2207439049225391,7.375177849721891,0.8662231461122056,27.14018529788718,39770.462,2.46386470124741,564.0
17.708333333333332,0.9315701816040817,1.838824271507416,0.2261632778542278,7.217438677813698,0.873040329316928,27.354585103396253,39874.301,2.463395368524631,564.0
17.71875,0.8792965055409029,1.843421248444078,0.23088098380034605,7.168029414027755,0.8856675872397072,27.492450727806347,39896.014,2.4629560989023456,564.0
17.729166666666664,0.8588309689839438,1.85926655904834,0.23604500308398874,7.233307041770937,0.9037815489131835,27.583962607963095,39896.014,2.4625831117434984,564.0
17.739583333333332,0.8331714757087186,1.8636236745614165,0.24065853830813536,7.426138608598225,0.9274714179389081,28.055907174145332,41029.03799999999,2.463192483832046,564.0
17.75,0.822186540449576,1.8731270697703222,0.24474564887602135,7.754955000148565,0.9557921372080278,28.515128990096247,41532.325,2.463155181790736,564.0
17.760416666666664,0.8233534385742283,1.8894271594297567,0.24875308040986363,8.218116367016917,0.9874810492164723,28.75492231661309,41532.325,2.4626890344582657,564.0
17.770833333333332,0.8385642425295746,1.9043878072160598,0.25371910763243644,8.840037630715535,1.0230950914584258,29.60782673856069,43416.19500000001,2.463929864356869,564.0
17.78125,0.8780767503867484,1.9349395923807338,0.25940921513990933,9.60910064510662,1.061148571970341,30.514997281907622,44530.27100000001,2.4643748550526507,564.0
17.791666666666664,0.9101793047604358,1.9664861480192057,0.264582831393883,10.484244893842025,1.0997790423881624,30.959465280083226,44530.27100000001,2.463804788809198,564.0
17.802083333333332,0.9714248721970956,2.007485784191428,0.2711823733241065,11.448775899127645,1.139014010440587,31.57551771241787,45460.844000000005,2.464232332380801,564.0
17.8125,1.0263650663083612,2.047321659691612,0.2748292054533551,12.404282014500382,1.1760230369195201,31.206982575382934,43793.948000000004,2.4621884874215496,564.0
17.822916666666664,1.0469755643530316,2.0602967501891634,0.27691717036664293,13.345008797946962,1.2116978962258145,31.062798922628787,43793.948000000004,2.461954604947748,564.0
17.833333333333332,1.0663282959346536,2.0710016349564953,0.2738715687813444,14.166895550287922,1.2427810692749504,29.64138212914478,40256.091,2.458389020688772,564.0
17.84375,1.0594265715805047,2.0523904055651454,0.2682748050029611,14.895867202708382,1.2704124546043911,28.34389903462806,38517.937000000005,2.4569581630009587,564.0
17.854166666666664,1.0381074147595342,2.01537290883222,0.26162174109704983,15.557903423393144,1.2952494148958051,27.789766499867614,38517.937000000005,2.4573508035466043,564.0
17.864583333333332,1.0301042999417298,1.9889242434497465,0.25252979963922983,16.100129041997466,1.3148180125081108,26.408514614230427,35196.375,2.454763638603157,564.0
17.875,1.0055216124501745,1.9459256301241508,0.2435784138910776,16.56346821355727,1.330249589568995,25.23264635502878,33784.63700000002,2.4543763389350595,564.0
17.885416666666664,0.9748680299788239,1.8945954032560306,0.23512477003422633,16.971542620141346,1.3419682069589025,24.65542581764589,33784.63699999999,2.4554229091567676,564.0
17.895833333333332,0.9620362127035178,1.8589856567003828,0.22614744879966633,17.29673373123963,1.3491699874686824,23.50482933548847,30837.34700000001,2.4540558196392896,564.0
17.90625,0.9408797263426522,1.8155746344389216,0.21810006961401107,17.565397717976904,1.3528180200808284,22.432397968125986,29377.464000000007,2.2108538646046796,564.0
17.916666666666664,0.9131454681865828,1.7657660247506604,0.210878259682723,17.794619487193014,1.3532952498096218,21.827564139003893,29377.464000000007,2.194893713498142,564.0
17.927083333333332,0.9007457591134665,1.7302545443479367,0.20378518285937125,17.97160517740365,1.350938151491644,20.941233620440435,27112.955,2.17306199157724,564.0
17.9375,0.884363576442227,1.6915786307551832,0.198017162707264,18.113633236000084,1.3460576444187016,20.258777829021724,26665.455000000016,2.15334552093572,564.0
17.947916666666664,0.8669995123089663,1.6545540335362272,0.19298744921470087,18.224222585165723,1.3387192608229008,19.824013072463075,26665.455,2.1365238283348225,564.0
17.958333333333332,0.8681036564987045,1.6324569021929427,0.18902518967838972,18.302105124910884,1.3293157070438628,19.390527732014952,25984.568,2.1191896128850494,564.0
17.96875,0.8733777788876494,1.617320790674406,0.18614790693470076,18.35047385355331,1.3180232142514485,18.98870996601834,25609.782000000007,2.1026662212137435,564.0
17.979166666666664,0.8732300106438002,1.6040362890921105,0.18401019574651373,18.371285457502346,1.3049158443879976,18.671174567590132,25609.782000000007,2.0882931343151965,564.0
17.989583333333332,0.8938806609180833,1.605660395172021,0.1828306880433335,18.36585725308103,1.2906564947562438,18.285352171513402,24902.119000000006,2.0726102323832225,564.0
18.0,0.9185846305443,1.6132256603653183,0.1826150288641831,18.336533910804683,1.2753367840629395,17.90375601058685,24623.400999999998,2.057683383039961,564.0
18.010416666666664,0.9345583111777056,1.6211798894272345,0.182941476340032,18.284482406522326,1.2590648571311356,17.558041546975016,24623.400999999998,2.0445582853174717,564.0
18.020833333333332,0.9684040024720987,1.6422718909436766,0.18391163343470632,18.214451212687713,1.2428320226292349,17.09524166636168,23584.164000000004,2.0437856804688397,564.0
18.03125,1.0011090035071524,1.6661946128515184,0.18554384157137135,18.128986740883246,1.2267302454222935,16.641629699114613,22829.744999999995,2.0454349638166915,564.0
18.041666666666664,1.022723460770256,1.687279384300699,0.18768147060923565,18.02729483902636,1.2104316153365156,16.346852571355484,22829.744999999995,2.04762546145792,564.0
18.052083333333332,1.0596241432815419,1.719622474272989,0.18991234524918238,17.919751937057168,1.1953043191625958,15.989694441891336,21130.373999999996,2.048965037900279,564.0
18.0625,1.0945427678891213,1.7521078637315488,0.19274885684441434,17.806472983488028,1.180972924227507,15.645775794365996,20090.944000000003,2.051476346492347,564.0
18.072916666666664,1.1191071948009192,1.7804252256437365,0.19611410396136295,17.68338778017721,1.1667458278998852,15.426146444251236,20090.944000000003,2.055103918874267,564.0
18.083333333333332,1.1624426372619723,1.8209966129544566,0.19935638894308283,17.56484704074741,1.1540278893548643,15.106115903516491,18114.449999999997,2.0579658624257493,564.0
18.09375,1.202737721515558,1.8611415049040547,0.20368825521656211,17.44425848796321,1.141831940805127,14.835738883884014,17510.752999999997,2.0633495556189363,564.0
18.104166666666664,1.2364270535060957,1.9004072154546163,0.20867360159084666,17.318658772406547,1.129715099671877,14.666717379843067,17510.752999999997,2.070073607289546,564.0
18.114583333333332,1.2876766204181458,1.9517631739262362,0.21523546672939445,17.18678500546251,1.117437863946121,14.608812593040014,17814.742999999988,1.82503654466344,564.0
18.125,1.35119916498731,2.016671885621976,0.22367376847658474,17.049654680459717,1.1049621998287698,14.636377801739636,18122.50899999999,1.8156578422661644,564.0
18.135416666666664,1.415168338929544,2.090921448010005,0.23382513531268198,16.91092199437251,1.092468252400997,14.693666326931204,18122.509000000005,1.8066626970647794,564.0
18.145833333333332,1.4956733231757977,2.1795323985599646,0.24720438681665424,16.768402542841244,1.0796143704167425,14.805319954823803,18594.886,1.8005657782602211,564.0
18.15625,1.5867321697117283,2.2809708602206835,0.2636135821896756,16.625653453605295,1.0666018416816299,14.930090635254276,18789.299,1.7953812477012832,564.0
18.166666666666664,1.6757950348289863,2.3883784288618775,0.2830305339760884,16.485393573954983,1.0536071063190884,15.037213177307182,18789.299,1.7901617839062427,564.0
18.177083333333332,1.7770727148692704,2.5057066550169322,0.30742827755609525,16.345328757999805,1.040393644250141,15.166412317713528,19238.97,1.7874187342587633,564.0
18.1875,1.8857903448993811,2.6315308853438015,0.33675191497090146,16.208256457013437,1.0272451972947383,15.289255627117871,19425.439,1.785233070473117,564.0
18.197916666666664,1.9915207998346482,2.7598432976884295,0.3713125661360747,16.076034913804094,1.0144014374122752,15.383303623109697,19425.439,1.782690765115873,564.0
18.208333333333332,2.1045206115138404,2.893445788316555,0.41405792860799756,15.946578330301234,1.001733340220283,15.488221652497078,19804.352,1.7819933033720259,564.0
18.21875,2.2205852946122446,3.0307911435155246,0.4654795843656186,15.821181200454339,0.9894364967272824,15.593740329406238,20067.831000000006,1.7820834175935358,564.0
18.229166666666664,2.3334675903863116,3.1678444582475422,0.5258418688087804,15.701800684632033,0.977759378798783,15.67049580787124,20067.831000000006,1.7814967828580095,564.0
18.239583333333332,2.4429828516984595,3.3048662573030274,0.5995235418736924,15.58642457859406,0.9665448170817982,15.759538091187643,20445.547999999995,1.7825064387207972,564.0
18.25,2.5526807645729663,3.442750949001265,0.6857927564207505,15.476934880126013,0.9559975206765788,15.828098639430928,20501.641999999993,1.7829818577040042,564.0
18.260416666666664,2.6611138383294115,3.577921187295221,0.7852756491505347,15.373321991927947,0.9461154086397323,15.871065214766963,20501.641999999993,1.7828721890560415,564.0
18.270833333333332,2.7483782584986773,3.703322848673038,0.9057558581309119,15.26864323579509,0.9362147023815068,16.044989839160777,21891.702000000005,1.7896701833543474,564.0
18.28125,2.82919479229137,3.825716849451585,1.0403564982266673,15.164261078163236,0.9263538389042628,16.32641899816992,23107.152000000002,1.800509105166097,564.0
18.291666666666664,2.925867791324695,3.9520599077097733,1.181361455834754,15.066112976749626,0.9169282476013355,16.53955666620012,23107.152000000002,1.8082212433140812,564.0
18.302083333333332,2.9569882207005986,4.05083338579426,1.3421829898123445,14.966631787398832,0.9068426033714624,16.961092468841873,25490.39,1.8261619855390256,564.0
18.3125,2.9174595885857673,4.123415203535434,1.4912264835089812,14.876953034063726,0.8964486995140432,17.442185199198374,26756.758,1.845077675524931,564.0
18.322916666666664,2.926461402551049,4.2036678687447155,1.6309174747693151,14.811617734818356,0.8862264507040972,17.756754291656296,26756.758,2.086956311858074,564.0
18.333333333333332,2.662667142037435,4.179908691504946,1.745319966312913,14.784381057005225,0.8753496543360969,18.309545047915048,29558.411999999982,2.081194529855392,564.0
18.34375,2.34716394832538,4.113760511733478,1.8116771440973314,14.833079663477001,0.8648575646231459,18.9835623533486,31509.960999999996,2.074008234419826,564.0
18.354166666666664,2.1880153309981725,4.086749225921492,1.8537810606446528,14.993211016008887,0.8566193473956374,19.391815365632404,31509.960999999996,2.06682945669092,564.0
18.364583333333332,1.8124722368804573,3.899950745072695,1.813948940062657,15.366452436005504,0.8518534926136272,20.506938464242108,37079.86,2.0635771882611524,564.0
18.375,1.471480525074759,3.6568268664852805,1.643954108620978,16.034068951198012,0.8554574294223054,21.826634758084705,39909.905999999995,2.0819262744805176,564.0
18.385416666666664,1.2844065965808658,3.4634908402296443,1.4298684605736354,16.99476135369678,0.8704354360242418,22.942699725910167,39909.905999999995,2.1104976498435306,564.0
18.395833333333332,1.0780039831767911,3.2062809074047993,1.180998343302373,18.337431638330624,0.9002954583403259,24.878601170227398,43116.44899999999,2.1504225497401155,564.0
18.40625,0.9655679012912854,2.9879130549934017,0.9391683851635,19.94725137397322,0.9436233819023858,26.635552060503894,43588.234,2.184396931305341,564.0
18.416666666666664,0.890135183785103,2.803939992082705,0.7519940720022207,21.707285293538856,0.9967844498573533,27.828314266820545,43588.234,2.211600645375243,564.0
18.427083333333332,0.8730105486983173,2.66383915421396,0.6177351736401172,23.468758555443408,1.054083448331237,28.33991115034156,42801.774000000005,2.230622975276525,564.0
18.4375,0.8762494400589749,2.5520357777676588,0.5211313517392012,25.092690335188525,1.109498066185442,28.125045834960847,41072.90600000001,2.2402003867773255,564.0
18.447916666666664,0.8492386148387647,2.426508766748035,0.44949328640554564,26.57348403806889,1.1615565871730829,28.111168852519523,41072.90600000001,2.4652918384003435,564.0
18.458333333333332,0.8871522799555194,2.3655066502993263,0.39848413762436263,27.754202748484566,1.2037286134366385,27.039964805165553,37578.93,2.461590766143097,564.0
18.46875,0.914640712441753,2.298639216562465,0.3600632882102957,28.69828226567245,1.2375750196003996,25.947450435629946,35782.925,2.4600556563969236,564.0
18.479166666666664,0.9016704519417391,2.20773368595061,0.32808079421284736,29.456447538814132,1.2644486149073293,25.44642664746769,35782.925,2.233991089893189,564.0
18.489583333333332,0.9451327484050854,2.1641449813915554,0.3021242840214152,29.97812352973948,1.2822737293146005,24.146985238575002,32051.248999999996,2.218233767534539,564.0
18.5,0.970254164180761,2.1076548819159506,0.28148217240920914,30.342730673866587,1.2937131290605766,23.00654185623216,30561.224000000002,2.201989787466368,564.0
18.510416666666664,0.9591871656162575,2.032871529235598,0.26352418945457845,30.586252267894928,1.2998000532810268,22.394248750525197,30561.224000000002,2.190007774380088,564.0
18.520833333333332,0.9828097321549936,1.9824293351068663,0.24823429667352084,30.714062738514095,1.3008000847025623,21.6372972758565,28794.521999999997,2.1739366661463544,564.0
18.53125,0.9988118970726887,1.9324771977457718,0.2359792727503387,30.75287333265478,1.2975858811653977,21.000081279868876,28112.475000000006,2.158771049075868,564.0
18.541666666666664,0.991574845711346,1.8777924926470917,0.22558087923979564,30.71571657321847,1.2905351913101815,20.60376842172678,28112.475000000006,2.1466143565838367,564.0
18.552083333333332,1.0050830215525695,1.8382992339059672,0.21665846358607335,30.61618451070493,1.2804646042657595,20.12670515036838,27056.362999999998,2.1323557210872686,564.0
18.5625,1.0163940188542762,1.8013645733482722,0.21007748053631276,30.45709143838665,1.267216070643943,19.914467437642955,27686.157000000007,2.123369601595729,564.0
18.572916666666664,1.0181598085793295,1.7703844063356082,0.20456286341645355,30.246891827482795,1.2514185475557686,19.772864599613065,27686.157000000007,2.115877849536969,564.0
18.583333333333332,1.0462190550254507,1.753502372231138,0.2019037426374046,29.96861876677572,1.231982374356141,20.12404214045939,29969.400999999998,2.1195145115469938,564.0
18.59375,1.090188571131371,1.7595199399036203,0.2008882443355331,29.63558338737478,1.210228424522134,20.553001698220452,30665.375,2.1253259788343994,564.0
18.604166666666664,1.1206581463742709,1.7729095616099417,0.20112693540118182,29.258632946862107,1.1873180201117988,20.846232593994866,30665.375,2.130199395757372,564.0
18.614583333333332,1.1382563932237202,1.7851889540205133,0.20102911092542533,28.861768710687475,1.1650949906275558,20.71198478980437,29202.727000000014,2.128182488283095,564.0
18.625,1.136105713984177,1.787454944108921,0.2007712145115458,28.445757306312654,1.143813731952384,20.369821450431076,28156.115000000005,2.12253874170915,564.0
18.635416666666664,1.1272346628587315,1.7830428905212732,0.20065673213354096,27.99838601637864,1.1230340230250684,20.12974621039279,28156.11499999999,2.118286741785514,564.0
18.645833333333332,1.097771479677549,1.7702491153070736,0.1993871117039569,27.537609446929945,1.103607670529825,19.79988385390456,27248.373999999996,2.111006967162069,564.0
18.65625,1.05701921476318,1.752119383274053,0.19827482290535056,27.053271705680178,1.0849737054582822,19.558652776203413,27230.115999999995,2.1051536352265865,564.0
18.666666666666664,1.0323241651529906,1.7409490425131036,0.1975811426831696,26.550476596037917,1.0671723972509597,19.391761035129377,27230.11600000001,2.1003850941474114,564.0
18.677083333333332,0.9846514014746874,1.7235484690868415,0.19678681206807902,26.033016528487025,1.0501361779575886,19.307849114361783,27424.865999999995,2.097355522462621,564.0
18.6875,0.9334260779661137,1.7067385738963385,0.19659300287506398,25.498529898822525,1.0336234537704214,19.399254800390768,28241.771999999997,2.0985353969876903,564.0
18.697916666666664,0.9092575739472433,1.7044310051119813,0.1970173071984929,24.973977475470598,1.018324944904339,19.47946649265005,28241.771999999997,2.0995104143888366,564.0
18.708333333333332,0.8517205609040797,1.6878274103727517,0.19790121832695232,24.43917159124813,1.0036297447624416,19.900524788654657,30106.221000000005,2.108801300263048,564.0
18.71875,0.8064257788480244,1.6796408971868606,0.19906483722431872,23.92685933356523,0.9905754257916015,20.46363179543315,31087.122999999992,2.1207305922985746,564.0
18.729166666666664,0.7894012664615889,1.6873954549860213,0.20089140583313375,23.465705308538677,0.9800736308451753,20.899898578262107,31087.122999999992,2.1305857386039264,564.0
18.739583333333332,0.766525515219193,1.6870683312570778,0.20351472454454558,23.035787731092338,0.9720557641795404,21.708366040240463,33229.57699999999,2.148266704964651,564.0
18.75,0.7601644225155512,1.6973586654099613,0.20636016147369218,22.661283591032248,0.9675269031114463,22.599324624147652,34284.85399999999,2.1670086571083225,564.0
18.760416666666664,0.765927587783667,1.7172904029805813,0.20943863304758617,22.352713582178136,0.9668180371989171,23.219080133026278,34284.85399999999,2.1821407401280464,564.0
18.770833333333332,0.7741634427669095,1.7324468815410663,0.2131805865322313,22.09205702388695,0.9698356237884821,24.092529567076838,35963.193,2.2016001859870498,564.0
18.78125,0.7972549778103196,1.7569707787591082,0.21696155387169883,21.883747796158527,0.9761582767898755,24.87598208703683,36569.94400000001,2.2194639533707905,564.0
18.791666666666664,0.8175954470869956,1.7819400487067518,0.22051878881167433,21.72405867181576,0.9848639330668961,25.369009098282167,36569.944,2.2337111393194506,564.0
18.802083333333332,0.8529928294202168,1.8098419619615163,0.22409987729684144,21.606253012130892,0.99504324288484,25.72320110774792,36710.875,2.4597842788747424,564.0
18.8125,0.8868075024160575,1.8363055320574144,0.2261277261807085,21.529430082816326,1.005341251387495,25.491468882342783,35227.44899999999,2.4576168404929133,564.0
18.822916666666664,0.8988446736837952,1.8442123756084488,0.22738177210492785,21.486155260141366,1.0154580430983582,25.377467897291055,35227.44899999999,2.4570598972825826,564.0
18.833333333333332,0.9156956485577084,1.8535431884328102,0.22565403452416477,21.47516705999681,1.023959419363724,24.379323357149683,31970.284,2.45411810628825,564.0
18.84375,0.9119354789549979,1.8391529557132058,0.22269908562311932,21.4891890629446,1.031078812563818,23.445825533354313,30685.040999999997,2.4534851748098387,564.0
18.854166666666664,0.8969491630672098,1.8100015250659962,0.21882479132337634,21.52593669964187,1.036748740599067,22.963553534497102,30685.040999999997,2.228321798112465,564.0
18.864583333333332,0.8994044951656969,1.78876834113468,0.2141261147996696,21.579930658185425,1.0404126639052966,22.34684596598765,29235.721999999994,2.217367706153048,564.0
18.875,0.8987731061867719,1.7633018924496382,0.20958420812541156,21.647543367180276,1.0420467919324903,21.825621250847632,28648.485,2.2068900869580004,564.0
18.885416666666664,0.8898820762902192,1.7335311051833786,0.20516828338909904,21.724853775598238,1.0415287340654908,21.524881762155594,28648.485,2.198749267425693,564.0
18.895833333333332,0.8989809206522146,1.715126710315023,0.20097261973492522,21.801873245103458,1.038921041300805,21.073595655978078,27481.774999999994,2.187493493024248,564.0
18.90625,0.9075318174605037,1.6968408705620344,0.19739112855835694,21.872958728837162,1.0343892645786916,20.6533721475999,26964.388000000006,2.1764837222144235,564.0
18.916666666666664,0.9057985648730916,1.6751885160882323,0.19412059249443187,21.931968218792704,1.0280423770475788,20.385889502586444,26964.388000000006,2.167549648330718,564.0
18.927083333333332,0.9198111645838487,1.664322682200785,0.19119818414432815,21.970467601409144,1.020452688567279,19.983552006677645,25880.246,2.155550966580292,564.0
18.9375,0.9299453837575873,1.6538307891770345,0.18852654617951736,21.985637852010186,1.0120785810956545,19.455438869011747,24696.304999999993,2.1406449712954347,564.0
18.947916666666664,0.926816705610881,1.6365104108775133,0.18619617760022514,21.976535927133053,1.0028441700393274,19.083368746912424,24696.304999999993,2.128251296532325,564.0
18.958333333333332,0.9305990636781084,1.6264869260913566,0.18335925781723011,21.946153198392576,0.9939293743451423,18.414459690235798,22385.967999999993,2.1073573082601547,564.0
18.96875,0.9247450909988001,1.609624593565507,0.1807953460287308,21.898032326811684,0.985124509201867,17.735754875029887,21284.875,2.084633075402653,564.0
18.979166666666664,0.9118861998724456,1.5866869393414036,0.17834424596760204,21.832490147867247,0.9761092019592129,17.230293066974824,21284.875,2.064808137410725,564.0
18.989583333333332,0.9134500714520057,1.573859685883868,0.17550026970234803,21.761279974448712,0.9679701690107644,16.530583090424976,18937.447000000015,2.0406520546682363,564.0
19.0,0.9095613770069726,1.5569641915890204,0.1730880657028954,21.684813815813676,0.9602141990884273,15.85258024034961,17868.073999999993,2.0425305011517305,564.0
19.010416666666664,0.8992009163192637,1.5354614636235067,0.17087387217274783,21.601284504409087,0.952384533480662,15.358405682623703,17868.073999999993,2.046248362944124,564.0
19.020833333333332,0.9029148059273056,1.5241211590967945,0.1686985806649342,21.52040865166676,0.945143162156391,14.902220693959267,16341.013000000006,2.0492988810503405,564.0
19.03125,0.9076071750269952,1.5151228606252025,0.16723909589348052,21.43941494276306,0.9380274814506965,14.570024357162021,15834.001000000018,2.0539623746191173,564.0
19.041666666666664,0.908894355666325,1.5073912476656768,0.16621160508915162,21.35711487340861,0.9307827949470981,14.371486254714831,15834.001000000004,2.059575372207191,564.0
19.052083333333332,0.9254516033473893,1.5121534555986706,0.1657383251600643,21.279440063416978,0.9238131564444652,14.19620935119551,14907.084000000003,2.0652194146047655,564.0
19.0625,0.9454347765878763,1.5239411111286727,0.16606901067352725,21.205721435220337,0.9169860541977933,14.05029973524163,14256.616000000009,1.8227248386571777,564.0
19.072916666666664,0.9607620081723395,1.5378559286095559,0.16707703100801313,21.133123929353886,0.9099796098853259,13.971876258156984,14256.616000000009,1.8061730600304642,564.0
19.083333333333332,0.987558698502231,1.5631231134232821,0.16852091243411654,21.06826183470182,0.9034200793897101,13.85566164383928,13002.269,1.7842131849884382,564.0
19.09375,1.0148482635689442,1.5927172751403047,0.17087767875735863,21.00716177777395,0.8969335311145885,13.760737668549377,12541.411999999997,1.7619996985535153,564.0
19.104166666666664,1.0395116450018393,1.6245217653977715,0.17387765348733017,20.94766703483085,0.8902893762842881,13.714370353023176,12541.411999999997,1.741446909315047,564.0
19.114583333333332,1.0751277948179343,1.6661539393412932,0.17762863275422852,20.891660672129778,0.8837049308303027,13.684176126707818,12151.910999999993,1.7197304219482852,564.0
19.125,1.1164279493935227,1.7155575052254515,0.1824280734271622,20.837743567438743,0.877036233026023,13.682982193367087,12059.312000000005,1.6987306212860926,564.0
19.135416666666664,1.1582216584973895,1.7704311284219956,0.18814199199906045,20.785515709618185,0.8702465616483839,13.708792392778163,12059.31199999999,1.6787646764428734,564.0
19.145833333333332,1.210806274874592,1.8356072375989492,0.19512396022865877,20.73531949029706,0.8634005346859681,13.749568233913399,11978.051999999996,1.6723457416594936,564.0
19.15625,1.2699115733914266,1.9095438920866066,0.20355212384899235,20.68678147215423,0.856474527147895,13.804133911199413,11979.273000000016,1.678364907623579,564.0
19.166666666666664,1.33036040802566,1.9892796482453297,0.21335906392481502,20.639883683315517,0.8494965338821328,13.868035636358307,11979.273000000001,1.6831278417631734,564.0
19.177083333333332,1.4003831953991095,2.078405074574663,0.22505061143173447,20.594693508409595,0.842513834138899,13.93586587473633,11952.896000000008,1.6864281037615825,564.0
19.1875,1.477520795839871,2.175905025897277,0.2387102647536891,20.551833347809755,0.8356702541425723,13.99215616172896,11740.406999999988,1.6896608310376573,564.0
19.197916666666664,1.5552290770877226,2.27712603917817,0.25463913231221286,20.510450233024404,0.8288784994099596,14.047006158889692,11740.407000000003,1.6951195963563408,564.0
19.208333333333332,1.6421800226869703,2.3863614981832413,0.27282374221744526,20.472301111886907,0.8224813219372102,14.070680930580647,11203.381999999998,1.697763847457861,564.0
19.21875,1.732190799265228,2.499139845968429,0.2943579587702497,20.435876631900136,0.8162787790311398,14.088925567751929,11063.270000000004,1.7031045976321513,564.0
19.229166666666664,1.8223526350759216,2.6130089766823885,0.31922348349981433,20.400652348474047,0.8102232245450041,14.111670554171234,11063.270000000004,1.709768096691227,564.0
19.239583333333332,1.9192859887229619,2.731035004065446,0.3490670519814499,20.365372057082485,0.8041366939077713,14.161590254783667,11465.289000000004,1.718935423686802,564.0
19.25,2.024313669179688,2.8553679263910308,0.3844236244895819,20.33047410726276,0.7981345007041567,14.231104790056595,11747.302999999985,1.7229775113936099,564.0
19.260416666666664,2.1321700333010805,2.9835327381107857,0.42575834282186176,20.29680528555133,0.7924018996833108,14.29972004146466,11747.302999999985,1.723050203685221,564.0
19.270833333333332,2.2350032684641663,3.112025661013592,0.4767308012477932,20.262576185985886,0.7866771765054241,14.39636300425261,12397.063999999984,1.7327927630415303,564.0
19.28125,2.3344143026268513,3.242230365729668,0.5367925095612013,20.228712886461228,0.7811636666278382,14.5030275006399,12761.91399999999,1.7336484770449423,564.0
19.291666666666664,2.439118800501633,3.374188475663535,0.6064949604922513,20.196234756843246,0.7760625090205194,14.594159190751451,12761.914000000004,1.7290378296269033,564.0
19.302083333333332,2.509681548421501,3.494616587720351,0.6904024812941196,20.162957255180586,0.7710723754400496,14.72025672034813,13693.917000000001,1.7375271113224335,564.0
19.3125,2.5354516365658535,3.599976026112112,0.7847260747564451,20.129016150974746,0.7662713911487855,14.897518010007834,14778.387000000002,1.7387904134712198,564.0
19.322916666666664,2.5875038129772614,3.709811394264968,0.8848658565110172,20.097496033817055,0.762094579618308,15.050100105758832,14778.387000000002,1.7238670860154195,564.0
19.333333333333332,2.467761141989015,3.760291445431518,0.9949215830698546,20.0645985072112,0.7580034583768149,15.356725347245852,17361.032000000007,1.738116633345972,564.0
19.34375,2.294704572820683,3.78180675903402,1.0928151076911787,20.035965175567288,0.7545332635498703,15.798181822657883,19199.097999999998,1.7285148382764348,564.0
19.354166666666664,2.2154583489373496,3.823055723206796,1.179656337151856,20.0200883685185,0.7522280871616949,16.167652720567336,19199.097999999998,1.7042383263435128,564.0
19.364583333333332,1.9548500136745952,3.744660586070483,1.2499784273805763,20.031049417881135,0.7511697801498848,17.119329808286743,25676.621000000014,1.734952946908828,564.0
19.375,1.7214041843478902,3.626571644225549,1.2368434712773702,20.11340507089211,0.7532947184746165,18.48007182767474,29101.353000000003,1.7842495452079508,564.0
19.385416666666664,1.600415172747675,3.5380678457007875,1.1762162870960025,20.301537860225338,0.7596879998958349,19.32996485136142,29101.353000000003,1.8287498034581986,564.0
19.395833333333332,1.4470297762637474,3.390349803847504,1.0824596778820479,20.664074321723003,0.772487375451146,20.173455261231776,32266.755999999994,1.8818420896531673,564.0
19.40625,1.3526031799793994,3.252777432480911,0.955438128795347,21.207693573435844,0.7916758992124089,20.656890916968344,32514.267999999996,2.083774374185732,564.0
19.416666666666664,1.2778889739631945,3.124837137316602,0.8343603634654357,21.922224853818832,0.8166066687909574,20.79988901886938,32514.26800000001,2.0701816114996228,564.0
19.427083333333332,1.2367853925850734,3.0061419228119353,0.7252755831929721,22.771005562463422,0.8456665201835172,20.70368574431338,32230.615000000005,2.061481550231841,564.0
19.4375,1.2123601490399922,2.8973742686794255,0.6318276006872243,23.694779925661383,0.8764503542363222,20.41600959211763,31449.75600000001,2.060117130434761,564.0
19.447916666666664,1.1712169112952784,2.786262608560029,0.5566266499948934,24.669209274920423,0.9077102221221212,20.212828310873775,31449.755999999994,2.071105632900061,564.0
19.458333333333332,1.1898628603535975,2.718134056909165,0.4989195363285807,25.586899507104754,0.9356748020654034,19.86404524459688,29375.032999999996,2.073972966459267,564.0
19.46875,1.2112742721172653,2.65967095319823,0.45623707726466917,26.436211690487323,0.9599020808758711,19.45633064007859,27933.289000000004,2.071722830864014,564.0
19.479166666666664,1.1980885535852888,2.5883084089351076,0.421992101772235,27.23864544189549,0.9808909109502011,19.196691870059343,27933.28900000002,2.0713952903605,564.0
19.489583333333332,1.2436096273568022,2.5595054929957817,0.39228627215369616,27.877658620593383,0.9958815601848005,18.435981036576347,24072.679000000004,2.0535691854194873,564.0
19.5,1.2675824466516359,2.5202504884567998,0.36980804963779296,28.4174626887295,1.0069740268628267,17.596354474928415,22311.202000000005,2.0444280305214093,564.0
19.510416666666664,1.2547288092837536,2.461853384260465,0.3503672271115901,28.900782868592668,1.0152472392681688,16.9641516744937,22311.20199999999,2.046560937635112,564.0
19.520833333333332,1.278425834591407,2.4256756769595356,0.33192772995664227,29.28197522604167,1.020209778622719,16.288098415152614,19965.445999999996,2.0476516534523386,564.0
19.53125,1.2933436987250693,2.386184866739601,0.3176648599309852,29.60185099843649,1.022802361851966,15.773657439483728,19256.879,2.050669815138358,564.0
19.541666666666664,1.2873152396560708,2.3412200835009624,0.30534600317053107,29.873913564656107,1.0232533166969575,15.45404295342897,19256.879,2.054433301794307,564.0
19.552083333333332,1.3092207612672675,2.313247474949229,0.2944181223357786,30.08503482676959,1.0217625597467748,15.155082382535278,18018.578999999998,2.0576436316860627,564.0
19.5625,1.3284512448449544,2.290773725049507,0.28601844742888294,30.247162512792308,1.0186682659290023,14.889461063513863,17132.304999999993,2.0621566372376794,564.0
19.572916666666664,1.3293110150267775,2.2653132893042915,0.27956208252039083,30.37234453397432,1.013988256744103,14.725706989632148,17132.304999999993,2.0681649126863797,564.0
19.583333333333332,1.3421150458812896,2.252233518326297,0.27333633383252687,30.454432951247373,1.0084496216205283,14.496848125907817,15470.179999999993,1.824293838862905,564.0
19.59375,1.3466222216769845,2.238766243200278,0.2691839877080948,30.506611136421053,1.001980438876235,14.30464710997113,14916.467999999993,1.8048088102569166,564.0
19.604166666666664,1.3431359381142012,2.224569495308607,0.26614675952774897,30.53321136679638,0.9944560579673415,14.188803105893232,14916.467999999993,1.7875964368770294,564.0
19.614583333333332,1.352360670175043,2.217379914269441,0.26380518362138833,30.53535648939763,0.9860587238769031,14.12046478629777,14708.279999999999,1.77075654274036,564.0
19.625,1.3680856471379281,2.217010472175852,0.262816550639144,30.51455531158606,0.97672735660339,14.104745568344972,14742.89899999999,1.7555329245718647,564.0
19.635416666666664,1.3814349201828497,2.221889790829053,0.2629154084987441,30.4719140922486,0.9665480748110903,14.124389453483488,14742.899000000005,1.7414199640106451,564.0
19.645833333333332,1.3967062968659711,2.2314666188121426,0.2640468942552646,30.408129635868256,0.9555172660700584,14.175026651311132,14847.86,1.728914606359118,564.0
19.65625,1.4071151131173503,2.2455547807514735,0.2662470503304873,30.324342303272278,0.9437440393041628,14.242924421950818,14910.089999999997,1.7175884109830757,564.0
19.666666666666664,1.4190798907770723,2.2650389099984034,0.26955817326585585,30.222142370852026,0.9313771525912582,14.315184174181026,14910.089999999997,1.7070059845048209,564.0
19.677083333333332,1.4128650245382661,2.2812812679311967,0.2737633888444623,30.098693534576434,0.918097664322017,14.424696842320635,15409.091,1.7001730556836492,564.0
19.6875,1.3948769952033067,2.2951874644855557,0.27908661236217985,29.94754327819234,0.9034054207242848,14.62076810839032,16582.293000000005,1.700706344991722,564.0
19.697916666666664,1.3959177849529965,2.3208231298699697,0.28473354788664984,29.779820270245708,0.8884922742491733,14.79851917388271,16582.293000000005,1.7003578290041652,564.0
19.708333333333332,1.3533832286428022,2.3271889304371545,0.2926316686566639,29.565352247478337,0.8709624805816413,15.20189519018652,19507.84700000001,1.7177726526040753,564.0
19.71875,1.3195683921264008,2.341283259269194,0.29993921203802576,29.32162577706654,0.8526196270168394,15.699416196832932,20893.436,1.739689746797717,564.0
19.729166666666664,1.316376092829753,2.3722321773430286,0.3079511805140552,29.072176186577554,0.8352074436300154,16.09152255883239,20893.436,1.7570756348621392,564.0
19.739583333333332,1.2808753078256518,2.38296603320491,0.3173600312508927,28.800615682139338,0.8175434904383025,16.605762808003064,23229.532999999996,1.7850817986675727,564.0
19.75,1.253809513454151,2.393319032006361,0.32467123902325423,28.53870511147874,0.8016446889263114,17.106271261459522,24294.391000000003,1.8126345255863765,564.0
19.760416666666664,1.2490077793739234,2.4114710528800942,0.3310462624210675,28.315095957126303,0.7889772594491703,17.429013400328284,24294.391000000003,1.8338769875188734,564.0
19.770833333333332,1.2333586219197759,2.4166819905011243,0.33649978006392195,28.137354856394133,0.779701245939893,17.704062956209288,25208.171000000002,1.8556740194503778,564.0
19.78125,1.2297692113607985,2.4219240631561414,0.33943270187899593,28.024230268480103,0.7745823990196521,17.843620540693383,25175.114,2.083529535035954,564.0
19.791666666666664,1.2290435461369462,2.424555295150556,0.34126713803617786,27.979038294969882,0.7735555374409239,17.884304328464275,25175.114,2.0764593870150123,564.0
19.802083333333332,1.2355677282352913,2.424901311156955,0.3414050900791992,27.99946809412317,0.7762856182676589,17.83807853813285,24965.157999999996,2.0711396014192087,564.0
19.8125,1.244443506725558,2.4210689050950127,0.34063120412875575,28.07923226785061,0.7823014267479547,17.78467120641115,25092.823999999993,2.0673514994328492,564.0
19.822916666666664,1.249332797336513,2.4148925896184714,0.33885386405953566,28.20900931495507,0.7909716067167527,17.725135161987705,25092.824000000008,2.0642212847718553,564.0
19.833333333333332,1.2743867417248167,2.4148290925404607,0.33762475854870555,28.37884678863341,0.8016831093590274,17.688270663501783,25269.016999999993,2.061776651758377,564.0
19.84375,1.308129054093535,2.421047295049077,0.33680762371750916,28.57453269381064,0.813611713076176,17.630376390503784,25123.782000000007,2.0595512450306344,564.0
19.854166666666664,1.3279877880526585,2.424071589571552,0.3362081666666049,28.784902764317152,0.8262023556188453,17.573132839985824,25123.782000000007,2.0578818630663025,564.0
19.864583333333332,1.3700210757109472,2.438388368317508,0.3357308294726784,28.990447729713907,0.8384820775723887,17.39675950449574,24161.451,2.056137588908894,564.0
19.875,1.4080874331715536,2.451264262807598,0.3361615943539303,29.186134851655712,0.8503788826571981,17.19228207544905,23688.667,2.0554755759059375,564.0
19.885416666666664,1.4278927786262352,2.4564314862543926,0.336540698162178,29.368690294101864,0.8619275529776429,17.042032970073315,23688.667000000016,2.055409331610975,564.0
19.895833333333332,1.4648999287122948,2.4697028103381373,0.3367901357561493,29.527447435577994,0.8726354487675253,16.853157685779628,22941.519,2.0550642351383233,564.0
19.90625,1.498775602667456,2.4822676870610465,0.33788741591996996,29.66285175915008,0.882626380627361,16.684657850153542,22652.019,2.055426024042433,564.0
19.916666666666664,1.5183196559267544,2.489841513831757,0.33900392255724043,29.77436863106168,0.8919116329781026,16.571992553781165,22652.019,2.0560581898378754,564.0
19.927083333333332,1.5513001046781183,2.5046239221037,0.3405910053750336,29.858986596723575,0.9002049209140627,16.45843548635216,22251.92199999999,2.05645748049027,564.0
19.9375,1.5822502819024817,2.5208855745030077,0.3435164707111043,29.917983140309634,0.907536831015507,16.38908404582491,22293.801999999996,2.0572577406094954,564.0
19.947916666666664,1.6047524977129648,2.5364650434481493,0.346749746373213,29.95055203143027,0.9137326637419216,16.350899172657044,22293.801999999996,2.0579178190566734,564.0
19.958333333333332,1.635548663027172,2.559364596937487,0.35205115550428634,29.95611831652426,0.918684612808981,16.358443678004544,22506.72099999999,2.058570713786627,564.0
19.96875,1.673268888482749,2.5911834626395622,0.35911127449676933,29.93381505323807,0.9221928704461019,16.364091733206852,22420.099000000002,2.0588619738097944,564.0
19.979166666666664,1.705176125175325,2.6240994096278274,0.36755893159114583,29.882961456756146,0.9241996936418053,16.370782559465173,22420.099000000002,2.0592105444465427,564.0
19.989583333333332,1.7578946188378772,2.669876064531605,0.3771395777024557,29.806821172634002,0.9246890226713695,16.260311603752395,21409.843999999997,2.0591517048313834,564.0
20.0,1.8111084190179385,2.7172935303746866,0.38911784149996087,29.705508494113808,0.9238411452234885,16.112126178203972,20898.95300000001,2.060130110276103,564.0
20.010416666666664,1.8518518602065273,2.759242837668224,0.40226333495514244,29.57656650016715,0.9217349383596907,16.00455295567471,20898.95300000001,2.061695575357965,564.0
20.020833333333332,1.9112164532441076,2.812858749132471,0.4149889655844927,29.43195801945902,0.9187284587108614,15.773080609011659,19342.244999999995,2.062635246719056,564.0
20.03125,1.966671148027462,2.866010370293081,0.43025869402302463,29.271734353864524,0.9149933247668823,15.506436399961219,18386.021999999997,2.065384894658706,564.0
20.041666666666664,2.008254130322477,2.9117007451465473,0.4475689774191135,29.089479322829817,0.9104648597455494,15.319252196953672,18386.021999999997,2.0695957634834747,564.0
20.052083333333332,2.06633031354647,2.968888279866477,0.46359673313477573,28.90660655180488,0.905745690116005,15.036680829777906,16588.521999999997,1.8339841488669417,564.0
20.0625,2.119603933945556,3.025140711751651,0.4834676048790227,28.718414519218058,0.9007697638438548,14.759736544758264,15675.559000000008,1.8153307364897215,564.0
20.072916666666664,2.162741943828767,3.075502145782585,0.506241756663269,28.516162712969937,0.895320013810595,14.572424049757045,15675.559000000008,1.7993480016839827,564.0
20.083333333333332,2.221119806423596,3.13733922043089,0.5279332057170595,28.32474187739946,0.8900766126743556,14.326793329284774,13985.277999999991,1.7760117219123788,564.0
20.09375,2.275953245887768,3.198939010401934,0.5552412468493234,28.134233106069438,0.8847772228966833,14.111098567465772,13282.195999999996,1.7517894166699903,564.0
20.104166666666664,2.324584903702893,3.2567542835647885,0.5864400514221996,27.936151568639982,0.8791770806503985,13.97286793876443,13282.195999999996,1.7297386904451104,564.0
20.114583333333332,2.3844240843796207,3.322918571356069,0.6185542292910562,27.746917075225674,0.8737337341073128,13.83232069602211,12294.301999999996,1.7033699441116186,564.0
20.125,2.4439558193066797,3.3904184354050666,0.6568562100926143,27.559116165965587,0.8682325024288047,13.727233267613153,11904.895,1.6765851481850773,564.0
20.135416666666664,2.5004701263214346,3.4562097602576936,0.6997871838900362,27.367676266328502,0.8625129348328453,13.673955288968108,11904.895,1.6715341120822984,564.0
20.145833333333332,2.561665106750656,3.5260962994099287,0.7479085473478435,27.173931797187098,0.8565987187551394,13.660727961059381,11877.584999999995,1.6789593381738603,564.0
20.15625,2.6254396413850727,3.5992623836154842,0.8040304589810026,26.972570716272916,0.85030613636277,13.701165105409217,12228.231,1.6872930186943442,564.0
20.166666666666664,2.693766275989945,3.6762190918602244,0.8647356212796156,26.77029014239577,0.843823853925471,13.764511489305523,12228.231,1.690419561208635,564.0
20.177083333333332,2.7624665173774328,3.7562682707226016,0.9375485164637117,26.557607342220802,0.8368238475676171,13.877574661964111,12863.36099999999,1.6977865185057,564.0
20.1875,2.8426715185936104,3.8452748342081566,1.0158910581840659,26.34938150331727,0.8297802737189062,13.977575763001427,12663.464999999997,1.6987692308615865,564.0
20.197916666666664,2.9218669850807375,3.9343058699364493,1.1032874813851783,26.143237705437954,0.8226189817102626,14.068139958891248,12663.464999999997,1.702240294792132,564.0
20.208333333333332,3.0051236608234597,4.02638058738105,1.1941111127260646,25.950803067192197,0.8157671000490555,14.103041476209059,11982.469999999998,1.7055808111171276,564.0
20.21875,3.0830266709324534,4.114332777803015,1.2924732396617202,25.764877979061314,0.8089999748983527,14.117638632900485,11763.130999999994,1.710883539679429,564.0
20.229166666666664,3.155671594325907,4.19625998012673,1.3934152171618464,25.582260908703944,0.8022214632499686,14.132479827702216,11763.130999999994,1.7181150979104851,564.0
20.239583333333332,3.223976528977038,4.274866730137659,1.496199995445842,25.4014867947799,0.7953933426911014,14.158689593454328,11875.703999999998,1.7255618002532376,564.0
20.25,3.291815044770631,4.351861600840441,1.5997760170140902,25.22273548906107,0.7885368872832577,14.197190686117409,11993.934999999998,1.7311178636057796,564.0
20.260416666666664,3.3597044653615296,4.426577976055689,1.7018123502152611,25.04795358119064,0.7817407790241282,14.238134820611105,11993.934999999998,1.7347791485486213,564.0
20.270833333333332,3.4122158640068405,4.493868958544124,1.8097672819866442,24.86409833378186,0.7744998276645483,14.332640922483465,12932.423999999995,1.7494951925669768,564.0
20.28125,3.4624480938022435,4.559713147666745,1.9166419169297733,24.67418916488454,0.76692267928104,14.474457561911906,13743.035999999993,1.7530172779655324,564.0
20.291666666666664,3.522997706390107,4.628480672434923,2.0172941758497056,24.490247234315227,0.7594853487760046,14.605386243480792,13743.035999999993,1.7411606070178252,564.0
20.302083333333332,3.540855711708218,4.680051156572507,2.128358991153134,24.28783120782211,0.751182920686489,14.84389162505026,15710.032999999996,1.7575545375296935,564.0
20.3125,3.511255157704032,4.716707604617862,2.233627772594581,24.07092147149763,0.7421476997108307,15.216440904573021,17683.699999999997,1.7544386158538572,564.0
20.322916666666664,3.5236465575778637,4.766995677811532,2.325218932068789,23.866840798543972,0.7335397507558554,15.548248965077644,17683.699999999997,1.7243604850430039,564.0
20.333333333333332,3.3023963340257927,4.738147887305864,2.421847633720329,23.630507308144523,0.7235461925027508,16.224335602429562,22273.50899999999,1.7447615800480345,564.0
20.34375,3.041163699413304,4.691101955198376,2.486747190390219,23.398922267148066,0.7140158500694774,17.156621945188384,24835.255000000005,1.7257910520068243,564.0
20.354166666666664,2.9123811340199257,4.684092396784631,2.5383408330933195,23.208101938435792,0.706909200154498,17.84433703806395,24835.255000000005,1.7308282793697443,564.0
20.364583333333332,2.575993600199983,4.541689059001695,2.5422415494674957,23.041051872160295,0.7026848834453734,19.011785134896247,31022.936000000016,1.790694710709075,564.0
20.375,2.261773372689286,4.351766374975176,2.4293327665153104,22.971064399998337,0.7056421438831593,20.30842821483448,34032.378999999986,1.8530261336173972,564.0
20.385416666666664,2.0746830284320876,4.197654409044765,2.258282803380262,23.040547145338564,0.7178845863920434,21.033623906357214,34032.378999999986,2.097239608400059,564.0
20.395833333333332,1.8724712997628692,3.9971347004835573,2.0365392567839162,23.27668305369734,0.7414997708820052,21.61415318911135,36025.23799999998,2.0795419590898407,564.0
20.40625,1.7365126627336342,3.812451288037885,1.7769594587429545,23.66861924786669,0.7750855784943047,21.755041386045914,35619.44400000002,2.066592018661786,564.0
20.416666666666664,1.617660203610051,3.6382758316281456,1.5251072332825402,24.19636337920733,0.8173198861715603,21.679486607211437,35619.444,2.064692435727087,564.0
20.427083333333332,1.572322713355117,3.502733128155473,1.2953979225173873,24.793414791048473,0.8633712255965112,21.28267965550604,33826.932,2.0708290897291026,564.0
20.4375,1.5410230107806322,3.3777639054099837,1.0956235416029598,25.415524739267212,0.9102361854080908,20.805199828155576,32073.840999999986,2.0733349025482597,564.0
20.447916666666664,1.473907454902476,3.239031029930362,0.9294591818455377,26.063392230935523,0.9580355416395203,20.58238693602249,32073.840999999986,2.0780663682608123,564.0
20.458333333333332,1.4959279551827438,3.1631969842773997,0.7976085588038683,26.637125269523903,0.9993774707507672,19.864146578262584,28386.25999999998,2.0666553533215195,564.0
20.46875,1.4997539668567992,3.0804585995511773,0.7004314679515016,27.165585751865393,1.0363443683404927,19.08824355782202,26889.407000000007,2.0519172706651245,564.0
20.479166666666664,1.462788702268782,2.980894023568975,0.622213521357664,27.667626616556436,1.0700260369644308,18.488455815563956,26889.407000000007,2.0461217554245263,564.0
20.489583333333332,1.4826355554684572,2.9155953319312706,0.5594823126362996,28.104640491326393,1.0976620877995125,17.802294335451585,25134.93400000001,2.0464469053333203,564.0
20.5,1.5002315162526931,2.855296962962641,0.5130280292232022,28.494218924457922,1.1203622100983734,17.263565565089547,24474.822,2.047943094145993,564.0
20.510416666666664,1.4881038277906609,2.789723293055061,0.4756828711169939,28.844036949100214,1.13846999795178,16.94000223269547,24474.822,2.04986175746792,564.0
20.520833333333332,1.5221752579125778,2.7541133979933043,0.4447781886837422,29.12768967970089,1.1508325194683084,16.523821624757385,22464.305999999997,2.050770335787963,564.0
20.53125,1.5486112453613465,2.721067363816895,0.421763332718243,29.36251486480691,1.1587405310141863,16.119034585532848,21303.483999999997,2.053086081419305,564.0
20.541666666666664,1.5437061525891203,2.6782640117210046,0.4032646705124689,29.56392209552848,1.1629901357306682,15.860559383739874,21303.483999999997,2.0565742627133106,564.0
20.552083333333332,1.564500861846884,2.6517827016788362,0.38632085539985594,29.721405561014688,1.163779138519071,15.554713467574041,19771.854999999996,2.059382761383257,564.0
20.5625,1.5763298089668858,2.6225800452223584,0.37467774018278155,29.853253768669486,1.1616404001939626,15.394112560611303,20088.748999999996,2.0642089975902462,564.0
20.572916666666664,1.5780987718653146,2.5969679376556734,0.3647409734200514,29.957832142531696,1.1567494319265035,15.319773284826594,20088.74899999998,2.0685390357408786,564.0
20.583333333333332,1.6029336062349193,2.5819853844686604,0.35947852753069065,30.04034965836254,1.1488244653737585,15.436774545109756,21332.790999999997,2.072978133997868,564.0
20.59375,1.6478415829171533,2.588834663621426,0.357141826326904,30.094928886833653,1.138372460975877,15.585277488903834,21445.576,2.0751613533814344,564.0
20.604166666666664,1.681216754913241,2.6035853115363263,0.3581173173410969,30.121984897951126,1.1258453948933815,15.715548443869844,21445.576,2.0768859458771334,564.0
20.614583333333332,1.7308442180104795,2.6340201345627245,0.359348171025929,30.123125954555785,1.1131251437077205,15.590491144898234,19386.637000000017,1.8346058463498904,564.0
20.625,1.7670097899074042,2.6613845288521927,0.3634314940718056,30.10389916628362,1.1002410618934901,15.366705525494105,18301.916999999987,1.8204797465628297,564.0
20.635416666666664,1.7864026884812092,2.680958563483303,0.3692637374710233,30.064847400439316,1.086813302542689,15.200240179046464,18301.917000000016,1.809023153407568,564.0
20.645833333333332,1.8046015578587373,2.703394416812285,0.37356454540850215,30.010649676546002,1.0740585127356108,14.98091883217802,17048.429000000004,1.7927381853584508,564.0
20.65625,1.8101352772314896,2.7226901990279893,0.3800114288374773,29.940867663363832,1.061467803626962,14.810015287391165,16775.535999999993,1.77758157014104,564.0
20.666666666666664,1.818623630743599,2.7443442260558775,0.3878931266077698,29.855576634167324,1.0489871883038915,14.70627702626653,16775.535999999993,1.7641680162504518,564.0
20.677083333333332,1.814715838231047,2.767082524153866,0.3957963701002758,29.759438341328455,1.037099003284779,14.612881653737427,16264.815000000002,1.74925455773906,564.0
20.6875,1.7979964225441487,2.789239378443434,0.4051440219923543,29.65431466018962,1.0257259766990352,14.536873151609786,15937.64,1.734103796092155,564.0
20.697916666666664,1.7928326324170902,2.815034983768913,0.4164809707256966,29.540896398451864,1.0146760499095313,14.499306047909016,15937.64,1.7203874566703308,564.0
20.708333333333332,1.7465794700159902,2.8300389578821235,0.42559086918267885,29.42713523497625,1.0044080142307101,14.440248566071668,15296.350999999995,1.7041068513066897,564.0
20.71875,1.6830181454774096,2.8343672223405165,0.4342576071377087,29.31240361854211,0.9945412829288578,14.40520230937621,15227.149999999994,1.6889807317853502,564.0
20.729166666666664,1.6444153341613659,2.8414007072736833,0.44252671552969997,29.19989267379703,0.9850550539037617,14.396633235254528,15227.149999999994,1.6750611130144737,564.0
20.739583333333332,1.578281369367621,2.8306130589931335,0.4491761983557232,29.086790037991506,0.9753737144128076,14.493441641138913,16271.945999999996,1.6773280476836043,564.0
20.75,1.5196767163131597,2.8161649245952933,0.45223961865054135,28.982667678490714,0.9658496252373895,14.65617714598736,16932.042,1.6832785034848519,564.0
20.760416666666664,1.4888719316159944,2.8100068531210134,0.45357957568313373,28.898571687924193,0.9569490112369643,14.815390627949359,16932.042,1.681743533703502,564.0
20.770833333333332,1.4314309860534637,2.783297764922659,0.4542562179791881,28.83592939447036,0.9479118259360363,15.110922289557351,18722.311,1.688404883985467,564.0
20.78125,1.382809688816322,2.754850179727465,0.45070896126773974,28.811181014905003,0.9393488724659157,15.479580539126426,19812.23999999999,1.6929355673532316,564.0
20.791666666666664,1.3583284941280713,2.737348411263225,0.4454217925658308,28.833644055610037,0.9318688823192198,15.769355933145453,19812.240000000005,1.7008429811502341,564.0
20.802083333333332,1.309277536042724,2.698405398555689,0.44084797281139143,28.915681023955234,0.9247933174987323,16.200155142024425,22170.637000000002,1.7231980304127301,564.0
20.8125,1.2806670683499644,2.66483160007236,0.4339133794586472,29.065482349610146,0.918659826708267,16.715332998028913,23795.553,1.7510180690857087,564.0
20.822916666666664,1.2737927363526607,2.64794613138803,0.42640322459966173,29.267506486206248,0.9139137490589878,17.08424293763416,23795.553,1.773180955490247,564.0
20.833333333333332,1.2758028115998832,2.624099944080848,0.4248478546835894,29.539705795697483,0.9100002092539281,17.715091926906815,27061.804999999993,1.8095633576910055,564.0
20.84375,1.3179998398709338,2.629506271486114,0.4235831067819707,29.838677302185886,0.9073872561645496,18.269771149853277,27804.588000000003,1.8405878255642294,564.0
20.854166666666664,1.3527482076938393,2.642661769382291,0.42421678345902175,30.12790459250657,0.9059873810742584,18.58319011998158,27804.588000000003,1.8640527132259872,564.0
20.864583333333332,1.4075097731408945,2.6714199536426873,0.4253080907038365,30.367089939361968,0.9056187423141828,18.460350260045825,26115.983999999997,2.081769437320546,564.0
20.875,1.4472562947386878,2.692608751208374,0.42738761248774987,30.550050193825022,0.9059972612019677,18.134488250753083,25035.663,2.075975464409665,564.0
20.885416666666664,1.4621742188308946,2.6978810042007293,0.4289951100510006,30.676315309387714,0.9069620288949631,17.863919761945706,25035.663,2.0729803976984504,564.0
20.895833333333332,1.506566793707653,2.7183769692835345,0.4278031961006761,30.736615874826864,0.9082370159100825,17.399523604310794,22877.945000000007,2.0700528397078517,564.0
20.90625,1.5453350214289163,2.7332136527939026,0.4280993484088702,30.74374466782813,0.9096944487404667,16.932280549386522,21823.382000000012,2.070245279558856,564.0
20.916666666666664,1.5616190878160863,2.7351197447839986,0.4282465796385359,30.70315578585103,0.911276979461205,16.608493666690485,21823.381999999998,2.0719904772721853,564.0
20.927083333333332,1.6115332277968784,2.7547610653814854,0.42671802144121446,30.627703614875553,0.9127317855214658,16.19104094003363,19886.744000000006,2.0732059581667714,564.0
20.9375,1.653574983297339,2.770689636447705,0.42789082106813814,30.524071864687205,0.9140630447314634,15.826972149386105,19180.483000000007,1.83641835977904,564.0
20.947916666666664,1.6761517760538174,2.778424558405982,0.4295357370249495,30.394561112535527,0.9152456250188921,15.58433310756715,19180.483000000007,1.8260940322192336,564.0
20.958333333333332,1.7216425387779568,2.8000066577014158,0.43129267034035196,30.25337039998685,0.916155233853602,15.32796015027445,18045.600999999995,1.81170623414069,564.0
20.96875,1.7655153455129957,2.824135319545266,0.435882764191152,30.10253715077552,0.9167920526522977,15.10796257362427,17496.596000000005,1.797083982716322,564.0
20.979166666666664,1.7948815513764278,2.844236692399179,0.44196384630951296,29.9417105019406,0.9171350814580675,14.967329859658376,17496.59599999999,1.7845537739299173,564.0
20.989583333333332,1.8451044850760054,2.8781802755127233,0.44829047084254725,29.78675438680921,0.9171466262064646,14.776185411674764,16218.923999999999,1.7666929932976538,564.0
