t_day,SO3,SO4,SO5,SNH_eff,Ntot_eff,TSS_eff,sludge_h,kla_sum
0.0,1.1499422624663256,1.7098422824338473,0.23897893364621312,2.956359790591627,0.7845180585385434,14.536723133699807,1.2818910895870754,564.0
0.010416666666666666,1.1499324842575955,1.709830649708756,0.23897736320312046,2.9563098198055298,0.7845175759928118,14.536769219232601,1.2818879265334215,564.0
0.020833333333333332,1.1661597727295296,1.7225732139415064,0.2399298101850378,2.9562625406685488,0.7845171094617386,14.47277352810548,1.2809313318526914,564.0
0.03125,1.1855040295802395,1.7440773928997013,0.24237230969741663,2.956210672105101,0.7845163785033942,14.370023075520058,1.2812391884255847,564.0
0.041666666666666664,1.2005986890806808,1.7669894735186698,0.24582749342633636,2.9561174084466555,0.7845140019294716,14.286633563943502,1.2832934018480449,564.0
0.05208333333333333,1.2260571834355298,1.802506624474277,0.25035324300478556,2.9559153154790705,0.7845073995074198,14.145365144811137,1.2832251805960264,564.0
0.0625,1.2528238999028587,1.8447092143361212,0.2567744718422567,2.955475600866456,0.7844921465475464,14.006794745460272,1.2858013020990566,564.0
0.07291666666666666,1.2774816591771807,1.8884232700174475,0.2643839064379816,2.954568860461866,0.7844605630108725,13.906497319944137,1.2904555596504697,564.0
0.08333333333333333,1.3124375746002603,1.9446843999480423,0.2735034271969611,2.953035152638091,0.7844078823485263,13.791159887439303,1.2921254104343063,564.0
0.09375,1.3517519258948671,2.010078833305825,0.2851717808348542,2.950594306091668,0.7843256795498927,13.691666446612238,1.2966712092342951,564.0
0.10416666666666666,1.3908157178105278,2.078719269884271,0.29886003527018823,2.9468078953338317,0.7842009473654268,13.626750584073099,1.3037819143415852,564.0
0.11458333333333333,1.4391707276127752,2.158821818770161,0.3147659441648754,2.9417273251187877,0.7840372835606662,13.553514376623852,1.3071078357493526,564.0
0.125,1.490610457980632,2.24498414110037,0.3338999832379369,2.9350059906257697,0.7838253607500237,13.493777014826858,1.31431093056982,564.0
0.13541666666666666,1.5406638746766803,2.3304355650419746,0.35545281178517496,2.926085617055105,0.7835498303517415,13.460366460940522,1.325006754756492,564.0
0.14583333333333331,1.5976200385862314,2.4224519089677523,0.37943944867489604,2.915450236875491,0.78322732260478,13.423964012336159,1.0151642287067162,564.0
0.15625,1.6573374436304433,2.5176985545079353,0.4071823143692814,2.9027014200875585,0.7828465989916903,13.398642380589079,1.0036758936980739,564.0
0.16666666666666666,1.7156667037657714,2.610414704312126,0.4377912719110638,2.8872390138245896,0.7823903829460982,13.39209020467643,0.9927731492965405,564.0
0.17708333333333331,1.780612091085705,2.708800059668964,0.4718350666249894,2.8698227300504136,0.7818806904604315,13.38674422687981,0.9820113770502112,564.0
0.1875,1.8477891474402532,2.8083854681709792,0.5107319437055131,2.8495575133612987,0.7812899332001991,13.394955667993624,0.970890284108492,564.0
0.19791666666666666,1.9130173747219896,2.9035496729595285,0.552214955402817,2.8262427464158457,0.7806099556350344,13.414020171913133,0.9611957315340025,564.0
0.20833333333333331,1.9770437614484626,2.99243953563406,0.5957639240525632,2.799048616452137,0.7798127489534878,13.4466607488022,0.9528857919912332,564.0
0.21875,2.0390133733235056,3.0735891618610185,0.6388446898710574,2.7680543563058393,0.7788950138795128,13.486268286051379,0.9460436896848679,564.0
0.22916666666666666,2.095571620328701,3.145002442130115,0.6797075074192321,2.733484564647969,0.7778563144814309,13.527332229788314,0.9398004630956922,564.0
0.23958333333333331,2.1455571251764334,3.206080590841997,0.7172948650542594,2.69567013436876,0.7766986279188826,13.565625502256625,0.9332164493882293,564.0
0.25,2.1868546976813605,3.254406322889306,0.7496996919305484,2.6547140371300473,0.7754165599876642,13.600133233636686,0.9266960147275002,564.0
0.26041666666666663,2.2213193287896686,3.292146619298209,0.776861379441188,2.6104557071308916,0.7739956197674026,13.632208658667137,0.9205212049147489,564.0
0.2708333333333333,2.2326064868499222,3.3013632331159384,0.7951281285780322,2.5561748382013003,0.7721995856485634,13.694326722534054,0.9174409151606243,564.0
0.28125,2.2251257883409563,3.2789339880721435,0.7942397002352406,2.4893234328329172,0.7699028822171761,13.79515014220288,0.9237832329217921,564.0
0.29166666666666663,2.224322075908353,3.253853497754382,0.7785948883676699,2.41809788842711,0.7673486460237692,13.88947850078964,0.934286711397931,564.0
0.3020833333333333,2.192469240584887,3.1857463243449176,0.7508202014777595,2.3207404930921802,0.7636714116640262,14.097545842502921,0.9442281514613572,564.0
0.3125,2.1440011825165,3.0834234001065925,0.6920518917294264,2.2046148347416774,0.7589937038571909,14.404809460426998,0.9761755095927428,564.0
0.32291666666666663,2.121904227065755,2.998274994596782,0.6302975581223125,2.0856826165880156,0.7538588683751636,14.68332513416102,1.0044980599331468,564.0
0.3333333333333333,2.0007907967396523,2.852385683113957,0.5629740999886175,1.9366867042816123,0.7468959908736224,15.184107484021272,1.0287830635024722,564.0
0.34375,1.845917814681308,2.6980634443184113,0.49660641634452357,1.7790318606948463,0.7387755424678988,15.838061991212316,1.3752954493093643,564.0
0.35416666666666663,1.7663610259485112,2.6035583009772667,0.45392478425859883,1.6415505767609269,0.730797652284242,16.33605883319533,1.3193372314532312,564.0
0.3645833333333333,1.519290525248754,2.4495580379579107,0.4224456251741267,1.5147634123395715,0.7217379658069162,17.337403651106243,1.3387483953523167,564.0
0.375,1.2734142675203193,2.2841567551507675,0.3871545303032901,1.472524412029907,0.7147979336112946,18.558744102118148,1.361299675012023,564.0
0.38541666666666663,1.1271200644705828,2.162273801235825,0.35757129500674373,1.5716784821043734,0.7128447228034367,19.303971928857013,1.4023345485109757,564.0
0.3958333333333333,0.9753177617937916,2.0230987011764676,0.32928479986573905,1.863249090372843,0.717672778353515,19.856169028069,1.4450656099538346,564.0
0.40625,0.8714127211532064,1.8958293977098355,0.30109230342236615,2.351293916926375,0.7299838894769455,19.981603901448352,1.777988008117371,564.0
0.41666666666666663,0.7871356171169974,1.7787048638034202,0.27704345802658936,3.0347312788506056,0.7496343518696902,19.918609282355686,1.7463264111724026,564.0
0.4270833333333333,0.7379884378420407,1.6776204628033875,0.2551075500717143,3.8401962739517024,0.7741384056950152,19.5345641236693,1.7254918643207457,564.0
0.4375,0.6955668911495989,1.5770064321291637,0.23566333579449059,4.7444001548881465,0.8023381565002248,19.106947594654578,1.7143758698780527,564.0
0.44791666666666663,0.6502709559288526,1.479989522545203,0.2187660500958257,5.728636646273126,0.833245656695621,18.798557430144598,1.7074956476588188,564.0
0.4583333333333333,0.6383936099567316,1.408738179654785,0.2047541067466404,6.70159765273786,0.8635819430650267,18.385853336296208,1.7010054650485065,564.0
0.46875,0.6317465621154176,1.3470361755686195,0.19325523917094906,7.6442522471529575,0.8924021281067772,17.953689680093447,1.697722962330748,564.0
0.47916666666666663,0.6125911809290921,1.2845756390822203,0.1833906303879619,8.567967397110497,0.9197226353182313,17.662066209672002,1.6968018485262395,564.0
0.4895833333333333,0.6171999272909038,1.2415323832447627,0.1748293140415299,9.355251376989626,0.9419513160459405,17.11389681103644,1.6936622175353513,564.0
0.5,0.6147931757800589,1.1955523412049744,0.16751222804873844,10.057064688379814,0.9606368620261393,16.572247344988803,1.6953353861102505,564.0
0.5104166666666666,0.5993847682884103,1.1446352097028831,0.16086008502860397,10.710452977588135,0.9767506098833032,16.21346688666236,1.7005986046298858,564.0
0.5208333333333333,0.5959978853864485,1.102458784926969,0.1547606789380467,11.27478166531586,0.9893435844187867,15.864085625562405,1.7021005822092246,564.0
0.53125,0.591483422376101,1.063000574849849,0.14954659833596018,11.781920561218953,0.999254191502662,15.629729363440408,1.7083474150751807,564.0
0.5416666666666666,0.5813644724209485,1.0267483427262303,0.14499244360781838,12.23123949046691,1.0065073024171685,15.498369081066482,1.7143783858842843,564.0
0.5520833333333333,0.5816650092116703,0.998635103259681,0.14114460175587631,12.61757755589388,1.0110977879902991,15.432135127569408,1.7176218188784662,564.0
0.5625,0.5847616234827282,0.9773204399767718,0.13805794347170383,12.93802672512981,1.0131418961505305,15.390845675787682,1.7200559150721686,564.0
0.5729166666666666,0.5819406693448628,0.9587782211156692,0.13558428356059885,13.19519234977525,1.0128447586543583,15.376670309183876,1.725380625514347,564.0
0.5833333333333333,0.586333039312075,0.9449307837520462,0.13351216011932593,13.38585198538838,1.0104792994725502,15.348341837595372,1.7268035529127541,564.0
0.59375,0.5906218876431435,0.9338698626391394,0.13188748021544475,13.51493098887351,1.0063505160383026,15.325648539148379,1.7305691605701727,564.0
0.6041666666666666,0.5900793958640175,0.9242070533314029,0.13061611529532202,13.58530632958148,1.0007530038718735,15.31917395763018,1.735034337594717,564.0
0.6145833333333333,0.593338389856116,0.9171860886676619,0.1295633000394631,13.599700585022887,0.994084992184827,15.309732159442394,1.7363548997935687,564.0
0.625,0.5966503795098382,0.912789522599265,0.12884009019793094,13.562681773937886,0.9866578971285456,15.304564310417296,1.7390886301509827,564.0
0.6354166666666666,0.597364278018486,0.9102487629671778,0.12841951670158605,13.478526085636272,0.9787688563767996,15.307714617756563,1.7427324092323264,564.0
0.6458333333333333,0.5978194085630589,0.9088925062008943,0.12825633829164812,13.346417551921647,0.970408140080567,15.393920312399326,1.7508495738074978,564.0
0.65625,0.5990742064973945,0.9116737480694747,0.128467648087445,13.16757901453621,0.961860499142391,15.557396055692605,1.7507552736421579,564.0
0.6666666666666666,0.602331941044158,0.9191464642192673,0.1290460275758458,12.951790454419159,0.9536464103780666,15.699722466205502,1.7409895582704167,564.0
0.6770833333333333,0.6007927030954295,0.9268992739649922,0.13001714665333,12.689309273874152,0.9454955174395068,15.931643984584603,1.7473009972064808,564.0
0.6875,0.5943473607002903,0.9370503977612078,0.13123824668699408,12.392382373144335,0.9379044527888106,16.18063735901747,1.739081035237267,564.0
0.6979166666666666,0.5933459820916773,0.951103738647249,0.13276088954893794,12.075671745124428,0.9311975702662423,16.35819790609765,1.727770585316986,564.0
0.7083333333333333,0.5665912992275947,0.9560060574826071,0.13416968084237207,11.733928724440522,0.9252279004200128,16.56543138457492,1.7281118267039843,564.0
0.71875,0.5384504830976317,0.9588107710880337,0.13540494689519103,11.382568770510506,0.920261288586259,16.790483771664395,1.7217489851157566,564.0
0.7291666666666666,0.5247315504781623,0.9656195640244701,0.13663547808755974,11.043587317075497,0.9165245915644693,16.940916244161876,1.7122572313515498,564.0
0.7395833333333333,0.5060643781455421,0.9660436209979693,0.13777318116638018,10.705573309029104,0.9138879678562298,17.267148923857906,1.7168097901759891,564.0
0.75,0.4964597714014837,0.9697738218398825,0.13874450388217438,10.403143340862274,0.9126898688497345,17.665048317841414,1.7078522639487785,564.0
0.7604166666666666,0.4949689923526546,0.9780689736587956,0.13973772692174824,10.164489147446405,0.9130186290624422,17.923332481545874,1.6965395773671543,564.0
0.7708333333333333,0.49287908415217063,0.9826513692636049,0.1409181437129555,9.990528687297031,0.9150491537000635,18.376051616609654,1.700673585198247,564.0
0.78125,0.5009734496422025,0.9947733170897161,0.14228015245846046,9.91404847878515,0.9189417033544044,18.91482745432815,1.715325170248222,564.0
0.7916666666666666,0.5116978293244311,1.0118678771930718,0.14378871195907666,9.94679684387245,0.9245392265863487,19.204141220793165,1.7333919515680996,564.0
0.8020833333333333,0.5273901645425026,1.029570180676089,0.14582172777039168,10.09425266619296,0.9322964176746253,19.64714249578298,1.760249816102176,564.0
0.8125,0.548240988561505,1.053667117709804,0.14795890975799533,10.342676337337352,0.9418727750955993,19.963446476558868,1.7831336805020905,564.0
0.8229166666666666,0.5640169302640137,1.0762263229438163,0.15008501872612756,10.664744331429048,0.9530886621696826,20.094915837562205,1.801414273079441,564.0
0.8333333333333333,0.5797335876255222,1.096904498321641,0.15214037286332988,11.032786212276516,0.9659137819344477,20.148538505916072,1.8172740249949466,564.0
0.84375,0.5955365595062772,1.1165694589210429,0.1539767235656529,11.4111673009093,0.9800049060824924,20.10256323939829,1.8292221232566035,564.0
0.8541666666666666,0.6059197020785118,1.1315656012227358,0.15551604286797027,11.773501167459472,0.9951771559294734,20.03180875399736,1.839170504275018,564.0
0.8645833333333333,0.6226246119645695,1.148160044352042,0.156654560078834,12.08436496476471,1.0104827118657882,19.753617005512215,1.8422911616848214,564.0
0.875,0.6356551574254681,1.1595799609233466,0.1575039219686321,12.33621990803302,1.0257616630004975,19.429095177125397,1.8430484022729365,564.0
0.8854166666666666,0.6413652328357528,1.1643503029179878,0.15799971323290551,12.525477169963102,1.0409306539277168,19.213065530370155,1.8446063238505777,564.0
0.8958333333333333,0.658568561091391,1.1738261983374298,0.15785050545789459,12.63856909538588,1.0543428376485229,18.67940203863783,1.8356156424692225,564.0
0.90625,0.6694334614329904,1.1744978959547052,0.15730829043527322,12.691220161558638,1.0662736753838353,18.0771433044149,1.823444451585604,564.0
0.9166666666666666,0.6688144096170534,1.1648021223669756,0.15639711460798497,12.692171258039863,1.077215516678442,17.691682158400923,1.8147647906489381,564.0
0.9270833333333333,0.6789601017044061,1.1599600920312552,0.15483089411211048,12.651046699000354,1.0859155928291342,17.091255866836768,1.7957565947572631,564.0
0.9375,0.6814032694223717,1.1473149047517717,0.15315507248688753,12.577901703074856,1.0930310375529408,16.525852280338967,1.775316547906519,564.0
0.9479166666666666,0.675330645923279,1.1282391224435913,0.15133312786295192,12.473487721063782,1.0989209490614384,16.168800430549062,1.7585415473655397,564.0
0.9583333333333333,0.6788154565559097,1.1155234262169746,0.14928879905449477,12.355080360584015,1.1030265272014277,15.702775512730097,1.7333471344204245,564.0
0.96875,0.677172665699547,1.0996084674344377,0.14744197978340304,12.22276077333696,1.1057868241447302,15.284513417775699,1.7068123944113391,564.0
0.9791666666666666,0.6701070448166857,1.0809470838972113,0.14568622718188154,12.072171552329294,1.1073537739874146,15.02079885131608,1.6833357422891702,564.0
0.9895833333333333,0.6698618056453347,1.0685081445583844,0.14390718042033251,11.924136800814242,1.1076724514969798,14.665053364373144,1.6697058314389919,564.0
1.0,0.6653418234726458,1.054193712159376,0.1424155759454191,11.77258443403786,1.1069909386688077,14.348275327253099,1.6761064610744345,564.0
1.0104166666666665,0.6578341279093577,1.038470455256903,0.14106247563050198,11.610555163111373,1.1053078343081915,14.149097887924919,1.6866105698430058,564.0
1.0208333333333333,0.6568669341791514,1.028527001106175,0.13995570307332766,11.447135295591611,1.1027344594509172,13.982665316339817,1.6918782032374815,564.0
1.03125,0.658859662599762,1.0223097331293813,0.13933294767955964,11.274741838045994,1.0991638651730429,13.90254875711135,1.7040379823171197,564.0
1.0416666666666665,0.6614939256534561,1.0199461671215349,0.13904614799788437,11.09486662572061,1.0945817163800937,13.882170895911642,1.7150972545184695,564.0
1.0520833333333333,0.67366961386937,1.0260209107411469,0.1394639755899045,10.906334856167051,1.088911348250171,13.919856227098421,1.7248892349712737,564.0
1.0625,0.6904118669500268,1.0395591159975357,0.14048457706490752,10.715376175811079,1.0823278869654707,13.959362483274926,1.7312427231703915,564.0
1.0729166666666665,0.7055061962606166,1.056692738714208,0.14205642092189275,10.519671764529809,1.0747708458281342,14.008281787676058,1.4269358661462272,564.0
1.0833333333333333,0.7258138687301444,1.0813067803751912,0.144254247626701,10.328446125313034,1.0666661879918988,14.009987709422735,1.4164961983575857,564.0
1.09375,0.747693201079632,1.110558698891911,0.14711721008454853,10.138199144296903,1.0579773809629602,13.996127141335382,1.4051050868064106,564.0
1.1041666666666665,0.769076940947278,1.1423756624983445,0.15048924629335467,9.94535147134605,1.0486303603048874,13.995272140114599,1.3942694577527328,564.0
1.1145833333333333,0.7982020110653831,1.1813342881234132,0.154427796078874,9.759785054203498,1.0392307626621191,13.95602121073651,1.3821807408481144,564.0
1.125,0.8299695287889136,1.2240361325054367,0.15901873532565425,9.576483982341037,1.0296702771221602,13.910926339222723,1.3688678457214467,564.0
1.1354166666666665,0.8608869456456127,1.2683169403158399,0.16411630492257415,9.390552211408835,1.019815793529251,13.886912395358182,1.3561884011224075,564.0
1.1458333333333333,0.899558022412248,1.3192536420993393,0.16970677916415894,9.21463506980652,1.01045978266822,13.82099539941552,1.341050292715479,564.0
1.15625,0.9391379403064691,1.3726779508727573,0.17594810817694728,9.043827528323606,1.0014428120855285,13.743372874083079,1.323544669196127,564.0
1.1666666666666665,0.9770619404383948,1.4262495060899956,0.18275110745585185,8.86981543462593,0.9924104857689837,13.694407214837945,1.3067625437177122,564.0
1.1770833333333333,1.021181793738533,1.4857243774548918,0.18994972391283718,8.70806474454115,0.9842167229773247,13.610179498097816,1.286773868529761,564.0
1.1875,1.0649976876095266,1.546824133529036,0.19795304753678117,8.549586203666061,0.9764221192768502,13.534887829797956,1.2661300422025532,564.0
1.1979166666666665,1.1087399784724254,1.608475777186363,0.206592179582221,8.38798223179614,0.9687429299437141,13.491968195113746,1.2707584895824187,564.0
1.2083333333333333,1.1571826707604371,1.6760099749064368,0.21582130352421858,8.23454255889076,0.9617207048039447,13.441275083656183,1.2732938680533723,564.0
1.21875,1.2076845386385802,1.7469825144999238,0.22610214511536078,8.083404298630613,0.9550668662801283,13.404060457750916,1.2777967677589464,564.0
1.2291666666666665,1.2604975096973996,1.8200346073721068,0.23734293618799687,7.929564781531374,0.9485608247737609,13.392762612594286,1.2844760009638188,564.0
1.2395833333333333,1.3175082141934844,1.8987687248624951,0.24944816947572374,7.782732706958833,0.9425945119054508,13.377320651777481,1.2873951173729723,564.0
1.25,1.3766331088004364,1.9803736959368017,0.26290669754934615,7.637828727538563,0.9369276608772211,13.3715568605163,1.2930948943457787,564.0
1.2604166666666665,1.438022047119168,2.0632176333238914,0.2775977180823775,7.490767637420671,0.9313853948594473,13.383107651532912,1.3013620323223491,564.0
1.2708333333333333,1.4971902454858985,2.146358344223915,0.2934338230589402,7.341170854454422,0.92594432071045,13.409270144757702,1.3085832957745618,564.0
1.28125,1.5536319834913555,2.2260922475807496,0.3102020765449313,7.184199244421079,0.9204244932183416,13.456530954682012,1.3164187456601417,564.0
1.2916666666666665,1.6140466632518014,2.3036969182954534,0.3271570595798783,7.025137379113906,0.9150016569022206,13.508563302047856,1.32027426337634,564.0
1.3020833333333333,1.6543737552522084,2.367006467965729,0.344144545292593,6.848129898527766,0.90913308594447,13.595393331371032,1.3328556550133088,564.0
1.3125,1.6671044021246044,2.406722923649577,0.3577901461572884,6.6509059773504315,0.9027522128421558,13.719266750583326,1.3409441456232112,564.0
1.3229166666666665,1.693143799956468,2.4380603351406003,0.36708067810116124,6.451468817933618,0.8964154966283816,13.834280275340051,1.3284198841263002,564.0
1.3333333333333333,1.5924490855202773,2.409600873469085,0.37022550354167594,6.203755493386696,0.8886297025397376,14.05690052698841,1.3546559403991867,564.0
1.34375,1.438430822572376,2.3420084728963455,0.36321853973530843,5.921191673621098,0.8797612673988062,14.380021383649783,1.3461836065851234,564.0
1.3541666666666665,1.3528837255518822,2.2913023646777897,0.353329107778891,5.640928291628316,0.870882912759443,14.67044286705573,1.3126266318464284,564.0
1.3645833333333333,1.0984703470287487,2.150526710344909,0.33911422926518875,5.249337616971389,0.8582017665260738,15.46953379640966,1.3593986286673752,564.0
1.375,0.8698583979254066,1.9857456468734342,0.31450215572545204,4.835569201498702,0.8442853824102432,16.716300219772577,1.348453151909288,564.0
1.3854166666666665,0.7481260473894682,1.8631914158554614,0.29107391426059664,4.5050990281179875,0.8325696591594435,17.684047293246003,1.3762275986068215,564.0
1.3958333333333333,0.615280727315058,1.7072645593198141,0.26733628035189083,4.273928749041051,0.8234864040422064,18.767617843226308,1.4239320418476198,564.0
1.40625,0.5329893293814045,1.5697649905371878,0.24341335778165393,4.242379125771315,0.8204965203989744,19.567983497762736,1.8009790348776042,564.0
1.4166666666666665,0.4765675535433392,1.453502592021814,0.2233028741603354,4.436756389806645,0.8244018300314627,19.896913210530727,1.7505208804714647,564.0
1.4270833333333333,0.44215357052232945,1.3501459641970286,0.2056957786305654,4.85412547267473,0.8347903711274388,19.920283093242954,1.7246880017910782,564.0
1.4375,0.4238144217327842,1.264536869034158,0.19068462830662025,5.453040410050499,0.8499479194041568,19.72012477214634,1.7077190446826722,564.0
1.4479166666666665,0.40488937231467137,1.1864651862531295,0.1781205760811925,6.2020056081231605,0.8682587811075811,19.51076275868574,1.7007591295365112,564.0
1.4583333333333333,0.41065135365158895,1.1387866602950143,0.1682643767514531,6.995531361793426,0.8864234080674697,19.04191758838339,1.7002198864420581,564.0
1.46875,0.418294925954885,1.0968621900483735,0.1603357705885288,7.810752786903962,0.9034484258845756,18.547717561818086,1.7014949378469668,564.0
1.4791666666666665,0.41568332086449244,1.051466413939487,0.1534322567802642,8.640593878455272,0.9187942435110615,18.20557215767623,1.7058320300732497,564.0
1.4895833333333333,0.43185263237079574,1.0235236419223597,0.14777407206992402,9.416423044392783,0.931078395385545,17.82011995724579,1.704779423068131,564.0
1.5,0.4486907380359404,0.9991939153156559,0.14314770834246285,10.140264542292835,0.940499034831592,17.48721582056663,1.7029837148931353,564.0
1.5104166666666665,0.4533977785458816,0.9719353023065961,0.13907835375212654,10.811101676474355,0.9472005852938481,17.270084047111666,1.70291640387322,564.0
1.5208333333333333,0.4735827903905619,0.9557991877523916,0.13561201948532936,11.382738724756775,0.9510661353169646,16.969803882465143,1.6968358826537318,564.0
1.53125,0.49153048993009313,0.9398517915142933,0.13266592068103802,11.869832752083173,0.9526539650288641,16.675201959929,1.6891891974062454,564.0
1.5416666666666665,0.4963210869334699,0.9198736525029396,0.12998820219123244,12.284018957406131,0.9522842772552951,16.47993442415929,1.6836309184465563,564.0
1.5520833333333333,0.511229064840234,0.9053453349138044,0.12748047089573214,12.603230741955558,0.9503111873431096,16.219125957228677,1.6771464909993488,564.0
1.5625,0.522391664106856,0.8901665184897395,0.1252212810796863,12.841395645157982,0.947100981158282,15.94239276877168,1.6786026220052015,564.0
1.5729166666666665,0.522729037559656,0.8719866270915242,0.12314966605128384,13.01261414236125,0.9427459196344607,15.757928689376696,1.6822336229564818,564.0
1.5833333333333333,0.5283080211642048,0.8569727524464762,0.1210506567574009,13.11101875938464,0.9378758098703023,15.474818146142189,1.682209738704949,564.0
1.59375,0.529043459104614,0.840278829566117,0.11914102419431298,13.154298342136046,0.9324939676319876,15.209499274463392,1.6855377030638423,564.0
1.6041666666666665,0.5239774835311682,0.8225832652784214,0.11737655360711474,13.149103329017825,0.9265130121500574,15.034527412307554,1.6915277683552619,564.0
1.6145833333333333,0.5218769600724287,0.8072719308779952,0.11562528813218263,13.102141962674859,0.9204001449874573,14.840465847100393,1.6933216775378919,564.0
1.625,0.5180345269779241,0.7927029382626568,0.11408346206298252,13.019576818667911,0.914044347618188,14.67761182831554,1.6984141430177517,564.0
1.6354166666666665,0.5121670815162085,0.7792589644522795,0.11275008534080114,12.903139046893624,0.9073238692998556,14.578227100655539,1.7063568335531372,564.0
1.6458333333333333,0.5059272690829651,0.767528848721087,0.11147267509542472,12.763877473873416,0.9006417580982398,14.459565571511778,1.709446576523607,564.0
1.65625,0.49663098255437516,0.7562419212663786,0.11037661843246803,12.603364391077946,0.8938567751293233,14.355500960962651,1.7165237965298692,564.0
1.6666666666666665,0.48819053731706835,0.7463040439286093,0.10946879613102628,12.420417986312584,0.8868126576553452,14.29496531570719,1.727220843024666,564.0
1.6770833333333333,0.475215999492959,0.7363381263145917,0.1085750511907837,12.22455538953033,0.8797817319474329,14.231565572881847,1.732822819588765,564.0
1.6875,0.4575260373408559,0.7253217197786688,0.10777765134555037,12.008571516662496,0.8724340273205213,14.217853791287986,1.4297859591370725,564.0
1.6979166666666665,0.4452120004674663,0.716578951021218,0.10709156131584306,11.777273604811574,0.8648896884693899,14.230817910433785,1.4236769106651124,564.0
1.7083333333333333,0.42027593614361974,0.703860725053269,0.10634615797013433,11.52033188963471,0.8567822252533439,14.32255215095114,1.4202402687893756,564.0
1.71875,0.39476482847249633,0.6905659083876398,0.1055655727245649,11.238930683326966,0.848128316503098,14.486004389679962,1.4216023117426722,564.0
1.7291666666666665,0.37968832143001924,0.681428027547774,0.10488592264825168,10.95005446656872,0.8393992692153265,14.641476997518735,1.4245825781580805,564.0
1.7395833333333333,0.3582037553425196,0.6685092679919732,0.10434859514538201,10.597604366187698,0.8288417872751568,15.08416415271452,1.4340633655003312,564.0
1.75,0.34609047020876665,0.6625408469080645,0.10401684280630874,10.22175656188696,0.8175266273806865,15.73327051643515,1.7792031675417008,564.0
1.7604166666666665,0.3433221023589822,0.6647861095289319,0.10405902248614521,9.874132265757874,0.806795509155043,16.27938849135702,1.7370611466820798,564.0
1.7708333333333333,0.34010098242562914,0.6666851604466113,0.10452166592133563,9.534052576159398,0.7957036923523694,16.958108778762217,1.7426237338684571,564.0
1.78125,0.34517900742534874,0.6756691904561051,0.10528129606358688,9.263539457519684,0.7858794521004031,17.61477317044257,1.721097982468189,564.0
1.7916666666666665,0.3522766770600985,0.6882403541462627,0.10628042168441844,9.095420431149838,0.7783371489661964,18.020951633580214,1.7013873899447518,564.0
1.8020833333333333,0.36188477585925594,0.7007304372709875,0.10751780786239414,9.034695597808865,0.773182504896536,18.40253376780724,1.7112616770040727,564.0
1.8125,0.37541283827816563,0.7163776568722776,0.10876779973322617,9.09087826573919,0.7711957328579745,18.592316482101268,1.7308375883997038,564.0
1.8229166666666665,0.3851645329141591,0.7299296504213904,0.10996805562712675,9.250055060639665,0.772347345230858,18.645232217400572,1.750081703802498,564.0
1.8333333333333333,0.39744743538087546,0.7428050037951578,0.11096816561562436,9.486078802279108,0.7762738880381165,18.514166463924518,1.763258832526012,564.0
1.84375,0.40836236090932243,0.7522954970423975,0.11171509401739621,9.775929123615908,0.7824494793835431,18.288735793512117,1.77228172735138,564.0
1.8541666666666665,0.41406074223653827,0.7568928440742971,0.1121809716274517,10.106683374093105,0.7905033834185566,18.104028007144326,1.7808898165430314,564.0
1.8645833333333333,0.42651555746875053,0.7627626642426641,0.11234384452751685,10.440502388778917,0.7993492948444982,17.757133787612,1.7807893498145722,564.0
1.875,0.43636563726573413,0.7644218033843055,0.11227721610756719,10.773377298086798,0.8086794607056129,17.392384739780287,1.7781713717327818,564.0
1.8854166666666665,0.43985024449628785,0.7612223473926488,0.11196485572421346,11.106934919404392,0.8183963512131254,17.139154281671665,1.7771758014429233,564.0
1.8958333333333333,0.4497678522897248,0.7600717676684718,0.11143641057428628,11.41053688195308,0.8274674154234365,16.775844967018998,1.7685706465217903,564.0
1.90625,0.4567023146233879,0.7558246246931799,0.11080716105341938,11.69197448027408,0.8360055743355858,16.42657943771835,1.758520410723637,564.0
1.9166666666666665,0.4577888127176124,0.7481541615610945,0.11005060474708159,11.958130330010839,0.84414543315782,16.192646803463838,1.7508227024782292,564.0
1.9270833333333333,0.4640071786473948,0.7429432138014587,0.10922425965057563,12.19009720722609,0.851257193832568,15.90662697778774,1.7377236719464686,564.0
1.9375,0.4692644319960959,0.7368667976145513,0.10845196833819526,12.39735086911438,0.8576015136449515,15.665166903383572,1.7247630305255996,564.0
1.9479166666666665,0.4703245012135399,0.7294727917263765,0.10767061865591672,12.582759312038135,0.8632528622979774,15.511383248569686,1.7138791818045747,564.0
1.9583333333333333,0.4788972590821302,0.7258795372337983,0.107017274806093,12.738544713984302,0.8679756572445083,15.358910543399803,1.7008522319920443,564.0
1.96875,0.48776267105842014,0.7234356787128631,0.10651849366998398,12.867261769704292,0.8718624707985426,15.233042242088194,1.6878606754278718,564.0
1.9791666666666665,0.49215540678933056,0.7205516706587342,0.10610201405121224,12.970068068618042,0.874973215619761,15.159616215071814,1.6765334070756615,564.0
1.9895833333333333,0.5003520945651647,0.7205725865619341,0.10581397708046038,13.042468937356352,0.8772039785529526,15.039936479378788,1.6761521902576257,564.0
2.0,0.506956963710392,0.7208190131850932,0.10566547221568694,13.088524816124355,0.8787114561847318,14.92424191213842,1.6791354477366855,564.0
2.0104166666666665,0.5102043187111301,0.7204841185333277,0.10557750630153134,13.10982130129,0.8795825560211586,14.85262841052169,1.6836421700592434,564.0
2.020833333333333,0.5162378649157126,0.7225246799183048,0.10553811599862228,13.107527621988725,0.8798546182588088,14.699249848276747,1.684445107207088,564.0
2.03125,0.5202240774274526,0.7239344770400608,0.10557409965295018,13.086314983586457,0.8796771549977782,14.517650207788417,1.6882562065201243,564.0
2.0416666666666665,0.5214195786689636,0.7239749115446026,0.10564447348189374,13.046920884464203,0.8791065297332434,14.39248211913032,1.6955238923309612,564.0
2.052083333333333,0.5248197097475159,0.7259792055385574,0.10568843064633159,12.996780282445092,0.8782863060666375,14.196385974786375,1.6982073705510499,564.0
2.0625,0.5265897625550411,0.7273383253982358,0.10582703366822466,12.936647613413108,0.877254365719909,14.011212042373279,1.7063489322003789,564.0
2.0729166666666665,0.5271894845565431,0.7280967173016542,0.10601075948019831,12.864365909925228,0.8759809016896984,13.88978791493037,1.7198195280694677,564.0
2.083333333333333,0.5304677302792241,0.7315810970387175,0.1062398304313294,12.789508911630596,0.8746387755981618,13.739824754864433,1.728188938964739,564.0
2.09375,0.5334582681785698,0.7358109292089025,0.10664522490358631,12.709358740978006,0.8731818183444066,13.616598194702544,1.4117055945173407,564.0
2.1041666666666665,0.5363898890812194,0.7406710060070244,0.10717627756025978,12.620820499482445,0.8715511491125083,13.545459406365078,1.3943101052757085,564.0
2.114583333333333,0.5424840999684346,0.7489088128470107,0.10789595045423377,12.529252583668685,0.8698421626423034,13.488094416230622,1.377019885115204,564.0
2.125,0.5502142309507077,0.7597498612241319,0.10888339039781852,12.432285962742016,0.8680078192406826,13.459573491231053,1.3587850340676484,564.0
2.1354166666666665,0.558796909936129,0.7727561527477549,0.11010283803886728,12.328521250167338,0.8660173132323524,13.46145565918883,1.34152947507081,564.0
2.145833333333333,0.5705152450809505,0.7898145612147036,0.11162474919927547,12.222484938286684,0.8639547689894921,13.46890043539174,1.3244377929985525,564.0
2.15625,0.5838008892145966,0.8099945928884753,0.11347906600955261,12.112964729681716,0.8617959841204724,13.486320215037077,1.3061671549000937,564.0
2.1666666666666665,0.5980209860660384,0.8325670127288064,0.11563073781171179,11.998090987404279,0.8595032552249967,13.518640796483497,1.2884118600662544,564.0
2.177083333333333,0.6147249071581368,0.8591543430797762,0.11812207677806852,11.882624250411222,0.8571729134057545,13.547903197884661,1.270841162570161,564.0
2.1875,0.6328457848859367,0.8889252545205334,0.12098134449450496,11.765499345429454,0.8547871124031334,13.578995204764775,1.2689527442960615,564.0
2.1979166666666665,0.6524830695657824,0.9212917636804233,0.12418702669261245,11.644543653342888,0.8523054781893401,13.618608847723552,1.2740298039208087,564.0
2.208333333333333,0.6740153051802424,0.9577948613595606,0.12776479950582253,11.52559439129517,0.8498535184931114,13.650098759638817,1.2762132080483781,564.0
2.21875,0.6973231802929247,0.9977295864613173,0.13180118661590276,11.405229895856108,0.8473677673494796,13.684792314766868,1.2805070253128705,564.0
2.2291666666666665,0.7236490080146134,1.0410828082981938,0.13627170825561882,11.282412796756367,0.844834602065034,13.725325092421935,1.2851439369423938,564.0
2.239583333333333,0.7537621607347135,1.0895482546526098,0.14136866175957222,11.153520936023508,0.8421894575136949,13.779399779220517,1.2905522401296152,564.0
2.25,0.7894501825146676,1.1442946038300155,0.14713813313345464,11.019530393824475,0.8394660996866752,13.842078342386433,1.2938879806123393,564.0
2.2604166666666665,0.8301798310917132,1.2049412854399644,0.15358642886812543,10.883803377632034,0.8367486938070638,13.902708106425548,1.2944984879449428,564.0
2.270833333333333,0.8729981642514029,1.2709627842027464,0.16124515028460282,10.726091584285557,0.8336630229030976,14.008045040592915,1.3089582958776278,564.0
2.28125,0.9213693663497546,1.3453265766667448,0.1700090328931692,10.5482650852899,0.8303055385325872,14.156091950818483,1.3113791455845139,564.0
2.2916666666666665,0.9798971189413744,1.4293231156641135,0.1796906364930821,10.368846761870543,0.8270828507347701,14.29083035747134,1.2971693943906422,564.0
2.302083333333333,1.0274542523282775,1.5150369522707425,0.19151808795061456,10.14854423871653,0.8234020690737589,14.530595674510597,1.3144139251600944,564.0
2.3125,1.0587768882150235,1.6027172232928368,0.204203058487734,9.907071963347397,0.8197791956791259,14.829068090160558,1.3055501272504446,564.0
2.3229166666666665,1.1072281612793313,1.6970370837255595,0.21769743075950376,9.66546970454596,0.8166439984927328,15.076609655992959,1.2870861868535375,564.0
2.333333333333333,1.0528215815454152,1.758675307115178,0.2318092196885,9.386469648546903,0.8136977031059407,15.43792227471274,1.30053514751915,564.0
2.34375,0.9696003317354387,1.8010348211396947,0.24429734470998987,9.089231655053286,0.8114375168860123,15.871717929594306,1.3286603994321802,564.0
2.3541666666666665,0.9386138676409286,1.85062834531384,0.2556921719099121,8.806773897515745,0.8102701702051492,16.19417965539108,1.357070983975143,564.0
2.364583333333333,0.8021183367510613,1.8268745944807783,0.26337156006742496,8.486662156660552,0.8105508049692601,16.94291183457604,1.395565722153464,564.0
2.375,0.677503767751491,1.7663920667798512,0.26156880044444164,8.210975602263854,0.8135392259450541,17.997869711838845,1.4567045626283777,564.0
2.3854166666666665,0.6115308626151571,1.7136242552870364,0.2552589374786197,8.054916459438216,0.8198953121354543,18.72877552823939,1.7578689366019185,564.0
2.395833333333333,0.5310555429148933,1.616836487706477,0.24397479000584188,8.0627819775614,0.8315151136398828,19.411688183272222,1.739134826385163,564.0
2.40625,0.4851413350841759,1.5226932412668466,0.22922358101805565,8.296329007412478,0.8487251882432786,19.87347387101434,1.720574217646584,564.0
2.4166666666666665,0.4551734275514039,1.43980379227201,0.21515520823565587,8.764607479597698,0.8712103513763643,20.028026811621224,1.7409762966039248,564.0
2.427083333333333,0.4427960552592051,1.3641941808715379,0.20193049286706566,9.45594252136157,0.8983990563674901,20.033089704123096,1.7680312191791394,564.0
2.4375,0.4402514915303553,1.3005019513354017,0.18995833503578075,10.301754850913596,0.9278258136865428,19.82681661357393,1.7881671890852318,564.0
2.4479166666666665,0.4309089972314772,1.2367085750642204,0.17947849951337128,11.267427654741374,0.9584340953418158,19.620834243421054,1.806459430838353,564.0
2.458333333333333,0.43917640273723724,1.1942659617008167,0.17064418767733003,12.224701363027595,0.9863586425960229,19.139436762041772,1.8122082229668406,564.0
2.46875,0.4453223408269824,1.15155058715091,0.1630592072170686,13.156910944729356,1.0114039192418787,18.625021252005393,1.814245391728626,564.0
2.4791666666666665,0.440933020923251,1.1034470052353689,0.15618619610580078,14.064497966852601,1.0336540795892464,18.274503794476058,1.8180013071609966,564.0
2.489583333333333,0.453875675026307,1.0717166737055743,0.15021249104181797,14.85737667373489,1.051145609702122,17.796538926987196,1.8130562658233962,564.0
2.5,0.4645460065981721,1.0397702143906404,0.1450635648975684,15.559641215385833,1.0648242876015865,17.354973972951292,1.8069391978628446,564.0
2.5104166666666665,0.463913967759508,1.0037649498111985,0.14037612624316537,16.187825481034658,1.0752275990807314,17.067138221829527,1.8034528137331742,564.0
2.520833333333333,0.4766558057515188,0.9786768663353724,0.1361274090187203,16.69028758400691,1.0818659935431185,16.655992663190826,1.7917411222737862,564.0
2.53125,0.48455865984715096,0.951736853027393,0.13234991862787193,17.100566646447724,1.0856818301624263,16.2576034999268,1.7785526810025027,564.0
2.5416666666666665,0.4818041961259659,0.9210003576953302,0.1288503330341295,17.44223576764737,1.0871343874859087,15.995385901875839,1.7684956647363257,564.0
2.552083333333333,0.4860106241258461,0.8956545335727749,0.12550451591334247,17.697618371409593,1.0864557166988038,15.684318320608035,1.7528384037477842,564.0
2.5625,0.48596024835835905,0.8694442059780821,0.12254418987095844,17.89395681282154,1.083924610473251,15.475004149913012,1.7400056290741066,564.0
2.5729166666666665,0.481553559243503,0.8447768476066653,0.1198668429216088,18.033568518157075,1.079628363105891,15.3550146444854,1.7292016596908568,564.0
2.583333333333333,0.4822121684375951,0.8246090281804759,0.11755772648730894,18.119699045424582,1.0735348088964118,15.337106043507383,1.721853727428099,564.0
2.59375,0.4854772796974187,0.8102584843300392,0.11571238746143821,18.152382659605106,1.0657825450369043,15.365427448754945,1.715885462725598,564.0
2.6041666666666665,0.48584388940797624,0.7992023635869538,0.11429565644788808,18.135025470494575,1.0565228529653263,15.409833350342703,1.7108195161041237,564.0
2.614583333333333,0.49126016960430247,0.7916550865198321,0.11312815611464822,18.074427437752774,1.0462263861382033,15.40178622996869,1.703597785118088,564.0
2.625,0.49602604303081943,0.7853061350502012,0.11221858190152323,17.97707139839043,1.0350069984343138,15.37203737672553,1.696141477200197,564.0
2.6354166666666665,0.4970669402341641,0.7792479043615902,0.11150619320161738,17.847250934187898,1.022931537939035,15.355455618830936,1.6898432849958478,564.0
2.645833333333333,0.49822473810525403,0.7738471520030319,0.1109776533304324,17.68133429820478,1.009561389263937,15.4506131744972,1.6898632307350934,564.0
2.65625,0.5005287784855477,0.7725266971164019,0.110773090754529,17.479972247077516,0.9950011947023817,15.658576329968733,1.6957126733581387,564.0
2.6666666666666665,0.5045841243120572,0.7763200874715528,0.11089126135323919,17.257664195247106,0.9802521721078187,15.838239556431526,1.7004631118921356,564.0
2.677083333333333,0.5061549631482986,0.7818517544429674,0.11147836572096084,16.999011278699857,0.964314590767015,16.176610008383367,1.7151649867048477,564.0
2.6875,0.5062128977572806,0.7919458926872345,0.11234694322753516,16.726774571751292,0.9486202607282743,16.485270542108342,1.7289850394502113,564.0
2.6979166666666665,0.5088076413341823,0.8053638701070666,0.1135443165114966,16.45338923115519,0.9337556851113904,16.691488380276862,1.7404062941037677,564.0
2.708333333333333,0.4934950275609885,0.8127569530866013,0.11467564738678047,16.18315421160246,0.9197885864498736,16.852409042142927,1.752194615112476,564.0
2.71875,0.4761447178144456,0.817822174231228,0.11566757804114118,15.929998272613702,0.9072291229399264,16.94365479841928,1.7620737072062815,564.0
2.7291666666666665,0.46701750673074255,0.8237973224674815,0.11662724673979022,15.703678032930517,0.8962921258561777,16.983118154161502,1.770476701698019,564.0
2.739583333333333,0.45491428922198895,0.8251888795448021,0.11715305051942657,15.51851780774174,0.8873651083690478,16.912183925239532,1.7743753560594502,564.0
2.75,0.4429321651799831,0.821705482124897,0.11727798391475992,15.378838758001754,0.8803490802644014,16.79146706801511,1.7762459566129125,564.0
2.7604166666666665,0.4345512148771371,0.8162143917020657,0.11713788729913453,15.288971103326785,0.8751370054878772,16.694223670326892,1.7784377122971566,564.0
2.770833333333333,0.4239067605017777,0.8065669258767346,0.11671445837713187,15.25546311132807,0.871614907992085,16.745443582207983,1.7858355113363795,564.0
2.78125,0.4177640272213657,0.7987184893708914,0.1162446976777039,15.292196209793449,0.8699237905893605,16.944172942834168,1.7977269137146257,564.0
2.7916666666666665,0.4165290427326904,0.7956269443727034,0.11584751049105181,15.4051665524187,0.8700699427044577,17.104149837627805,1.8072451196713126,564.0
2.802083333333333,0.4173094547384307,0.7935744578650743,0.11574540264829293,15.609261166273104,0.8719252186542678,17.429870304390082,1.8241111520957904,564.0
2.8125,0.4227094996148303,0.7969846867969055,0.11575804811696465,15.891754294683665,0.875113854667448,17.65079095334513,1.8365542291656822,564.0
2.8229166666666665,0.4262265280904208,0.8004106577834144,0.11589979723265674,16.2429026674535,0.8792411773158338,17.76762130143051,1.8468563329566463,564.0
2.833333333333333,0.42788441033928054,0.8022259667861056,0.11591898009305619,16.640738041083686,0.8838652194462747,17.740114854264693,1.8530274348109366,564.0
2.84375,0.42719820816397225,0.8009344534341659,0.1157895068585931,17.073854133323188,0.8887637704256866,17.658805253721308,2.0820584331080023,564.0
2.8541666666666665,0.4256907425208193,0.7976570816709575,0.11551222982623024,17.531339197757905,0.8937859229987719,17.58588227314895,2.0794303370133114,564.0
2.864583333333333,0.42582583355092646,0.7946501089941896,0.11513729245853935,17.994300924227332,0.8987334611818889,17.48960760035608,2.0771284403490466,564.0
2.875,0.426395207637928,0.7914989382202885,0.11473514259401946,18.453729001329574,0.9035323159953823,17.39248324655874,2.0755255615896404,564.0
2.8854166666666665,0.42589396855930833,0.7875558583438278,0.11429658985423749,18.903977970869008,0.908141867292972,17.32306600225916,2.0743418399062175,564.0
2.895833333333333,0.43092791214996634,0.7864196722409247,0.11380112622932156,19.31550379338404,0.9122813091499851,17.107567177116497,2.0729584100360334,564.0
2.90625,0.43504247209913754,0.7831454975374565,0.11323030881513389,19.692751865280552,0.9160188439545789,16.825264865123405,2.073341876272949,564.0
2.9166666666666665,0.4344873893936174,0.7759103971277829,0.11254070994559,20.050119676759724,0.9195098629621609,16.625881063766965,2.07504863407882,564.0
2.927083333333333,0.43934105067415913,0.7710255844659243,0.11172145217122344,20.363691682453215,0.9225291554556533,16.324934509032754,2.0762772616674035,564.0
2.9375,0.44174054497778836,0.7637344352891613,0.11093245282501701,20.655625435705357,0.9252906144019429,16.099131044661018,1.8373350676998845,564.0
2.9479166666666665,0.44156216125309844,0.7555581055912418,0.11009550282255198,20.927542607384616,0.9277918635119002,15.959823529965755,1.8311607373029557,564.0
2.958333333333333,0.44721153118319423,0.7516322578882455,0.10949464858635236,21.179486533129857,0.9300004378310379,15.894513083810278,1.8264231447408792,564.0
2.96875,0.4552872262765952,0.7513089275967882,0.10915839771243191,21.410522086296194,0.9318633278646886,15.879486037207814,1.8227842185047496,564.0
2.9791666666666665,0.46068508701143035,0.7520949139766779,0.10899082211825147,21.61879331453206,0.9333173976679462,15.887824797371634,1.8197201913862244,564.0
2.989583333333333,0.4742766107212151,0.7580938646452989,0.10920415337959213,21.803947756858285,0.9343144712403529,15.921999299577463,1.8178366788005684,564.0
3.0,0.4910026086111534,0.7676767369631038,0.10972256840563475,21.963344229402725,0.9348017523337058,15.969857610627411,1.816719977874534,564.0
3.0104166666666665,0.5034756451929835,0.7776967577372901,0.11039356280541313,22.09350939453859,0.9347486245527448,16.01182920273515,1.815690190379983,564.0
3.020833333333333,0.5232655574765143,0.7919692433322402,0.11128319023953041,22.188315752459626,0.9341889055615552,15.948501408234216,1.8104479900175807,564.0
3.03125,0.5416303516885477,0.8060810845687646,0.11227038531922429,22.249084874463033,0.9331981749934064,15.804686407319013,1.8023813147960113,564.0
3.0416666666666665,0.5533856849520651,0.8174385160353242,0.11328201599251343,22.277706734549295,0.9317872608474268,15.694541345158813,1.7960082493594502,564.0
3.052083333333333,0.5696741076603694,0.83108266797538,0.11424014554967146,22.273595091864063,0.9301415137082202,15.464136559931202,1.7823911978296547,564.0
3.0625,0.582930862336942,0.8429356139831478,0.11522832468906136,22.241118701047697,0.9282872186956638,15.207540364637405,1.766590810101969,564.0
3.0729166666666665,0.5913547928523881,0.8522706787345806,0.11621051797921182,22.179559634230255,0.9261586500429219,15.027556163910434,1.753169046322545,564.0
3.083333333333333,0.6036737647106714,0.8645011596908178,0.11711860921498532,22.098887849543313,0.9240192527393881,14.759693207138808,1.7314893475757784,564.0
3.09375,0.61358709802365,0.8758831021667575,0.11818092582147759,21.998896405009436,0.9217672324359865,14.516218197649849,1.7088202642334784,564.0
3.1041666666666665,0.6212303963235412,0.8864958750588495,0.11932253585386281,21.876312984596098,0.9193020789287694,14.353618112053447,1.6883505615362207,564.0
3.114583333333333,0.6331504795803917,0.9014274853608579,0.12066541656315846,21.737499145929217,0.9167238206251968,14.214058580597158,1.6709034532268467,564.0
3.125,0.6468350668494194,0.9198274677443066,0.12235825176577331,21.580381957232902,0.9139608044299208,14.120186304471689,1.6757459492913318,564.0
3.1354166666666665,0.6610407666613357,0.9410162978353097,0.12435791441744094,21.403679529805064,0.9109669462904905,14.07426194274939,1.6821480369741582,564.0
3.145833333333333,0.6812021514700662,0.9685186884595157,0.12684019477665676,21.21160828234212,0.9077909224308888,14.048528707787098,1.6859365702684446,564.0
3.15625,0.7058999327323274,1.0016149958682559,0.12987650004129225,21.002864269336623,0.904392110129514,14.04716259062702,1.690625755506641,564.0
3.1666666666666665,0.7318158321355109,1.0388665964279373,0.13340590395315494,20.777657498716653,0.900762798219172,14.064855699236071,1.6965037747136749,564.0
3.177083333333333,0.7657638512510322,1.0837047004457971,0.1376425950218552,20.538784425635086,0.8969452631382409,14.089722741214992,1.7008513607440334,564.0
3.1875,0.8034396150331383,1.1347763905129393,0.1425546063328968,20.291034399652986,0.8930222418932954,14.10525243399077,1.7045736248084002,564.0
3.1979166666666665,0.8419201182206517,1.189893032927655,0.14816648806540536,20.031025851487108,0.8889569066456599,14.126965133253023,1.7112176443016274,564.0
3.208333333333333,0.8835084900560272,1.2510990863072797,0.1544511101190986,19.77250501301216,0.884986660577257,14.114217134064448,1.7148357800514802,564.0
3.21875,0.9261825951217135,1.315847368069163,0.16152760660677284,19.51155002853099,0.8810756374700702,14.090878488292397,1.7215962261392663,564.0
3.2291666666666665,0.9713197445249661,1.3832327072994275,0.16936286421726543,19.24315247162756,0.8771819094083619,14.07983567923379,1.7311576120896937,564.0
3.239583333333333,1.0179265753637985,1.454898992192338,0.17776885823127092,18.985937611304774,0.8735997018990018,14.034508845289704,1.4320985571400497,564.0
3.25,1.0645298706663446,1.5276304131308607,0.1869644060264357,18.73284840331588,0.8702419974896832,13.984504062397777,1.4197525979153212,564.0
3.2604166666666665,1.1146833144396764,1.6010266213110398,0.19690321156718013,18.476121648158248,0.8670277658963403,13.955032903680006,1.408202866884373,564.0
3.270833333333333,1.1630837042311175,1.6757491053615035,0.2079387974156899,18.200431168088063,0.8638135404189378,13.984457470274906,1.39996045310087,564.0
3.28125,1.2161585340319552,1.7551902723771446,0.22030249786920278,17.896518660438968,0.8605781437284589,14.09521802754852,1.3987964953168552,564.0
3.2916666666666665,1.2831150964829596,1.843473263510914,0.23354529125550455,17.591123335972288,0.8576705853029434,14.214410468939787,1.4006768506459724,564.0
3.302083333333333,1.3363011614314102,1.931695723122845,0.2498835380214892,17.22830872046488,0.8546800144084374,14.483685970686134,1.405844188951874,564.0
3.3125,1.3672705956984181,2.0206797389346716,0.2674843939962502,16.832221618581276,0.852001295665825,14.861316969842253,1.4248284808779306,564.0
3.3229166666666665,1.4228124610149004,2.1192092030131473,0.28615736069179726,16.442344587763877,0.8499744228011336,15.19695699098229,1.4415857768921856,564.0
3.333333333333333,1.336393085730822,2.1725538024676716,0.3064216990235231,15.991662576361303,0.8484293911771343,15.726461244880715,1.7849659490554475,564.0
3.34375,1.216920478991779,2.204996267197734,0.32355696227095615,15.52993574408237,0.8478808866006398,16.361314189923082,1.7552140584384917,564.0
3.3541666666666665,1.1678482497928084,2.24877844011751,0.33899032931357365,15.109524716685897,0.8486431897413486,16.8348951236573,1.7210828861694145,564.0
3.364583333333333,0.9870653780706241,2.2045754315577035,0.34615887937123846,14.69407878417935,0.8515129320629408,17.51657909171099,1.7268224621902863,564.0
3.375,0.8106207831901225,2.1089191708219195,0.33708818701243787,14.37264924342107,0.8574792677305977,18.277875435342033,1.7254752018331203,564.0
3.3854166666666665,0.7090885821330268,2.0173994831543896,0.32102009142598964,14.214226617617761,0.8670326420696634,18.722879129779745,1.7485814821738914,564.0
3.395833333333333,0.5920834402571749,1.8755905663769628,0.2973925478614854,14.263137091254537,0.8817772610613615,19.185254788757675,1.7860494024290041,564.0
3.40625,0.5201095726214364,1.7336721441748937,0.2701179781182788,14.573225239598065,0.9013719356596887,19.51610167364803,1.8194373156532562,564.0
3.4166666666666665,0.4735201587090634,1.6084328228384266,0.2456277298622626,15.149905658927242,0.9247258999488692,19.649986932909616,1.846042813059201,564.0
3.427083333333333,0.45297153189687916,1.4983288313035505,0.22419787387227377,15.979902311955783,0.9505305815351686,19.684455557766643,2.0939289110011328,564.0
3.4375,0.44685588508967766,1.4081937722593365,0.20611915360019856,16.987527014381484,0.9759802106083612,19.514760737340136,2.082715066294803,564.0
3.4479166666666665,0.43381790711694,1.3218574616490093,0.19113124323909045,18.141533573091397,0.9998892313988158,19.344405036106874,2.0756975263294155,564.0
3.458333333333333,0.44367247996510767,1.2658059279917118,0.17927926485041557,19.29497862521698,1.01921695548911,18.902723615445325,2.0697890506969228,564.0
3.46875,0.45295576399281323,1.2144054205567365,0.1696314692472203,20.419378115191385,1.0339625296471793,18.385295102478874,2.0670423729074767,564.0
3.4791666666666665,0.448710629960648,1.1569279748879844,0.16121874566481167,21.53051528469994,1.0445068647327964,18.03233039442011,2.0662144459019722,564.0
3.489583333333333,0.4630573944221918,1.1208964319280321,0.15390206804919082,22.450193534675073,1.0499853208658796,17.35317701482341,2.064246660408209,564.0
3.5,0.4675927010747703,1.0768338496239274,0.14743561244509065,23.253334594178526,1.0520743103818957,16.684738839045036,2.066425278607021,564.0
3.5104166666666665,0.4588601648343256,1.0242894335909343,0.14135941949760097,23.997522069573407,1.0513910274776541,16.243046677443445,2.070832386719105,564.0
3.520833333333333,0.459949035628586,0.9808847170166961,0.13569782714534465,24.622925003072673,1.0484364213010473,15.810367008232891,1.8384200536699409,564.0
3.53125,0.45853972779319707,0.9382519655642978,0.13071984270862733,25.17951270578955,1.0434531183551528,15.521310488804216,1.8258417009724683,564.0
3.5416666666666665,0.4520878425019848,0.8984128158033898,0.1262690116673578,25.667780122029384,1.0365897946903257,15.35499451921489,1.8156733651399626,564.0
3.552083333333333,0.45544061110871803,0.8674328938832773,0.12243221158967525,26.07627944017542,1.028220128822065,15.23590270043089,1.8051823678750103,564.0
3.5625,0.46047113885829294,0.8426906497212486,0.11919344214975762,26.398763840349982,1.018922792275551,15.086253438946146,1.791650309481965,564.0
3.5729166666666665,0.45778353755286494,0.8180392373591049,0.11643923806253044,26.657526044154963,1.0084396067052248,14.994587249441421,1.780621876931997,564.0
3.583333333333333,0.4596294231556327,0.7980971541641663,0.11385721188717657,26.83310935055866,0.9982939453874937,14.768517790161667,1.7603491531683844,564.0
3.59375,0.4558659852657601,0.7759507799545144,0.11154238808309902,26.955111578280878,0.987842205479219,14.562463334951893,1.7403714583445244,564.0
3.6041666666666665,0.448327352403418,0.7533252708914256,0.10937502763393592,27.03126508668558,0.976801708127047,14.429381087187252,1.72289440163902,564.0
3.614583333333333,0.4434278352292808,0.7326055600154217,0.10736027925009291,27.062258774681737,0.9648244852674622,14.403606168958222,1.7102765685567891,564.0
3.625,0.4417303166322424,0.7165009085236075,0.10564079169834811,27.043952332543988,0.9519929812069862,14.461116615782224,1.7014250970666953,564.0
3.6354166666666665,0.440007863809979,0.7047110198154254,0.10425997570503344,26.97581423532422,0.9387424165090814,14.541444893134097,1.6932652914335262,564.0
3.645833333333333,0.4394263556154562,0.6956710366293304,0.10318861535448642,26.855303651765926,0.9247446880639952,14.665415364602687,1.6888336671171884,564.0
3.65625,0.43813042038010247,0.6897934146010597,0.10240324814395432,26.68564229733338,0.910451822628657,14.783127310338864,1.6849385071643084,564.0
3.6666666666666665,0.43654090749075325,0.6861976506673034,0.10189674379137632,26.47002311268433,0.8960007465598833,14.882765155962213,1.6814425621472993,564.0
3.677083333333333,0.43031154081103673,0.6824920655827508,0.10152647902054161,26.20799460778764,0.8813036076171897,14.982222373540964,1.679764672706436,564.0
3.6875,0.4208134976904547,0.6791975890008476,0.10130956392502773,25.896463100294586,0.8662481711608111,15.106745780946232,1.6813562551376875,564.0
3.6979166666666665,0.41526564686294487,0.6784757188074413,0.10124689356685455,25.547250053127385,0.85142200969684,15.209393651858406,1.682602116074091,564.0
3.708333333333333,0.3993519715403901,0.6748126514613952,0.10124320103422456,25.137644080390412,0.8359879852163363,15.397150352448609,1.691236496255012,564.0
3.71875,0.38435672525893916,0.6723859342652537,0.10130036680099899,24.679285025725676,0.8206044867894259,15.624022792854614,1.7029480609607137,564.0
3.7291666666666665,0.37685331473393663,0.6734861992040558,0.10149267694423657,24.196311796785277,0.8061100640458198,15.800555568086322,1.7127816917703993,564.0
3.739583333333333,0.3672470930775759,0.6727597397971673,0.10182652907147478,23.642570076052156,0.7912972376307247,16.138820599045413,1.7343356496662345,564.0
3.75,0.3641100345360368,0.6761397521714644,0.10227608343859981,23.057724448053847,0.77749286433086,16.52628453827002,1.7580154296935826,564.0
3.7604166666666665,0.36554105470165016,0.6833808369310015,0.10288784157899122,22.486879237369397,0.7657370756461953,16.803712470815086,1.7771789612473892,564.0
3.770833333333333,0.3659908373706789,0.6894710686020199,0.10363926233533084,21.914055794948986,0.7557090599395958,17.136380007619515,1.80152629004345,564.0
3.78125,0.36880757514711676,0.6975775301977973,0.1044245291472271,21.386872149677973,0.7483130550858214,17.412883873411197,1.8233337430472982,564.0
3.7916666666666665,0.3725349664722966,0.7066324434656704,0.10524948378275664,20.9328403454094,0.7438512848222161,17.56979366263161,1.8408075719298036,564.0
3.802083333333333,0.3746585082310569,0.7137824135642794,0.10605021644999046,20.553301231257382,0.7422841167410698,17.71751081239138,1.8587334664019726,564.0
3.8125,0.3789306842646444,0.7216091236584856,0.10678935102259386,20.26619453373585,0.7436255126082205,17.80144706304825,2.0817198516106017,564.0
3.8229166666666665,0.3827525419944271,0.7288013774103356,0.10746982669806199,20.072334071186432,0.7476118000211355,17.82380475216848,2.0755582224663294,564.0
3.833333333333333,0.3896210173072951,0.7362263243094646,0.1080886720435032,19.966348021626196,0.7538619051748913,17.797043700110077,2.0707978619713954,564.0
3.84375,0.39761950169633953,0.7433510073011662,0.10862662246099687,19.93854195671441,0.7618844865277544,17.720321876686253,2.0670532804092705,564.0
3.8541666666666665,0.40266260059993947,0.7482858984390907,0.10905605907552698,19.976559610329033,0.7712969413572436,17.64371320544594,2.0643077906126255,564.0
3.864583333333333,0.4137173003962569,0.7546849798675056,0.10934279563337725,20.063506744189244,0.7812220275165327,17.44519699538306,2.0616891882278443,564.0
3.875,0.4234533538395806,0.7583206950520032,0.10948995069351876,20.185527083183864,0.7914198656221854,17.217032216012168,2.060460751570697,564.0
3.8854166666666665,0.4279945000142012,0.758181943809115,0.10945801606874944,20.33415636438913,0.8017923646066254,17.049934509446572,2.0600069585473415,564.0
3.895833333333333,0.4385668555653593,0.7597028050628998,0.10923836422708069,20.48941126236711,0.8114173442632802,16.766018479684526,2.059038967184921,564.0
3.90625,0.4464997725301035,0.7580033390168123,0.10888366130618916,20.647045787828112,0.8203978586959435,16.463391146725744,2.059551881692156,564.0
3.9166666666666665,0.4485169650837287,0.752382476160598,0.10837502251523849,20.80778841537187,0.8289496176536864,16.253197781212908,2.0610126097172494,564.0
3.927083333333333,0.45523138276813374,0.748516956344607,0.10774107365623259,20.957640228636066,0.836457408666799,15.984388362891307,2.061850968182139,564.0
3.9375,0.459771893262203,0.7431356419073291,0.10714796179895864,21.102979194765087,0.8433338989358931,15.78882119869018,2.0642774505905654,564.0
3.9479166666666665,0.46125799903005305,0.7371568564709647,0.1065291237881314,21.242324265469602,0.8495355833642483,15.668483342172776,2.0666784723638933,564.0
3.958333333333333,0.46834473699842666,0.7353911842290568,0.10615639710145132,21.374443845428633,0.8550179659765467,15.61839174816414,2.068890763098977,564.0
3.96875,0.4779145966955826,0.7374772782568777,0.10602759948584399,21.495217228864163,0.8596290925576137,15.58032848593371,2.0706311978290333,564.0
3.9791666666666665,0.48423659899350013,0.7403279986780174,0.10608493982256348,21.604732887422486,0.8634073355777023,15.566194812676105,2.0725574225456285,564.0
3.989583333333333,0.49503195101846864,0.7460787302504825,0.10618249353292113,21.69242927560823,0.8660910141231203,15.377023100914924,2.073923789944212,564.0
4.0,0.501831532466329,0.7489902436879792,0.10631319540153497,21.76469827065061,0.8680140708974652,15.140844782150612,1.8281755206324264,564.0
4.010416666666666,0.5039174157425745,0.7486379447762241,0.10637690155675834,21.82568347987578,0.8693673108673065,14.971014289385051,1.8165351081137837,564.0
4.020833333333333,0.5099246862180052,0.7498699112195389,0.1063361225975497,21.870485317644956,0.8701307466214907,14.738474033206323,1.7984330321011162,564.0
4.03125,0.514830732031062,0.7500448566920497,0.106336477228282,21.90336352009935,0.8704737462564229,14.533464770779425,1.7801105979149883,564.0
4.041666666666666,0.517144829461763,0.7492317949879419,0.10633320283872993,21.925704735168054,0.870458745906592,14.400490789363488,1.7640329209807764,564.0
4.052083333333333,0.5245308541039014,0.7516291661786906,0.10638417478224615,21.936532561722213,0.8701453914305075,14.247280528079072,1.743149783038362,564.0
4.0625,0.5314318423016594,0.7547985349505643,0.10656935523605424,21.937766146171313,0.8695942729106488,14.10691039887358,1.7206696412458664,564.0
4.072916666666666,0.5358483988522132,0.7577665603498916,0.10685693000562015,21.929911090626998,0.8688054690491873,14.021969532139346,1.7001691123474107,564.0
4.083333333333333,0.5430115776907609,0.7637523131522359,0.1072182584493585,21.914934428331332,0.8679005543656775,13.901507826065556,1.6730329114425624,564.0
4.09375,0.5491347936705891,0.7702618164214643,0.10775867559324662,21.893644301226118,0.8668725301149958,13.796703901839368,1.6723480644493842,564.0
4.104166666666666,0.5540183488832021,0.7768810788144429,0.10841777742976,21.86532972707354,0.8656811612874371,13.739378148591543,1.6804010581860613,564.0
4.114583333333333,0.561911496533323,0.7866590810613096,0.10918434035238969,21.833558009443106,0.8644634051179788,13.669017272065636,1.6842589428955457,564.0
4.125,0.5700550475653559,0.7978336431219722,0.11016880611017828,21.797686115941246,0.8631772889947675,13.618252712848308,1.6919991034699766,564.0
4.135416666666666,0.5780930719330624,0.8100747100547938,0.11132976962583965,21.756304195854344,0.8617700352893739,13.604360884442208,1.7037922545028223,564.0
4.145833333333333,0.5899244004581855,0.8262254450891696,0.1127866793674985,21.70903515568876,0.8602322515016994,13.62338443294133,1.7153649492632979,564.0
4.15625,0.6057943975697118,0.8471761111703563,0.11466749810213805,21.65280138041365,0.8584728621392171,13.689311229926744,1.7299130185900224,564.0
4.166666666666666,0.624522309140801,0.8734134458333133,0.11690597787146435,21.590072306919094,0.8565778257733448,13.769928414822752,1.7354536509641734,564.0
4.177083333333333,0.6504108375527132,0.9072262663379138,0.1199428408079149,21.51193895289644,0.854295208574252,13.910237549860334,1.4308981475389746,564.0
4.1875,0.684463517843054,0.9510749948278437,0.12369161206969226,21.421593528551785,0.8517444655849582,14.072680683239666,1.432214529125071,564.0
4.197916666666666,0.721795315607285,1.002927621461776,0.12816443895486104,21.32234270185191,0.8490394084651554,14.223193072364971,1.4326186284623594,564.0
4.208333333333333,0.7671440661177844,1.064004883642963,0.1337797291389799,21.205473748103284,0.84597930424902,14.395798253360704,1.4333319836739313,564.0
4.21875,0.819994181422832,1.1350942711813776,0.1403673373075036,21.07541086465112,0.8427368268199429,14.556492621454316,1.4388375286102368,564.0
4.229166666666666,0.8758439571550586,1.2134510189823824,0.1479217204423529,20.935046549472354,0.8394430308315035,14.684113286370874,1.7508065490840239,564.0
4.239583333333333,0.9326879324813272,1.2982581109321147,0.1565085804855267,20.788175773826357,0.8362425230279671,14.754111682951265,1.7488008040761036,564.0
4.25,0.9894392075746152,1.3866019133841885,0.16609465845221227,20.634940522828423,0.8331891685506387,14.776589321446298,1.7485837633547814,564.0
4.260416666666666,1.0489959254864583,1.4768227106689356,0.1766552352050855,20.47257458028217,0.8302865884991635,14.779637678654815,1.4386286954604754,564.0
4.270833333333333,1.1026572101611032,1.5680912895921957,0.18834951450120074,20.296337148939873,0.8275307762887383,14.793155468071658,1.4381635051760167,564.0
4.28125,1.154722248733952,1.661304120224906,0.201264274274297,20.102094432322954,0.824964776065778,14.836334540141841,1.4405895158563302,564.0
4.291666666666666,1.218293601529974,1.7593716666749484,0.2151992752623511,19.89744565713879,0.8227746338379854,14.874896624444236,1.749609526384444,564.0
4.302083333333333,1.2594131704870954,1.8534437396981198,0.23114750100039588,19.65850046171074,0.8208359595051244,14.996418019149647,1.7610967140710958,564.0
4.3125,1.2750095633448384,1.9430854084200568,0.24869537696071536,19.376287734329125,0.8193135070952365,15.238256757065972,1.7611047702172726,564.0
4.322916666666666,1.3196859209238796,2.0428512169793396,0.26704723089579213,19.08125066946662,0.818491443031774,15.461091770496648,1.732041222755794,564.0
4.333333333333333,1.2400838923926762,2.1038255839291415,0.28854536763847427,18.695803174918463,0.8184215032628288,16.000241483732946,1.7531941826234667,564.0
4.34375,1.1390765964834544,2.1539159315839336,0.30886483442682067,18.257660450361964,0.8195500798370936,16.786025217023592,1.731633681220139,564.0
4.354166666666666,1.1093237001297582,2.222243794734371,0.32879111755780166,17.829515802681822,0.821920861961216,17.402966306966764,1.7141149583813253,564.0
4.364583333333333,0.9319992164397098,2.1869421105305746,0.3431114390041811,17.333963516280868,0.8269073307227758,18.543046631203236,1.7726710772472078,564.0
4.375,0.7688516988881196,2.101579475130641,0.33911418765383367,16.91179679060875,0.8356043334738394,19.876138146131712,1.839429785127723,564.0
4.385416666666666,0.6873304089092602,2.0311719198678286,0.3270206706682387,16.691283745407045,0.8484684837926735,20.667781944381257,2.104236669318748,564.0
4.395833333333333,0.5943647650725726,1.9130762938236479,0.3065991788926857,16.73309892256475,0.8673221082366122,21.296753118058646,2.0833071087829156,564.0
4.40625,0.5429950836606132,1.8003131746391428,0.2816903035394672,17.074906625530918,0.8910235391891483,21.449338973357072,2.0685145580011897,564.0
4.416666666666666,0.5054081688332898,1.6923476466184548,0.2588090402079704,17.70297930144096,0.9188958437126735,21.379005627313436,2.065733445527254,564.0
4.427083333333333,0.4950579127148904,1.6052756831400035,0.23802926902423308,18.52610054872455,0.9477038508873817,20.996748811931827,2.0739040674217706,564.0
4.4375,0.4884176750853821,1.519340697291028,0.2197282557173968,19.482305586822566,0.9760582555348487,20.664058204986112,2.082363589628494,564.0
4.447916666666666,0.47346329486446426,1.4303936653807257,0.2038458761704144,20.541885174138933,1.0032458244377735,20.594931846523586,2.0926928337533877,564.0
4.458333333333333,0.485467003384712,1.3741919865753374,0.19101948403566293,21.563997525643774,1.0259847687120662,20.236152301016567,2.0919223343317084,564.0
4.46875,0.49590165720743234,1.3204730057218037,0.18045549961335972,22.535729909515798,1.0445615088501752,19.754916451522114,2.0866407659977146,564.0
4.479166666666666,0.49068379725114397,1.2584555439548561,0.17114671402564094,23.475830195876256,1.059541491336244,19.431739872967363,2.0839001220840023,564.0
4.489583333333333,0.5061558550644262,1.21941658421928,0.1630156905611546,24.250756969121177,1.0693737172903115,18.660130267203538,2.066449973813795,564.0
4.5,0.5112434113763227,1.1722466340826871,0.15588265016789465,24.923272525521785,1.07569620178794,17.852044550675675,2.0457418522012203,564.0
4.510416666666666,0.5020395304614602,1.1166453851814315,0.14925581096562462,25.53426709846737,1.0791873462408343,17.226340124858847,2.044758008914618,564.0
4.520833333333333,0.5039450823162098,1.0711703480516772,0.14311387219569308,26.038282267208775,1.0799008697031138,16.581142208148613,2.0459304415380086,564.0
4.53125,0.5023562896821779,1.0255615757102787,0.13770294252280374,26.47165580092929,1.0782648852824952,16.124830808327435,2.0483554389485947,564.0
4.541666666666666,0.4943288755647209,0.9815169340615824,0.1328359026896516,26.838193793514236,1.0743533605736064,15.853809806020719,2.050890003058999,564.0
4.552083333333333,0.49474075403879636,0.945150227974014,0.12851644644451204,27.128871504447144,1.0683924673934517,15.665974413102576,2.052994313289423,564.0
4.5625,0.49415464840192136,0.9130524964554579,0.12475880663991086,27.346046992626277,1.0606238775416905,15.519456231878001,2.0551829128596037,564.0
4.572916666666666,0.48777827626328246,0.8825175292215817,0.12149001963275217,27.496695159106526,1.0510344041442508,15.44344706590712,2.0577375971989533,564.0
4.583333333333333,0.48269549022084274,0.8555385721487405,0.11846344347980262,27.578359390924284,1.0403292741705081,15.326256975100176,2.059710568179361,564.0
4.59375,0.4744523304902073,0.8291916091511194,0.11576584196665615,27.600613516561495,1.028429827622655,15.230878560102738,2.0626148644985465,564.0
4.604166666666666,0.4648569437452962,0.804645598849674,0.11335411110950123,27.56667536681495,1.015342894738884,15.182448998346048,2.0657172915643542,564.0
4.614583333333333,0.4550160568768088,0.7821156400479774,0.11113235888361245,27.47887136042133,1.0012518023175918,15.170994623704747,2.06857438676363,564.0
4.625,0.4458006170789289,0.7628271635293291,0.10921091244991508,27.339357046595758,0.9862617101998565,15.193037333436571,2.0712141119219085,564.0
4.635416666666666,0.4381377362154306,0.7470716162572617,0.10760493164728702,27.151489533914635,0.9705943774878601,15.231268838498039,2.0734707511395705,564.0
4.645833333333333,0.42842087134037576,0.7325973505550558,0.10616396839926469,26.920814717613865,0.9545644639845028,15.262308830189014,2.0754207058355316,564.0
4.65625,0.41738593396220036,0.7195245785850058,0.10491409539159574,26.65254628978544,0.9383942383522883,15.278972113243244,1.8425311801577795,564.0
4.666666666666666,0.4086862280733391,0.7084225576392709,0.10387145947028034,26.348168405699507,0.9220973749923828,15.300054128051672,1.8394800654555505,564.0
4.677083333333333,0.39513652630316504,0.6964336826016606,0.10283943525381481,26.016042674796033,0.9060582869072172,15.304175934396413,1.835800196124647,564.0
4.6875,0.3787864840889317,0.6837961413038156,0.10188216131799005,25.652014891717606,0.8900470055413127,15.334628767965139,1.834087263078815,564.0
4.697916666666666,0.36788084171404073,0.6737685090510813,0.10104745493501593,25.26437263415274,0.874417429929534,15.369640496322516,1.8326427675708774,564.0
4.708333333333333,0.3482514128027565,0.6607331224086314,0.10019017452945973,24.844877302565273,0.858844235655747,15.461212082068913,1.83470266803362,564.0
4.71875,0.32952795817070013,0.6484146656819874,0.09939476453955075,24.39809234986177,0.8435301149372726,15.604245581204271,1.8394587626875358,564.0
4.729166666666666,0.31883044518397596,0.6403269050311029,0.09875462052305302,23.945562914708415,0.8291507943670271,15.724835073678106,1.8431359642024387,564.0
4.739583333333333,0.30581678635787657,0.6305096560059141,0.09831563850949343,23.433722177151186,0.814069447207636,16.097696820416907,2.0821275084657183,564.0
4.75,0.30097055718517496,0.6282864250011052,0.09819747841688611,22.908883069259595,0.7997701788680135,16.58595063173163,2.0768690950647297,564.0
4.760416666666666,0.3016576091418317,0.6327542590745735,0.09843630607106676,22.42176461781476,0.7875213374999929,16.95432970782421,2.070742622747911,564.0
4.770833333333333,0.30157680509890533,0.636907165607474,0.09909114691255454,21.936011982813202,0.7764111178726191,17.552303226661763,2.0669761876912314,564.0
4.78125,0.307612673595059,0.64855595662285,0.10013857880505095,21.511078791041953,0.7679750698861417,18.19098802354835,2.061323179091728,564.0
4.791666666666666,0.315692656723358,0.6648573145402461,0.10146783232777765,21.18464621728982,0.763026775105332,18.593299815996257,2.0568966714776504,564.0
4.802083333333333,0.3245223609271959,0.6809921583653537,0.10317227916286606,20.940163722513432,0.7615488219419554,19.17798138789023,2.0811469436792804,564.0
4.8125,0.33957454609270654,0.7040201002668789,0.10511747033060248,20.798864846752753,0.7639616034087785,19.890577588460236,2.10969031622096,564.0
4.822916666666666,0.35238949887914,0.7270876213358729,0.10713702130973438,20.74715101203195,0.769876632657003,20.646955210302515,2.1350661304319605,564.0
4.833333333333333,0.3704178467770656,0.7520158589938732,0.10928568478338208,20.763578331284574,0.7788535493869014,21.401721132771748,2.159008931115876,564.0
4.84375,0.39116336597798257,0.7781873042422323,0.1113835778371711,20.82528206458639,0.7900218048986162,21.91154482103324,2.177532207227743,564.0
4.854166666666666,0.405515472380903,0.7993760353314083,0.1132806035614168,20.911061058338483,0.8027932634148933,22.276270636602575,2.1933236668202563,564.0
4.864583333333333,0.4290666062164783,0.8227004262402117,0.1147722868792654,20.996186108996458,0.8155390435975145,22.00329569916124,2.1967500757372695,564.0
4.875,0.44748814957613053,0.8370676517423224,0.11577568787084509,21.070986758740734,0.828098379692733,21.53685826899249,2.195694703936369,564.0
4.885416666666666,0.4558863850194809,0.8417656932039322,0.1162875846296844,21.13031762762699,0.8405734007672474,21.266433353619757,2.195986566018469,564.0
4.895833333333333,0.4742293820378594,0.8486607060913425,0.11635795909681562,21.16603756522297,0.8517660007011629,20.69538569283522,2.1880289658482077,564.0
4.90625,0.4897965322892763,0.8501735922732669,0.11617504306955234,21.179657211623145,0.8619872909786923,20.14597876316223,2.178934209792718,564.0
4.916666666666666,0.496298342312352,0.8459171476668076,0.11573321851844433,21.171077441681664,0.8713783039597451,19.80720433355589,2.172037176233964,564.0
4.927083333333333,0.5128077420575277,0.8455878788121445,0.11514854513788436,21.14252047172257,0.8792459501433549,19.29773334797903,2.1593925593886794,564.0
4.9375,0.5254828933144999,0.8423147518990189,0.1144771903752463,21.097057464032638,0.8857772583683696,18.744737493967953,2.1444483349450634,564.0
4.947916666666666,0.5290065706616053,0.8345332211945801,0.1137232197873225,21.034471559229452,0.8912303392680809,18.364320833503587,2.13208129643148,564.0
4.958333333333333,0.5370891454913471,0.8292334352612863,0.11282037483423815,20.963062856427467,0.8951712892691296,17.789607041102197,2.112241849340486,564.0
4.96875,0.5401527300856046,0.8208087880399086,0.11191876739557428,20.882600927168344,0.897940528028976,17.22587533623842,2.0910415000606757,564.0
4.979166666666666,0.5378691302051245,0.8097728371414569,0.11098382686776308,20.790636074065343,0.8996686970417961,16.80535927865831,2.072475781707534,564.0
4.989583333333333,0.5380961295667871,0.8010579767833733,0.10994900025339327,20.69787488516886,0.9002849681590182,16.250843190470153,2.0464022801190103,564.0
5.0,0.5343974649070381,0.7902725310653879,0.1089667119348421,20.601025147045394,0.9000001129704289,15.713100309791201,2.0415821175264455,564.0
5.010416666666666,0.5283441370264826,0.7781891657446859,0.10799472577486337,20.49597221785912,0.8988338011735326,15.293779601943086,2.044716702355206,564.0
5.020833333333333,0.5263997789933381,0.7691888183815611,0.10700868756157304,20.394064724456914,0.8970036713633909,14.865068001482339,2.0470812246680476,564.0
5.03125,0.5241082441093622,0.7600427166639113,0.10614046661805766,20.291262651562082,0.8945776772396178,14.517556729854125,2.0509324446949893,564.0
5.041666666666666,0.5200947592042464,0.7504586552282223,0.10534494092102083,20.18216687788115,0.8914686039059915,14.297102244125094,2.05603873033239,564.0
5.052083333333333,0.5214885055742466,0.7446076814078844,0.10462251490858242,20.077998372023814,0.8880674910687228,14.074346795111929,2.060925300039933,564.0
5.0625,0.5226000415347232,0.73959889387199,0.10409004374202338,19.97293189464014,0.8842781304160109,13.904112349704125,1.828239787531512,564.0
5.072916666666666,0.5223275594038863,0.7352013863155232,0.10368562817497885,19.86255781208268,0.8799743833763012,13.808308053646167,1.8102219361786664,564.0
5.083333333333333,0.5259948920688367,0.7346494759070871,0.10345288415481672,19.754823179918716,0.8755124657978682,13.717897353111832,1.7886784819380581,564.0
5.09375,0.5303201096591468,0.7362669156047524,0.10346029723553611,19.646102159616593,0.8708011612081603,13.655237231417164,1.7666403916895752,564.0
5.104166666666666,0.5340043695107756,0.7393569423912925,0.10366372432735617,19.532338474341415,0.8656987867265517,13.63646442517792,1.7460688004519762,564.0
5.114583333333333,0.5409811207559851,0.7462257168284189,0.10405046559522649,19.424242710410336,0.8607310550775075,13.598786654971562,1.720378915324545,564.0
5.125,0.5481732300911523,0.7548398463015283,0.10468435913402836,19.316829906097876,0.8557167185427319,13.57217209564537,1.6934626271472542,564.0
5.135416666666666,0.5549674738830924,0.7646345170263136,0.10551268094672134,19.204962519004344,0.8504461984579729,13.57736175228605,1.6687619204179325,564.0
5.145833333333333,0.5648134001329491,0.7779884781523961,0.10652492801299084,19.098086613093134,0.8453931086798351,13.574492980212806,1.6724076005895245,564.0
5.15625,0.5756393351490633,0.7936513710793529,0.1078062456712763,18.991221212255496,0.8403466661742646,13.585159609655264,1.6789974011174875,564.0
5.166666666666666,0.5869882570517997,0.8113262982343002,0.10932392643566302,18.880448412444547,0.8351429674505645,13.61971662742291,1.6881791545355325,564.0
5.177083333333333,0.6018528047010511,0.8332686891957736,0.11110616574580669,18.77259698960718,0.8301201568421887,13.655404304125755,1.6936997800717084,564.0
5.1875,0.6190515219003793,0.858877020449608,0.11325776698007907,18.662544250599712,0.8250536491271904,13.705525170715978,1.7040840866260107,564.0
5.197916666666666,0.6379962458564105,0.8880738339579773,0.11575194764340772,18.548965298220796,0.8198997734483264,13.769527516449637,1.7157694081505774,564.0
5.208333333333333,0.6620767394817265,0.9230714021557631,0.11871554323022046,18.432276436915682,0.8146954153157788,13.842908746970277,1.7263938589659218,564.0
5.21875,0.6904965761541945,0.9641461540393428,0.12220638205468361,18.312641076410355,0.8094651538311135,13.921823098117073,1.4272616753742597,564.0
5.229166666666666,0.7216241864532605,1.010650721846202,0.12624795012240203,18.18966192825742,0.804209239433785,14.003706561265414,1.4158808925345356,564.0
5.239583333333333,0.7564951007630908,1.0636585896627555,0.1308807372303636,18.069096972725387,0.7991828821674498,14.075652358607282,1.4035628221713017,564.0
5.25,0.7938032633319732,1.1218846190955272,0.13617975327652165,17.94905094798633,0.7943091070519492,14.141604500306038,1.390316928721585,564.0
5.260416666666666,0.8340627168474483,1.1844919141393742,0.1421566824380508,17.826504828286744,0.7894746721539577,14.207365383215555,1.3773457385070638,564.0
5.270833333333333,0.8750615407728598,1.2518993911054144,0.14891530731234046,17.699065886213344,0.7846042183639165,14.276883200099457,1.3659766500491048,564.0
5.28125,0.9174115827239473,1.3243411377341943,0.15658129571662616,17.56235508684322,0.7795641555335556,14.356117434019994,1.3574140149598253,564.0
5.291666666666666,0.9673271414562462,1.4033682593187873,0.1650918754442772,17.42356832458986,0.7746503413286779,14.432317244553632,1.3507789620402029,564.0
5.302083333333333,1.0085839457921615,1.4850847193957089,0.17499415000834295,17.264387996643986,0.7692753566632843,14.532294025160901,1.346455203258788,564.0
5.3125,1.0382910662213398,1.5695211894365766,0.1860216327070538,17.08766746204627,0.7636470309861044,14.65267709990559,1.3503090519975276,564.0
5.322916666666666,1.0830539725742736,1.6619019799503834,0.1980783176280493,16.909942306282435,0.7583603908277777,14.762935555345539,1.3559465351228892,564.0
5.333333333333333,1.0563355466389999,1.7371491607913812,0.21170030342000598,16.693861844059434,0.7524584531391092,14.938226573276383,1.3647153738354467,564.0
5.34375,1.0050186220772408,1.8039383778095677,0.2253930845151555,16.456568176594338,0.7466722897688691,15.16488210936284,1.388033050531278,564.0
5.354166666666666,0.992713789760206,1.8784015566602754,0.23924261318729936,16.225053743642114,0.7417690763373672,15.36802752481601,1.4084477144768202,564.0
5.364583333333333,0.8869295248316649,1.8998713431552423,0.25222094746854756,15.938970509326039,0.7368177757935468,15.77459295149015,1.434831129157132,564.0
5.375,0.7765114866395386,1.8886251723256942,0.2588588099180772,15.648652771332726,0.7332844737487538,16.352749199718147,1.7918747449475487,564.0
5.385416666666666,0.7180511177027654,1.8780457371616697,0.26098914757713243,15.406160470506807,0.7319869792348271,16.83855384145418,1.7323485844274416,564.0
5.395833333333333,0.6278871951405347,1.8171233188066889,0.2577367100688837,15.207541228075518,0.7332891785478395,17.392384870122093,1.7282339363609327,564.0
5.40625,0.5673703540239609,1.743521692204481,0.24825157531502476,15.113493327828204,0.737703757077123,17.84975046894283,1.731808553414962,564.0
5.416666666666666,0.5296406176636205,1.6730567717750575,0.23696609290368958,15.151034538321044,0.7450212367240018,18.082272852430755,1.7593881859393643,564.0
5.427083333333333,0.5011573325609454,1.5930368298668196,0.22436386785399362,15.338620812668639,0.7552073676508299,18.217947461145272,1.792071040562366,564.0
5.4375,0.4889010466929253,1.52074014374012,0.21157662721659096,15.667816859147765,0.7671443280031875,18.16657335330301,1.8161502660356943,564.0
5.447916666666666,0.4738283676746892,1.4492829595729302,0.1999283741320515,16.13213884423699,0.78035805477331,18.055128508881864,1.8370423918007974,564.0
5.458333333333333,0.4814296295514866,1.39936860600927,0.1899030349039613,16.666345118015027,0.7930443435192831,17.7200183019358,1.8446349886975189,564.0
5.46875,0.4885954691131654,1.3520866517397925,0.18148378238149093,17.256977678522556,0.8050840076424739,17.336535491192464,1.8483662113702097,564.0
5.479166666666666,0.4850579333752703,1.301440760634512,0.17399850514618667,17.904695389005454,0.8164864815727574,17.04031854451682,1.8532208574975813,564.0
5.489583333333333,0.4982719657848736,1.264857938179013,0.1674981235193167,18.548043177264432,0.8262571868520253,16.701635791652908,1.8514651821065353,564.0
5.5,0.5115057777620112,1.2318863248456333,0.16208420211588656,19.188389510289927,0.8346076096989578,16.396102906388478,1.8486915617342579,564.0
5.510416666666666,0.5140111740334717,1.1974208761018745,0.15732197778394716,19.82936200424613,0.8416755156050646,16.17788996549269,1.847604449572654,564.0
5.520833333333333,0.5303731798770744,1.174087992582534,0.15317839173239406,20.415148867609744,0.8470314247507876,15.91077838990308,1.8404060526628934,564.0
5.53125,0.5439424487000994,1.1526610535250446,0.14976387538533006,20.958862621868104,0.8510498161088793,15.657873344337993,1.8321812588919002,564.0
5.541666666666666,0.5469842157327196,1.129126921035856,0.14677323177891435,21.475011681924176,0.8539778808509301,15.479280780578813,1.826159787389203,564.0
5.552083333333333,0.5578817232236648,1.1117873164740424,0.14406340503395199,21.929714608911105,0.855783673701569,15.280684758117282,1.8159313931996275,564.0
5.5625,0.567707562651801,1.0959003130898104,0.14188439279714193,22.3473327195669,0.8567240201167575,15.137140644703155,1.8075607643693203,564.0
5.572916666666666,0.5715533608007911,1.0810787372650923,0.1400274591520151,22.726544960865873,0.8568759886993511,15.04633936088258,1.800574990248025,564.0
5.583333333333333,0.586981388575624,1.072353550024002,0.13860984187491154,23.06794008363046,0.8562984124596494,15.011402366025196,1.7955773782487918,564.0
5.59375,0.6073386857681173,1.0706554276210116,0.13773702402480711,23.363584466484486,0.8550646189715119,14.9983696966337,1.7906856627266705,564.0
5.604166666666666,0.6209495313606913,1.071614502935508,0.13734589911185116,23.613735771449342,0.8532445846663749,15.00212508741406,1.786432063306895,564.0
5.614583333333333,0.6422958012365448,1.0783065623188708,0.13720022766607973,23.804311808533775,0.8510959270996984,14.923732429409807,1.77590838032589,564.0
5.625,0.6600618622477101,1.0851961967886965,0.13741357762959805,23.94950191570185,0.8486740059545137,14.816849419574028,1.7637543996341516,564.0
5.635416666666666,0.6702099372011708,1.0902052732372165,0.13783669007585544,24.058187340252562,0.845947883929171,14.73840090834741,1.753383577851183,564.0
5.645833333333333,0.679939913535856,1.0959036312278232,0.13825070857820143,24.129011587338027,0.8430682505299177,14.657816891173555,1.7412535048067632,564.0
5.65625,0.6854989344744234,1.101823844476359,0.13889512158343476,24.167023956244144,0.8399685932064507,14.615024724098653,1.7311095601100064,564.0
5.666666666666666,0.6907527083854342,1.1100185644752223,0.13974501221896962,24.17264461150696,0.836706121907058,14.59808405227179,1.721823560731508,564.0
5.677083333333333,0.6908928646767415,1.1187576999346547,0.1408045305695455,24.146150855105677,0.8332238614276599,14.625406500135664,1.7155840930206263,564.0
5.6875,0.6868020041725067,1.1293994074780458,0.14215271050248085,24.086080681803317,0.8295002668220576,14.700796573225643,1.7130148045900233,564.0
5.697916666666666,0.688322391859658,1.145029361467497,0.14379213866574245,23.995452692086836,0.8256983111994199,14.776246851998177,1.710199782253969,564.0
5.708333333333333,0.6712354966051756,1.1553884925487117,0.14564720658610125,23.86581503338608,0.8215063081943169,14.937978641623014,1.7157975466982731,564.0
5.71875,0.6534765556395652,1.167128105837784,0.14752628728599526,23.70109175654805,0.8171130511833281,15.137359679729018,1.7244168121896701,564.0
5.729166666666666,0.6474334637902475,1.1842975206527635,0.1495856250178362,23.51269322968231,0.8127604522910249,15.301541462764932,1.7312754357303144,564.0
5.739583333333333,0.6338447387433926,1.1954067418181136,0.15180196215629116,23.285603214682247,0.8080850022282906,15.566901709469931,1.748033344394574,564.0
5.75,0.6269958282465459,1.208438517050904,0.15384444831655567,23.03671337051184,0.803452671287572,15.86183775865646,1.7667957092926811,564.0
5.760416666666666,0.6288268078318282,1.226007031025355,0.15590213962934332,22.788226285253007,0.7992471583613635,16.08117386854043,1.781857700064426,564.0
5.770833333333333,0.6258747817171317,1.2381073716014865,0.15796405525046758,22.5368375245244,0.7954283346327963,16.337523015419563,1.8018111926689708,564.0
5.78125,0.6262396305256248,1.2507142373561622,0.1597169358235303,22.306796926510334,0.7924321823573117,16.549805922002225,1.8196971121433385,564.0
5.791666666666666,0.6297753552677593,1.2643117421929904,0.1613682755242031,22.11305304121384,0.7905116403389023,16.6765402245997,1.834093773330172,564.0
5.802083333333333,0.6301325401786649,1.2736390858223232,0.16280871751602685,21.96021630979188,0.789794594609581,16.779406406010168,1.84853225213172,564.0
5.8125,0.6342505744175052,1.282857649967141,0.16393147091550567,21.85774281263484,0.790401287640699,16.81453410951593,2.084063359418668,564.0
5.822916666666666,0.6378881894318712,1.2903907979371854,0.16489102792828159,21.805823196702697,0.7923267033702319,16.80886958944781,2.078881682239844,564.0
5.833333333333333,0.648269431375736,1.2988999072679672,0.16560728099311262,21.802111199535997,0.7954213348124491,16.726645181853392,2.0747055918216883,564.0
5.84375,0.6581500846830528,1.3049640183528954,0.16622065843074535,21.840717050381915,0.7995903277090599,16.63506884855761,2.072029723709153,564.0
5.854166666666666,0.664545610718766,1.3087077013025488,0.16663978839952198,21.916094055915586,0.8046934069296208,16.554680251392938,2.06990246120647,564.0
5.864583333333333,0.6751841879023559,1.3135931180590057,0.16734639407599317,22.027170840062944,0.8108348515802605,16.587498712806756,2.0683784131915672,564.0
5.875,0.6922248980716627,1.3254634660346407,0.16841627571464113,22.16716517735899,0.8177674583428617,16.673964179884262,2.066025518870235,564.0
5.885416666666666,0.7076490587087098,1.3411374021127416,0.16978111353832478,22.325719649837865,0.8251509292424646,16.734915036759183,2.0634536550837836,564.0
5.895833333333333,0.7359036751769875,1.365019901941427,0.17160011907213016,22.488830992336684,0.8325297108325349,16.675642281189123,2.0610628258917405,564.0
5.90625,0.7656699466641043,1.3906092046742229,0.1736853954638476,22.64697834322153,0.8396607968312629,16.497979726508937,2.0596174008523893,564.0
5.916666666666666,0.7841382310158346,1.409609868835185,0.1758560122847815,22.80116805630177,0.8467590120269904,16.346005716643976,2.0595637808093255,564.0
5.927083333333333,0.8139768060679867,1.433534311975585,0.1776450170188188,22.932710160473285,0.8530932392523594,16.043712100078114,2.0588372618575344,564.0
5.9375,0.8388189590567466,1.452581131727319,0.17945488020878914,23.045263304994858,0.8588989959184757,15.710873631517774,2.060180770273449,564.0
5.947916666666666,0.8525064998414699,1.4636331198244634,0.18109945257719706,23.143487026499656,0.8644904682441011,15.470339602120093,2.0629859716114582,564.0
5.958333333333333,0.8774987440285148,1.4807836465657866,0.1822454663851155,23.216006830787332,0.869196684336194,15.134774932744774,2.0650573877022436,564.0
5.96875,0.8969267427006499,1.4938613504349014,0.18360979840546443,23.27069795363737,0.8733878396614673,14.824053439505017,2.070315791482955,564.0
5.979166666666666,0.9077736307553801,1.5012270677916904,0.18491460460110687,23.31133533329752,0.877308663186327,14.611460581853413,1.8234394408422616,564.0
5.989583333333333,0.929842717308327,1.5154184124699097,0.18599292152448874,23.335193027011105,0.8805344853141048,14.367441610993207,1.8016875144091042,564.0
6.0,0.9498184014640638,1.5289285172911877,0.18748306798713976,23.346841738188882,0.8833184712185916,14.160955306755262,1.7792039719058912,564.0
6.010416666666666,0.963606521791359,1.5396275785253395,0.1891205220571879,23.34783707374212,0.8858043706330864,14.030401748970888,1.759041806556596,564.0
6.020833333333333,0.9877598935454953,1.5576973953475008,0.19080247243768672,23.339737293972505,0.8877502481452835,13.887470206138238,1.7329956248200993,564.0
6.03125,1.0117897660963797,1.5773273178714946,0.19307681641183236,23.324304332813153,0.8893195059774079,13.774827565919558,1.7058925789971258,564.0
6.041666666666666,1.0313261972662915,1.5959872941986808,0.19568242670532524,23.301494053825273,0.8905912544131218,13.716122398130526,1.6805254804307665,564.0
6.052083333333333,1.0601569802064335,1.621860359125103,0.19857771101050423,23.274223379503827,0.8914747593735242,13.659207720686823,1.670013650224462,564.0
6.0625,1.089998522684382,1.65043026832326,0.202279173080841,23.241468700191763,0.8920622425263672,13.63801216220588,1.677618355033171,564.0
6.072916666666666,1.1181722975131159,1.680510693467297,0.2063991993753877,23.203046032861103,0.8923496744332071,13.650369077115784,1.6855055583940668,564.0
6.083333333333333,1.1549083435109602,1.717457997414334,0.21138530785225454,23.15862472334893,0.8923206851327303,13.692907005337393,1.6927497278287376,564.0
6.09375,1.1976998525119125,1.7613895792969176,0.21737512553996421,23.107541230461923,0.8919483326246525,13.762227728720287,1.7002105847301077,564.0
6.104166666666666,1.2414362199990148,1.8100670649219608,0.2241352224598106,23.05066967299443,0.8912207402028681,13.84246416659979,1.705800184278895,564.0
6.114583333333333,1.2937389364289869,1.865745145456,0.232747716525681,22.981060272455508,0.88999734339631,13.970386177354568,1.720629831325019,564.0
6.125,1.3564680049701963,1.9319792695730782,0.24279713677932607,22.89966995072167,0.8882250857021117,14.126115472130312,1.7246392702572153,564.0
6.135416666666666,1.421804824400492,2.0054338790298454,0.25404405784358586,22.81029089512235,0.8859738721345712,14.273555413606793,1.718968322281376,564.0
6.145833333333333,1.495283307066224,2.086651750752435,0.2679806059005675,22.705435327480565,0.883052445098432,14.439981676362683,1.728136187502766,564.0
6.15625,1.5757707319221919,2.176197138021096,0.28367786626236224,22.58934817283868,0.8795905600186932,14.589170814164099,1.7247316824640389,564.0
6.166666666666666,1.6542411208116696,2.267859541400545,0.3010397885444495,22.46344104635983,0.8756820549702035,14.707401330947318,1.7205680217411272,564.0
6.177083333333333,1.7366891910123632,2.3630339554454833,0.3211007078977271,22.32319729300284,0.871247618087063,14.812873020486162,1.7229879872944642,564.0
6.1875,1.8218551047411415,2.4611349089944023,0.3434750182979578,22.16826712608566,0.8663451163472714,14.907252807414283,1.7219957428861141,564.0
6.197916666666666,1.905003421185456,2.5588761193399763,0.3674245674927849,22.002021260559005,0.8611555480718805,14.975327839094549,1.717409508974505,564.0
6.208333333333333,1.9914795559959,2.658745775299259,0.3953261999232467,21.814996275999786,0.8554613251992903,15.05948909359689,1.7204837377917959,564.0
6.21875,2.082749348219917,2.762671716148635,0.4256712341435981,21.614250544027488,0.8495497168739868,15.126664625911234,1.7146403848880671,564.0
6.229166666666666,2.170467872634181,2.864898082368076,0.4585759475180185,21.401354608827905,0.8435120181665522,15.169507535096873,1.7112317446985048,564.0
6.239583333333333,2.259445263949522,2.9677479255244297,0.4925263868650976,21.19212010129054,0.8377960550165884,15.126743315647351,1.7083839304823354,564.0
6.25,2.3412975887911758,3.0643923752670164,0.5288786535131565,20.983332655096767,0.8322828419227686,15.03647558671044,1.7083033617734191,564.0
6.260416666666666,2.4138376590127875,3.151355920625389,0.567030598238609,20.766397195397094,0.8267245305978883,14.952388217819323,1.7102209482178488,564.0
6.270833333333333,2.483917411552796,3.233736575210756,0.6040731516256,20.5518488073233,0.8213638541226088,14.851579528745347,1.7116248969997736,564.0
6.28125,2.5465433119346166,3.3082720586370216,0.6425067420983358,20.330308345484113,0.8159344053206095,14.774269701753129,1.7151801900352017,564.0
6.291666666666666,2.606161243077022,3.376646616786953,0.6798363828742745,20.102987399672923,0.8104371119000222,14.717776179477179,1.7182683164944743,564.0
6.302083333333333,2.65481448806233,3.4372088059734907,0.7175346906628733,19.862315759458387,0.8046576404181476,14.702638608286557,1.7247700831064594,564.0
6.3125,2.6860525304742495,3.4854375638688317,0.7548932122163617,19.59472449355593,0.7982342601162923,14.764618533694449,1.7336364507470756,564.0
6.322916666666666,2.7244385337638417,3.5310103850016024,0.785006250502781,19.322623800388047,0.7916618129935634,14.833518718299677,1.723413047909475,564.0
6.333333333333333,2.671682180788646,3.5376566165191443,0.8175676076834777,18.98737173456171,0.7834601096916881,15.087432361092228,1.7424631585674704,564.0
6.34375,2.5686352030505715,3.5170637578628727,0.8313991755666307,18.615309958585257,0.7741905970140698,15.478173485044875,1.73229269288557,564.0
6.354166666666666,2.5092535171450456,3.5022074053706085,0.8321558792131383,18.247780959666112,0.7648664389956322,15.824137094820722,1.7073915699546482,564.0
6.364583333333333,2.2531664560218903,3.3933852987202955,0.8207778456127869,17.803437804243988,0.7534461143586935,16.508765483913997,1.7256787577386847,564.0
6.375,1.9531326508860303,3.2333651817497864,0.7665426444701297,17.359616432008583,0.7420734027890434,17.42543930801792,1.7460366245744923,564.0
6.385416666666666,1.7496730558382514,3.0944723314496576,0.7000435520596517,16.998721312759727,0.7332115818518514,18.040781757203337,1.7786864355547847,564.0
6.395833333333333,1.5069733994299301,2.9145253698872815,0.627900391644663,16.738058747608147,0.7278051693083466,18.573314520610015,1.820292228494029,564.0
6.40625,1.3232649064727047,2.7413250125897894,0.5515393943012166,16.64258069475245,0.7278808058818664,18.83263449434298,1.8516626628350947,564.0
6.416666666666666,1.1827172401788049,2.5843081938572805,0.48732615448805755,16.72933500057589,0.734106630561001,18.89895539213734,2.090978836354749,564.0
6.427083333333333,1.083758287353813,2.4411654263668394,0.43171853159774803,16.993472606990537,0.7462333567985626,18.768345063644766,2.0793907738640893,564.0
6.4375,1.0078061062089838,2.3060024213318506,0.3850471568981237,17.41828000479008,0.7636204196365326,18.560392826884282,2.0719874155672064,564.0
6.447916666666666,0.9356748750361821,2.179697875602668,0.34694632456081725,17.986590489509034,0.7855070578069373,18.375937269152605,2.066908744973541,564.0
6.458333333333333,0.9191956126766443,2.088017596820919,0.3172593579736413,18.642825526425877,0.8096217393880432,18.094678992583965,2.0626319535956257,564.0
6.46875,0.9164050721116227,2.0130862015735507,0.2945065906946318,19.358937318200006,0.8347632314747315,17.790621563544995,2.0600851380302903,564.0
6.479166666666666,0.8958953048444499,1.9398771848701797,0.276080075982426,20.123918174476263,0.8602707946596088,17.567345760815325,2.0586669645051225,564.0
6.489583333333333,0.913356804937697,1.8916267055739566,0.26121780971386455,20.86467152431331,0.8835188596238567,17.239909238344975,2.0568940526665496,564.0
6.5,0.9303581784894014,1.8489924887539153,0.2496451893409973,21.58432270252475,0.9045499806874511,16.922944026152592,2.0566307694491424,564.0
6.510416666666666,0.9261777333370811,1.8030174073483358,0.23987278221935895,22.287380029988213,0.9233873849290397,16.703711922293163,2.0570934465589548,564.0
6.520833333333333,0.949529365285972,1.7735649455880986,0.23148453730777127,22.91610680226997,0.9385739065495823,16.40388126910537,2.0568972748963286,564.0
6.53125,0.9694423075906284,1.7467739777013462,0.22487557706358816,23.48638754554895,0.9507703166473536,16.11409175712528,2.0580760252126282,564.0
6.541666666666666,0.9696704506118327,1.716036822915885,0.21926366755706492,24.0122032186055,0.9604434738007672,15.917502341122642,2.060037022080359,564.0
6.552083333333333,0.9884926441438787,1.696272505968884,0.214191024912862,24.456100237853832,0.9671810434585972,15.665741170931732,2.061348266727287,564.0
6.5625,1.004170977071831,1.6789566742984938,0.21022059720654482,24.832101328863924,0.9715848693783247,15.412189426387352,2.064063215515384,564.0
6.572916666666666,1.0041820442986231,1.6584365458144192,0.20699546518510564,25.157176827716317,0.9740784697660642,15.241597187566189,2.067956389350786,564.0
6.583333333333333,1.0173821991025054,1.6464528950562958,0.2038362703596714,25.405707223393108,0.9747618458565833,14.996859657432992,2.0713838999426653,564.0
6.59375,1.0254061965099395,1.6341329079526765,0.20155478468754634,25.60039884907709,0.9740664568031109,14.776666166650914,1.824728252190878,564.0
6.604166666666666,1.0237235950482304,1.6200503806933162,0.1997515239144625,25.750544664975322,0.9721129547144637,14.633011384466034,1.8113940318112962,564.0
6.614583333333333,1.0334962670323413,1.6119970415320426,0.19811853161317153,25.851714494050242,0.9691364782892968,14.497903741195902,1.795774892900781,564.0
6.625,1.044540704607997,1.6074765625199885,0.19720491906216306,25.91103415407463,0.9652118559776658,14.4002999975255,1.780744729987356,564.0
6.635416666666666,1.050120196512018,1.60484475826516,0.1968514634703402,25.93112990621841,0.960353667791755,14.350668897036922,1.7672944104182882,564.0
6.645833333333333,1.0601047044970129,1.60656093079098,0.19685773393217534,25.913667960212774,0.954729922337033,14.319891443305044,1.7535564607350955,564.0
6.65625,1.0679222741070498,1.6118165767375718,0.1975321468248115,25.860862730774727,0.9483304743549237,14.317940868633594,1.7410436209472975,564.0
6.666666666666666,1.0755407401374601,1.620932949249255,0.19879381103421404,25.77474716562603,0.9412243716868817,14.337223235949608,1.7295093538229807,564.0
6.677083333333333,1.0769965972990845,1.6309407656793322,0.20047218302079897,25.656101910233684,0.9333828984020877,14.384885745316309,1.7199870585248658,564.0
6.6875,1.0707522577070159,1.641995665484131,0.20265284388807503,25.5040488899196,0.9247206464303316,14.472818018483816,1.713771072546294,564.0
6.697916666666666,1.072787747102451,1.6588101390046521,0.20525585856800838,25.325713596585032,0.9155799833550295,14.559541059711686,1.7076787574694339,564.0
6.708333333333333,1.041962962548384,1.6660894291211599,0.20808280076669253,25.109297504089753,0.9053391847396968,14.725756134759148,1.7091068605423183,564.0
6.71875,1.0074980772002449,1.673461268266752,0.2107700503564778,24.86292384897845,0.8943928115977723,14.930703280116996,1.7138855710987708,564.0
6.729166666666666,0.9930623096361925,1.6884007807132722,0.21364670329516,24.602343592137498,0.8833698812263173,15.10248875385243,1.71744409033179,564.0
6.739583333333333,0.9596393249152331,1.6913069299911805,0.21658851236403392,24.305018572842133,0.8712972480549099,15.393090238938555,1.7319174006788995,564.0
6.75,0.9339714545804176,1.6944217261038137,0.21872280765357272,23.994044211154662,0.8591321478273496,15.722881415529434,1.7491168277840143,564.0
6.760416666666666,0.9248501327567994,1.7037667998332087,0.2206048993021435,23.69509877550956,0.8478509195204369,15.973757908686178,1.7629423671630287,564.0
6.770833333333333,0.8997956808885839,1.6996448790867538,0.2223649831041618,23.389219840288398,0.8367784587959447,16.353210807902578,1.787115918567511,564.0
6.78125,0.8819007829760106,1.6962944595356628,0.22315983833686695,23.106552010871436,0.8271286551298492,16.76236117138894,1.8122639137028016,564.0
6.791666666666666,0.876356362478531,1.6995118357962673,0.22366068593265895,22.870059661910712,0.81977344519758,17.041870195204474,1.8318147878901754,564.0
6.802083333333333,0.8609411313827204,1.6927012270448853,0.2243094284926691,22.666785846261163,0.814487270919824,17.436970934025375,1.8587940741232498,564.0
6.8125,0.860260795893332,1.6924005959829675,0.22460321813311035,22.51123481082128,0.8119294734898052,17.832955959202025,2.082424949292316,564.0
6.822916666666666,0.8658305578680673,1.69862146262148,0.22492982968135847,22.403479190788232,0.8121365435745587,18.06928522268169,2.073411849968397,564.0
6.833333333333333,0.8861642528485868,1.7077964565652384,0.22651789978979395,22.32716665482061,0.8150320088940507,18.40372365423304,2.0675229732441545,564.0
6.84375,0.9233474910548769,1.7300464501220627,0.22844215136171583,22.2747679145714,0.8202769512473792,18.616415528281866,2.061373288727883,564.0
6.854166666666666,0.9501811662455724,1.7515577500337531,0.2307303614999064,22.23069191738001,0.8274327374568046,18.69497496376039,2.0567549425041047,564.0
6.864583333333333,0.9940108969660976,1.7815972310763994,0.2324200191696566,22.18532067408147,0.8353303138093185,18.360043135257985,2.0523694446302923,564.0
6.875,1.0249822350171367,1.8004984842359268,0.2339161546217925,22.128967415394285,0.8437594952112718,17.891367275976528,2.050510008626473,564.0
6.885416666666666,1.0364892321776449,1.8044914356049888,0.23473627765895266,22.053186296168516,0.852864407876963,17.543483669411117,2.0501877922112954,564.0
6.895833333333333,1.0636989415920672,1.8147494008432723,0.23411346383899173,21.964885776578797,0.8614304811695022,17.018604270725188,2.0489347070907415,564.0
6.90625,1.080999250883323,1.8164747377781096,0.23350059574837023,21.862028368677706,0.8697189091499551,16.514927213558494,2.049682717082562,564.0
6.916666666666666,1.0837378266343654,1.8080000617085294,0.23252930150163034,21.74015542523854,0.878029105010987,16.172568719885877,2.051594466754682,564.0
6.927083333333333,1.101415619044911,1.8081393922894753,0.23080075938913597,21.61510124800723,0.8853819950903866,15.747343171980795,2.0525289499790706,564.0
6.9375,1.1129345955841012,1.804559171022454,0.2296565353064144,21.48315567486793,0.8921855446109277,15.37703487518085,2.055477210396805,564.0
6.947916666666666,1.1146141277031478,1.795681982871171,0.2285605046648959,21.340559127596148,0.8986628065890757,15.132572972500242,2.059509821742192,564.0
6.958333333333333,1.129898445142713,1.7958862528132973,0.22742276809861425,21.20120562246963,0.904250033544867,14.866640284571725,2.0630863926221714,564.0
6.96875,1.1434670871674792,1.7970495479266315,0.22708139028296956,21.061306990567697,0.9092003049106034,14.644570785126975,2.0687423330700723,564.0
6.979166666666666,1.1502572434638287,1.7963222411200082,0.22709020606861413,20.917389856897938,0.9136476246091306,14.505914650416907,1.8267940066497357,564.0
6.989583333333333,1.1700515198862553,1.8048332732255812,0.2273942794726541,20.780963988369173,0.9172738125189012,14.349430689202403,1.8087574656059053,564.0
7.0,1.1899276808320147,1.8156849037293479,0.22858671452928542,20.647473139429906,0.9202613981691964,14.222750175144888,1.7908133248194866,564.0
7.010416666666666,1.2043490014189244,1.8258000737950906,0.23020299506575617,20.513834789479514,0.9226769386775014,14.151583776015128,1.774707342498782,564.0
7.020833333333333,1.2280376473150019,1.8441316516900652,0.23207967657683573,20.391271135032664,0.9243590334931302,14.04678682583693,1.7536205084029564,564.0
7.03125,1.2492564461947913,1.863808969254477,0.23470630922577176,20.275906964836683,0.9254472787000596,13.94311004444612,1.730875338031237,564.0
7.041666666666666,1.2654912044878075,1.8812842824370897,0.237777010367791,20.161744212713245,0.9260216341012768,13.884984623008943,1.7100320543644185,564.0
7.052083333333333,1.286542979662078,1.904184064255727,0.24087319282170683,20.057975691047865,0.9260842249803269,13.805612914056946,1.6843954023865026,564.0
7.0625,1.306283738481811,1.9266290817726694,0.2448790195449639,19.95479028887495,0.9256901025861886,13.77100364317616,1.6704384519589335,564.0
7.072916666666666,1.3266644359323287,1.9497993577208144,0.24898832809099972,19.852698016962858,0.9248338990659365,13.770176006188471,1.6771098540637657,564.0
7.083333333333333,1.3560194086844735,1.9785920068076053,0.2542356861926606,19.746586937047727,0.923438316209755,13.828604842238702,1.6862189700504482,564.0
7.09375,1.394087566827738,2.0156846806134405,0.2603375350889702,19.63936312367802,0.9214979927110456,13.918977923108333,1.6891303591193234,564.0
7.104166666666666,1.4329735728266606,2.0574257409873367,0.26723619944931276,19.53257087408005,0.919039883620644,14.017109351575309,1.690027216537617,564.0
7.114583333333333,1.478962006939287,2.106812737450166,0.27555543056037035,19.426609427396382,0.9160977080440992,14.104302507754147,1.6938840575783387,564.0
7.125,1.5277128513945144,2.161065447202485,0.28516729288783343,19.32116113032902,0.9126969088156006,14.176333370462778,1.6975235200758032,564.0
7.135416666666666,1.5747791011898193,2.2159890020839272,0.2956699288793318,19.21522213126216,0.9088371086193536,14.23987788485877,1.701230204055489,564.0
7.145833333333333,1.6269932975961137,2.275962709318028,0.3070621441738584,19.11291547347702,0.9047216847962664,14.269162665847729,1.7033186112398107,564.0
7.15625,1.6796382072102596,2.337348927343412,0.31953666399427966,19.013355948668014,0.9003829006890517,14.274146555380556,1.7073093059894229,564.0
7.166666666666666,1.728829821839091,2.3960421379453005,0.33282914111983175,18.913018096087118,0.8957075802752503,14.281997308897282,1.7135537052332324,564.0
7.177083333333333,1.7818327515947925,2.457567183087908,0.34621038837932167,18.81856440757403,0.8910544768491857,14.257867142528315,1.7171185950981986,564.0
7.1875,1.8323037230306658,2.5173086242242664,0.3606235253790328,18.726171461605375,0.8862881781303728,14.230667510775056,1.7243376664846084,564.0
7.197916666666666,1.8798124098433753,2.5734188837866694,0.3754401980533225,18.633064425502067,0.8812897768178162,14.218129737909603,1.73452282961392,564.0
7.208333333333333,1.9289446042338876,2.6305998875004395,0.3900360444832283,18.544278881878274,0.8763576011187337,14.195432062420883,1.4287323775962617,564.0
7.21875,1.9761867013575865,2.6857591882237557,0.40538638374361347,18.45672737060965,0.8713506850641777,14.179940893317198,1.417597188474571,564.0
7.229166666666666,2.0213683745822992,2.7376475086874983,0.42089275635935075,18.36842843742937,0.8661716770349484,14.179804379684077,1.4070740000143895,564.0
7.239583333333333,2.0659177871102026,2.789005994641269,0.4365570262238401,18.280165519076007,0.860879802161347,14.189383822246004,1.3974801389244345,564.0
7.25,2.1104360044714454,2.839428271773389,0.45263837518980893,18.190938698184574,0.8554286537523668,14.210310060788704,1.3882242693041174,564.0
7.260416666666666,2.1544674143536033,2.888119097248596,0.46869265373317365,18.1006747643394,0.8498263517957021,14.23915302286268,1.3794590409297987,564.0
7.270833333333333,2.1918676237908548,2.9335295882946335,0.4864328286440673,18.002261961373524,0.8436368239020465,14.301066922891154,1.3735317613063076,564.0
7.28125,2.2285425453149146,2.978173819517126,0.5045996501177976,17.894837781732207,0.8368076753616442,14.395994783866236,1.3739308981893403,564.0
7.291666666666666,2.271694141362732,3.025167715910823,0.5216620176075389,17.785460619557803,0.8298032159267491,14.488025654484186,1.3758110089359725,564.0
7.302083333333333,2.291870781526066,3.063439622492679,0.5430629328518759,17.656008137786138,0.8214835414899816,14.648531079573717,1.3801713015903583,564.0
7.3125,2.2911018276481303,3.094468040971227,0.5621777025944943,17.5106071442422,0.8121503345519716,14.862243581309961,1.3961524372408682,564.0
7.322916666666666,2.309573160652831,3.129068346004406,0.5781101901447598,17.361451201415935,0.8026429993240684,15.053621455055003,1.4109667274890287,564.0
7.333333333333333,2.173972289187362,3.112187135974073,0.5935070173666854,17.178478609800266,0.7911445234789563,15.372459693152036,1.4284083467684259,564.0
7.34375,1.9746793310229451,3.0645075099366563,0.5968470116579853,16.971411857458868,0.7784347257872354,15.796844669576421,1.79063057653343,564.0
7.354166666666666,1.8519644306103882,3.0318078481793513,0.593504140703143,16.76335900731489,0.7660598986404309,16.149409163884446,1.7427425581137477,564.0
7.364583333333333,1.5309253460961807,2.8915594902566712,0.5788010404276891,16.499498546562965,0.7510140473538424,16.939556240577524,1.767129881093654,564.0
7.375,1.2226499383015388,2.7095071677654072,0.5336308265864883,16.240421457920796,0.7370394437386764,18.081966127262827,1.7457774737886969,564.0
7.385416666666666,1.0403225009480155,2.5608499738983004,0.48376894013852706,16.057593566357593,0.7278412132082678,18.876869605259408,1.7697869804869426,564.0
7.395833333333333,0.8470751628987561,2.3680292309125623,0.43073729790384374,15.990012255328782,0.7250661256562695,19.570635378083207,1.8210435141211716,564.0
7.40625,0.7226865950488867,2.1884872261591783,0.37693829499816756,16.10610504140407,0.731524529983622,19.954900140610604,1.8628513425721198,564.0
7.416666666666666,0.6365580991185316,2.029804770165965,0.3325088001108901,16.42908883789936,0.747668994224767,20.066706407858092,2.0907730841740007,564.0
7.427083333333333,0.5850653565122391,1.8864554385916132,0.29498301339192096,16.95287831668043,0.7725976424729434,19.987795940818877,2.076797373107602,564.0
7.4375,0.5547262523260504,1.7607809882802847,0.26401866899514087,17.636948316415552,0.8039029263373566,19.735934489470274,2.067516178553968,564.0
7.447916666666666,0.5231300333512707,1.6431828401836368,0.23913230281488096,18.456886630130814,0.8399943905279428,19.502629328846023,2.0616756745275904,564.0
7.458333333333333,0.5253192741336675,1.5633005645718945,0.2199652561117159,19.30766135644293,0.8758979806353309,19.040203417069208,2.056583915584385,564.0
7.46875,0.5304448767082879,1.4931248129027332,0.2050006896059292,20.164535546927425,0.9104048302741441,18.532407671622252,2.0539274525141096,564.0
7.479166666666666,0.521116004655077,1.419200122852097,0.19246926983401938,21.030783517048672,0.9434375385869577,18.178634782045798,2.0527816392837073,564.0
7.489583333333333,0.5399338733534301,1.3728136481899709,0.18214829731560545,21.79420747309673,0.9708148375600252,17.61930314908888,2.050717820961325,564.0
7.5,0.5530541317486971,1.3243389185326697,0.1735696235624459,22.48868040300846,0.9941102793125445,17.082332387582678,2.0508378806825056,564.0
7.510416666666666,0.5484728239907224,1.2680846552309708,0.16586596178986746,23.14198045619413,1.0143991891861341,16.724177175697093,2.0520897951297807,564.0
7.520833333333333,0.5606819447590996,1.2254214122789826,0.15901455209333643,23.70309778579835,1.0303288165179347,16.334739519511665,2.0525061413157584,564.0
7.53125,0.5689045141094066,1.183544187942784,0.15318633885670907,24.203353428773205,1.0430993328998424,16.030340626171146,2.0543001565183867,564.0
7.541666666666666,0.5652349426622393,1.1409234197415918,0.1480040357621539,24.651037994000745,1.053064477208946,15.84064751728712,2.056417244218822,564.0
7.552083333333333,0.5736890849325256,1.1080785022339266,0.14348279383961018,25.028251289744432,1.0600142985904017,15.657006793701663,2.0579865438833784,564.0
7.5625,0.5811035683544777,1.0797042536782877,0.13967518868337847,25.341070237193996,1.0643396781652672,15.4769410001199,2.0600946716316884,564.0
7.572916666666666,0.5782119803989028,1.05086614522776,0.1364016936163477,25.602872052034677,1.0664130054078926,15.364029040018535,2.0629423053893348,564.0
7.583333333333333,0.5817156942679608,1.0277272744209196,0.13337314601087846,25.79999736478002,1.0664096925949025,15.182091535336006,2.0651524384271482,564.0
7.59375,0.5808195290280309,1.004358683317195,0.13075613910267952,25.949643534781384,1.064716196487874,15.01945130697005,2.069130635815312,564.0
7.604166666666666,0.5743131226668311,0.9809142992508493,0.1284147635440798,26.05842091118457,1.061453183358586,14.917930067254158,1.8401107727592145,564.0
7.614583333333333,0.5707281779518223,0.9605254394127865,0.12625642743171575,26.12664271835125,1.0568238970684756,14.842233597275094,1.8305295492768103,564.0
7.625,0.5672290137178104,0.9432658002973631,0.12444670263348168,26.158258000683883,1.0509067421370444,14.8039534184105,1.8220983217728386,564.0
7.635416666666666,0.56240670039781,0.9289157568980095,0.12296887029301916,26.155568026135022,1.0437860747820986,14.79804102339974,1.814807335252846,564.0
7.645833333333333,0.5586998835592518,0.91731650472254,0.12176139212643815,26.120399219602405,1.0354825724617922,14.827430306980785,1.8092294306862922,564.0
7.65625,0.5558026379771572,0.909705023862564,0.12091580735304305,26.054334109759523,1.026049328659142,14.885511113405956,1.8052418371934424,564.0
7.666666666666666,0.5538995373603829,0.9059730835443313,0.12041689429187456,25.960527276008296,1.0156866758600749,14.94666356913842,1.801566429980849,564.0
7.677083333333333,0.5501556064765165,0.9039282459552875,0.12021814733393484,25.838127301579064,1.0041572911828875,15.048483060290136,1.8011756570860082,564.0
7.6875,0.5436648285300413,0.9045964084827524,0.12033457877514465,25.688321870978136,0.9915022793261359,15.18852440496347,1.8035428742786386,564.0
7.697916666666666,0.5413429807993528,0.9098191080740784,0.12075147125412712,25.519082174408783,0.9782495525889502,15.307058537444524,1.8050898859135114,564.0
7.708333333333333,0.5243111196189763,0.9114409437284625,0.12137158063509686,25.321859263506006,0.9636079663647608,15.514318426534116,1.8134652815604713,564.0
7.71875,0.5076219428877748,0.9152432625732443,0.12215951731068357,25.104367597472606,0.9480232266167206,15.777173048903222,1.8249472144523424,564.0
7.729166666666666,0.5011971658018092,0.9249035881463848,0.12316921896582798,24.884567106515473,0.9325365809723744,15.981531444086938,1.8337545309255572,564.0
7.739583333333333,0.4926340805829055,0.9318323010520079,0.1246738092293211,24.637225065356134,0.9150367887830294,16.480261497205603,2.0882890442629756,564.0
7.75,0.4975337311903417,0.9489368059974613,0.12650664710216503,24.398834496140868,0.8975596525743753,17.10415097904799,2.0796449624324644,564.0
7.760416666666666,0.5093835745454112,0.9746580616271001,0.12870069732695022,24.20441795050079,0.8821134031544382,17.550820278175127,2.071119669752664,564.0
7.770833333333333,0.517738504070744,0.9980459100020495,0.1314899381776289,24.05333130942953,0.8680678959480398,18.15689431569148,2.065869338241283,564.0
7.78125,0.5291581338474305,1.0265366588476257,0.13441140547394434,23.972766053986085,0.8574933975985942,18.703400616237847,2.0595944660164585,564.0
7.791666666666666,0.5427564825098397,1.0580121062660939,0.1374440963155061,23.963267774871355,0.8513022976356794,19.008134260085146,2.063568639046278,564.0
7.802083333333333,0.5486410367550435,1.0833025924697317,0.1405752902090378,24.012943482784564,0.8495221932654369,19.442714358948862,2.087844287829703,564.0
7.8125,0.5617504057294004,1.1115079747468848,0.1435141207173722,24.10127913138754,0.8522859809409533,20.002690036054524,2.1117148935038763,564.0
7.822916666666666,0.5742670181622098,1.1378391715322413,0.1462824440347603,24.204418790084617,0.859008250379712,20.592101873412606,2.1326643784464747,564.0
7.833333333333333,0.595618760111508,1.164589240302588,0.14884237599101596,24.301903801539837,0.8688521780287976,21.059754730387095,2.1497466541663637,564.0
7.84375,0.6183725441055306,1.1890048532005775,0.1509873993017847,24.3787222789167,0.8807604678890445,21.272695427698363,2.1612776308926485,564.0
7.854166666666666,0.632073040802701,1.2054041780113451,0.1527278527057461,24.428579771255336,0.8942186864529618,21.4319152460544,2.1715276313503424,564.0
7.864583333333333,0.6509223160650781,1.2218721924560316,0.15335592121158764,24.44634667432774,0.9071545234863659,20.901640197606667,2.16687304835006,564.0
7.875,0.6565283000260673,1.2231489320595859,0.1532625256435335,24.438098391085187,0.9197427901912734,20.215178380438292,2.1577391539196227,564.0
7.885416666666666,0.6522447240992733,1.2120414692933645,0.1525163267945602,24.405548246258235,0.9323996410271392,19.776462252695108,2.1511326602278498,564.0
7.895833333333333,0.6565230648281495,1.2035146476160863,0.15085361631458835,24.356822969834198,0.9435502854419534,19.017990177812464,2.133677462200704,564.0
7.90625,0.6547657989337489,1.1865672279541117,0.1489429624741309,24.2950451972053,0.9537918837596292,18.283708920381873,2.1142513060846055,564.0
7.916666666666666,0.6461416644480951,1.1628131818090082,0.14677678651162443,24.22002027157286,0.9635364183124736,17.77633780829707,2.097950992367978,564.0
7.927083333333333,0.6476918526465131,1.1449085062177677,0.14431475042235628,24.142788889112794,0.9717506373610648,17.125630256275844,2.0737928524494897,564.0
7.9375,0.6449254625341182,1.1236664407854284,0.14196816234935686,24.062847459465157,0.9788986279759643,16.505514051681978,2.0480644962990078,564.0
7.947916666666666,0.6363973280586877,1.0990369836435483,0.13965418624437603,23.978094421902018,0.9852763055622282,16.013870207893117,2.0421299463611087,564.0
7.958333333333333,0.6350095823700976,1.0804048499733268,0.13734203092368,23.898114284024487,0.9902927847039319,15.465605727364926,2.0440196802125876,564.0
7.96875,0.6306847249447862,1.060972263087285,0.1353050053022661,23.81970471593766,0.9943109287826158,15.021254351251756,2.0472299727109617,564.0
7.979166666666666,0.6230029116066549,1.040589513969157,0.13340742459679428,23.740344937692697,0.9974680482288601,14.73406820480925,2.0512261758184303,564.0
7.989583333333333,0.6216513739192335,1.0258175562253646,0.1316727116343661,23.66598066789506,0.9995686876567558,14.48131882701262,2.0547956498045608,564.0
8.0,0.619788032252917,1.0123239000182218,0.13024348913173472,23.593683998293137,1.0007791202721652,14.298044435637166,2.0597857607300343,564.0
8.010416666666666,0.6158839605844098,0.9993706955840338,0.12900008212274705,23.521516748183082,1.0011310159473366,14.1965068165308,2.0657295654457934,564.0
8.020833333333332,0.6182978641511032,0.9920135097939767,0.12801186112120225,23.45326151521596,1.0006444358110909,14.102706315184403,1.8289353234010508,564.0
8.03125,0.6222818685331383,0.9874730730192548,0.12736502897820468,23.386823431529066,0.9993840392020619,14.037696069119841,1.8130319171943328,564.0
8.041666666666666,0.624391972478006,0.9841848583412377,0.12695141607752333,23.32047913872861,0.9973417541142723,14.015791824985804,1.7986906011345958,564.0
8.052083333333332,0.6334587927709205,0.9868369825033149,0.12686063847551357,23.257041540479367,0.9946625243139173,13.988208151036137,1.7820984072435275,564.0
8.0625,0.6441668687506432,0.9929659410041562,0.12712804578330267,23.19546803964025,0.9914039685756646,13.963542429947372,1.7646943019481705,564.0
8.072916666666666,0.6524569600286477,1.000256744820331,0.12766924978706956,23.133493748246206,0.987506124235897,13.965907329859217,1.7487834840565204,564.0
8.083333333333332,0.6662286849543047,1.0130633613947368,0.12848647801665325,23.07520827326886,0.9833200728985021,13.940060625022697,1.7287803725135633,564.0
8.09375,0.6805783448923606,1.0284066095623168,0.12968618288081046,23.017897293269286,0.9787642621011272,13.919635752768132,1.708451566321426,564.0
8.104166666666666,0.6932927553508894,1.0449120713212243,0.13114577518968443,22.959708524863377,0.9737508081631564,13.923121968474126,1.6895131942990296,564.0
8.114583333333332,0.7122003812676855,1.0669637458706651,0.13297622513779486,22.902159130751635,0.9684690450591839,13.93069212460016,1.6711093913362605,564.0
8.125,0.7344487369171413,1.0936446591223465,0.13526819320726838,22.843973524153146,0.9628647911301246,13.95194139731091,1.67504268399451,564.0
8.135416666666666,0.7564185686373968,1.123397315189173,0.13794483191512125,22.78446120257718,0.9569224836232507,13.98847297875344,1.6808234398016513,564.0
8.145833333333332,0.7844858891558164,1.1597286593461604,0.14110650591086607,22.726059494077774,0.9509448840127711,14.014505759778679,1.6834690955867362,564.0
8.15625,0.8143223016504902,1.2005443064592556,0.14480902244077648,22.66821125628887,0.9449360374058227,14.034231308486953,1.687918986165613,564.0
8.166666666666666,0.8436873771347119,1.2436695492140444,0.1490154902121274,22.60880380227652,0.9387260108990589,14.064099926383513,1.6945738365125198,564.0
8.177083333333332,0.8767985212917798,1.2923236086548617,0.1536687686721529,22.551742730088886,0.9327679947435995,14.074627265233417,1.6979878059101068,564.0
8.1875,0.9113455393274699,1.3442496716247896,0.15896874203158884,22.494676697192507,0.9268542494880988,14.086344023072755,1.7045697725949605,564.0
8.197916666666666,0.9472702340754935,1.398426421215801,0.1648352080870589,22.43594898958509,0.9208496303099079,14.110091995468204,1.713832849382466,564.0
8.208333333333332,0.9880466939621534,1.4580735674170082,0.1712964951890004,22.378213295000034,0.9150560656436375,14.129022029921236,1.719888180897869,564.0
8.21875,1.0320147150325667,1.5217310799078452,0.17856128698001397,22.31995976082763,0.9093450613501866,14.152534401389538,1.7295406663759518,564.0
8.229166666666666,1.078547564427834,1.5881157102190593,0.18659077489609538,22.259890475281185,0.903617873794463,14.185880762643132,1.4280060769426974,564.0
8.239583333333332,1.1294831930480687,1.6593601677918832,0.19539859838055723,22.2002623212695,0.8981104610020977,14.216416511474664,1.4171641205619816,564.0
8.25,1.18332237410383,1.7337302825281096,0.20517590611380704,22.13981177193144,0.892718217887308,14.249916370463538,1.4057197139383484,564.0
8.260416666666666,1.2398780662455904,1.80983741409395,0.21585718086904251,22.077447774611162,0.8873629356988652,14.289736154619531,1.3947188618985522,564.0
8.270833333333332,1.2933887760222622,1.8867908929766422,0.22773643425916726,22.009375352769837,0.8817599486567387,14.34864684927653,1.386236895943465,564.0
8.28125,1.3450828953253053,1.9653014246400657,0.24080374422987577,21.933438792328914,0.875804409849305,14.43104238084641,1.3828498143328392,564.0
8.291666666666666,1.4065385422912147,2.0487659210741804,0.25467459079945254,21.854848436004133,0.869957291453558,14.51195214644685,1.3814346730826692,564.0
8.302083333333332,1.4441285877029557,2.12680473827471,0.27086108789612356,21.75868242998196,0.8632164705070939,14.645586112502217,1.3829607256194274,564.0
8.3125,1.4561587827807243,2.2011446797474123,0.28810534611290345,21.645410222820093,0.8558137659307757,14.834887407975883,1.3971950882814428,564.0
8.322916666666666,1.4940203292036043,2.2848592776281587,0.30591321874110666,21.528258704891826,0.8487033259653114,15.013842809144233,1.4124062627729648,564.0
8.333333333333332,1.3945213437919415,2.327770656772534,0.3268079078372689,21.37013829088648,0.8398617285071331,15.378495279228003,1.4330983314741188,564.0
8.34375,1.2600753722861557,2.357386476219966,0.345980528957323,21.18546320958178,0.8304372814132874,15.933265146480485,1.7944319115635907,564.0
8.354166666666666,1.2049837196347344,2.4086189380642584,0.3644065554280425,21.004290865549443,0.821939375619267,16.430624849620962,1.7332610683882117,564.0
8.364583333333332,0.9910201265519734,2.360078163761227,0.37840118605727696,20.783129979499325,0.8123506868522687,17.394212284620526,1.7554874026443439,564.0
8.375,0.7993237820418022,2.268738340463432,0.37336939747237285,20.594119061191133,0.8047425550983267,18.684179651354597,1.7799987000130297,564.0
8.385416666666666,0.7003932357198165,2.1935578694422926,0.35964914488687966,20.506812850852384,0.8015125058200142,19.47253518943762,1.825537494512699,564.0
8.395833333333332,0.5870139440494905,2.063986332161639,0.3367060678125453,20.56808377383269,0.8040561940195193,20.106103330938684,1.8804160936156924,564.0
8.40625,0.5228739670983487,1.9375409320717383,0.3077382479643182,20.818273804047948,0.8134412176632417,20.372005849037674,2.086553798062732,564.0
8.416666666666666,0.48029353439824896,1.8190942384447686,0.2809067545668766,21.262598071982136,0.8293991685131669,20.386786487539336,2.0715953599606074,564.0
8.427083333333332,0.46254393254744264,1.7157781264694152,0.25642206448325244,21.86134243663144,0.8500503107014221,20.123511797335112,2.0617697461456976,564.0
8.4375,0.45241652721273246,1.6178791716676115,0.2349904987692276,22.573836573772294,0.8735645901184355,19.739999145796542,2.0589914551874444,564.0
8.447916666666666,0.4373635251382313,1.5210694690137814,0.21674113027950528,23.37586880419833,0.8986952665550416,19.461242363724715,2.0698463323628085,564.0
8.458333333333332,0.44609138618263255,1.4561405434792485,0.20225684851853268,24.1754535067402,0.92226506778937,19.12942205503724,2.0752100846732566,564.0
8.46875,0.4552480983543728,1.3978066815542798,0.19065411742841726,24.958377717663495,0.943767765145652,18.86292457969347,2.0784906166230996,564.0
8.479166666666666,0.4527354970180417,1.3364355838547621,0.18072470872402452,25.718570987755864,0.9629623541783023,18.73681399234709,2.0831985761514846,564.0
8.489583333333332,0.4701075777429236,1.2970235931885579,0.17254553417032858,26.3877708127069,0.9782792101368504,18.449114167989997,2.080146334438431,564.0
8.5,0.4851645541892373,1.2588919524295863,0.16571352413080628,26.979405559759996,0.9903684118550925,18.1228619193011,2.0748498974225873,564.0
8.510416666666666,0.4863373806802656,1.215116847833384,0.15959164780771784,27.505920831052105,0.9997201702416003,17.884407468898274,2.0714754220372478,564.0
8.520833333333332,0.5036825292382917,1.1860162903191487,0.1541609796687652,27.924784895044446,1.0059268421179435,17.446979154859577,2.0593853593840272,564.0
8.53125,0.5154041535944746,1.1544735500020835,0.1494310911005479,28.26561629341077,1.0098356181146437,16.985108992432714,2.045432665628018,564.0
8.541666666666666,0.5143793439295609,1.1178620654435891,0.1450723933005534,28.544803561620366,1.011830685828621,16.606496506411645,2.0446796736373583,564.0
8.552083333333332,0.5216463647120485,1.0881166817086176,0.14106524904633824,28.75393693031591,1.0120236816694723,16.228819802767102,2.0455411080009096,564.0
8.5625,0.525437387332216,1.059140367277783,0.1377048379725595,28.909275200973077,1.0105372100506556,16.03152610629201,2.0473005094222634,564.0
8.572916666666666,0.5253059695783309,1.0346553612245042,0.13478852575457315,29.005049026618998,1.0074122307735134,15.929792148541003,2.0483026953149177,564.0
8.583333333333332,0.5312815123780289,1.0157729938633544,0.13279795259408425,29.04378466374653,1.0021049340363075,16.13880963495605,2.0501108357227373,564.0
8.59375,0.5476465190815708,1.0130058682438359,0.13183182097788274,29.01034937102896,0.9945184304066286,16.522688921235932,2.050002230567819,564.0
8.604166666666666,0.5629039371877953,1.0209051080945029,0.13170771039504997,28.905265139394356,0.98519538459603,16.833921899656794,2.0492443248848455,564.0
8.614583333333332,0.5891411051701638,1.0374151436414705,0.13292330723646195,28.711865505370056,0.9732603821757893,17.39256136041877,2.068277217843692,564.0
8.625,0.6280873966795576,1.0704992481232372,0.13528739917514954,28.429513268247874,0.9595578242009412,18.1802488666684,2.093525337318982,564.0
8.635416666666666,0.6630630302917826,1.1116438211979474,0.1384220001941948,28.075597800874817,0.9455288393660846,18.97599614584334,2.114926439788181,564.0
8.645833333333332,0.7013700799041787,1.1576487002621747,0.14295638908496314,27.614297985765333,0.9307565773210749,20.208141084745083,2.146524844839235,564.0
8.65625,0.7427749131546499,1.2150855341007254,0.14838413744438167,27.06582017984423,0.917172643071287,21.479345049375436,2.176764110459058,564.0
8.666666666666666,0.781660346609701,1.2775775033558388,0.15447407570232144,26.453605821250388,0.9061454722965393,22.387713751317833,2.200750989846515,564.0
8.677083333333332,0.8077785415000776,1.3352905229338807,0.16124696184048032,25.75849822045693,0.8979566720362291,23.331070670596894,2.226029908663852,564.0
8.6875,0.8251450683385446,1.3918553875351687,0.1680904528438037,25.013400908698696,0.8933747925133302,24.01748461546567,2.4554164760247783,564.0
8.697916666666666,0.8461859174171479,1.4482765664044086,0.17515788130990592,24.237597567248667,0.8924182235466137,24.440268690464837,2.4538469043831976,564.0
8.708333333333332,0.8336646222188773,1.4868224170967606,0.1810905616878577,23.460900190656993,0.8947793102344547,24.552917531686813,2.452299532135598,564.0
8.71875,0.8140392544249703,1.514507107841029,0.18617343652678783,22.698156627597413,0.8999984423829295,24.53066893619053,2.451229285442157,564.0
8.729166666666666,0.807595789175691,1.5403674783519359,0.190857526096092,21.95984984049315,0.9077023993880544,24.546136544666467,2.4506573054063967,564.0
8.739583333333332,0.7942596451611487,1.555087460969368,0.19457984476957738,21.252246907908088,0.9177137315793238,24.76703154963809,2.450669872797195,564.0
8.75,0.7857147104256363,1.5665537044707836,0.19767066549955814,20.592417988588096,0.929852180232642,25.154356049791485,2.4508108005106872,564.0
8.760416666666666,0.7872207060727514,1.5816680627077213,0.2003324332434025,20.009605418908617,0.9436284326356024,25.388534375185355,2.4503479710098577,564.0
8.770833333333332,0.7820748985301527,1.5834151194629242,0.20332271731051835,19.467161640930392,0.9603516482935933,26.66808963766523,2.4528455206619255,564.0
8.78125,0.7940316836324391,1.5954322924285882,0.20599357953960815,19.00772915693106,0.97944697890926,28.09639476383493,2.4538601582822164,564.0
8.791666666666666,0.8108204945830334,1.6149947482948017,0.20835580513875934,18.650638825668768,0.9999639724053112,28.80582540203232,2.453264164473512,564.0
8.802083333333332,0.8288924747256614,1.6292884672831973,0.2114082588434616,18.368213923152958,1.022890002090893,30.149299844433507,2.4653665481868305,564.0
8.8125,0.849771739479233,1.6486398345821816,0.21362043993481283,18.164713768999235,1.046629259864184,31.957412773775015,2.4892405100592994,564.0
8.822916666666666,0.8628688288257184,1.662662991407041,0.21536327564599728,18.023103088319086,1.0705738069744501,34.07741339331982,2.513869319279926,564.0
8.833333333333332,0.8688067264254521,1.6699195985901305,0.2158611565999102,17.930642758282513,1.0936144240052956,35.46794044486661,2.5328252623991956,564.0
8.84375,0.8697500439759035,1.6693189123014973,0.21542853785827373,17.873860841409165,1.1151915013772538,36.31404732329707,2.5476862978690082,564.0
8.854166666666666,0.8668605343435156,1.6620689298033384,0.21435249804765327,17.84157459037106,1.1350015233162754,37.10394438338816,2.5617042667512804,564.0
8.864583333333332,0.8722757025334664,1.659047567614752,0.21275587233938303,17.824706593846063,1.1522086245198524,37.12849279768174,2.568306882706104,564.0
8.875,0.8762590443991781,1.6537587516319054,0.2110545621647282,17.81388695326993,1.1668164917764299,36.92215884136517,2.5710017767199638,564.0
8.885416666666666,0.8736318307848796,1.6428563975021773,0.20921696510757776,17.800543029755488,1.1788936443054254,36.98712933389875,2.574335925662595,564.0
8.895833333333332,0.8905803244893011,1.644034475627142,0.20631372518588703,17.779011113105344,1.1875126378066712,35.01798838543045,2.557368498424294,564.0
8.90625,0.8979817717041967,1.6324591899589636,0.2028962338262793,17.74489319264631,1.19328867928105,32.86123356605791,2.532565475540204,564.0
8.916666666666666,0.8878374013007084,1.604718818579058,0.1991506474439828,17.69240570847831,1.1965783067367444,31.596686127853605,2.5126557928419575,564.0
8.927083333333332,0.8960274604969832,1.587787915248821,0.19413155553612685,17.626749461034972,1.1972731890407515,28.740686888227152,2.473319722659997,564.0
8.9375,0.888129816388396,1.5564534311835556,0.18915349927448197,17.545910363769682,1.1959337672779584,25.850876184878913,2.44144481396933,564.0
8.947916666666666,0.8684176810234251,1.515283195299575,0.1842482178256555,17.444930562647173,1.1926100905170458,23.77528547490423,2.4413644555801235,564.0
8.958333333333332,0.8597899883792863,1.484443178982241,0.1790200494307804,17.335565012607024,1.1878920749180006,22.024948338497293,2.439539850092726,564.0
8.96875,0.8436322577691945,1.4489978841170794,0.17448065582922645,17.213831371386803,1.1818295865047288,20.853660643095566,2.439627768401645,564.0
8.979166666666666,0.8238906266526644,1.4119182480483912,0.17038013376591288,17.07569336456154,1.174262184032866,20.242149618100136,2.440783131093141,564.0
8.989583333333332,0.8193905930559254,1.3869029703455609,0.16671080819031847,16.93149691491647,1.1657831824830058,19.588235618577247,2.4406908154920637,564.0
9.0,0.8156876688078407,1.3647059597651483,0.16377624469602092,16.778995453092456,1.1562926396305266,19.026516821217342,2.4415705716797316,564.0
9.010416666666666,0.8078963866628736,1.3431303483181756,0.1613456794270698,16.614852790114846,1.1455597998001692,18.681651151645376,2.2163546745656886,564.0
9.020833333333332,0.8140781734151662,1.3327029263071721,0.15935625033738002,16.451499028101352,1.1344099959802785,18.203571819117055,2.196212694699368,564.0
9.03125,0.8211175910839416,1.325085236650693,0.15804506376414582,16.284789767913,1.122611554133944,17.761016256811956,2.1762708488207876,564.0
9.041666666666666,0.8231860787088282,1.3179869263068698,0.15715837925564358,16.11103648163611,1.1099319207668386,17.4611921526995,2.1586085378240294,564.0
9.052083333333332,0.8385092860292895,1.3213495357937295,0.156771301166127,15.94030066969845,1.0971649881401455,17.09607172375752,2.1379727731466702,564.0
9.0625,0.8542374729063728,1.3286648815438038,0.1569492865083393,15.77165896361831,1.0843311477567015,16.70755938483027,2.115960566051515,564.0
9.072916666666666,0.8642833710401493,1.3361728932114791,0.15759946231613425,15.598822035982455,1.0710284770244274,16.412383788982414,2.096079189476974,564.0
9.083333333333332,0.8819262495325499,1.351720544711054,0.15850258724279728,15.43584955118369,1.0584218297415229,16.006291155472677,2.070832146409611,564.0
9.09375,0.8977357588735728,1.3686747110380362,0.1599806232536833,15.275431892364855,1.0460229811628987,15.609070845036774,2.0449413833336956,564.0
9.104166666666666,0.9108109463303152,1.3861126660357836,0.161848699645187,15.112063633552332,1.0334734073974832,15.27349125028223,2.0411019671003805,564.0
9.114583333333332,0.9317883034874003,1.411664593980673,0.1640220120795277,14.957667118749237,1.0217410922266215,14.895812027971683,2.043416446967021,564.0
9.125,0.9532350994287733,1.4403669735267959,0.16682779607879025,14.806993497542116,1.0104573832227493,14.576075065582632,2.0466431620945422,564.0
9.135416666666666,0.9734474790186354,1.470432430450051,0.17018036805283182,14.653681838513458,0.9991815030518326,14.367301393519359,2.050656623950393,564.0
9.145833333333332,1.002474051860439,1.5088356001557686,0.1739078489839661,14.509752816701047,0.9888096113083534,14.16768733126874,2.0542964409010724,564.0
9.15625,1.033520785301917,1.5506045520083063,0.17843260594771548,14.36875817044953,0.978865499468005,14.015360158061405,2.059558794923567,564.0
9.166666666666666,1.0642167087912628,1.5941435785592875,0.1836263039349575,14.22550710033154,0.9689890700949949,13.930506438489017,2.0661294168346243,564.0
9.177083333333332,1.1046055197833753,1.64589895545416,0.1893918139637983,14.089409319968867,0.9598182751586678,13.846526501593965,1.8205693001286536,564.0
9.1875,1.1465276915311673,1.7014586825263223,0.19617003014412143,13.954984970006532,0.9509592464243848,13.791324174301574,1.8022865782881394,564.0
9.197916666666666,1.1891714741718047,1.7596973617691674,0.2038493383168554,13.818983515941772,0.9421896528427651,13.77570599450431,1.7853163177879778,564.0
9.208333333333332,1.236723837828898,1.8249627427755577,0.212470223057747,13.687104274370204,0.9338617274211733,13.765265747904254,1.7664954941679536,564.0
9.21875,1.2869487822479917,1.89496966722038,0.22240376800633108,13.556905178532135,0.9257990333925948,13.769327218446735,1.747535105287998,564.0
9.229166666666666,1.340258075423968,1.9681483556602224,0.23363470883197027,13.425987698596206,0.9178401795763045,13.795645598809786,1.7296131318988914,564.0
9.239583333333332,1.3971268500969116,2.0467104234279097,0.24590295185735037,13.302029797912388,0.9104315622490118,13.80764013001515,1.7085571267197266,564.0
9.25,1.4544863577065814,2.1265356793309125,0.25966068287747757,13.181472956783029,0.9033361939702304,13.822075588434206,1.6868638430969956,564.0
9.260416666666666,1.5142164279384895,2.2062651740858934,0.27478573102304343,13.061087345165292,0.8963512461630355,13.852471460556167,1.6706366094351457,564.0
9.270833333333332,1.5671574500483336,2.284460349098472,0.29168762627681116,12.934519305162246,0.889107414476116,13.922788558438095,1.6784738787799973,564.0
9.28125,1.617086344450266,2.3629243290673503,0.3104704660816906,12.798300989437518,0.8814155349761552,14.046295769959471,1.686981553803444,564.0
9.291666666666666,1.6809888362863399,2.448087556086747,0.33032230897453985,12.663674299501992,0.8739081746726891,14.174888247897774,1.6842584682256996,564.0
9.302083333333332,1.7124494286914704,2.5242239669743225,0.3545187425875251,12.507268555404659,0.8652857457201424,14.411450335968334,1.696418014778888,564.0
9.3125,1.708947385592456,2.5939652412718455,0.3797971765408504,12.338212181450178,0.8560528872156401,14.739044118901065,1.698524182138566,564.0
9.322916666666666,1.7381749092987369,2.674874840053143,0.4058134910425239,12.176587657072368,0.847259667420222,15.042329369783403,1.6861598351796712,564.0
9.333333333333332,1.5925381958311198,2.6979052647004518,0.4343025140971238,11.991961719047774,0.8371446020366923,15.543830588927339,1.7119616563192372,564.0
9.34375,1.4110044528649996,2.6996606974926585,0.45644673281494547,11.8137238841999,0.8270630760903535,16.13159806190138,1.7479228459551626,564.0
9.354166666666666,1.3229875040872445,2.722053858768235,0.4757846727113085,11.671263438446923,0.8182914656727405,16.578978522856286,1.7769149342082196,564.0
9.364583333333332,1.0937945144280135,2.6492543375805133,0.4833823696789999,11.566127481392604,0.8099444854166796,17.304384961677805,1.8262832616302191,564.0
9.375,0.8835940160820936,2.530189015496709,0.464792876087808,11.562129974941877,0.8042752765415548,18.10347543065722,1.873928602862163,564.0
9.385416666666666,0.7657592167067724,2.4231242603647276,0.4356628728451481,11.706352761233568,0.8028781811600563,18.617916057917622,2.081010166414312,564.0
9.395833333333332,0.636695810155495,2.264865001295965,0.3962041413378187,12.062709764440818,0.806900078658744,19.133456863790162,2.070049568495978,564.0
9.40625,0.5591345417596818,2.1077765419001273,0.3520814819057882,12.659068435381588,0.8171282192542322,19.445575734158272,2.062211861337634,564.0
9.416666666666666,0.508450863653032,1.964362440437204,0.31337428870939926,13.501150419999497,0.8333013164111567,19.574241247015657,2.0772468323984126,564.0
9.427083333333332,0.4868110746909292,1.8379822623000484,0.28020974228462353,14.559739160325986,0.8541549344024713,19.67626714268664,2.0976313475338317,564.0
9.4375,0.48093056344203133,1.729906986701706,0.25275967790730336,15.759400937780867,0.8773621577620558,19.710688104006547,2.111775893884251,564.0
9.447916666666666,0.46496058790868394,1.6204721420315076,0.2302697022912266,17.104116011240507,0.9021428170658485,19.83760398537781,2.125991186417662,564.0
9.458333333333332,0.4807013980615064,1.5517081810372795,0.21268653791206274,18.4014021803341,0.9243759036604592,19.501530399991402,2.1253550026884147,564.0
9.46875,0.4905373260160704,1.481056766831571,0.19849846855225134,19.68616380073905,0.9444468261677355,19.062743312634872,2.121339147566146,564.0
9.479166666666666,0.48452152823704575,1.4031962655260857,0.1861867358058153,20.98724227562177,0.9624967919806454,18.770811963304595,2.1195483791317677,564.0
9.489583333333332,0.4954462238869218,1.3429835834168504,0.1757535701730102,22.214305108535765,0.977140769034474,18.41069984825934,2.113237714460786,564.0
9.5,0.5046412357996355,1.2865435656652657,0.16699799611691526,23.386994295352178,0.988699682177072,18.09204665039892,2.1068180792201368,564.0
9.510416666666666,0.5020033006304059,1.2297012183946092,0.15936744115864224,24.511856544099473,0.9972478633239491,17.875068829557875,2.1022618051817217,564.0
9.520833333333332,0.5159371241824992,1.1878107648931389,0.15288995566895197,25.522438691398868,1.0024881288008844,17.575412584904544,2.093552965886963,564.0
9.53125,0.5295717424372933,1.1502489114676675,0.14747489943085637,26.43862312696764,1.0048939651120203,17.27116886104293,2.083996959773007,564.0
9.541666666666666,0.530739289082226,1.111350436634909,0.14273091775615854,27.278398810589053,1.004724936937216,17.040492581906836,2.0763778143468268,564.0
9.552083333333332,0.5444962242234906,1.0818146574045282,0.13858906814819552,28.00407485475163,1.0022689453245168,16.762885956886215,2.065837517690022,564.0
9.5625,0.5554418544819499,1.054623549935673,0.13509748713891262,28.638946370733446,0.9977813882851302,16.51452332978954,2.056110719802916,564.0
9.572916666666666,0.5568588959048452,1.0279318021150592,0.1320454617211599,29.186114133625164,0.991421357094048,16.308751937960803,2.04798086587973,564.0
9.583333333333332,0.5636664071466029,1.0061955876494675,0.1293889139415363,29.638116532519003,0.9834645592975928,16.11260118327899,2.043810688500015,564.0
9.59375,0.5697175169950528,0.9882662135501387,0.12721316693316442,29.999382800698726,0.9740388044156949,15.949858864674074,2.0446956104370617,564.0
9.604166666666666,0.5705170782581606,0.9726594294580174,0.12542009477323143,30.269041257228093,0.9633601689076846,15.834895460355538,2.0454606244193476,564.0
9.614583333333332,0.5754712790660605,0.9607064916427034,0.12400263243007309,30.451450622412864,0.9513874964423401,15.807770480080928,2.046270707837791,564.0
9.625,0.5823974072996341,0.9539601316957279,0.12300673206665162,30.54396164329285,0.9384133886094675,15.834310409710293,2.0466635581547825,564.0
9.635416666666666,0.5865720467179713,0.9505589816700424,0.12237956824673946,30.54920391522929,0.924824963932801,15.870969829442723,2.0467421695817944,564.0
9.645833333333332,0.5890060834620374,0.9487586193222264,0.12212952797577384,30.468722993012875,0.910211535391882,15.999379820676257,2.047187331536942,564.0
9.65625,0.5903891383303935,0.9516642812475439,0.1222662700579751,30.303504644771053,0.895021495247904,16.17741387101878,2.0474580185088507,564.0
9.666666666666666,0.5938205454936539,0.9596304818554297,0.12276717043536597,30.06613496504367,0.8799878667576372,16.31851864743166,2.0510762121012442,564.0
9.677083333333332,0.5879763412571882,0.9668312478619308,0.12362037485683774,29.751825311068536,0.8646318576236227,16.558493516323228,2.0620254743158206,564.0
9.6875,0.5777415631222543,0.976622998321539,0.12466420240408899,29.38133193037229,0.8498827153610952,16.83309805704969,2.0730274592567253,564.0
9.697916666666666,0.573910842719295,0.9901148397390908,0.12598596165813863,28.971702611604695,0.8361653351479313,17.108605901681404,2.08272356414093,564.0
9.708333333333332,0.5468949361249467,0.9951956507774407,0.12712575954148136,28.531384825370477,0.8235942365486345,17.394866211186194,2.0926307729096525,564.0
9.71875,0.5173613250698794,0.9970109554539366,0.12816392664464873,28.067712452106818,0.8123353989916291,17.715567409486678,2.1038504010242187,564.0
9.729166666666666,0.5025361400399799,1.0028527733587114,0.12920499314576972,27.601788411520168,0.8028632008601018,17.989927241474042,2.1135244159633793,564.0
9.739583333333332,0.4804387381460866,1.0020864071426212,0.13040181067093912,27.094482908613024,0.7946050640394018,18.652893407441447,2.135533309519261,564.0
9.75,0.47017650087006396,1.0096140635676438,0.13175629612372583,26.586616280041092,0.7886134872186308,19.501879004066936,2.160176989158092,564.0
9.760416666666666,0.4708048415472134,1.0261137001452707,0.13339394009045047,26.11600522165471,0.785393115798225,20.173438016137997,2.1802821276880264,564.0
9.770833333333332,0.46982772437871084,1.0394974411953781,0.13536484620732983,25.662814691801366,0.7849083956782821,21.06769752149141,2.206345692151088,564.0
9.78125,0.476486239102508,1.0582980854718282,0.1373968389573049,25.25733388816125,0.7873324504602,21.89758748918656,2.2302931676456796,564.0
9.791666666666666,0.4851391344729758,1.0790514974936354,0.13944247960343165,24.910347205844868,0.7923572607332762,22.446789917112717,2.450203657399463,564.0
9.802083333333332,0.4959055775995427,1.096664575029163,0.1414864727097439,24.6083926900467,0.7998534841820386,23.070926566884584,2.4495084136137235,564.0
9.8125,0.5140929480121582,1.116952403112951,0.143329506107664,24.356832739963295,0.8092570307249063,23.52880032746036,2.448329007359304,564.0
9.822916666666666,0.5276172852247668,1.1337590185345474,0.14491282736222905,24.150036238295716,0.8200815652293266,23.8103721347518,2.4473206466781563,564.0
9.833333333333332,0.555924766434271,1.1536933983954416,0.14638041470363597,23.982441352223695,0.8318836608304817,23.972943089991226,2.4464874295885144,564.0
9.84375,0.5857294983754328,1.1714729444820913,0.1475101356080592,23.85042754027748,0.844178242403081,23.99500868867685,2.4456172273163514,564.0
9.854166666666666,0.6031379683901499,1.1813424287981056,0.14822883207834964,23.74900906578216,0.856738139791807,24.023772730352636,2.4451504501232977,564.0
9.864583333333332,0.6254504570342153,1.1924133615848735,0.14848594688522546,23.678177378171583,0.8687009983062327,23.6587273376076,2.44362137789651,564.0
9.875,0.6399484386665384,1.1964206604097218,0.14842555857451348,23.63133548954855,0.8800631453857756,23.237225958136225,2.4428477295513895,564.0
9.885416666666666,0.6446680991698089,1.19308741825463,0.1480406523157222,23.603849503957743,0.8908345656824466,23.021514818507608,2.4427893574331936,564.0
9.895833333333332,0.6555064364241897,1.1927384649914299,0.14714334786974068,23.592857026315713,0.9000438513289667,22.35677146255242,2.4409931408749626,564.0
9.90625,0.6587837523581139,1.1851950144989127,0.14601010065969203,23.592579089682438,0.9078962338148374,21.638856464948944,2.4402073698985935,564.0
9.916666666666666,0.6540926145031338,1.1703726970253503,0.14466317982605584,23.599315412275054,0.9145811753471692,21.2347539712664,2.440569451410261,564.0
9.927083333333332,0.654813206664785,1.1590052943971998,0.14291110953217762,23.609024541528527,0.9194970645837987,20.535808698322356,2.4392015160048914,564.0
9.9375,0.6520478461504101,1.1433223975957627,0.14118889641076451,23.61922079523389,0.9229530409697834,19.89681842672843,2.439139354406559,564.0
9.947916666666666,0.6447938266432583,1.1240339419329348,0.13941902800427441,23.628077020606742,0.925006334765942,19.51978829988653,2.4399201283373047,564.0
9.958333333333332,0.6481497020339692,1.1113213147293992,0.13765781993109802,23.633332497465645,0.9255494421217215,19.018875252147147,2.439537499239178,564.0
9.96875,0.6500798961907427,1.0983184671980235,0.13609359404719945,23.63404841922865,0.9247382460752702,18.532460420586908,2.43997210346095,564.0
9.979166666666666,0.6466674559738649,1.083274154850034,0.13464397079166862,23.629013362534735,0.922579669951786,18.220827555119953,2.215059564488149,564.0
9.989583333333332,0.6498930605741968,1.0738873851009545,0.13311795318305664,23.618357194307478,0.9195003832716113,17.65750790047757,2.194118976063609,564.0
10.0,0.6476161743589288,1.0611203717817346,0.13175002331272392,23.60178750765463,0.9156066436010084,17.098073048350678,2.1720362799202126,564.0
10.010416666666666,0.6407293881377834,1.0451496923013353,0.13041351125028275,23.577767300056188,0.9107951283803927,16.716021198585,2.152765603558982,564.0
10.020833333333332,0.6403550283059016,1.0341029276606255,0.1290730172295765,23.54814957905147,0.9056181781949858,16.27047949890769,2.1282698584905075,564.0
10.03125,0.6399265112075105,1.0235189967639156,0.12798897297463108,23.511581724522138,0.8999528225164201,15.883793337138185,2.103848923984654,564.0
10.041666666666666,0.6373650277114127,1.0131193811786974,0.12704816043899123,23.466295438343394,0.893691811714735,15.60133184298799,2.0815583626690013,564.0
10.052083333333332,0.6430752314649097,1.0091256248942775,0.12636387716633105,23.41425958018858,0.8872304037352988,15.312374218816025,2.05692454454044,564.0
10.0625,0.6505024667533144,1.0085653856879833,0.12606981982157014,23.353494540611113,0.8804125175217785,15.060568879893827,2.0398375155077604,564.0
10.072916666666666,0.6561230679826277,1.0101736227861882,0.12603949344399673,23.28268894414629,0.8732131120475605,14.844846893479023,2.0422505292721995,564.0
10.083333333333332,0.6694217915246721,1.0189576906834146,0.12651751265156172,23.201042920049744,0.8656770040431777,14.678422331643523,2.0449613519258856,564.0
10.09375,0.6870781694825254,1.0344748553766876,0.12752605529859404,23.10769356159549,0.8578471586113744,14.574844081493165,2.0475757066658264,564.0
10.104166666666666,0.7038592273554423,1.0542474189939108,0.12896311026039686,23.002297684988026,0.8498100437684684,14.52424823838758,2.0500416962495778,564.0
10.114583333333332,0.7263381927073629,1.0813984717359777,0.13093513025188927,22.88827531472922,0.8418937503441796,14.480700217995999,2.052207791191107,564.0
10.125,0.750305531858635,1.113326666226545,0.13344378004469237,22.764744342212186,0.8340729445145494,14.448238872498022,2.054793727052891,564.0
10.135416666666666,0.7732180408260688,1.1477935856854493,0.13638564045481996,22.62936907855741,0.8262619461706036,14.4405026378785,2.057747103203836,564.0
10.145833333333332,0.80161425245355,1.1887771266081697,0.13989239855610158,22.484105703790863,0.81863456427147,14.44030604202564,2.060612438731972,564.0
10.15625,0.8341320976959122,1.2357570933891524,0.1440758564006343,22.32637301680637,0.8111148960813216,14.460933070185199,2.0637858673113407,564.0
10.166666666666666,0.8684326441630333,1.2875880829757322,0.14883825905532055,22.157118588402234,0.8038140425151415,14.492757380304553,2.0668253875340055,564.0
10.177083333333332,0.9105289528481405,1.3478554085856342,0.15454161618348675,21.974690943085566,0.7967250445262706,14.541063908712802,2.069883821473618,564.0
10.1875,0.9590738256602951,1.416530312818504,0.1612425749081012,21.779740843807065,0.7899388611195031,14.599044070333132,2.0726637895808664,564.0
10.197916666666666,1.0104031463080139,1.491329253794834,0.16889611352080153,21.574483954585947,0.7835783964657156,14.654659237973053,1.8411373123373844,564.0
10.208333333333332,1.070174830429588,1.5751322312270322,0.1781776268124805,21.349982829407416,0.7774490619707638,14.74674104109322,1.8402774114508673,564.0
10.21875,1.1396490990810386,1.6697782364471732,0.18921471506154497,21.10658141315716,0.7716895900394865,14.87025477208193,1.8419647063282385,564.0
10.229166666666666,1.2151791014027826,1.773335559067619,0.20187748179857923,20.854489570995483,0.7666162392804211,14.976228044284444,1.842377043007381,564.0
10.239583333333332,1.2966570409540592,1.885772799718274,0.21810828820680717,20.564594777254918,0.7618238022222116,15.188855506430063,2.079493793786574,564.0
10.25,1.3922406839767743,2.013414981774036,0.23755993344984716,20.25039624179662,0.7578134025592224,15.448222397546989,2.07684438813257,564.0
10.260416666666666,1.4973574338477482,2.152027493142951,0.26032823194667026,19.93003756002432,0.7549335414724968,15.653669878703138,2.0731745395715713,564.0
10.270833333333332,1.5880837253057585,2.2921461486051897,0.28994228335714056,19.565961907817993,0.7530923721627487,15.98543676541831,2.0708494090490874,564.0
10.28125,1.6771813362914243,2.4403473537801808,0.32525781916553864,19.178072777657803,0.7527668080131156,16.357809158035124,2.066408308679142,564.0
10.291666666666666,1.784839406737878,2.59742642694349,0.3665819024176777,18.790639557937578,0.7540998545713391,16.62153128086366,2.061596404198736,564.0
10.302083333333332,1.830921888531808,2.735351335946746,0.41957172179092783,18.359186193039733,0.7575140605624673,17.05941788167151,2.0590127845436825,564.0
10.3125,1.8221890529005351,2.8562877839840115,0.4809524902259325,17.895436614292727,0.76344077941237,17.674271248275126,2.062962332324162,564.0
10.322916666666666,1.8702089637233243,2.9922932695742297,0.5484504032884454,17.451520704732157,0.7713403056293889,18.15040254014613,2.0824681328460977,564.0
10.333333333333332,1.677877344257642,3.030009165653025,0.6271131452920534,16.95027950694392,0.7831096841756938,19.568423376158012,2.1347379077832374,564.0
10.34375,1.4310609849125693,3.00304078809691,0.6797075705745603,16.46574971368291,0.7982881987308932,21.98719537132615,2.1951645119305527,564.0
10.354166666666666,1.320145192104296,2.996972119041199,0.7089976750432733,16.09139126976013,0.8150966429865489,23.97235326951985,2.240707655094115,564.0
10.364583333333332,0.9533276959113858,2.7264464276444804,0.6584682314950014,15.825538488545336,0.8391338931558096,28.831709344989097,2.4624996696938872,564.0
10.375,0.7091989348513774,2.415764074727568,0.5410566627617767,15.878135491334481,0.8702236835523637,34.47509575248848,2.4753928798320484,564.0
10.385416666666666,0.6223287635319479,2.21382813162735,0.4493352707893777,16.30482889017503,0.9068398291908869,39.98381472044066,2.549766317090609,564.0
10.395833333333332,0.54585720458806,1.9728301622833422,0.37977688699862266,17.166632587529932,0.9550762318684037,53.74152853811788,2.691672847254081,564.0
10.40625,0.5463623473652368,1.8452124391924816,0.33657154438363485,18.29607903961785,1.0081416157010092,65.55611748868687,2.88016053578653,564.0
10.416666666666666,0.5639325051314181,1.781202081773772,0.3113599724648091,19.426351201910826,1.0583359276908944,79.38189298381549,2.928038454237766,564.0
10.427083333333332,0.6166384276940271,1.7581348436487336,0.29963527609809165,20.409573107382894,1.103727004346544,113.06742616005403,3.0490145438085614,564.0
10.4375,0.689476655250458,1.7905196403814134,0.29655211598231906,21.04881004417289,1.1398400763656973,136.70472362534903,3.2858728495228156,564.0
10.447916666666666,0.7374562452180533,1.805554672551489,0.29389616319332346,21.292697078873083,1.1671297389714093,154.62279219339382,3.2832917431851896,564.0
10.458333333333332,0.8248032075514965,1.8731762478944958,0.29824353520062,21.16441017690793,1.186477439189738,164.49645299668984,3.281914513224585,564.0
10.46875,0.9133422823075192,1.9427203920136233,0.3035257813819089,20.750075193282417,1.1996284467283387,190.54849421295032,3.303010841115117,564.0
10.479166666666666,0.958833283302278,1.9674839230231702,0.3046281656902097,20.11941545308911,1.2077508823071628,224.66302622897598,3.3306234160829087,564.0
10.489583333333332,1.0562967763220181,2.0436394977974444,0.30715035381064354,19.397467327770332,1.210927691358482,212.75899775788488,3.323286287499073,564.0
10.5,1.133971276465404,2.0892987195846917,0.3073319171816262,18.613825871482337,1.2096220387659544,193.0056595302766,3.3073684993131947,564.0
10.510416666666666,1.1616905994887454,2.0911290766125927,0.30385605964537515,17.762569044316265,1.203330919558853,181.8736925021769,3.298140601994852,564.0
10.520833333333332,1.2164693379099056,2.1139468304738838,0.29938362304171834,16.89785455044729,1.1929090706855332,150.70994363910145,3.273777547460766,564.0
10.53125,1.2475307371202986,2.1172963481015437,0.2942498397705601,16.008190303969393,1.1793962612993762,134.9314390890617,3.2675085729428837,564.0
10.541666666666666,1.2490898842477949,2.100655740645023,0.288845889403248,15.078422097113142,1.163446369806596,131.95431571342104,3.2679543676821448,564.0
10.552083333333332,1.2637839258572785,2.0945097516761684,0.28215143083321603,14.164801564183309,1.1469926779419657,122.72187322694964,3.266438298295356,564.0
10.5625,1.2771833036579165,2.084238054605177,0.27799459159170087,13.235856810412542,1.1303121927840496,119.65822998614577,3.2674916928602675,564.0
10.572916666666666,1.2800473998953497,2.0732276887622456,0.27446682745639234,12.310499637300497,1.114280505230551,116.86928506101094,3.2683777958451414,564.0
10.583333333333332,1.3204313619731753,2.084608547471371,0.2745569275256365,11.387396915542293,1.0993105994659758,116.79100137285741,3.2698393653786533,564.0
10.59375,1.3654850497015494,2.1071106549750196,0.2761746923106578,10.494324125494787,1.086168025649479,115.55770879557892,3.2704981859549003,564.0
10.604166666666666,1.389651000004521,2.1249110552397092,0.27837992037807047,9.64102169611874,1.0750714116843842,114.2027099611614,3.2710359870910093,564.0
10.614583333333332,1.4072793854193126,2.1391667781472328,0.27949991488657006,8.844599418369835,1.066179100319409,110.69812937474535,3.2710392696137376,564.0
10.625,1.4130187304542479,2.146369685850527,0.28060699168848313,8.098478899591774,1.059383222354625,107.96356973233708,3.271653813134594,564.0
10.635416666666666,1.4144522221700666,2.152272548377847,0.28223069816453983,7.40445586743679,1.0548197373590944,106.049442116181,3.1120029735533983,564.0
10.645833333333332,1.4094278040210708,2.154383271198837,0.2828500297117015,6.7804633616884775,1.0527435182778921,103.13141558121968,3.0963299970323535,564.0
10.65625,1.4005989145099649,2.1553545526537166,0.28385893608355045,6.233609757268233,1.0532962485615798,100.67985813002275,3.0814082145334885,564.0
10.666666666666666,1.3974742757627774,2.161286269339154,0.2859399942231372,5.77113391422564,1.0567378069259865,98.71402836959436,3.0683014649273908,564.0
10.677083333333332,1.378669355727839,2.1598342241945043,0.2873419798251359,5.398971048196511,1.0633586297366067,96.79161646400273,3.056080362602637,564.0
10.6875,1.3384066156160799,2.1489130354380763,0.28889352287485087,5.114789932325401,1.0735424975672923,96.3636098534629,3.0491005617758478,564.0
10.697916666666666,1.322378332625044,2.1528425471705823,0.2917098527606116,4.923216909351026,1.0874115982388168,95.21063485614904,3.041754535514034,564.0
10.708333333333332,1.244046692088933,2.123341485998012,0.29270706319679224,4.823400114267954,1.10551019031319,96.90383132117095,3.043625896028373,564.0
10.71875,1.1814382419966907,2.101073740038636,0.29385163115036017,4.825816304442383,1.1275859212948183,98.4464767600389,3.048212917836502,564.0
10.729166666666666,1.1585979447804735,2.1015025165236505,0.2967115163305422,4.941297217249521,1.1528758380935586,98.77571574321962,3.04996458727826,564.0
10.739583333333332,1.1495838960383107,2.103905341628325,0.29998074779060224,5.182480188840558,1.1812984771835935,100.55527824307367,3.0556479661725042,564.0
10.75,1.1539372725366441,2.1123738758825157,0.30238600191185033,5.546742061486776,1.2120775253011287,100.7975960835103,3.0579762106644504,564.0
10.760416666666666,1.1577797488160178,2.119209746237251,0.30447768150877064,6.023052882108262,1.2449152280792886,100.98355306903946,3.059081143930137,564.0
10.770833333333332,1.1699513644363686,2.1231694117887034,0.3065383063866965,6.603701823449062,1.2797539574775425,103.65444467217306,3.0676789063291,564.0
10.78125,1.1905233338922478,2.1292847157737955,0.3083388025926398,7.26714609423915,1.315482907691543,107.42007148537435,3.082138985375913,564.0
10.791666666666666,1.205406421686107,2.1358390980454516,0.30890157937564766,7.974115489752532,1.3501136088280434,109.13211703186118,3.092320136399773,564.0
10.802083333333332,1.2379792086607806,2.1458132370590293,0.3115760056632865,8.728051150906587,1.3837156381384186,115.28342145473282,3.1148533374163536,564.0
10.8125,1.2749239461705872,2.1633031650440517,0.312837584459062,9.480416549036551,1.414143730558682,117.71715873480612,3.1307116782794426,564.0
10.822916666666666,1.2922302075274315,2.1705728610759816,0.3131451560763455,10.21585630564297,1.4410779830539446,119.64829474200107,3.278167765934795,564.0
10.833333333333332,1.3200829741862745,2.1828978640049264,0.31284657664377374,10.91092450612803,1.4638208042846006,119.20233368776634,3.2771712548154417,564.0
10.84375,1.3431675272273544,2.190722290226919,0.3111629065116873,11.55104468963438,1.4819221157907956,116.90636897927335,3.276233029544577,564.0
10.854166666666666,1.3470749348314333,2.1845759447874817,0.30884348919287996,12.141342484599573,1.4952437715030842,116.57472724310631,3.276316559528768,564.0
10.864583333333332,1.370616433642038,2.188782198117866,0.30171383861381235,12.632401229878067,1.5026259994374602,105.56336236423618,3.1061473438872134,564.0
10.875,1.368474645896628,2.16712060411805,0.2928391336369966,13.047710160789412,1.504721368022093,96.64164795009032,3.066191315596185,564.0
10.885416666666666,1.3455582439372633,2.126643489487295,0.28405368027986344,13.40407917689897,1.5012838025961999,92.23579523682005,3.0371503530781627,564.0
10.895833333333332,1.3406663330972612,2.0979332039086773,0.2711704451311085,13.663589517756003,1.4931314653992847,78.01006369851007,2.9786563348749944,564.0
10.90625,1.3114093588126983,2.0463435816126885,0.25876246184159835,13.853179566327059,1.4809640903489993,66.15569581401239,2.919494602832556,564.0
10.916666666666666,1.2693871077977708,1.9824514320032574,0.2476838096383373,13.987637533394718,1.464443278575525,56.96096959864642,2.8739228961010097,564.0
10.927083333333332,1.2463287776152154,1.9332837457845213,0.23553971190257825,14.062233214817683,1.4459781141372936,44.80484124876067,2.850964066866637,564.0
10.9375,1.2173989719380085,1.8775665030893973,0.22599535708017526,14.095737019298376,1.4248382350823927,40.91785487250227,2.8520579678619815,564.0
10.947916666666666,1.1875150165579154,1.8245094156036143,0.21784741506549643,14.094791505356698,1.4010187562886325,39.40859586211626,2.8545221389567885,564.0
10.958333333333332,1.1901318888037073,1.7945042751471267,0.2119576643466373,14.065565509337105,1.3753443246399044,37.91431982500159,2.857036444383047,564.0
10.96875,1.199141049749596,1.7764719707157253,0.20793960072520665,14.013976523146159,1.3483564742043703,36.49206543482008,2.6443720521932454,564.0
10.979166666666666,1.1999438419711017,1.7622929261512081,0.2052603702466029,13.942817600167071,1.3203836219200646,35.36695432642949,2.6090936553677992,564.0
10.989583333333332,1.2034313773936458,1.7575764466140482,0.20296403426596582,13.857941489215378,1.2936357394886266,33.17017342628199,2.56686335671638,564.0
11.0,1.1983644425928053,1.7515124487963598,0.20169195455305328,13.757113958012107,1.2677273316341495,31.229230827451016,2.5272540386987825,564.0
11.010416666666666,1.1923596175555653,1.7466057281876954,0.20117107099271855,13.636480240397455,1.2424488775464366,29.650855553598486,2.493226256204582,564.0
11.020833333333332,1.2015251450775228,1.7546758600210137,0.20187609139403512,13.49502908499773,1.218243184453214,27.977573326330337,2.4621878272974107,564.0
11.03125,1.2231682856072663,1.7741622602027938,0.20391801299074,13.331449743388623,1.1951869080980628,26.134763685104094,2.443880556172662,564.0
11.041666666666666,1.24392531346695,1.7987953064269075,0.20692422050215623,13.145617744493599,1.1733200434950894,24.731599251909024,2.4440008057330265,564.0
11.052083333333332,1.2822059732748745,1.8362655027341568,0.2105261864674389,12.949454856163284,1.1536655031959693,23.64710783055468,2.44312240338241,564.0
11.0625,1.3144051273957253,1.8723738669199705,0.21422333350942688,12.750324858873501,1.1362664113415373,22.59319287198808,2.442159947215483,564.0
11.072916666666666,1.3345085335754416,1.9015237028836316,0.21876236991577963,12.539823110482466,1.1199094456376222,22.018252865718786,2.4429573875759694,564.0
11.083333333333332,1.3604041650132308,1.9366671420691126,0.2216291276893487,12.349011443416277,1.1064261848387293,20.830606557205467,2.440782170136154,564.0
11.09375,1.3738532590904642,1.962769670904266,0.22540027032548457,12.164165512130236,1.0942678513024537,19.798214913933116,2.4411351053546286,564.0
11.104166666666666,1.3848806223817745,1.9853471162911736,0.22976187643151516,11.977384135567753,1.0826227613978407,19.195486075157085,2.4429254443715607,564.0
11.114583333333332,1.4147344483183595,2.0213133115414275,0.23484293721693852,11.797784230349942,1.0718051539050282,18.671112896007806,2.2074919263930184,564.0
11.125,1.453446977735844,2.0670623598044293,0.24186859900535704,11.621678634921002,1.061357373593695,18.27570708038421,2.1880950581301337,564.0
11.135416666666666,1.4951395076940561,2.120419210266323,0.2507193062120935,11.448044028735238,1.051030807097549,18.014504384447797,2.1705896787180317,564.0
11.145833333333332,1.5505758385520252,2.1882413019440574,0.2608052611860885,11.289443233215186,1.0414418758237876,17.571453347066488,2.14810248886046,564.0
11.15625,1.604287364883109,2.259388128350049,0.27297801904406,11.142265261077801,1.0323192755896746,17.065671979242254,2.1234089786128405,564.0
11.166666666666666,1.6551281046629134,2.3301919175082926,0.2876026538328829,10.998620444281668,1.0231453663080385,16.686220118478545,2.1010041306912193,564.0
11.177083333333332,1.715488286282991,2.4101741296146644,0.3028623041525054,10.870586431978902,1.0147079114993816,16.177969068525464,2.0723945116810993,564.0
11.1875,1.7745804344726015,2.490143391506864,0.32141822262816644,10.748598522117977,1.0064195783129848,15.718016615463771,2.0440670693081726,564.0
11.197916666666666,1.8358395919247334,2.571392558693817,0.3427326961420907,10.629372801452496,0.998066724047588,15.33208711943273,2.0409814833271125,564.0
11.208333333333332,1.9099167898981484,2.6617678472043274,0.36694024946090936,10.516519997997209,0.9899104836401799,14.967972216662652,2.04393637236644,564.0
11.21875,1.9879094346961579,2.7565959354789493,0.395320470642728,10.408331421296378,0.9818353031947211,14.68668625504544,2.0473136942672636,564.0
11.229166666666666,2.066619172382036,2.8530860398997486,0.4282418171302282,10.302945170616127,0.9736887219701151,14.512072864114675,2.0510578767502228,564.0
11.239583333333332,2.1469227293361848,2.954072544075277,0.46384072978024515,10.207006145089291,0.9659839208529128,14.339070063931208,2.0544237509777177,564.0
11.25,2.2214931739256887,3.0517141357897217,0.5044543951871475,10.117114991134065,0.958460072421306,14.199685178587833,2.059103041804961,564.0
11.260416666666666,2.2957205610561937,3.145497813544231,0.54984984566247,10.030493327412266,0.9508637591704712,14.12160723817306,2.064873031305774,564.0
11.270833333333332,2.3553228075713375,3.234456898158025,0.5988890059592076,9.947586438885436,0.9431901952628967,14.092688378573841,1.8335992267834649,564.0
11.28125,2.402643969154444,3.317774950090397,0.6527581692799647,9.866605814139902,0.9351990205238156,14.13286810988214,1.824061545715444,564.0
11.291666666666666,2.46585730044514,3.4039543068575364,0.709293099354017,9.79069984650329,0.9271082145668575,14.1950351315283,1.8146416608270572,564.0
11.302083333333332,2.476350735301932,3.472883348655833,0.7724173982352314,9.715167212634546,0.9182335739223081,14.36135918807632,1.8122936036902844,564.0
11.3125,2.4325200698199074,3.5234970903113316,0.8359652464910778,9.642155016179347,0.9084330302288182,14.641576335405468,1.8166068428233346,564.0
11.322916666666666,2.4352435899870493,3.5856960366579003,0.8966263786899127,9.580678181305249,0.8985057014236714,14.894136863356195,1.8185739714662834,564.0
11.333333333333332,2.2211318703599545,3.5736512742848467,0.9583221818844088,9.526016253533458,0.8865754067439716,15.411735025527806,1.8382172342935208,564.0
11.34375,1.964024519281713,3.5363207015948857,0.999061917925772,9.495792980862497,0.873569993903458,16.079093831652106,2.0852533373536426,564.0
11.354166666666666,1.8325809099988395,3.5312430081678223,1.030525163872012,9.506164894889316,0.8609542630651865,16.59681148781121,2.0771726536701767,564.0
11.364583333333332,1.517032272547782,3.403970568332666,1.0324572903662828,9.593583572046569,0.8467134273016078,17.59445496049172,2.072682469848536,564.0
11.375,1.2315864365193154,3.2315337847558383,0.9632972901486251,9.814404732915811,0.8340105124468828,18.76360842266551,2.0644079296378517,564.0
11.385416666666666,1.0723498121201887,3.0903065747924003,0.8684376274094152,10.197806928711504,0.8257969637004335,19.5145160801744,2.072358459891427,564.0
11.395833333333332,0.9008334926675643,2.89551351355594,0.7544526900548086,10.812947951425096,0.8233875830091248,20.435901909820597,2.1086004890438264,564.0
11.40625,0.7992455156566266,2.7143086875833644,0.6355292174334336,11.63785305234076,0.8284561957224317,21.452008619266845,2.141963771612481,564.0
11.416666666666666,0.7261098300420752,2.548975356650149,0.5377480367163153,12.641733482022197,0.8408832091912061,22.36994557361233,2.170447079767981,564.0
11.427083333333332,0.695342507978765,2.4048018508158893,0.4594206235567109,13.761891166418279,0.8593480970602563,22.975565901308993,2.1926620477946637,564.0
11.4375,0.678789357831022,2.2726945613901,0.3978200926186476,14.937922738138134,0.8819344272521449,23.311169213748357,2.20992570182238,564.0
11.447916666666666,0.6525050960137221,2.145789419117459,0.3502397519689339,16.125935551526986,0.9067487903728246,23.56793054807141,2.224942003947589,564.0
11.458333333333332,0.66944417843572,2.060370850826403,0.31567864741665347,17.238655796627153,0.9308568282416606,23.482978013921663,2.233208165397801,564.0
11.46875,0.6937390299513091,1.992246931182405,0.2899811741588873,18.24591041928422,0.9526628417513814,23.173987629611194,2.453086802267525,564.0
11.479166666666666,0.6918476592552742,1.9163118154483663,0.2692633261730952,19.161255627015905,0.9718286793638546,23.02386781677948,2.4524778838700714,564.0
11.489583333333332,0.7308727742396852,1.8786599957641859,0.25234991333253803,19.88470962133126,0.9860642462314156,22.092125907457568,2.2305309669013282,564.0
11.5,0.7533747722169899,1.8295691062751382,0.2384141779745136,20.485057913647772,0.996882348558645,21.129441348394337,2.2174610136513646,564.0
11.510416666666666,0.74638252480874,1.7631124953920079,0.2258124277755317,21.006577467411997,1.0051591899495493,20.57395906539576,2.208142359688176,564.0
11.520833333333332,0.763263735690997,1.7144608576834863,0.21422912143217604,21.41548542357231,1.0105334028415982,19.80236019024969,2.191291204666135,564.0
11.53125,0.7695853803543505,1.6606202672305526,0.204355039517299,21.75273432463678,1.0138063742771617,19.148831003580444,2.174968331055497,564.0
11.541666666666666,0.758922972874411,1.6017207934610778,0.19550689549791697,22.03535818749493,1.0152280637700941,18.73966723019286,2.16167727533892,564.0
11.552083333333332,0.7623883683190223,1.5536779168551487,0.18758038142628491,22.25820088318061,1.0148823777450686,18.328030093309916,2.1464305957282415,564.0
11.5625,0.7614718259121713,1.506889950070491,0.1810571203471285,22.439187513049507,1.0128336093196544,18.115228796839773,2.135697352875907,564.0
11.572916666666666,0.7547143582160046,1.4656252590634227,0.17540375142511525,22.576115159306372,1.0091145758793412,17.97858371971077,2.1264548425256526,564.0
11.583333333333332,0.7574437587335942,1.431220341690492,0.1710949722975618,22.67606929545902,1.0034251618803312,18.1080605207663,2.125056174352619,564.0
11.59375,0.7687405342839574,1.4114057522283472,0.16781025990260012,22.732634577181773,0.996010086776435,18.26042097207682,2.1247198197524524,564.0
11.604166666666666,0.7737130749979424,1.3978514967646294,0.16548779766385807,22.74789348748999,0.9871496846864302,18.362071135973654,2.1244930076741237,564.0
11.614583333333332,0.7809997520586953,1.3893767470677176,0.16330477727407916,22.727960553922674,0.9778303897808517,18.157905580849842,2.1169582372477045,564.0
11.625,0.7780566690917513,1.3757026737859144,0.16137599262020066,22.680548464182564,0.9681746876447563,17.846191577917793,2.1071416676416495,564.0
11.635416666666666,0.7686705936006333,1.3575425138455188,0.15957142394760324,22.608667752538555,0.9581201131402552,17.60492336887207,2.09904336304592,564.0
11.645833333333332,0.7529592846541043,1.3362484431857988,0.15760776340777483,22.515256909353997,0.9478470507124938,17.445716297704262,2.0927063616377177,564.0
11.65625,0.7356575533969388,1.3163670960795133,0.15595847610868363,22.40074843211796,0.9372850219294485,17.426770517534504,2.090649463747178,564.0
11.666666666666666,0.7257859726025659,1.3041933449441383,0.15466601017567916,22.272080076334586,0.9269076372987409,17.42315807899024,2.088863183893599,564.0
11.677083333333332,0.7082450072466276,1.2917213720724747,0.15394429012814917,22.12539916865087,0.9162450765117093,17.615580015960035,2.094145645031299,564.0
11.6875,0.6896846299219714,1.2852183492544786,0.15366985983087827,21.967963247673765,0.9056765637956045,17.921025220610243,2.1026697976758304,564.0
11.697916666666666,0.6818309359366466,1.287909815043201,0.15390147166526555,21.810311658431903,0.8956836848809785,18.18288753717179,2.10988012025303,564.0
11.708333333333332,0.6493081106077957,1.2809012212800666,0.1543971636269444,21.647630369301556,0.885788161235485,18.67063278664369,2.1243684046195463,564.0
11.71875,0.6199740827736748,1.2769752968600716,0.15496715596002764,21.491464178863183,0.8765766736289212,19.256306686077483,2.140785027586236,564.0
11.729166666666666,0.607496028457857,1.281902326309326,0.1558029602674457,21.35414071766351,0.8686664387830899,19.718044203957746,2.1544442310612117,564.0
11.739583333333332,0.5826005360613945,1.2764428224705318,0.15679495451875547,21.235351935192803,0.8619476587022532,20.51300341605815,2.176501731831498,564.0
11.75,0.5668340709439114,1.2758249888327258,0.15765984264300473,21.154938540940073,0.8574445195799101,21.382759363239888,2.1991638354923335,564.0
11.760416666666666,0.5630591081738405,1.2828291655208355,0.15861437823938213,21.127495071738593,0.8559006228285073,21.99089105341354,2.217448744909116,564.0
11.770833333333332,0.555174320043504,1.284080968473774,0.15946652433167638,21.160929020161667,0.8577921960123277,22.600526236211795,2.452935512899576,564.0
11.78125,0.5528958566353727,1.2874598606636203,0.16003645833341487,21.257862713926546,0.8634457778330401,23.008027284080505,2.451391162840687,564.0
11.791666666666666,0.5525652449245144,1.2901137073114508,0.16047391026017294,21.41377197761006,0.8728993273029513,23.26738420231325,2.4502055673788825,564.0
11.802083333333332,0.5532530041980892,1.2903854880102663,0.1606181295763481,21.620111956267756,0.8860000164548768,23.46099727415052,2.4493109782322757,564.0
11.8125,0.5563399362246456,1.2891337174342983,0.16074683327340303,21.87117384081274,0.9027659797348946,23.816575833932983,2.4491126093193074,564.0
11.822916666666666,0.5608525276655493,1.2901005479973628,0.16071352745795675,22.149406492871492,0.922330014996688,24.065422782937695,2.448376641062787,564.0
11.833333333333332,0.5750048455671275,1.293545615176192,0.1612051291568081,22.455769851504556,0.9449944309760384,24.6812274599454,2.448984179326642,564.0
11.84375,0.5984378767332984,1.3064715244443181,0.1618339161518232,22.76499303192387,0.9690222690689869,25.093704276763987,2.4483559812371456,564.0
11.854166666666666,0.613456665063718,1.3165184422722012,0.1624445627445319,23.064626917501304,0.9934469653609288,25.31611136957234,2.4478038335984693,564.0
11.864583333333332,0.6391955111438391,1.3326320540552945,0.16262928243199207,23.327498700127354,1.0159245413294464,24.782626346279056,2.4455695254127283,564.0
11.875,0.6553953249135995,1.337778376583403,0.16240245929456334,23.557542480996748,1.036587444678784,24.151456057400907,2.4444991008962766,564.0
11.885416666666666,0.6590536423168182,1.3313140047198886,0.16167801328373133,23.75882115318396,1.0556586706259115,23.840450945457906,2.444483213549068,564.0
11.895833333333332,0.6764691031008538,1.3311445040209293,0.16076996410348116,23.92360384022316,1.0722141027330543,23.423675658783917,2.443627128193575,564.0
11.90625,0.6962660645648874,1.3315769470282817,0.16013778739318377,24.057877222909607,1.0865971385675366,23.15126063559928,2.443593380090704,564.0
11.916666666666666,0.7070179923898561,1.3295020435017144,0.15950302646883516,24.1638332261904,1.098796454567442,23.02391585911377,2.4436889887148707,564.0
11.927083333333332,0.7369085011084,1.3389224500677954,0.15936695463639106,24.242333466616852,1.1086455515139635,22.786737283194725,2.443228494103384,564.0
11.9375,0.7662933766424791,1.3508399646226585,0.159402465843037,24.296664836017158,1.116281444707859,22.3384361636191,2.4424404563290105,564.0
11.947916666666666,0.7800199391700531,1.3555141246295417,0.15955245790610398,24.332233376690425,1.1222746399039372,22.07028519432263,2.442705648441947,564.0
11.958333333333332,0.8020964662637826,1.3657534631944341,0.15933968015888808,24.349669899602972,1.1264902687188838,21.36456576552202,2.44112509510173,564.0
11.96875,0.8155834077473704,1.3694547845117766,0.15914721723250086,24.353406118038095,1.1294774925605324,20.64743152639213,2.440786177572784,564.0
11.979166666666666,0.8185497998459602,1.3661162057255214,0.15887436489097384,24.345056209346264,1.1315206809712182,20.22803013876659,2.441540228189168,564.0
11.989583333333332,0.8343508248878201,1.3703663049262815,0.15817335306530653,24.327729085851395,1.1325835647928866,19.459047982296898,2.4402906793731294,564.0
12.0,0.8437044430565687,1.369748164021618,0.15766691134164246,24.30316588187009,1.1329181594070017,18.722435287102016,2.440705841241654,564.0
12.010416666666666,0.844654161550031,1.3640237275849125,0.15720935130382876,24.271251502013815,1.1325683405190923,18.259766189623186,2.2075268683706595,564.0
12.020833333333332,0.8569314660191225,1.36655137169963,0.15645228208888856,24.23749125059257,1.1316475884243054,17.5606982803794,2.1823624798427788,564.0
12.03125,0.8638779003521471,1.3664909139565422,0.15601744000426995,24.201766815052306,1.130225385371996,16.87630323798296,2.1551741563159648,564.0
12.041666666666666,0.86409791390768,1.3627065492002017,0.15579712651712518,24.162334841679314,1.1282010727026412,16.40804460242027,2.131019740633829,564.0
12.052083333333332,0.8740644842071582,1.3673258458290078,0.15541704173969914,24.12528667056111,1.1258926595863772,15.817174710104588,2.098217597655598,564.0
12.0625,0.881384878132917,1.3717753747464825,0.1555455932307414,24.08861273953828,1.1232237441502093,15.280792623364613,2.063640950423518,564.0
12.072916666666666,0.8853239980623773,1.3754216331515046,0.15600371759755807,24.050320638343223,1.1200170491404844,14.8811670739008,2.0382511342495997,564.0
12.083333333333332,0.9000840358184384,1.3884566409314207,0.1565800467435998,24.015382833735746,1.1166936550915467,14.442225373931684,2.040483806583988,564.0
12.09375,0.9150015350656476,1.4043676609393414,0.1578428347329713,23.98134343561229,1.1130592427969261,14.084991007451439,2.0449577454772268,564.0
12.104166666666666,0.9288513781878832,1.422476729689256,0.15958735734779067,23.946925444076655,1.108943315077197,13.84745711054426,2.050557330692774,564.0
12.114583333333332,0.9507959860700148,1.4493367943379427,0.1619883634450945,23.91305452091158,1.1044026869777117,13.696849087725811,2.0566726338792134,564.0
12.125,0.9782838729357571,1.4846400732691973,0.165284213020786,23.879304142463898,1.0993200201912574,13.627713163848002,2.063888383714902,564.0
12.135416666666666,1.0089820646842613,1.5274063370249775,0.16939703855823698,23.84616245969878,1.093692828030656,13.61581105704273,1.8219075189148342,564.0
12.145833333333332,1.0485764481661104,1.5809586866826462,0.17452553786924987,23.814948298681955,1.0877082067068986,13.624489344028555,1.8047058379007697,564.0
12.15625,1.093623551280789,1.6426930572169747,0.18073106394493527,23.785956209149134,1.0814378517598227,13.6408720075999,1.7862042509306808,564.0
12.166666666666666,1.1398513056324755,1.708802185265389,0.18806948510487903,23.758275875866993,1.0746816184203796,13.679388044780975,1.7687977981376757,564.0
12.177083333333332,1.1945828653195927,1.7834205024955605,0.1963660284354459,23.733679305993807,1.0679169045987444,13.701908620018337,1.7480329740624783,564.0
12.1875,1.2523399394083778,1.8623748836849872,0.206109238322016,23.71085507729047,1.060863005998346,13.734013157964789,1.7276437845420316,564.0
12.197916666666666,1.3122754022536496,1.9445128397252354,0.21713507926716574,23.689526138782817,1.0534472000635777,13.780692041747574,1.7081586676712757,564.0
12.208333333333332,1.3791624153743527,2.032909312121946,0.22970821697289864,23.66997364361656,1.0457856157396577,13.834688726815791,1.6886433320060732,564.0
12.21875,1.4510276981780286,2.1263138277526545,0.2440651840854641,23.652130390245528,1.037889176536588,13.895109774845327,1.6709608581919422,564.0
12.229166666666666,1.5254261937035094,2.2226118217415327,0.26030391259313973,23.635884924833505,1.029737282056451,13.962199378366446,1.6749858676647835,564.0
12.239583333333332,1.6048046442963735,2.3235705344669184,0.27840419400113775,23.621832527794954,1.0217143266345066,14.01693195722691,1.6789300154091236,564.0
12.25,1.6852877290843375,2.425595237064776,0.298895355644409,23.609532738720993,1.0136939913876748,14.06778957500189,1.6835777427605871,564.0
12.260416666666666,1.766155526065153,2.526718479794003,0.32177470103566885,23.598686079814986,1.0055433192449545,14.122606070413381,1.6896156063322283,564.0
12.270833333333332,1.8426105736954488,2.626658900895954,0.34772954141155965,23.58894579156412,0.9969617766729861,14.195035743420327,1.697403789178741,564.0
12.28125,1.9161178784566038,2.726703963122994,0.3770750321483075,23.58034315970505,0.9878119490527162,14.290416939128207,1.7033246662953991,564.0
12.291666666666666,1.999011303764695,2.8306563263470275,0.40920893079376086,23.573442545831,0.9786122509966786,14.384003523389397,1.702031034819055,564.0
12.302083333333332,2.0556363963331883,2.927427975676556,0.44774017399464777,23.56761277318581,0.9681811168173033,14.525354043480387,1.7145041537202728,564.0
12.3125,2.0848134465259602,3.0183792198233013,0.4901225483397442,23.563482825692894,0.9567313492728404,14.71076662240617,1.7171085481610406,564.0
12.322916666666666,2.1388313661811083,3.1166626859393993,0.5351097717588043,23.56152830943164,0.9453571345677707,14.881094518038324,1.7045692394209575,564.0
12.333333333333332,2.057235159693285,3.170825226766223,0.5861814672253072,23.56170220835576,0.9318931795167218,15.159557841748201,1.7187205147840205,564.0
12.34375,1.9275109082641586,3.2020261922222613,0.6322602205861566,23.564730032474102,0.9172844646044594,15.525743619128573,1.7119395581469397,564.0
12.354166666666666,1.8696309949026775,3.246727392582257,0.6742888456188233,23.570818344888057,0.9031468079841053,15.840834780543448,1.694174785431755,564.0
12.364583333333332,1.6145636923283462,3.1843913638670904,0.7084514365123935,23.585898994784248,0.8852745940345873,16.54533116011224,1.7409512844086505,564.0
12.375,1.352632268462592,3.0752585764471387,0.6996386052760964,23.62087232804365,0.8669875511542916,17.49484557524416,1.801743653178574,564.0
12.385416666666666,1.2078023608171207,2.990458692020827,0.6692457246698434,23.689564174735054,0.8516133243673741,18.19819372797434,1.8474391830735293,564.0
12.395833333333332,1.0196201948102754,2.839251929689094,0.6215263968547711,23.831041094258808,0.8385380096876368,19.051211905127087,2.093915853841588,564.0
12.40625,0.9113355098501191,2.698876072779285,0.5572572095120901,24.066400607862043,0.8308276567831977,19.687310133207383,2.0750717659126323,564.0
12.416666666666666,0.8416058668907574,2.575781769393108,0.49806434682544765,24.402635403949997,0.8290764224519923,19.969524931667742,2.0659195292221684,564.0
12.427083333333332,0.8110403460635116,2.459198706527069,0.4456376480540033,24.84422933470535,0.8329279934367276,20.138332677769714,2.0878891769980528,564.0
12.4375,0.8069474270025624,2.360717177655706,0.4003402221569918,25.356330373426253,0.8411943209576401,20.308938807110625,2.1126313457239765,564.0
12.447916666666666,0.7879019314479371,2.2633488157059856,0.3634030896483709,25.919003322253143,0.8524882876570422,20.6395266941068,2.1362432931801676,564.0
12.458333333333332,0.8192833793895643,2.2041511966530276,0.3349900056211802,26.46968041852762,0.8645610286347213,20.687167808417914,2.14890094213244,564.0
12.46875,0.8524389862504298,2.1527984265218305,0.3134071494731389,26.997080316461926,0.8764028472868421,20.583508772176383,2.156900797218052,564.0
12.479166666666666,0.8569365196599525,2.0937924268849386,0.29541061246379724,27.496184862957236,0.8874371210803966,20.54411171161914,2.1648293451602703,564.0
12.489583333333332,0.9051898092776185,2.063142933516723,0.2811176943265506,27.926664945750225,0.8965453691490639,20.266766035514333,2.165314074857037,564.0
12.5,0.9535429030605511,2.0386397261571023,0.2704240780390815,28.294336766942237,0.9038251900303772,19.943734322257598,2.1636054747910993,564.0
12.510416666666666,0.9716175469139542,2.0067597101350967,0.26143983825558176,28.602906880379702,0.9093950071800624,19.742546293738428,2.163048308939012,564.0
12.520833333333332,1.0260920746766695,1.99620985958654,0.2540413522369967,28.833914668869358,0.913049501440093,19.343850330860192,2.1558981011918696,564.0
12.53125,1.0763108590055868,1.9883536179182688,0.24874541954326645,29.00042212249161,0.9151680443184939,18.927905640628982,2.147234404764282,564.0
12.541666666666666,1.0980082180731714,1.973246726157145,0.24442209915148222,29.10918787805907,0.9159448758753772,18.64574716114361,2.1404007884008016,564.0
12.552083333333332,1.1445452773394127,1.9713691073265565,0.24076936732127177,29.158905049861495,0.9154939634547266,18.280460138303287,2.1295428507589884,564.0
12.5625,1.1880843999199338,1.9719822407863037,0.23867907124013216,29.156734400637554,0.9139521516620127,17.977410004617997,2.119577735104961,564.0
12.572916666666666,1.211866972229858,1.9706107570799265,0.23730022874052276,29.10421270788968,0.9113622078938962,17.760363685812855,2.111076108490421,564.0
12.583333333333332,1.2549174026070555,1.9777963529373985,0.23702139415938658,29.000913649201337,0.9077163863187151,17.639737963015282,2.1048775397323216,564.0
12.59375,1.3014238989541405,1.9932786692098587,0.2380123955794156,28.84650535439867,0.9030306107792205,17.582533925120224,2.1004460377601646,564.0
12.604166666666666,1.3344920498793353,2.011864704077262,0.23992614533645013,28.642955675856623,0.8973939219855489,17.534756104425323,2.0964579091760567,564.0
12.614583333333332,1.3713185581298188,2.036290348642733,0.24246794200443053,28.397852348393904,0.8910448168255081,17.412382355126955,2.090316414881399,564.0
12.625,1.4023559144698388,2.063132775360434,0.24612647025016168,28.111433731687654,0.8840323636531295,17.26759043171232,2.0838552049683954,564.0
12.635416666666666,1.4265754326094935,2.090669827730992,0.2506522625020406,27.78264673590604,0.8763986940021724,17.140838990686518,2.078151329637206,564.0
12.645833333333332,1.44520513282633,2.1190009986931275,0.2553634232530537,27.420107745740626,0.8684094932214613,16.978417655305616,2.0709986224377865,564.0
12.65625,1.4587423620301911,2.149065066591893,0.26089004304098135,27.02592910984194,0.8601613704462661,16.794424065638278,2.0630674210867816,564.0
12.666666666666666,1.475063644923632,2.1815728959867924,0.267444781903303,26.597129274790078,0.8516397102699395,16.629520080579457,2.056008923730257,564.0
12.677083333333332,1.478787708796609,2.21222909529832,0.27390124936217464,26.147015274104994,0.8431344732478415,16.426255577009368,2.047248101076307,564.0
12.6875,1.473349162996974,2.23911975052581,0.2816554286288207,25.653146536884467,0.8342530645976883,16.31439654244873,2.044308191570383,564.0
12.697916666666666,1.4829999729190058,2.2730195466232987,0.2897498179385921,25.13609911497485,0.8253958667647561,16.209025401411587,2.0447898620551923,564.0
12.708333333333332,1.4654469632426852,2.295540963012731,0.2988122033667365,24.564870209184434,0.8160757559070712,16.28838025940316,2.0460501087454723,564.0
12.71875,1.4500889565484831,2.319995902202022,0.307565262235918,23.96641010239339,0.8067960158122999,16.46356470508853,2.0516246750255087,564.0
12.729166666666666,1.4547653723982406,2.353072601296455,0.316711118406686,23.372755979700443,0.7980817939576023,16.636326101204393,2.05690010441555,564.0
12.739583333333332,1.4368836854645437,2.3714954600275915,0.32710881374171896,22.74743941426911,0.7894955056320505,17.07808956234654,2.072503496815602,564.0
12.75,1.428288754749857,2.3925669528994145,0.33636972164122236,22.140153708593694,0.7819029693762277,17.693831866383807,2.0908036102022853,564.0
12.760416666666666,1.4378181023587446,2.4220614219438494,0.3453138227239734,21.597002366880943,0.7760345378579991,18.276132698786462,2.1059128586745417,564.0
12.770833333333332,1.441107973439527,2.444258426912597,0.35373623647651375,21.12598503514163,0.7721304797541504,18.823545028628814,2.120637534493644,564.0
12.78125,1.449739161982361,2.464258532398874,0.3599959640471753,20.750821489787786,0.7705030737144714,19.171451565956893,2.130916431346063,564.0
12.791666666666666,1.4561232591571167,2.4782226353011856,0.36538948554716066,20.467322189331288,0.7711560650746732,19.41349678463987,2.1397265981926292,564.0
12.802083333333332,1.4671677817271704,2.489742126911037,0.36755295490742845,20.28067128873401,0.7738935574034457,19.37914620095577,2.14198905173199,564.0
12.8125,1.4694230433973576,2.491568599530129,0.3674468616534156,20.176076261616032,0.7783615052227597,19.15305893503655,2.1396575922174277,564.0
12.822916666666666,1.4617244228640174,2.4823767396971306,0.3662465932215469,20.139681412871216,0.7844589882687002,18.986751919247087,2.1382228066793605,564.0
12.833333333333332,1.4588439070183938,2.4757459768118677,0.3610784142146982,20.16130727172822,0.7912538695370129,18.515079100338482,2.127022743336174,564.0
12.84375,1.4423133636684016,2.4569402366315747,0.35535369453591653,20.226792286581134,0.7986484015584921,17.999035922494674,2.1133319885179964,564.0
12.854166666666666,1.4188819923569038,2.428579129405514,0.34896271841140414,20.33260876012517,0.8067277660305091,17.628127074420547,2.1018954090958055,564.0
12.864583333333332,1.4065636073555325,2.4071745063612546,0.3405854407650659,20.46259769693816,0.8145625248706955,17.123957923260043,2.083434125233402,564.0
12.875,1.3869173236608678,2.3801423928089633,0.3331142761704627,20.616066502397075,0.8223489517800779,16.65380461857891,2.064392290203,564.0
12.885416666666666,1.3643149612460694,2.3493056621431294,0.3258854901424757,20.79482034587052,0.8301707870546585,16.28340712910099,2.047615884759624,564.0
12.895833333333332,1.3494265830327123,2.320817377228961,0.31952202912551103,21.002647085153765,0.8380639264736555,16.02847649903597,2.043040695452229,564.0
12.90625,1.3476876713250137,2.2998339366048595,0.31465078186628387,21.24344477818937,0.8459682384254162,15.900033823657411,2.044914030219435,564.0
12.916666666666666,1.3510716872321584,2.2885556865032974,0.3105357549445463,21.505502974357654,0.8533509614605456,15.82137524365741,2.045828061953569,564.0
12.927083333333332,1.3736463316609089,2.286908806089611,0.31004629236023756,21.806527693856502,0.8605354673263218,15.941251425041951,2.0472384182134102,564.0
12.9375,1.4144680875582631,2.302974151211611,0.3110658308255635,22.124834962913674,0.8668629652952833,16.088669472053937,2.047143144095691,564.0
12.947916666666666,1.4464663935511364,2.3232231915176786,0.3136670298137701,22.451182036169314,0.8721906574045617,16.206309643385886,2.0468604498440657,564.0
12.958333333333332,1.4922465045614273,2.3523463116147485,0.318775738078514,22.782565970742162,0.8765445832138667,16.319371433682168,2.046743588273153,564.0
12.96875,1.5428426481981903,2.3881838657780268,0.3256647918733574,23.108916166583672,0.879879269436098,16.42188335749418,2.0464640184609553,564.0
12.979166666666666,1.5837941340329853,2.4242053446873775,0.33329168196687775,23.417550686793984,0.8821842194192515,16.489585495756213,2.0474242565119147,564.0
12.989583333333332,1.6411548369536233,2.470317047533194,0.34351106369516377,23.701313219693667,0.883526515127116,16.549172636918417,2.0500682429601245,564.0
13.0,1.7055363861208512,2.5250791184986583,0.3558444320151684,23.948277461606,0.8839626600310199,16.580628350913663,2.051542381764776,564.0
13.010416666666666,1.7583334987984436,2.5781761949418445,0.36976636953107117,24.154319942876743,0.8835826542717864,16.61256826877372,2.052890356538228,564.0
13.020833333333332,1.8292376315616323,2.643597111178739,0.38465788726964073,24.305205151995455,0.8825517312790583,16.475342422433545,2.0464459555062042,564.0
13.03125,1.897050414821819,2.709735276683027,0.4021424023479726,24.407835945239736,0.8810165594522867,16.227435940766746,2.0442524707288876,564.0
13.041666666666666,1.9489083902955522,2.7673247310170153,0.4217250101587463,24.46849615780027,0.8789805400614967,16.014163503298423,2.0453024814920577,564.0
13.052083333333332,2.0168038978617275,2.835062825716498,0.4403284012191356,24.486114135684165,0.8767430516320597,15.671296561597002,2.045435078389165,564.0
13.0625,2.078508822855893,2.9002086279019275,0.462664853362924,24.469880525239525,0.874281050303418,15.344429157711872,2.0470844587408656,564.0
13.072916666666666,2.128926011470799,2.958427710559274,0.48724728474002554,24.421703647023946,0.8715148459816384,15.119223042925048,2.0496310606396166,564.0
13.083333333333332,2.19377532611932,3.0262614266336727,0.5114058768663144,24.350693383114567,0.8687471072682825,14.853013365340628,2.0514617496403647,564.0
13.09375,2.255407666152869,3.0938299542943355,0.5404771759990702,24.258922934271276,0.8658755119478483,14.627652505180187,2.0549213112614932,564.0
13.104166666666666,2.310256925326091,3.157564386922136,0.5726272756720574,24.14546570624148,0.8628139256182513,14.481696073754367,2.05931989647601,564.0
13.114583333333332,2.3765920728784202,3.2291335379588766,0.6074233749550199,24.017431030098642,0.8597021651552059,14.358202053344293,2.063687959877048,564.0
13.125,2.446062106258758,3.3048865971979007,0.64836615850423,23.87435060151279,0.8564728765626516,14.277203466287679,2.0691925595315985,564.0
13.135416666666666,2.513185037281481,3.3807030067700032,0.6938526922063999,23.716510304540517,0.8530903288325826,14.240160566901798,1.8278918351886038,564.0
13.145833333333332,2.5888073288910247,3.4636597925990236,0.7419856066372705,23.556657356666836,0.8497743898336495,14.176099369134095,1.812111248158637,564.0
13.15625,2.6622269217733225,3.546521669600023,0.7956379650890815,23.395549002661106,0.8464868875661364,14.100490858063162,1.7945011635893657,564.0
13.166666666666666,2.728045328417106,3.623208330692431,0.8543111957862816,23.22685302132542,0.8430573101822417,14.057942446968294,1.7786272359454829,564.0
13.177083333333332,2.798115159364102,3.7017629500464317,0.9099888485576858,23.068109490047284,0.839807872055112,13.975613687028261,1.7570399466051658,564.0
13.1875,2.860388019264607,3.7738617162912482,0.9693590135897044,22.912090148097963,0.8365660212607184,13.901302583224986,1.734555337533267,564.0
13.197916666666666,2.915871257341907,3.8381131308778453,1.0294510767497242,22.75278064987442,0.8331819014991299,13.86325186318988,1.7136258509292333,564.0
13.208333333333332,2.9728973972826416,3.9015189712905123,1.0834070191926362,22.60351065479377,0.8299224349624318,13.813756823368067,1.6883406826166063,564.0
13.21875,3.0233121755999552,3.9585402175286095,1.1373810164082563,22.45810598140756,0.8266466172769985,13.779460757808735,1.66919622765876,564.0
13.229166666666666,3.0679297007345485,4.008523180524087,1.1894710849316452,22.311540202256804,0.8232263835753273,13.775470432916553,1.6756185381435962,564.0
13.239583333333332,3.1140308635180873,4.057518343135417,1.234673555342789,22.17382701186092,0.819888678162483,13.769609285291457,1.680234966188572,564.0
13.25,3.1548544675746006,4.101451873734994,1.279466387400384,22.038378789405876,0.8164736309401371,13.781190148397043,1.6873932881860076,564.0
13.260416666666666,3.191905416360768,4.140702847368853,1.3215131881146307,21.90300764699022,0.8129144602313291,13.813260020333525,1.6958097498772267,564.0
13.270833333333332,3.219643361025248,4.173463922843544,1.3718049749429833,21.745027807718138,0.80855508031277,13.92136511147929,1.71515684605632,564.0
13.28125,3.2514323639283234,4.2084631315012055,1.4262080633717302,21.560247612838896,0.803140308866735,14.125124083179978,1.7255193098092008,564.0
13.291666666666666,3.3005882607270034,4.255304197254036,1.4726038256245368,21.37817953164813,0.7974291921465768,14.339618564095447,1.708980661631109,564.0
13.302083333333332,3.319792272108819,4.290878643196074,1.5580384324161918,21.134672144566757,0.7891264915953907,14.808677882140474,1.7408458671702547,564.0
13.3125,3.3416787223568987,4.336038506726737,1.639571257507146,20.867516166646563,0.7790177381013541,15.512349566566865,1.7259663827491258,564.0
13.322916666666666,3.3921081165557863,4.396650314437295,1.7133337867810787,20.617437714066945,0.7684812663682993,16.151027764456224,1.7091821396538567,564.0
13.333333333333332,3.247090045709743,4.388852227248158,1.8110203651281895,20.326758262250205,0.754791316647036,17.12928819997501,1.761136671211446,564.0
13.34375,3.0289490799385628,4.34742209479092,1.8729097210422063,20.0437184210722,0.7398850968521596,18.299148689818633,1.8256152545652493,564.0
13.354166666666666,2.917467978540571,4.335510983899981,1.9088923891309593,19.817056226170113,0.7268248428539219,19.07988349056165,1.8720047831166475,564.0
13.364583333333332,2.487758742567275,4.137209844563755,1.8802448547136583,19.623566320631713,0.7148236715774186,20.694118475857294,2.0873908960586687,564.0
13.375,2.0625522386553587,3.875289799532997,1.7106671479342168,19.56071806406801,0.7102238036344966,22.434534411985215,2.1029965129707806,564.0
13.385416666666666,1.80935506012741,3.6692893524655052,1.5015585643601748,19.67518838654455,0.7162015693330279,23.76847947493962,2.1509590249932544,564.0
13.395833333333332,1.54954885739598,3.422978149416025,1.276335670900034,20.00059946711021,0.7345820573474884,25.972220020087835,2.2100494663126455,564.0
13.40625,1.398863035802566,3.2167827973227916,1.0572365039330007,20.51819573666674,0.7640396286061755,28.00256716196184,2.466220127053412,564.0
13.416666666666666,1.2937702368975128,3.0485909384158574,0.881566433733913,21.16760015947842,0.8008446875874308,29.30918737660722,2.4629320968676076,564.0
13.427083333333332,1.2643942320070802,2.911364659324659,0.7488659264911453,21.89683511721311,0.8418618176516772,30.559884801547817,2.4618634098925156,564.0
13.4375,1.2704911493564812,2.8071713912675618,0.6484345763124976,22.616664748576195,0.88205384157627,31.413797838450307,2.4606944008396963,564.0
13.447916666666666,1.2520779810904192,2.7113518759630715,0.5728422395032234,23.255892702040807,0.9177032575260643,31.93252197912026,2.4598105647647848,564.0
13.458333333333332,1.3096114380529278,2.663532201944444,0.5240158038995446,23.763971894947638,0.9465990577947141,32.44176008759487,2.467858525641018,564.0
13.46875,1.3825005792206049,2.639878527471137,0.49120439088068085,24.10247258548788,0.9676246778103154,33.81856585118813,2.489810281108773,564.0
13.479166666666666,1.4077661067690672,2.6065777374064174,0.4644798579935209,24.250960080698047,0.9811097365232293,35.78747470252239,2.512567500778692,564.0
13.489583333333332,1.5082076680565826,2.615900559775154,0.4504603388246995,24.202887945747705,0.9882866307460362,37.58051796718462,2.533980164275812,564.0
13.5,1.6156068922783922,2.642023216914344,0.44510468162668826,23.96339930406803,0.9908047906101568,39.16476366717458,2.5546264318964993,564.0
13.510416666666666,1.6683154181783189,2.6535949553245595,0.4408051479615668,23.55013358171088,0.9903941615490741,40.38478194967426,2.572778992782986,564.0
13.520833333333332,1.766526161311318,2.688737377160018,0.44419957980601105,22.97949885743537,0.9886180717464672,41.85241401380198,2.593015505779316,564.0
13.53125,1.8579425423397828,2.7328200818947614,0.45085408709644054,22.291765237940275,0.9867384510292961,42.74174531400431,2.6089636051934186,564.0
13.541666666666666,1.9051135524672516,2.762705152988298,0.4580725302884182,21.517186223539714,0.9855318369813584,43.452019926876005,2.6226665636924613,564.0
13.552083333333332,1.9728238723227896,2.802641538248288,0.46263286937271403,20.725416251722205,0.9852735584297899,42.33890892908858,2.6199990359054635,564.0
13.5625,2.0198446019221423,2.832298628641228,0.46533275497568033,19.948368246561873,0.9857125349570579,40.31529160623156,2.603742631704326,564.0
13.572916666666666,2.0321869480939982,2.841823814276274,0.47001416069520674,19.15859518609709,0.9864769099931161,39.47099790873753,2.591318205416069,564.0
13.583333333333332,2.0540478771734367,2.854573593428183,0.46239121849542725,18.45888868665942,0.9870998443427315,35.80380333999653,2.55112441355185,564.0
13.59375,2.0479891326577913,2.8470444554568126,0.45724671146673546,17.801326829728254,0.9874047704226396,32.77366538873588,2.509138427429809,564.0
13.604166666666666,2.0312842481455533,2.8310595135301737,0.45419425156575477,17.157214943269828,0.9872643293217651,30.613414038797927,2.4741352919458577,564.0
13.614583333333332,2.033311737973701,2.8262333311097647,0.4471570963613956,16.575900957429727,0.9866858646744788,27.504716935165924,2.4464070024314917,564.0
13.625,2.031732427838513,2.8221035650132396,0.44390541822936097,16.0390213277313,0.9857673697335141,25.03864978284562,2.445596209270629,564.0
13.635416666666666,2.0271979779953715,2.8195410137746375,0.444860265735223,15.52959880755834,0.9845723510648524,23.925792251622198,2.4465202822131547,564.0
13.645833333333332,2.0240056548810403,2.824213567619179,0.4413735655664909,15.097054635143076,0.9833248431977165,22.604183251224576,2.4449561205134462,564.0
13.65625,2.0028997435275366,2.8219280211343976,0.44152057751221996,14.714731329095898,0.9820488269492814,21.52969097647896,2.4453188140680093,564.0
13.666666666666666,1.987976602683458,2.821551864656301,0.44520366042277726,14.367850280102324,0.9807376664605914,20.934489901713718,2.4470319711037027,564.0
13.677083333333332,1.961143192662134,2.82262294902031,0.4463367424739501,14.077103728659893,0.9795064497190201,20.246015524379207,2.2163746112940546,564.0
13.6875,1.9142742982613505,2.8174339436304585,0.4504436769029404,13.826605690692961,0.9783344446454048,19.76205208149334,2.1974900235176538,564.0
13.697916666666666,1.8912832835035651,2.8224060011280074,0.4570336698745117,13.61716552067586,0.9772794533142015,19.458894892707825,2.180808371751278,564.0
13.708333333333332,1.8125430600359131,2.8095035479736863,0.4632927847132479,13.446631987486173,0.9764205891124597,19.41963377264616,2.1690237193816277,564.0
13.71875,1.7298355950170516,2.794049354492334,0.47051132069339763,13.319402067634217,0.97594507231341,19.673392652596146,2.163657996164714,564.0
13.729166666666666,1.6970054930196152,2.80083961597607,0.4785443701818543,13.248213271854194,0.9761701554720317,19.830440848873263,2.1582574421971104,564.0
13.739583333333332,1.632381872195063,2.7796494569741568,0.49371388280687506,13.240642768275666,0.9778341550830628,21.09457337781841,2.17521806968723,564.0
13.75,1.606372630903144,2.774698302237553,0.5046418245405611,13.33270745355206,0.9821334916822667,22.825137268371204,2.1997082025993406,564.0
13.760416666666666,1.6164277422080686,2.7941195769586535,0.5135250461574709,13.527748428535046,0.9898734600059328,23.919448759855392,2.218209663606474,564.0
13.770833333333332,1.575363849637645,2.7739227970389844,0.5278612417692603,13.864625117402873,1.003982814348851,26.279449679572313,2.462623680193703,564.0
13.78125,1.5508139683883406,2.7645306524267674,0.5351062484128479,14.31271538974566,1.0255266383092299,28.71664145509189,2.4625877041972224,564.0
13.791666666666666,1.5555156360179458,2.775323308437064,0.5399374644895425,14.793365202931396,1.053512178817933,30.00832941886957,2.460928189902236,564.0
13.802083333333332,1.5173294446447663,2.752760023079706,0.5488690323305361,15.286862622296528,1.0905961170928145,32.592668759074435,2.464146077448482,564.0
13.8125,1.5278244321869485,2.758678166018264,0.5553748122140179,15.686127072590722,1.1335683399271455,34.782696562678794,2.479781032637639,564.0
13.822916666666666,1.5481844184254088,2.774485247651627,0.5608181919862321,15.930307017041521,1.1791412137593844,37.74542380775618,2.5180857529883394,564.0
13.833333333333332,1.5948267124905322,2.792865661073908,0.57429164018168,16.00735792905767,1.2281426396590864,43.14199740446218,2.5738145088210573,564.0
13.84375,1.6610952938864114,2.824507876722684,0.5866482827755789,15.916636499505232,1.278149445214858,48.02748140062738,2.6308678606581335,564.0
13.854166666666666,1.7029008787782658,2.847664488272046,0.5934399529597698,15.704448741292799,1.3280160018809128,51.19280917617307,2.6806023443073124,564.0
13.864583333333332,1.7820193537750235,2.8833055103753575,0.6047298508670327,15.425845771634767,1.3790047639941077,54.24037203909711,2.879162083554495,564.0
13.875,1.8610964260483545,2.9222578432734667,0.6136585254979567,15.13782094081912,1.4302303498492241,55.974505961170856,2.8767199531570995,564.0
13.885416666666666,1.89853572532444,2.9402132856190906,0.6179095280840995,14.87205615720735,1.4813611395254513,57.43134236409037,2.87527466727687,564.0
13.895833333333332,1.9829221037574478,2.9826033387017854,0.621787554209885,14.651236964463386,1.5293266999892674,56.55852029326249,2.8725533715678266,564.0
13.90625,2.0573273679723356,3.019662632114889,0.6279823007097027,14.47119508174996,1.5737275745443646,55.77986154048278,2.8710845854808915,564.0
13.916666666666666,2.089165491046296,3.0348151673889645,0.6323203609439855,14.3236546132797,1.6144798309315858,55.87669371854603,2.870875708943156,564.0
13.927083333333332,2.1657801652782664,3.07474433186639,0.6375417989742996,14.206848490024395,1.6495626284222478,54.09039786146695,2.8690732578762734,564.0
13.9375,2.231348575444664,3.111854091267539,0.6476884805695451,14.110718803300784,1.6797609582067228,52.77915179103018,2.8685088755184296,564.0
13.947916666666666,2.2634009711303156,3.1343290920991707,0.6587577312673156,14.028260260440995,1.705812087114937,52.32170610874545,2.8689284770243737,564.0
13.958333333333332,2.3277464379375856,3.176106655207749,0.6685704948148807,13.959488373302923,1.7270314337313735,49.88126317234041,2.867610584789637,564.0
13.96875,2.3792445370666093,3.2132488496979694,0.6817772203275843,13.901483904826994,1.7444714251092597,47.64201685554926,2.8675250617265426,564.0
13.979166666666666,2.4046908496161215,3.237885343515145,0.6986662435937622,13.853508261842528,1.759070743236356,46.64827875827062,2.8690589084813958,564.0
13.989583333333332,2.45440796222428,3.2779231703188976,0.706132415790523,13.820985699745696,1.7700023429373162,42.87324914132641,2.6699730353134727,564.0
14.0,2.485044206955044,3.306994895906394,0.7192036772303488,13.802771380360374,1.7781714849877923,39.906148889107605,2.6243363880357484,564.0
14.010416666666666,2.4999091198639833,3.326943632361102,0.7373415937842647,13.799846146212483,1.783772294363106,38.223693938208086,2.587147442265223,564.0
14.020833333333332,2.5339319861409058,3.361885112269045,0.7452100132958238,13.812178752384675,1.7861315286113417,34.49618834334007,2.5327875291522464,564.0
14.03125,2.5513852612854646,3.3882938878093123,0.7611653914873469,13.838075268464156,1.785430351977312,31.169546395523408,2.480028241973968,564.0
14.041666666666666,2.5633335373714097,3.410357625938756,0.7836321415720299,13.878206255143473,1.7812301225805078,28.318080693682184,2.4485221335947447,564.0
14.052083333333332,2.5914996818012375,3.446858725617951,0.8032997594976135,13.928841085992506,1.7735377010648767,25.526700291876548,2.446742281577502,564.0
14.0625,2.6181833872655376,3.48462139162789,0.8353086152360252,13.990955353759125,1.7618615941457827,24.131292919876447,2.4475232709371473,564.0
14.072916666666666,2.6489781454054304,3.526392695679966,0.8735661292166217,14.064258408944657,1.745762385626479,23.507364794710355,2.4487044701770726,564.0
14.083333333333332,2.6960006081912034,3.5824655074188807,0.9190747796270787,14.145727701850758,1.725501577769459,22.999190290767274,2.4492988848553767,564.0
14.09375,2.746849039530099,3.644762131035968,0.9732555951133912,14.233558293100629,1.7012884593359543,22.517136531899524,2.4500488231403845,564.0
14.104166666666666,2.7948786824233043,3.706748162004174,1.0362472358783295,14.327973550363689,1.6729049495087969,22.215835315408395,2.4514164992633525,564.0
14.114583333333332,2.855329510426856,3.779282672844009,1.0983492166544209,14.421729946353976,1.6426899479526673,21.555332597910255,2.2171028956012733,564.0
14.125,2.9086262520085047,3.847723697520698,1.1697386829497796,14.516766141229846,1.6103500618959166,20.919933144255612,2.199301266964074,564.0
14.135416666666666,2.9568424297468168,3.910859059701676,1.246620616428677,14.614721650010079,1.5754134451882158,20.51906681226002,2.1839643680318592,564.0
14.145833333333332,3.014498313324118,3.98056629142389,1.3258694551878476,14.71183036723617,1.5390539868220645,20.12481812608109,2.1679577887801527,564.0
14.15625,3.0714089681701258,4.050381896385162,1.41504304884138,14.808741917559633,1.500462385228501,19.887407275746014,2.154710739942128,564.0
14.166666666666666,3.1299445330229902,4.120928905913319,1.506195792619797,14.901249687153502,1.4602057564713564,19.711392934718404,2.1427410068478236,564.0
14.177083333333332,3.1910052359013883,4.194932190365099,1.612146263721422,14.987804689909996,1.4170593429780087,19.763818469385868,2.1359342895124747,564.0
14.1875,3.2624405510696404,4.277797549037934,1.7240754352514438,15.06007222916893,1.372399737824343,19.84435002294017,2.1306300083947507,564.0
14.197916666666666,3.3341440899602506,4.361910363308012,1.8396629949691585,15.111204261033976,1.3272658506826023,19.85853688059802,2.1254616792710426,564.0
14.208333333333332,3.4098199890645335,4.450825018652341,1.9636469302491482,15.136004195229926,1.282446603729935,19.805555550139903,2.1201094033422594,564.0
14.21875,3.4875898161355128,4.5415970717221255,2.0922423855826016,15.131104455873423,1.2388853414893664,19.673368905588585,2.1137923346311918,564.0
14.229166666666666,3.5585685917877052,4.626294517990975,2.221820274439443,15.094948787914824,1.1966458774163213,19.547244776006078,2.107970499015873,564.0
14.239583333333332,3.627110834518177,4.709066950432875,2.3499165613200126,15.027930929602107,1.1563579253246763,19.403396792657034,2.1018349089463904,564.0
14.25,3.6916059842935653,4.787234044054118,2.4770768615735883,14.93081004207839,1.11774793452997,19.310137822429056,2.0969905507878184,564.0
14.260416666666666,3.753920022908919,4.860680350913252,2.596887156702037,14.807087057438189,1.0812146831278215,19.221225373521076,2.092321479086937,564.0
14.270833333333332,3.7819800264228314,4.913386508089615,2.727647232001398,14.642524245824772,1.0428756097687149,19.740646779391643,2.1018692214697214,564.0
14.28125,3.8112037746260454,4.963199920066082,2.8438337266381644,14.442260013330419,1.0045970434377685,20.650780746345617,2.118239786801938,564.0
14.291666666666666,3.857213240702818,5.018806543967791,2.9396357422624817,14.225617210078864,0.9692299350863857,21.355747753284387,2.1306543626785643,564.0
14.302083333333332,3.8402907435265297,5.039843367004936,3.0364607598332745,13.977566871049893,0.9336358112030404,22.70431684234257,2.155064419724954,564.0
14.3125,3.7818199448049437,5.041503987154662,3.097751652519147,13.725306833591183,0.9011110182802989,24.082406261187753,2.178931925486632,564.0
14.322916666666666,3.7666820970266524,5.052679785676513,3.1395522999845387,13.495946672267142,0.8737520135513817,24.961778331795262,2.1968213267141183,564.0
14.333333333333332,3.5001093310534963,4.967180548870685,3.1379305546740746,13.303026726180873,0.8515146390905941,26.077312792050595,2.2178656675366684,564.0
14.34375,3.193668954275504,4.8499110812419,3.0892442807592193,13.186897017238648,0.8369437138996567,27.053471635824973,2.236484073364479,564.0
14.354166666666666,3.02194150802083,4.770522249301295,3.0312008835883066,13.18912066262128,0.8321954221481161,27.61460591970351,2.46425239082124,564.0
14.364583333333332,2.6240800920390526,4.550413513380842,2.868073379438386,13.35949484122548,0.8394681119449715,28.586407529306868,2.4645777570206495,564.0
14.375,2.214157600943161,4.266559241049437,2.5820299835159624,13.738498541357437,0.8605490619371001,29.32375929546066,2.4638555262979422,564.0
14.385416666666666,1.9411955805012613,4.020167668789036,2.2616084623418997,14.332193895031152,0.8950826873298863,29.72449889726254,2.462966084756457,564.0
14.395833333333332,1.713492904589451,3.790245086207611,1.9147039829179058,15.056568000198517,0.9377449590837248,28.845738633898385,2.459662405396365,564.0
14.40625,1.5265221162050124,3.5572503336754013,1.5644272613110406,15.859137791868921,0.9852566415588031,27.68868350814637,2.4575972818729532,564.0
14.416666666666666,1.3559593170231898,3.321078669036464,1.2465040421421896,16.73343826071529,1.0369364490057693,27.187190203797524,2.457695520959336,564.0
14.427083333333332,1.2665614213112308,3.1370859578367054,0.9791435740300627,17.567089520352855,1.085599119905267,26.02939502679762,2.4552785449089067,564.0
14.4375,1.1738841847334842,2.939336538904751,0.7710198592488844,18.387177707505256,1.1321252544108356,25.338240385157746,2.455511226502373,564.0
14.447916666666666,1.0806029203063598,2.749715755133347,0.6178362349707558,19.17334211748321,1.174371884645859,25.03917027308316,2.4559453429582185,564.0
14.458333333333332,1.0559564614074928,2.6052280095035987,0.5143898682337985,19.899880830988366,1.209844822649981,24.877763060825956,2.456138611602023,564.0
14.46875,1.050994023668298,2.4881325137750445,0.44273851808724196,20.544129009384342,1.2365504482239724,24.67932847908206,2.4559955269573543,564.0
14.479166666666666,1.020456520592872,2.3730273946019933,0.39016794264386745,21.102826491393788,1.2538757443012114,24.579302165071482,2.456140037386522,564.0
14.489583333333332,1.0261458165089898,2.2915536081075896,0.35069571936374994,21.54576948220932,1.2614309290993686,23.97530386733216,2.4547300221910824,564.0
14.5,1.0185268776778675,2.2074672569338567,0.32039485312831023,21.89852873547211,1.2610083955428542,23.442072823151435,2.4546685146344274,564.0
14.510416666666666,0.9897540491425235,2.118647821868887,0.29558943479700633,22.170898581012242,1.2537239364672075,23.17214706801067,2.227288267360892,564.0
14.520833333333332,0.986754070643116,2.0511438144022627,0.27524599033413905,22.35682189145293,1.2413382654250318,22.68842600411726,2.2191466219414053,564.0
14.53125,0.9785428558643605,1.9870000237078749,0.2591937122842323,22.468172400839656,1.2249804737961758,22.285754908413555,2.2118989839376857,564.0
14.541666666666666,0.9575138236268548,1.9236216589141903,0.24592476035849156,22.50745757979554,1.205468364144341,22.06695064701595,2.206728217368551,564.0
14.552083333333332,0.9517165920376266,1.873034458402675,0.2356391056745447,22.47270653695558,1.1833511015885867,22.068153091861994,2.204752668640914,564.0
14.5625,0.9615828984331225,1.8396087376626273,0.22896457617982047,22.3555543534331,1.1586310263585147,22.448805818309484,2.208960660422555,564.0
14.572916666666666,0.9696669394435946,1.8211501621569839,0.22411429090539173,22.156496955416735,1.1331311390130958,22.70970062691543,2.21236499129437,564.0
14.583333333333332,1.0171636310760779,1.8237752271440313,0.22423029276821843,21.842342373954203,1.1048846473944731,23.85352137085838,2.229603047515242,564.0
14.59375,1.0951641449326588,1.8619353214935381,0.2279306507470229,21.409684880977863,1.0762129884145866,25.261384857936978,2.459252833558205,564.0
14.604166666666666,1.157229871357019,1.9116960567937094,0.23318933095463976,20.88385847041057,1.049921074224013,26.066185931174168,2.4578718879821,564.0
14.614583333333332,1.2505646061214326,1.9774943498379625,0.24474198859752094,20.200132789213328,1.0244587790656252,28.058546473810253,2.460422144526213,564.0
14.625,1.3690054638297022,2.0736139393142707,0.26010094333200967,19.392454503370544,1.0030992938584877,30.072190683345298,2.4611281905924587,564.0
14.635416666666666,1.4627092709345002,2.171070211534699,0.2766828488479325,18.520006979783545,0.9878722797600107,31.071505346984186,2.460147908770437,564.0
14.645833333333332,1.5550080040888765,2.267250514408983,0.2995879579801695,17.540763243800143,0.9784553051999252,33.084745088415495,2.4663190949937017,564.0
14.65625,1.6408018196445115,2.3695363191291534,0.3248451456771424,16.52753286921416,0.9759668791620225,35.849498247382144,2.500944012084554,564.0
14.666666666666666,1.713656999447547,2.466787311775527,0.35083914048570997,15.54201891491418,0.9800775141611374,39.25111710777749,2.537522402371929,564.0
14.677083333333332,1.7448824670103098,2.5372258616120646,0.37972639834161076,14.562146710748358,0.9905833426731063,43.96728532353917,2.5868645029852524,564.0
14.6875,1.7332219870856354,2.5841768528387528,0.4050872959530419,13.637242257471085,1.0069850401112466,48.243650136529695,2.63786200202321,564.0
14.697916666666666,1.746484860579973,2.6349122775525493,0.4280997089423168,12.811814261894659,1.0284261130738561,50.92267208952478,2.6810883624015043,564.0
14.708333333333332,1.637092071048632,2.6170283237896967,0.44291036037839543,12.078088099399524,1.055817075800226,54.73860693231902,2.8799110774235666,564.0
14.71875,1.5458985866939174,2.5978834444650247,0.45248558755202756,11.486390592316356,1.0892213774992494,57.73020137530954,2.8783843793069903,564.0
14.729166666666666,1.5168291524105744,2.602519192862571,0.4619307427655038,11.0812916632352,1.1288645998710987,59.59621480471152,2.876875784807191,564.0
14.739583333333332,1.4847554342705536,2.594898742223356,0.4692973043365133,10.884566511762765,1.17620582185818,62.468331658281016,2.877126155107905,564.0
14.75,1.4729478085941121,2.595583530652332,0.47399634862707674,10.899904062944733,1.230092054644926,64.3491679813583,2.8769804260932887,564.0
14.760416666666666,1.4728005094011003,2.5998461597629596,0.4774330670484903,11.077702699241593,1.289019925478355,65.89029014814888,2.8796813274823356,564.0
14.770833333333332,1.4637582548228991,2.5914982220839153,0.4806831072924685,11.353162453337362,1.353091040850421,74.1688955059984,2.908155428720208,564.0
14.78125,1.469775253144421,2.5938422855229866,0.48497873882631914,11.65017394617897,1.4200426509238353,84.50527379792884,2.941829972915295,564.0
14.791666666666666,1.482087672958233,2.6037630757516177,0.4884521574057159,11.897631460737136,1.487309199171242,91.66967033596254,2.9686854131942364,564.0
14.802083333333332,1.501931677295237,2.616473284801412,0.4970711812893447,12.059141899723052,1.5561392520660005,100.3167941767198,3.000952531319218,564.0
14.8125,1.5311087219712147,2.642299614002991,0.5044692191527061,12.114248286783834,1.6238934013284934,104.44388693134287,3.021534749279432,564.0
14.822916666666666,1.5461838312859506,2.6572435725061063,0.5108072477037913,12.074096969202873,1.6907208874756718,107.86470521189828,3.0380700368903195,564.0
14.833333333333332,1.5715032159919062,2.679625966301843,0.5086402464597282,11.970992743328127,1.7522266835679856,103.22869348463364,3.0291915844049475,564.0
14.84375,1.5808271481215346,2.6829685907441325,0.5015025602953456,11.843000306845692,1.808047067755959,97.44225383643045,3.0100668777813775,564.0
14.854166666666666,1.5694291425135916,2.664521201487484,0.4931273877893796,11.720724126613073,1.858145630937357,94.88930530236242,2.997537159804081,564.0
14.864583333333332,1.5878929529948997,2.667950181132257,0.4776708720508133,11.636751937572653,1.8969726313229565,84.27747352705528,2.960207763128734,564.0
14.875,1.5854531083126566,2.6506865238131296,0.4625322117545396,11.592029828701047,1.9258854515211412,74.91639889811955,2.922194461577435,564.0
14.885416666666666,1.5655409428853584,2.6186946258622092,0.4488876422814344,11.57999962319624,1.945390006643291,67.9935458808827,2.894063600097549,564.0
14.895833333333332,1.574791671248991,2.6113451428865853,0.4274573539463245,11.587296019875794,1.954301486190718,53.67408174474322,2.8616598207593142,564.0
14.90625,1.5511705697855944,2.5746712699580865,0.4065185790113939,11.600320494900496,1.955462719802997,47.093384663509724,2.8600585625272132,564.0
14.916666666666666,1.5071303180683806,2.517308325277521,0.3883780409701062,11.613603065701353,1.949672635402832,45.01201898876828,2.8626171545394885,564.0
14.927083333333332,1.4891692780218027,2.482640588006516,0.36561327840876,11.623422771735072,1.9388055789159402,39.455982649701845,2.668699967081918,564.0
14.9375,1.4484964672410512,2.4281614566589496,0.3459697392758343,11.631249475437274,1.9236826706114565,35.25716961323807,2.5924800480142984,564.0
14.947916666666666,1.397147616985199,2.3618967174105943,0.3295560032796066,11.639550443106849,1.9035008909176299,32.75781435344492,2.531067044733224,564.0
14.958333333333332,1.374047002610443,2.3195133345882395,0.31180078974789355,11.649346382070492,1.8815855858738144,28.422876804419193,2.454594770862519,564.0
14.96875,1.3355925919272207,2.265324775489875,0.29762315712111165,11.66279890096316,1.857019378603487,24.557389844386133,2.4421571877782426,564.0
14.979166666666666,1.2930912289401701,2.207292725136534,0.28582321381699705,11.682201236032519,1.828575948710525,22.45402794888128,2.4436850381773403,564.0
14.989583333333332,1.2868346471550192,2.173241261780032,0.27539763503062786,11.707000082910765,1.7986305686119957,20.987250574149254,2.4437828717817855,564.0
15.0,1.2837191183989645,2.1433475700495785,0.26776437690913907,11.738284772408502,1.7662539896068394,20.018587227900937,2.4454960321361634,564.0
15.010416666666666,1.273902228997359,2.115208616970533,0.26195641822367366,11.776981922342365,1.7306671678961396,19.46997586170529,2.202649355023826,564.0
15.020833333333332,1.2884846067428302,2.1063538198887324,0.2574350359412382,11.819625755580056,1.694459060295549,18.827463568701003,2.176243647667281,564.0
15.03125,1.3007503689165674,2.1013318171151463,0.2548962719058961,11.865738288089515,1.6569374992089867,18.245742743014453,2.150173529226609,564.0
15.041666666666666,1.3054594242869053,2.09740447706149,0.2537851593383994,11.914893370229123,1.61727988366515,17.84020985976234,2.1267204935043433,564.0
15.052083333333332,1.327148797900401,2.108738862733306,0.2538899424643666,11.962785854559458,1.577666130318215,17.378961819187705,2.101096035831361,564.0
15.0625,1.3526132048157555,2.1269592811260396,0.25610491199688806,12.009122584145095,1.5370510673790494,16.979253614127014,2.077002286014443,564.0
15.072916666666666,1.3758298207040853,2.1500217031044113,0.2597052141011919,12.052384971570731,1.4954010445716157,16.64121189794792,2.0549340418664412,564.0
15.083333333333332,1.4209097495202276,2.189291975003676,0.2658746580231368,12.090993389055019,1.4528353703870176,16.337434391817762,2.041299566654975,564.0
15.09375,1.4768385149062275,2.241819928782721,0.2747735813420335,12.12358661516604,1.409408865702747,16.06772582878871,2.04362047526797,564.0
15.104166666666666,1.5315029580420023,2.30233275667138,0.28577843264325276,12.148500394236763,1.36605711828144,15.859566206812147,2.045844293858301,564.0
15.114583333333332,1.5962821545143298,2.3758741418354785,0.3010810183966861,12.165323131787195,1.3219639523742173,15.807744694384542,2.0481520091610044,564.0
15.125,1.6705520266775309,2.463412074060646,0.3202773082991656,12.172798674161628,1.2783896735565445,15.840970126610234,2.0497808872392227,564.0
15.135416666666666,1.7462508652271256,2.558370392876927,0.343328726346255,12.170597977255154,1.236270918533106,15.895406379900619,2.0510234680948574,564.0
15.145833333333332,1.8351160384779919,2.665252536013387,0.3719815520392678,12.15902336163682,1.196220671023191,15.936219306530594,2.0521118300423633,564.0
15.15625,1.9330536223178594,2.780160602467576,0.40672239619014383,12.13876267194614,1.158641798335163,15.952452221250878,2.0531708453301207,564.0
15.166666666666666,2.0276846836002056,2.8954381399693125,0.4477558775936908,12.110468518965172,1.123480345887839,15.967485507350355,2.0543448218016507,564.0
15.177083333333332,2.1368629858091595,3.0190457138095037,0.49764726972683465,12.075027571990244,1.0908933809932697,15.986300445384234,2.055458502649232,564.0
15.1875,2.2491747807831346,3.146594865746958,0.5589582814354319,12.03263305638757,1.0604051563435497,16.05958933949667,2.0566692572070124,564.0
15.197916666666666,2.3606577374711404,3.2759045591041374,0.6297256790023789,11.985334704863254,1.0327751621938852,16.124802927496813,2.057281036852133,564.0
15.208333333333332,2.4726131505618696,3.407456683020262,0.7205164699752586,11.931503512215686,1.0065733628705238,16.331464049086534,2.058364221639249,564.0
15.21875,2.5940151795840616,3.547298513954932,0.8271113330601215,11.87402742136952,0.9828265164838118,16.583283957630055,2.0581290536066144,564.0
15.229166666666666,2.716426208068531,3.688862748557335,0.9473784412883595,11.81613038435835,0.962136505057701,16.76451226992198,2.057243975328202,564.0
15.239583333333332,2.8308853646117975,3.8265968138836803,1.0918666135354262,11.75628731381634,0.9434232180404724,17.02241841259056,2.0569953677086343,564.0
15.25,2.947916552059698,3.9650175042597406,1.2506826207969461,11.696223456371131,0.9269345883847107,17.303591817122225,2.0559404331020077,564.0
15.260416666666666,3.0651328248534537,4.1008231682483345,1.4153501486654414,11.637537078061019,0.9127940807076393,17.485106303640478,2.054370204882258,564.0
15.270833333333332,3.142336692641802,4.217135578660934,1.6047440647742646,11.573022092748825,0.8992736178291694,17.95683820233257,2.0541832339754955,564.0
15.28125,3.213042061500899,4.330712994240608,1.7937358886473531,11.502694491979922,0.8865966433512209,18.562416238777313,2.0552556087564677,564.0
15.291666666666666,3.3055985170030366,4.449072836447043,1.973312909440299,11.428369599071175,0.8749682748282207,18.98227223967726,2.0649003743694885,564.0
15.302083333333332,3.2681695850664783,4.499032234068505,2.1506366285519753,11.338000469972034,0.862393601245311,20.16063760409523,2.0965815276305895,564.0
15.3125,3.0915956924037475,4.461819194668667,2.2503929212686247,11.235068064520602,0.8490862727081415,22.406392073619003,2.140627686276058,564.0
15.322916666666666,3.0052441253435966,4.438862332934429,2.2804116548317013,11.143021265046219,0.8371698287541164,24.324686729692885,2.1740763149651,564.0
15.333333333333332,2.549678345103069,4.235095040224464,2.243539021616414,11.073507161330186,0.8264686494956264,28.313032710670516,2.233247215038642,564.0
15.34375,2.132737213670885,4.024212702860668,2.1335600312014606,11.092273821903053,0.822837640178989,32.46347333771761,2.4734178588795848,564.0
15.354166666666666,1.9485213720386803,3.912700583610952,2.032041485010325,11.25536320692085,0.8314599951268551,34.63005845686791,2.4712033247807863,564.0
15.364583333333332,1.515234487714195,3.584617087663484,1.8135403645546906,11.660524171361647,0.8598289956791416,39.5440643696855,2.4865264123458415,564.0
15.375,1.1951526530858476,3.2471277009172237,1.4944475071104588,12.345376376429748,0.9108230816319116,46.63964109729963,2.559544212897747,564.0
15.385416666666666,1.0586338359267498,3.0201130333513344,1.216592949687083,13.246175085530325,0.9777136914768176,53.605411477459626,2.634039397842638,564.0
15.395833333333332,0.9755046101191868,2.80923444825949,0.9801257968578526,14.299917084726575,1.0533078661233113,60.05026207344936,2.7126833062535454,564.0
15.40625,0.9746218455115614,2.68373465168964,0.810414726527732,15.367282968750331,1.1260030990758565,63.58559443970641,2.8892784892332553,564.0
15.416666666666666,0.9630296764359324,2.5672409569519026,0.6865964251787914,16.362895619224467,1.1899582260640524,66.54289592520115,2.8871141081484994,564.0
15.427083333333332,1.0404391059457803,2.554624173042918,0.6139967195538101,17.180728507460067,1.2398950574461596,65.70737290788985,2.8829651862640007,564.0
15.4375,1.1021943248234662,2.535877855291374,0.5563662019665286,17.8076242094164,1.2774163002697034,64.15952867907639,2.879818879065215,564.0
15.447916666666666,1.1061013388277567,2.4696789148711433,0.5038123613895523,18.256961489377947,1.3058037933099569,64.5932150195894,2.8794459297744557,564.0
15.458333333333332,1.1598009440262824,2.460046056965184,0.4673707244806705,18.513190784622996,1.3258105439494723,61.852130979488564,2.87594471248806,564.0
15.46875,1.2044267491365759,2.4401421769724867,0.4404296538885156,18.608701083337003,1.3405690227043536,61.189355220274074,2.8754363918464274,564.0
15.479166666666666,1.2118859395041564,2.399914226371932,0.41546064925576753,18.55387706340413,1.3518442989883737,61.15098684971584,2.87533624067666,564.0
15.489583333333332,1.295329530067461,2.4107647141462576,0.40315243197461964,18.36011573444251,1.3609437994884863,61.565208468192274,2.8754952733351136,564.0
15.5,1.3880919080403715,2.435094910398688,0.39635946013796924,18.0485057732666,1.3684850957107604,62.04468236643543,2.875531374986164,564.0
15.510416666666666,1.4283748551178024,2.4364290124926162,0.3885430933301172,17.650540658834714,1.3745806747653901,62.35286197719778,2.87535477131036,564.0
15.520833333333332,1.5086265287780272,2.4643372041405462,0.38647386445403104,17.201459707289114,1.3790397647884607,62.517284051525074,2.8750968762404145,564.0
15.53125,1.5731968110569694,2.490372155580045,0.3862788832828886,16.730081592102053,1.381496209957803,62.566068094049086,2.8747794376307243,564.0
15.541666666666666,1.6000777807061377,2.5000875283825716,0.3856603116076753,16.247255167120148,1.3815327014185914,62.78704085076472,2.8747157262885397,564.0
15.552083333333332,1.640143480527452,2.5186200806656265,0.38673950558556297,15.75442259375919,1.3788991479364385,62.71496043327414,2.874360322172479,564.0
15.5625,1.6763582455795405,2.539114884149963,0.39042198950513185,15.23954792590208,1.373484768080725,63.13358340029054,2.874621339979792,564.0
15.572916666666666,1.696300121133525,2.555223712936324,0.3942817572976072,14.69276663298345,1.3652961695255343,63.34076288800972,2.874598042130331,564.0
15.583333333333332,1.7277628810121095,2.577105301703243,0.3997738026177803,14.102293103173624,1.3545799753635213,63.728980194536504,2.874814992930774,564.0
15.59375,1.75800174235316,2.601283056921755,0.40509825915028136,13.473535114808238,1.341971902927178,63.31026686071638,2.8741906161600177,564.0
15.604166666666666,1.7732809378870127,2.6185691186176547,0.41095932404888436,12.804246028071452,1.3278737003377719,63.28962306573564,2.874185661355482,564.0
15.614583333333332,1.7979035162376347,2.63686265176617,0.41132131851188997,12.131297498809165,1.3135598694499793,60.75101244634856,2.8715548693953337,564.0
15.625,1.807419937500443,2.640962853687049,0.4105623281588728,11.458001384030611,1.2994598026404438,59.05437783447808,2.8706517685247204,564.0
15.635416666666666,1.8055223574737402,2.637617628287468,0.4101797229757394,10.796712104604365,1.2858726114163708,58.45325112073958,2.870977637531657,564.0
15.645833333333332,1.7950312887770972,2.630100536198606,0.40890650064088185,10.17573799930248,1.2732325539383709,58.00620855695147,2.8712976383307516,564.0
15.65625,1.778343579754141,2.6236358672808637,0.4105298099479736,9.612311605475712,1.2617114659042854,58.46351719190975,2.872349806687954,564.0
15.666666666666666,1.7763461670919802,2.6306336482201345,0.41417854052272646,9.134396779101355,1.2519333637565397,58.337572743603495,2.8725306912220456,564.0
15.677083333333332,1.749690896070554,2.6273712125301185,0.42314356162571043,8.732738684936876,1.2443317283668929,60.999500423926854,2.8751985849709274,564.0
15.6875,1.7248216652760517,2.6343788477033745,0.4362176664481228,8.420925623977348,1.2405596727912125,64.08835105561364,2.877582953885318,564.0
15.697916666666666,1.733294332418325,2.666129051846598,0.45140029903032164,8.207317819711978,1.242697177450393,65.06859465871652,2.8775588957014175,564.0
15.708333333333332,1.687860165945151,2.668473547819772,0.4797717265394386,8.070180821650476,1.2543008104258744,77.60387656790977,2.912456657647887,564.0
15.71875,1.6799622776542165,2.7050961561249864,0.5169376485688807,8.021908007643328,1.2796596248161367,96.68341055076785,2.9716677682100157,564.0
15.729166666666666,1.715412444696456,2.773867724447219,0.5574230410935906,8.05806319433606,1.3203898406162276,108.38291421842598,3.015893720610817,564.0
15.739583333333332,1.691430368846048,2.7953661433490233,0.6097569115685515,8.17866571332869,1.3827705217662167,131.09612974891883,3.0924880303250384,564.0
15.75,1.6984388374724122,2.84027290596098,0.6628958472992683,8.384376892667065,1.4627075587520548,148.8769405824852,3.163458297889548,564.0
15.760416666666666,1.7331040467512802,2.9009976264545916,0.7145467148993639,8.670717800247042,1.5491325435467238,158.56852359452262,3.3014347374681607,564.0
15.770833333333332,1.7755505912513152,2.9478407995738567,0.781752712474321,9.051051146546941,1.6383282610939554,182.33050960975865,3.3065128932133967,564.0
15.78125,1.8637967009511807,3.0292981593123596,0.8550438014136884,9.503661754361035,1.7222038069040067,200.2802373904145,3.3097040296051774,564.0
15.791666666666666,1.9276884805170187,3.0956152632747758,0.9122822806102826,10.009231533664229,1.7993719018849688,208.14699877323733,3.311003068629869,564.0
15.802083333333332,2.037632965858612,3.1802929408316194,0.9880393175991485,10.5700265674918,1.873035927316221,246.5583937187396,3.3407008005697385,564.0
15.8125,2.1573368876591323,3.272777160797572,1.0527119227928377,11.147796381084074,1.9425509501937697,261.30913991945135,3.352928493795659,564.0
15.822916666666666,2.213111169549505,3.3180009671587705,1.0894836681455078,11.72110482324581,2.0074669700098857,258.7637149230638,3.3509813111810307,564.0
15.833333333333332,2.3351798281673917,3.399713019477842,1.1308921372968819,12.252508872445388,2.0626261560709227,241.0862728332814,3.3368425649263016,564.0
15.84375,2.424299402641455,3.45351032331737,1.1525202750421146,12.71000202090073,2.1034411701553384,217.3813845604382,3.3180095198931734,564.0
15.854166666666666,2.4521586697504802,3.464655671064836,1.1519899610585336,13.07144827256215,2.128595748804273,206.66256039655192,3.3133603409828467,564.0
15.864583333333332,2.4909564800907256,3.4808460250846185,1.1393325626073691,13.31865728527674,2.1403531815853696,196.17231652863288,3.3115117737081228,564.0
15.875,2.5065488586409446,3.479585791430001,1.119799572387113,13.439445341987794,2.1425284142334418,187.35165044665604,3.310727374461556,564.0
15.885416666666666,2.5025750800617543,3.465289987176093,1.0981111696808286,13.410724999721179,2.1360810335264158,181.32174405660118,3.3110481210113156,564.0
15.895833333333332,2.504057352070705,3.4543993626455,1.0581321869920002,13.243865546370284,2.121556419259273,165.69235593148827,3.235898315863574,564.0
15.90625,2.483921536114823,3.425555419970457,1.012845823543238,12.965114636311709,2.0998205038532496,152.89718620601786,3.183833479185877,564.0
15.916666666666666,2.45726075520425,3.3905924081764565,0.9763102196809937,12.579447772105672,2.0710023447864567,145.7575753786533,3.147449863288927,564.0
15.927083333333332,2.428759250816878,3.3557499949843095,0.9117180016883794,12.140270309778458,2.0387496725308165,126.97248117140391,3.081115060903797,564.0
15.9375,2.3733537816720958,3.2967836090185285,0.8420456915940415,11.672928697066713,2.004349762533023,109.45183173736243,3.0130640944376985,564.0
15.947916666666666,2.315934602756182,3.2311890951603055,0.7900570473836527,11.165556955280614,1.9661359646614263,98.93491435657859,2.967229379055635,564.0
15.958333333333332,2.2604241705033945,3.1715068276225535,0.7099010586640986,10.689797850753767,1.9289096639578969,75.24784904864376,2.8890222119906763,564.0
15.96875,2.173431374779325,3.0834408598650893,0.6424247690491225,10.226236855991168,1.8907272709531886,62.251131162949186,2.8801697432738464,564.0
15.979166666666666,2.095686414715234,2.9960884373726215,0.5927074892662342,9.754203665271392,1.849073867394912,59.04046245203439,2.882621747618824,564.0
15.989583333333332,2.0366252542753203,2.930888722608719,0.5419811854719645,9.314597678738554,1.8073357608762528,52.804059950019564,2.7144007041050084,564.0
16.0,1.9694542507217867,2.862096749205086,0.5055427081260258,8.886082858078463,1.764000180445567,48.68161198991074,2.6474862053727084,564.0
16.010416666666664,1.9167291881834174,2.804237779123601,0.48037899635972364,8.456890744476596,1.7184620144129834,46.01801391788224,2.5953942091637145,564.0
16.020833333333332,1.901419535964961,2.7787191982721278,0.46428741335358165,8.03672640526295,1.672669370186915,42.87421128336775,2.546673196828971,564.0
16.03125,1.909221861445323,2.774418623392656,0.45952776059979134,7.617128641452238,1.626774316369205,40.285746129961915,2.5082740783157895,564.0
16.041666666666664,1.919085480220402,2.781461322842029,0.4603723265834782,7.203481909167292,1.5823549058788615,37.665634646479766,2.476240275616626,564.0
16.052083333333332,1.9711299144872758,2.820625374277228,0.4728192702519503,6.799142513819532,1.5404930229993805,35.39088181809101,2.4684391190685675,564.0
16.0625,2.035400248193587,2.876268320026632,0.49020658572887704,6.4208579288151215,1.5031789870119026,34.08798701886115,2.468035200471228,564.0
16.072916666666664,2.081076714288306,2.9283601106184247,0.5127721414668066,6.072107785120751,1.470551826454066,33.58986664104,2.46850000500562,564.0
16.083333333333332,2.158334737287118,3.0019959954469377,0.5408976255187996,5.768478297563701,1.4434532096858423,32.811752424437756,2.467741987129903,564.0
16.09375,2.2348973962866365,3.0788753650825496,0.5775768005977582,5.508341563764551,1.4208458982509187,32.29589959687755,2.468028431704213,564.0
16.104166666666664,2.297278969836664,3.153490798312772,0.6207200887117945,5.294017685356842,1.4019296776055212,32.02482310475895,2.4686160533671626,564.0
16.114583333333332,2.3926244077286647,3.2510960997426133,0.6783118265323081,5.128572875558671,1.3859721244367245,31.783925296747565,2.469031760967498,564.0
16.125,2.4933923092404324,3.358414208459797,0.7493691359096231,5.013283339645208,1.3721784508580097,31.49329624363532,2.4693077416915847,564.0
16.135416666666664,2.5792853578517114,3.4636547462706693,0.8339733316984881,4.948914826418719,1.3596685793884855,31.304530604080416,2.469874765966396,564.0
16.145833333333332,2.670421932405253,3.579165932733979,0.9365657864895686,4.937563393661573,1.3478256920314768,31.02775093394397,2.4701112987873373,564.0
16.15625,2.7522307316008763,3.695933487413894,1.0592736234576052,4.979262865279289,1.3359940389253164,30.851446963470096,2.470710305485169,564.0
16.166666666666664,2.839163926486402,3.816655560499933,1.200354568478469,5.072621752496214,1.3238745922734776,30.7218188700572,2.4712784582546665,564.0
16.177083333333332,2.9166517725529797,3.9393524285154795,1.3608522666551446,5.213449877861821,1.3114748877002407,30.558594430210128,2.471717362375812,564.0
16.1875,3.002397626100792,4.065495938559789,1.5336845013861247,5.393489638118627,1.2991038174565328,30.194023726023918,2.23926828036693,564.0
16.197916666666664,3.092080559846683,4.1889993084059975,1.7194406710358783,5.608582953829487,1.2868689587704512,29.973176632010663,2.2338478477792925,564.0
16.208333333333332,3.1813555231230377,4.3110211641647345,1.903993154145575,5.848648825585851,1.2752113718988456,29.475015056001926,2.2260716840366066,564.0
16.21875,3.263001419535988,4.422955618451831,2.0883564780829023,6.113551445708216,1.2638673897576016,29.077871791765816,2.2186872432447866,564.0
16.229166666666664,3.345237294674716,4.5289728438268755,2.268794402876301,6.404642163659019,1.2523742564159255,28.8450714397528,2.212350811791559,564.0
16.239583333333332,3.432856553363661,4.6373473165569035,2.4462579988042275,6.719265772965138,1.2402603590403682,28.5182980856369,2.205281830315776,564.0
16.25,3.5195796048034027,4.742937784787919,2.622684658073101,7.058191368306846,1.2269425127154427,28.220874960568135,2.1984555718970524,564.0
16.260416666666664,3.6024578002039904,4.842674840239051,2.794598146777916,7.420437635764377,1.2121996248247702,28.021348387987086,2.1924673787872795,564.0
16.270833333333332,3.670069696012814,4.930700723643761,2.970919773593114,7.81884936434705,1.195605399710298,28.52167635347318,2.193045652670466,564.0
16.28125,3.73620212910557,5.013907834330147,3.1385570514066092,8.249434649089752,1.17796991708855,29.394215692136772,2.1981636241736093,564.0
16.291666666666664,3.8084816636573104,5.098188608226447,3.2870134397167283,8.69299644053158,1.161665382468093,29.78802163258007,2.2010244408389514,564.0
16.302083333333332,3.809294929096295,5.139405052469584,3.4317845006660463,9.196883326872795,1.147893071863988,31.654164523810103,2.2164636081539117,564.0
16.3125,3.69894912690591,5.125750696895008,3.518312312363392,9.757818874177593,1.1413521534685778,33.734591197283166,2.2350057308141227,564.0
16.322916666666664,3.6700185893646653,5.136927677310356,3.57620677263367,10.368821051450958,1.1469458013850091,34.68063892037612,2.2473291221944924,564.0
16.333333333333332,3.248960962708097,4.9519818412349155,3.5231514725525748,11.113952319355993,1.1706270155296568,37.081072380848276,2.4858881711155285,564.0
16.34375,2.8413431180441275,4.729660936877902,3.3765780623224484,12.018578839922016,1.2180878572652358,39.27339938412555,2.487209960227386,564.0
16.354166666666664,2.647021441062441,4.593092636959929,3.227785528918824,13.094769469236722,1.2913570351757708,40.21398544127386,2.4865031735763488,564.0
16.364583333333332,2.274269132901291,4.272398191022281,2.921282700578362,14.476990263894919,1.3992440234831096,43.608037932822086,2.4929743403125726,564.0
16.375,1.9672684907722795,3.933997124242018,2.4893500535931,16.086890367176682,1.5335982950311173,46.16843492332557,2.495686951001466,564.0
16.385416666666664,1.789278649293829,3.680231966814328,2.081008339614449,17.78280722200145,1.6790085361183833,47.84866022627116,2.515046523297737,564.0
16.395833333333332,1.6583601178786627,3.464801824733415,1.701228632753897,19.386218459186903,1.8169351303461017,48.73214867176025,2.5282149602335298,564.0
16.40625,1.5611646985142293,3.275163025161597,1.3650756230128966,20.81350744122801,1.936915099772403,48.34614675271745,2.530834755048843,564.0
16.416666666666664,1.4619009563629684,3.0864601540093717,1.0920002520769394,22.07378985346558,2.035584127332016,48.78222948185454,2.538073754292324,564.0
16.427083333333332,1.439629420761505,2.978585964811085,0.8884018839048708,23.067129735106725,2.102947713001652,46.130072634111215,2.5221227540333775,564.0
16.4375,1.4094964463516362,2.861309064216048,0.7361624372806337,23.856668286806322,2.1440041817343674,43.781202853689905,2.5062537379836263,564.0
16.447916666666664,1.3535163012585822,2.729893188130681,0.6213908894952,24.465784612846946,2.1604174693340643,42.52249060647624,2.4980301735808594,564.0
16.458333333333332,1.3732724306892687,2.669110032736313,0.5435457515060221,24.86595540940917,2.154091920029952,39.73779943618073,2.4773517549872213,564.0
16.46875,1.3888401723670978,2.6084456101359224,0.487189300200722,25.084083899370242,2.129977401897237,37.30740231153336,2.4730036270999394,564.0
16.479166666666664,1.3651267922929655,2.5271483727696333,0.4419024798057407,25.122285494830578,2.091066097096311,36.5196151936236,2.47288090114632,564.0
16.489583333333332,1.4071528658823071,2.49610165293957,0.4074044921977351,24.98495183154094,2.0438910572499007,34.882333509984036,2.4696023030607086,564.0
16.5,1.4362408685322015,2.4568257109850125,0.38052636296440306,24.69191624332912,1.9908506297914648,33.73389852205865,2.4685388472244005,564.0
16.510416666666664,1.4253869137994797,2.39929895227636,0.35748922863897814,24.25562294639529,1.9330816684593999,33.31406040133843,2.468769841876367,564.0
16.520833333333332,1.4435509357888414,2.3652338139487203,0.3370196626319238,23.72947357143148,1.8754760014142355,32.08432529133041,2.4664559638963652,564.0
16.53125,1.4389936943422459,2.32149361105422,0.32043666574606167,23.13180175147781,1.8175959770587715,31.146169700992697,2.465881007036742,564.0
16.541666666666664,1.4160552368567478,2.272483996430525,0.3069097019669305,22.475821184087,1.7590684108951251,30.75973485207421,2.466311364382678,564.0
16.552083333333332,1.4005827417177836,2.2341381650878707,0.29497208083438736,21.801966598810246,1.7020374399894995,30.147156689311174,2.4656199898850644,564.0
16.5625,1.3830520364682723,2.200914505614962,0.2863916242505764,21.118160396645788,1.6459188988048723,29.737934499417612,2.465786058606661,564.0
16.572916666666664,1.365819449230985,2.1744824601904367,0.28032505134255153,20.436602531093353,1.5907695067544128,29.54856764054303,2.466172072075045,564.0
16.583333333333332,1.3525200305091083,2.155669758970086,0.276005925711936,19.771897264261717,1.5370431562652178,29.420584170654035,2.4664004835235698,564.0
16.59375,1.3458205661486093,2.1472650933030324,0.274760898700252,19.12323044204128,1.4841539629757856,29.589739064094932,2.4671871798191303,564.0
16.604166666666664,1.3466690294999362,2.151018757760448,0.27526179328996786,18.506867300483396,1.4331706926703036,29.665747756161988,2.4672515840711426,564.0
16.614583333333332,1.3711644713441518,2.167713120371217,0.2807029024711601,17.891106829258696,1.3815558057012511,30.7104485298656,2.4695286741838434,564.0
16.625,1.4190224419602628,2.2087273247686867,0.28887652733328917,17.296555390306246,1.3317476313035674,31.683418707404613,2.470146798380438,564.0
16.635416666666664,1.4599720325173868,2.255837147667771,0.2982643778974447,16.726701734414046,1.2856040273650358,32.110403862750395,2.4696690852607683,564.0
16.645833333333332,1.4692649251993093,2.2889659852600235,0.30940128230412545,16.146110718413635,1.2423088861752751,32.95413573154569,2.4707077268664053,564.0
16.65625,1.4608606104745774,2.318912957831833,0.31987439778473076,15.55491226749927,1.2036375122847813,33.41933424880739,2.4703947431235673,564.0
16.666666666666664,1.4673451609780235,2.3556122738196743,0.3316972957178663,14.947494672639019,1.1700000410864655,33.640693216857116,2.4700481168735697,564.0
16.677083333333332,1.4280347518430698,2.3675736479110974,0.3386751492036495,14.343807413258356,1.1422955491816789,33.2701303089782,2.4686559285310596,564.0
16.6875,1.3797059399106464,2.3678082833926757,0.3431115297156054,13.758972202821152,1.120379128736534,32.66635046775292,2.46745847251959,564.0
16.697916666666664,1.3547273006991256,2.371664628319511,0.3484869190994813,13.20130992410919,1.103786006933805,32.443266279563446,2.4674832297423253,564.0
16.708333333333332,1.299123639265407,2.359454699035554,0.3461979376109829,12.724003114734142,1.0932031922893224,31.27555168984529,2.464980396535329,564.0
16.71875,1.2328428050698594,2.329509371352501,0.34198531319433867,12.327607507936232,1.0877049031318218,30.298764538806815,2.464233185554768,564.0
16.729166666666664,1.190583363094444,2.3035224774518515,0.3386270144379842,12.021676059232934,1.0869221450180326,29.88525510021887,2.464691321748871,564.0
16.739583333333332,1.1447802077163924,2.2747922530266678,0.33169632107453606,11.831736546476861,1.0904851807429932,29.157625959259853,2.4638042186575864,564.0
16.75,1.0981192197102738,2.2381698793461755,0.32389201320417127,11.757208819952615,1.0976748977154867,28.540509585628556,2.463757093207667,564.0
16.760416666666664,1.0650173585778588,2.2046822050471513,0.31696419501367773,11.791069674231148,1.107620784588523,28.24423700410376,2.464340521638179,564.0
16.770833333333332,1.0426578813387435,2.1780557327226324,0.30856259518196566,11.910069816632033,1.1186779445213149,27.586161656652465,2.463626241476688,564.0
16.78125,1.0223742258022406,2.1466031103051266,0.3007370726219766,12.087150646656985,1.1298693571889011,27.116421274092033,2.464035395283361,564.0
16.791666666666664,1.004571215052963,2.1162359197874943,0.2936528018653757,12.29666512396479,1.1401819285568264,26.88342339787807,2.2318869005896578,564.0
16.802083333333332,1.0010030504115497,2.0932789624877177,0.28797191412138823,12.517658319272911,1.148803298016487,26.884257151973554,2.2291633346182684,564.0
16.8125,1.002197210337508,2.0763014594184463,0.2837691653978919,12.734271500012305,1.1551379669165258,27.07312918931693,2.2291878389364723,564.0
16.822916666666664,1.0031567127866858,2.0658087730551933,0.28045616489843295,12.932730619190346,1.158814572216746,27.16569490485898,2.229388351966899,564.0
16.833333333333332,1.0098062410044082,2.057705480315081,0.2797416778019106,13.113825463475877,1.1598964288321023,27.783134801244785,2.2355853855051104,564.0
16.84375,1.0292717536544822,2.063996639098658,0.2805182568919634,13.265541789398688,1.1584402145058663,28.437579631414884,2.4676147808471587,564.0
16.854166666666664,1.045631510497512,2.075599242404027,0.2817871783668289,13.373642180799132,1.1548582116821695,28.77045483294674,2.4670042649698765,564.0
16.864583333333332,1.0781614126670644,2.0940976989864204,0.2857537851712008,13.424807429436191,1.1494240850425521,29.472174644733673,2.4676281732136913,564.0
16.875,1.1202981379701527,2.122768333045921,0.29090647845546685,13.399538785022777,1.142595542839833,30.172939477974708,2.4676336528701794,564.0
16.885416666666664,1.1508899921141598,2.1500277701420916,0.2957029372762989,13.289176001989887,1.1349663855902534,30.5363341867686,2.466966608466643,564.0
16.895833333333332,1.213087105891459,2.1927448512868715,0.30346602401815675,13.093272867342888,1.1267987142407034,31.012684719827043,2.46704189476323,564.0
16.90625,1.2879101638194261,2.2466673820204655,0.31220544773587766,12.826653275580544,1.1185207192683275,31.169467302247597,2.4662908674062254,564.0
16.916666666666664,1.3340716373139399,2.287239353214607,0.320487509324543,12.50418600865011,1.1103154350152953,31.271945942608266,2.4659232976531222,564.0
16.927083333333332,1.4171803884345997,2.3465450998103847,0.32958367505780994,12.152563179893914,1.1026395994279121,30.837996157107707,2.4644548887611815,564.0
16.9375,1.4970426708694708,2.4023581231801296,0.3396376913076752,11.781599551848904,1.0955552820423955,30.4309417923638,2.4638450219971917,564.0
16.947916666666664,1.5441018363436418,2.4417263313236446,0.34893245223735375,11.396946528476926,1.0891321853307745,30.27746303507587,2.463869649835688,564.0
16.958333333333332,1.6325499763451974,2.50098477647832,0.3597033488991585,11.01454198197295,1.0836143144826769,29.84835064842685,2.4630304481309673,564.0
16.96875,1.71355592652265,2.5578291645317015,0.3711496251769002,10.637897206831013,1.0789519873647686,29.329754538011855,2.4624637488758685,564.0
16.979166666666664,1.761438596693902,2.5995427151806068,0.3827002072760462,10.261560212604573,1.074904558098761,29.087758685276047,2.462742696124293,564.0
16.989583333333332,1.8187500803909504,2.6482516975339436,0.39030979023540957,9.911291986375252,1.0714677062467803,27.92832940854061,2.460513126631825,564.0
17.0,1.8525308931679525,2.681247662660706,0.3981057196368142,9.573467349228732,1.0681924763019555,26.85526101098724,2.460101192173356,564.0
17.010416666666664,1.8691475574818581,2.7022649920563886,0.4064054612494593,9.236370390323529,1.0646500876107343,26.329534140157158,2.461123868676442,564.0
17.020833333333332,1.9003336472687242,2.734086366253734,0.41048539684141117,8.927937420797633,1.0608616836402283,25.14182455840471,2.2245560355738148,564.0
17.03125,1.9185784621693314,2.7573719828319745,0.4161303487308808,8.637346834867659,1.0565157661158284,24.027610986188584,2.205589352713109,564.0
17.041666666666664,1.9278898982193489,2.773889685468524,0.42372698094069555,8.353897219821565,1.0512262021721144,23.407583821810224,2.1901878975131424,564.0
17.052083333333332,1.9548810197630089,2.804890153525499,0.4285486788225074,8.101042468859188,1.0453370827605382,22.359599492422024,2.167833041064596,564.0
17.0625,1.9775299036640377,2.8340961372115436,0.43790583862046273,7.86379764399244,1.0385548830832994,21.466642223559838,2.14605340168414,564.0
17.072916666666664,1.9984015476363695,2.8635476646753992,0.45035375574167524,7.6347901711284,1.0306385223261292,20.893837375560327,2.1273146698497074,564.0
17.083333333333332,2.045776640447063,2.9137489177933222,0.46611703931710735,7.421789995255499,1.0219272137823292,20.250200182801002,2.106444453246003,564.0
17.09375,2.1000710301055063,2.974523294277286,0.48958694919204976,7.217061831055731,1.0122852549098276,19.685808539564384,2.086796830390688,564.0
17.104166666666664,2.154332156086579,3.0411318171444877,0.5195186872001593,7.016592945980224,1.0016981039444874,19.228193051786057,2.0693275993347418,564.0
17.114583333333332,2.2248215077945566,3.123051009911503,0.5588596215319497,6.819137463471536,0.9903215933156923,18.813593312430218,2.0535370630677723,564.0
17.125,2.3035422601208393,3.215680055567796,0.6102348595911764,6.620394461090207,0.9781627672949865,18.469116169729787,2.0438722906227422,564.0
17.135416666666664,2.3855612115152347,3.3154150613617865,0.6711490650468321,6.42248092932624,0.9656320888318206,18.1237803042254,2.0452141623121416,564.0
17.145833333333332,2.4804770702823618,3.426552133985832,0.7563076752143401,6.213653637293779,0.9522578143579227,18.120410700788167,2.0473243880874206,564.0
17.15625,2.5963761390210616,3.5564632578155275,0.8620387086157768,5.999442427655575,0.938654300110731,18.32818203307059,2.0482727081426355,564.0
17.166666666666664,2.7144419246912914,3.6939541624044847,0.9847914420975347,5.78808514505968,0.9255619987639532,18.4994978622112,2.0483374171267767,564.0
17.177083333333332,2.8396281193740878,3.8378364045613282,1.1489204392761643,5.5666622918664395,0.9123522950943813,18.962118927142253,2.0492261907992018,564.0
17.1875,2.976544085167557,3.9929913290713626,1.3424203913485693,5.341519314202091,0.8995265213191231,19.62315336619623,2.0567368041543785,564.0
17.197916666666664,3.112676077285961,4.151185291736942,1.5451411990529638,5.129048670067032,0.8879840321898927,20.156264481992373,2.0652571971754914,564.0
17.208333333333332,3.233694751549124,4.298379497271967,1.7904140684912198,4.913364606329665,0.8767521065045595,21.37008025549192,2.087213793504002,564.0
17.21875,3.360829710761628,4.449271157203177,2.0328855662131313,4.716248240054035,0.8667759831902929,22.825571586820384,2.1094164385409635,564.0
17.229166666666664,3.478005069727591,4.591663036838801,2.2623508150200724,4.552455884219388,0.858552083753871,23.948135181387126,2.1261590260084247,564.0
17.239583333333332,3.5559467296601657,4.706757546801306,2.487511297705153,4.424010871489168,0.8519425747482194,25.203168899047892,2.145535345223534,564.0
17.25,3.624515672697998,4.8067585356540725,2.6828185881739475,4.343201095675584,0.8472858018745578,26.252004177164373,2.1622492915896885,564.0
17.260416666666664,3.691166956111316,4.894963813840746,2.848900708417004,4.311477958932218,0.8444055849731531,26.900617754744378,2.174437551277664,564.0
17.270833333333332,3.7101775829352484,4.95149786761754,2.992207397027701,4.321675045530561,0.8427087291976296,27.80379076537559,2.1887664911202136,564.0
17.28125,3.718401669472703,4.992930138118273,3.102186029892242,4.3631067742644705,0.8416327075094284,28.636049743522527,2.201665118370665,564.0
17.291666666666664,3.742440958267704,5.032562924560616,3.1872406740497947,4.422671861342536,0.8406782531099644,29.1058457290462,2.2107112431736247,564.0
17.302083333333332,3.6612189534719235,5.012847205855132,3.2321601622317844,4.495815306921399,0.8395806558243736,30.05911164636398,2.223332584555798,564.0
17.3125,3.432121472914636,4.901589612250829,3.18422767028345,4.584473367610891,0.838585284208554,31.261577355763997,2.237750154514028,564.0
17.322916666666664,3.2942116347034807,4.808535703445108,3.089240184369392,4.702434390290556,0.8388510204957537,31.87495095876531,2.247735457480628,564.0
17.333333333333332,2.7652408496972236,4.515897096094758,2.8668528836282636,4.897076106617334,0.8427369118780037,33.678252515937025,2.4778349244245246,564.0
17.34375,2.2579487389397923,4.193409909090875,2.5590634256650295,5.229300283736861,0.8540953119265736,35.34821050029599,2.478414749156357,564.0
17.354166666666664,1.9918036915012354,3.974306435005682,2.275616231061014,5.769139328039245,0.8771057660009428,36.11699145301958,2.4775308814784758,564.0
17.364583333333332,1.5717947729408592,3.630029734077198,1.9199863785056246,6.618609802498104,0.9165320929099882,37.714786759612196,2.479430665060618,564.0
17.375,1.24213644643945,3.291722078347464,1.530967898555853,7.7750275653602925,0.9714941940316363,38.76243065657088,2.479517884257935,564.0
17.385416666666664,1.0687318489639455,3.038170617193307,1.2062586657240293,9.158765961383322,1.0368155905470327,39.30608373853335,2.479384806555009,564.0
17.395833333333332,0.9381355818392823,2.813904594125226,0.9390276440602932,10.620318493589632,1.103829577472162,39.07259931339019,2.4777351349249677,564.0
17.40625,0.8656656317241922,2.6316165782235315,0.7420928502294467,12.046576109873737,1.165561721753043,38.635487157289774,2.4762855872530816,564.0
17.416666666666664,0.8100583511997851,2.4666128025382865,0.603586538170774,13.375354251761257,1.2171442600680382,38.63006576622934,2.477250722089412,564.0
17.427083333333332,0.8128753267748323,2.375386256395629,0.5145731473052605,14.512537545599923,1.2534978700257462,37.91748148671618,2.4752728800559294,564.0
17.4375,0.83057967136573,2.300761990991856,0.45238779070233526,15.463338369134627,1.2748499219652536,37.484090982118516,2.4752872966510164,564.0
17.447916666666664,0.8232485314878512,2.211900855939135,0.403019866364774,16.224517471344388,1.2819406190450777,37.580733520592126,2.478793825471447,564.0
17.458333333333332,0.8860389454810714,2.1922146738280355,0.37424220793931284,16.78242468945509,1.2765120667793952,37.75461504853722,2.482080884149567,564.0
17.46875,0.9607667463152001,2.1859837014032624,0.35439889913183686,17.14029124541463,1.261195788911258,38.29221858717584,2.4884987383651525,564.0
17.479166666666664,0.9888877048431011,2.1550246916732925,0.33567776813093275,17.290685392882217,1.238838400918038,39.02916676454637,2.4963651644974427,564.0
17.489583333333332,1.0891468995446993,2.176401036859792,0.32710619717583844,17.231773656138905,1.2119639906534314,39.98139778404436,2.5062664926774665,564.0
17.5,1.196341826944809,2.2088677277318944,0.32236976486441365,16.974797750018574,1.1828704545973605,40.9054167536734,2.5163029417742737,564.0
17.510416666666664,1.2436592597882277,2.212104710987534,0.31644242395429034,16.543905984091662,1.1532254233610026,41.81929098490921,2.526766198258495,564.0
17.520833333333332,1.3500832473740068,2.252284225163722,0.311554573711746,16.009980783275346,1.1257843666460796,40.56554964080467,2.5195241786492364,564.0
17.53125,1.4273547148566477,2.2697897864466463,0.30482629927493626,15.417943775194319,1.1004312011399027,38.441379434754474,2.5026661309725275,564.0
17.541666666666664,1.4426323614528171,2.2492371172304755,0.2973214856325229,14.767897162241594,1.075637255961807,37.16496462942173,2.4913624866541864,564.0
17.552083333333332,1.4819032228151583,2.2400932341706126,0.2843041168819123,14.161038960867053,1.0540853621208088,33.177249531108195,2.459137796159909,564.0
17.5625,1.4719990449218998,2.194948372906712,0.2711188909323726,13.57371480893225,1.0341013565045094,29.79355273757348,2.4561832805899053,564.0
17.572916666666664,1.4346424536973277,2.1315978545402503,0.25933770493217667,12.976701941587113,1.014297630529792,28.479305625838837,2.4568989835741073,564.0
17.583333333333332,1.391888906055278,2.069596556436293,0.24487385967630354,12.435101062558772,0.9966208140469555,26.591799821933826,2.4540508254278217,564.0
17.59375,1.3285317399962477,1.995195679801069,0.2327815321452912,11.911216701645266,0.9797493565686582,25.25713846538752,2.4542746936055324,564.0
17.604166666666664,1.2731856362879175,1.9263346237399905,0.2229400819856545,11.389038159870996,0.9631574926750279,24.609482224334602,2.4557706437494415,564.0
17.614583333333332,1.2145529303394398,1.8635498508019483,0.21408328639042346,10.880016139710404,0.9472430603594503,24.087687747745026,2.4567034901289895,564.0
17.625,1.160648266125273,1.8110991221108368,0.20759437244023438,10.373392653792738,0.9317413743095223,23.83863654504392,2.220983161774675,564.0
17.635416666666664,1.127358019978268,1.7770400999045535,0.2031528716738746,9.876659809471482,0.9169674651701382,23.678891376745653,2.2116124033217233,564.0
17.645833333333332,1.0807819930896303,1.746130090918198,0.20117354753182265,9.365801121634567,0.9023518261253161,24.184722227424132,2.211361730416351,564.0
17.65625,1.0506503515676142,1.7384025019422091,0.20150498274810583,8.865020647003178,0.8888501147748981,24.891417626945444,2.215253542669439,564.0
17.666666666666664,1.0471359689042226,1.7555624046809317,0.20382644871465538,8.407257982503626,0.8776961133416876,25.248641585359092,2.2177507619939303,564.0
17.677083333333332,1.0192133505000163,1.768230038588221,0.20838900275257782,7.983811880506216,0.8692570995703756,26.113066915083454,2.22753729938139,564.0
17.6875,0.9905473280297596,1.7907456258104038,0.21381175101145716,7.633605901801916,0.8651279439593828,26.79607073015305,2.2364949099770306,564.0
17.697916666666664,0.9876696820571808,1.8288051178000742,0.2207439049225391,7.375177849721891,0.8662231461122056,27.14018529788718,2.46386470124741,564.0
17.708333333333332,0.9315701816040817,1.838824271507416,0.2261632778542278,7.217438677813698,0.873040329316928,27.354585103396253,2.463395368524631,564.0
17.71875,0.8792965055409029,1.843421248444078,0.23088098380034605,7.168029414027755,0.8856675872397072,27.492450727806347,2.4629560989023456,564.0
17.729166666666664,0.8588309689839438,1.85926655904834,0.23604500308398874,7.233307041770937,0.9037815489131835,27.583962607963095,2.4625831117434984,564.0
17.739583333333332,0.8331714757087186,1.8636236745614165,0.24065853830813536,7.426138608598225,0.9274714179389081,28.055907174145332,2.463192483832046,564.0
17.75,0.822186540449576,1.8731270697703222,0.24474564887602135,7.754955000148565,0.9557921372080278,28.515128990096247,2.463155181790736,564.0
17.760416666666664,0.8233534385742283,1.8894271594297567,0.24875308040986363,8.218116367016917,0.9874810492164723,28.75492231661309,2.4626890344582657,564.0
17.770833333333332,0.8385642425295746,1.9043878072160598,0.25371910763243644,8.840037630715535,1.0230950914584258,29.60782673856069,2.463929864356869,564.0
17.78125,0.8780767503867484,1.9349395923807338,0.25940921513990933,9.60910064510662,1.061148571970341,30.514997281907622,2.4643748550526507,564.0
17.791666666666664,0.9101793047604358,1.9664861480192057,0.264582831393883,10.484244893842025,1.0997790423881624,30.959465280083226,2.463804788809198,564.0
17.802083333333332,0.9714248721970956,2.007485784191428,0.2711823733241065,11.448775899127645,1.139014010440587,31.57551771241787,2.464232332380801,564.0
17.8125,1.0263650663083612,2.047321659691612,0.2748292054533551,12.404282014500382,1.1760230369195201,31.206982575382934,2.4621884874215496,564.0
17.822916666666664,1.0469755643530316,2.0602967501891634,0.27691717036664293,13.345008797946962,1.2116978962258145,31.062798922628787,2.461954604947748,564.0
17.833333333333332,1.0663282959346536,2.0710016349564953,0.2738715687813444,14.166895550287922,1.2427810692749504,29.64138212914478,2.458389020688772,564.0
17.84375,1.0594265715805047,2.0523904055651454,0.2682748050029611,14.895867202708382,1.2704124546043911,28.34389903462806,2.4569581630009587,564.0
17.854166666666664,1.0381074147595342,2.01537290883222,0.26162174109704983,15.557903423393144,1.2952494148958051,27.789766499867614,2.4573508035466043,564.0
17.864583333333332,1.0301042999417298,1.9889242434497465,0.25252979963922983,16.100129041997466,1.3148180125081108,26.408514614230427,2.454763638603157,564.0
17.875,1.0055216124501745,1.9459256301241508,0.2435784138910776,16.56346821355727,1.330249589568995,25.23264635502878,2.4543763389350595,564.0
17.885416666666664,0.9748680299788239,1.8945954032560306,0.23512477003422633,16.971542620141346,1.3419682069589025,24.65542581764589,2.4554229091567676,564.0
17.895833333333332,0.9620362127035178,1.8589856567003828,0.22614744879966633,17.29673373123963,1.3491699874686824,23.50482933548847,2.4540558196392896,564.0
17.90625,0.9408797263426522,1.8155746344389216,0.21810006961401107,17.565397717976904,1.3528180200808284,22.432397968125986,2.2108538646046796,564.0
17.916666666666664,0.9131454681865828,1.7657660247506604,0.210878259682723,17.794619487193014,1.3532952498096218,21.827564139003893,2.194893713498142,564.0
17.927083333333332,0.9007457591134665,1.7302545443479367,0.20378518285937125,17.97160517740365,1.350938151491644,20.941233620440435,2.17306199157724,564.0
17.9375,0.884363576442227,1.6915786307551832,0.198017162707264,18.113633236000084,1.3460576444187016,20.258777829021724,2.15334552093572,564.0
17.947916666666664,0.8669995123089663,1.6545540335362272,0.19298744921470087,18.224222585165723,1.3387192608229008,19.824013072463075,2.1365238283348225,564.0
17.958333333333332,0.8681036564987045,1.6324569021929427,0.18902518967838972,18.302105124910884,1.3293157070438628,19.390527732014952,2.1191896128850494,564.0
17.96875,0.8733777788876494,1.617320790674406,0.18614790693470076,18.35047385355331,1.3180232142514485,18.98870996601834,2.1026662212137435,564.0
17.979166666666664,0.8732300106438002,1.6040362890921105,0.18401019574651373,18.371285457502346,1.3049158443879976,18.671174567590132,2.0882931343151965,564.0
17.989583333333332,0.8938806609180833,1.605660395172021,0.1828306880433335,18.36585725308103,1.2906564947562438,18.285352171513402,2.0726102323832225,564.0
18.0,0.9185846305443,1.6132256603653183,0.1826150288641831,18.336533910804683,1.2753367840629395,17.90375601058685,2.057683383039961,564.0
18.010416666666664,0.9345583111777056,1.6211798894272345,0.182941476340032,18.284482406522326,1.2590648571311356,17.558041546975016,2.0445582853174717,564.0
18.020833333333332,0.9684040024720987,1.6422718909436766,0.18391163343470632,18.214451212687713,1.2428320226292349,17.09524166636168,2.0437856804688397,564.0
18.03125,1.0011090035071524,1.6661946128515184,0.18554384157137135,18.128986740883246,1.2267302454222935,16.641629699114613,2.0454349638166915,564.0
18.041666666666664,1.022723460770256,1.687279384300699,0.18768147060923565,18.02729483902636,1.2104316153365156,16.346852571355484,2.04762546145792,564.0
18.052083333333332,1.0596241432815419,1.719622474272989,0.18991234524918238,17.919751937057168,1.1953043191625958,15.989694441891336,2.048965037900279,564.0
18.0625,1.0945427678891213,1.7521078637315488,0.19274885684441434,17.806472983488028,1.180972924227507,15.645775794365996,2.051476346492347,564.0
18.072916666666664,1.1191071948009192,1.7804252256437365,0.19611410396136295,17.68338778017721,1.1667458278998852,15.426146444251236,2.055103918874267,564.0
18.083333333333332,1.1624426372619723,1.8209966129544566,0.19935638894308283,17.56484704074741,1.1540278893548643,15.106115903516491,2.0579658624257493,564.0
18.09375,1.202737721515558,1.8611415049040547,0.20368825521656211,17.44425848796321,1.141831940805127,14.835738883884014,2.0633495556189363,564.0
18.104166666666664,1.2364270535060957,1.9004072154546163,0.20867360159084666,17.318658772406547,1.129715099671877,14.666717379843067,2.070073607289546,564.0
18.114583333333332,1.2876766204181458,1.9517631739262362,0.21523546672939445,17.18678500546251,1.117437863946121,14.608812593040014,1.82503654466344,564.0
18.125,1.35119916498731,2.016671885621976,0.22367376847658474,17.049654680459717,1.1049621998287698,14.636377801739636,1.8156578422661644,564.0
18.135416666666664,1.415168338929544,2.090921448010005,0.23382513531268198,16.91092199437251,1.092468252400997,14.693666326931204,1.8066626970647794,564.0
18.145833333333332,1.4956733231757977,2.1795323985599646,0.24720438681665424,16.768402542841244,1.0796143704167425,14.805319954823803,1.8005657782602211,564.0
18.15625,1.5867321697117283,2.2809708602206835,0.2636135821896756,16.625653453605295,1.0666018416816299,14.930090635254276,1.7953812477012832,564.0
18.166666666666664,1.6757950348289863,2.3883784288618775,0.2830305339760884,16.485393573954983,1.0536071063190884,15.037213177307182,1.7901617839062427,564.0
18.177083333333332,1.7770727148692704,2.5057066550169322,0.30742827755609525,16.345328757999805,1.040393644250141,15.166412317713528,1.7874187342587633,564.0
18.1875,1.8857903448993811,2.6315308853438015,0.33675191497090146,16.208256457013437,1.0272451972947383,15.289255627117871,1.785233070473117,564.0
18.197916666666664,1.9915207998346482,2.7598432976884295,0.3713125661360747,16.076034913804094,1.0144014374122752,15.383303623109697,1.782690765115873,564.0
18.208333333333332,2.1045206115138404,2.893445788316555,0.41405792860799756,15.946578330301234,1.001733340220283,15.488221652497078,1.7819933033720259,564.0
18.21875,2.2205852946122446,3.0307911435155246,0.4654795843656186,15.821181200454339,0.9894364967272824,15.593740329406238,1.7820834175935358,564.0
18.229166666666664,2.3334675903863116,3.1678444582475422,0.5258418688087804,15.701800684632033,0.977759378798783,15.67049580787124,1.7814967828580095,564.0
18.239583333333332,2.4429828516984595,3.3048662573030274,0.5995235418736924,15.58642457859406,0.9665448170817982,15.759538091187643,1.7825064387207972,564.0
18.25,2.5526807645729663,3.442750949001265,0.6857927564207505,15.476934880126013,0.9559975206765788,15.828098639430928,1.7829818577040042,564.0
18.260416666666664,2.6611138383294115,3.577921187295221,0.7852756491505347,15.373321991927947,0.9461154086397323,15.871065214766963,1.7828721890560415,564.0
18.270833333333332,2.7483782584986773,3.703322848673038,0.9057558581309119,15.26864323579509,0.9362147023815068,16.044989839160777,1.7896701833543474,564.0
18.28125,2.82919479229137,3.825716849451585,1.0403564982266673,15.164261078163236,0.9263538389042628,16.32641899816992,1.800509105166097,564.0
18.291666666666664,2.925867791324695,3.9520599077097733,1.181361455834754,15.066112976749626,0.9169282476013355,16.53955666620012,1.8082212433140812,564.0
18.302083333333332,2.9569882207005986,4.05083338579426,1.3421829898123445,14.966631787398832,0.9068426033714624,16.961092468841873,1.8261619855390256,564.0
18.3125,2.9174595885857673,4.123415203535434,1.4912264835089812,14.876953034063726,0.8964486995140432,17.442185199198374,1.845077675524931,564.0
18.322916666666664,2.926461402551049,4.2036678687447155,1.6309174747693151,14.811617734818356,0.8862264507040972,17.756754291656296,2.086956311858074,564.0
18.333333333333332,2.662667142037435,4.179908691504946,1.745319966312913,14.784381057005225,0.8753496543360969,18.309545047915048,2.081194529855392,564.0
18.34375,2.34716394832538,4.113760511733478,1.8116771440973314,14.833079663477001,0.8648575646231459,18.9835623533486,2.074008234419826,564.0
18.354166666666664,2.1880153309981725,4.086749225921492,1.8537810606446528,14.993211016008887,0.8566193473956374,19.391815365632404,2.06682945669092,564.0
18.364583333333332,1.8124722368804573,3.899950745072695,1.813948940062657,15.366452436005504,0.8518534926136272,20.506938464242108,2.0635771882611524,564.0
18.375,1.471480525074759,3.6568268664852805,1.643954108620978,16.034068951198012,0.8554574294223054,21.826634758084705,2.0819262744805176,564.0
18.385416666666664,1.2844065965808658,3.4634908402296443,1.4298684605736354,16.99476135369678,0.8704354360242418,22.942699725910167,2.1104976498435306,564.0
18.395833333333332,1.0780039831767911,3.2062809074047993,1.180998343302373,18.337431638330624,0.9002954583403259,24.878601170227398,2.1504225497401155,564.0
18.40625,0.9655679012912854,2.9879130549934017,0.9391683851635,19.94725137397322,0.9436233819023858,26.635552060503894,2.184396931305341,564.0
18.416666666666664,0.890135183785103,2.803939992082705,0.7519940720022207,21.707285293538856,0.9967844498573533,27.828314266820545,2.211600645375243,564.0
18.427083333333332,0.8730105486983173,2.66383915421396,0.6177351736401172,23.468758555443408,1.054083448331237,28.33991115034156,2.230622975276525,564.0
18.4375,0.8762494400589749,2.5520357777676588,0.5211313517392012,25.092690335188525,1.109498066185442,28.125045834960847,2.2402003867773255,564.0
18.447916666666664,0.8492386148387647,2.426508766748035,0.44949328640554564,26.57348403806889,1.1615565871730829,28.111168852519523,2.4652918384003435,564.0
18.458333333333332,0.8871522799555194,2.3655066502993263,0.39848413762436263,27.754202748484566,1.2037286134366385,27.039964805165553,2.461590766143097,564.0
18.46875,0.914640712441753,2.298639216562465,0.3600632882102957,28.69828226567245,1.2375750196003996,25.947450435629946,2.4600556563969236,564.0
18.479166666666664,0.9016704519417391,2.20773368595061,0.32808079421284736,29.456447538814132,1.2644486149073293,25.44642664746769,2.233991089893189,564.0
18.489583333333332,0.9451327484050854,2.1641449813915554,0.3021242840214152,29.97812352973948,1.2822737293146005,24.146985238575002,2.218233767534539,564.0
18.5,0.970254164180761,2.1076548819159506,0.28148217240920914,30.342730673866587,1.2937131290605766,23.00654185623216,2.201989787466368,564.0
18.510416666666664,0.9591871656162575,2.032871529235598,0.26352418945457845,30.586252267894928,1.2998000532810268,22.394248750525197,2.190007774380088,564.0
18.520833333333332,0.9828097321549936,1.9824293351068663,0.24823429667352084,30.714062738514095,1.3008000847025623,21.6372972758565,2.1739366661463544,564.0
18.53125,0.9988118970726887,1.9324771977457718,0.2359792727503387,30.75287333265478,1.2975858811653977,21.000081279868876,2.158771049075868,564.0
18.541666666666664,0.991574845711346,1.8777924926470917,0.22558087923979564,30.71571657321847,1.2905351913101815,20.60376842172678,2.1466143565838367,564.0
18.552083333333332,1.0050830215525695,1.8382992339059672,0.21665846358607335,30.61618451070493,1.2804646042657595,20.12670515036838,2.1323557210872686,564.0
18.5625,1.0163940188542762,1.8013645733482722,0.21007748053631276,30.45709143838665,1.267216070643943,19.914467437642955,2.123369601595729,564.0
18.572916666666664,1.0181598085793295,1.7703844063356082,0.20456286341645355,30.246891827482795,1.2514185475557686,19.772864599613065,2.115877849536969,564.0
18.583333333333332,1.0462190550254507,1.753502372231138,0.2019037426374046,29.96861876677572,1.231982374356141,20.12404214045939,2.1195145115469938,564.0
18.59375,1.090188571131371,1.7595199399036203,0.2008882443355331,29.63558338737478,1.210228424522134,20.553001698220452,2.1253259788343994,564.0
18.604166666666664,1.1206581463742709,1.7729095616099417,0.20112693540118182,29.258632946862107,1.1873180201117988,20.846232593994866,2.130199395757372,564.0
18.614583333333332,1.1382563932237202,1.7851889540205133,0.20102911092542533,28.861768710687475,1.1650949906275558,20.71198478980437,2.128182488283095,564.0
18.625,1.136105713984177,1.787454944108921,0.2007712145115458,28.445757306312654,1.143813731952384,20.369821450431076,2.12253874170915,564.0
18.635416666666664,1.1272346628587315,1.7830428905212732,0.20065673213354096,27.99838601637864,1.1230340230250684,20.12974621039279,2.118286741785514,564.0
18.645833333333332,1.097771479677549,1.7702491153070736,0.1993871117039569,27.537609446929945,1.103607670529825,19.79988385390456,2.111006967162069,564.0
18.65625,1.05701921476318,1.752119383274053,0.19827482290535056,27.053271705680178,1.0849737054582822,19.558652776203413,2.1051536352265865,564.0
18.666666666666664,1.0323241651529906,1.7409490425131036,0.1975811426831696,26.550476596037917,1.0671723972509597,19.391761035129377,2.1003850941474114,564.0
18.677083333333332,0.9846514014746874,1.7235484690868415,0.19678681206807902,26.033016528487025,1.0501361779575886,19.307849114361783,2.097355522462621,564.0
18.6875,0.9334260779661137,1.7067385738963385,0.19659300287506398,25.498529898822525,1.0336234537704214,19.399254800390768,2.0985353969876903,564.0
18.697916666666664,0.9092575739472433,1.7044310051119813,0.1970173071984929,24.973977475470598,1.018324944904339,19.47946649265005,2.0995104143888366,564.0
18.708333333333332,0.8517205609040797,1.6878274103727517,0.19790121832695232,24.43917159124813,1.0036297447624416,19.900524788654657,2.108801300263048,564.0
18.71875,0.8064257788480244,1.6796408971868606,0.19906483722431872,23.92685933356523,0.9905754257916015,20.46363179543315,2.1207305922985746,564.0
18.729166666666664,0.7894012664615889,1.6873954549860213,0.20089140583313375,23.465705308538677,0.9800736308451753,20.899898578262107,2.1305857386039264,564.0
18.739583333333332,0.766525515219193,1.6870683312570778,0.20351472454454558,23.035787731092338,0.9720557641795404,21.708366040240463,2.148266704964651,564.0
18.75,0.7601644225155512,1.6973586654099613,0.20636016147369218,22.661283591032248,0.9675269031114463,22.599324624147652,2.1670086571083225,564.0
18.760416666666664,0.765927587783667,1.7172904029805813,0.20943863304758617,22.352713582178136,0.9668180371989171,23.219080133026278,2.1821407401280464,564.0
18.770833333333332,0.7741634427669095,1.7324468815410663,0.2131805865322313,22.09205702388695,0.9698356237884821,24.092529567076838,2.2016001859870498,564.0
18.78125,0.7972549778103196,1.7569707787591082,0.21696155387169883,21.883747796158527,0.9761582767898755,24.87598208703683,2.2194639533707905,564.0
18.791666666666664,0.8175954470869956,1.7819400487067518,0.22051878881167433,21.72405867181576,0.9848639330668961,25.369009098282167,2.2337111393194506,564.0
18.802083333333332,0.8529928294202168,1.8098419619615163,0.22409987729684144,21.606253012130892,0.99504324288484,25.72320110774792,2.4597842788747424,564.0
18.8125,0.8868075024160575,1.8363055320574144,0.2261277261807085,21.529430082816326,1.005341251387495,25.491468882342783,2.4576168404929133,564.0
18.822916666666664,0.8988446736837952,1.8442123756084488,0.22738177210492785,21.486155260141366,1.0154580430983582,25.377467897291055,2.4570598972825826,564.0
18.833333333333332,0.9156956485577084,1.8535431884328102,0.22565403452416477,21.47516705999681,1.023959419363724,24.379323357149683,2.45411810628825,564.0
18.84375,0.9119354789549979,1.8391529557132058,0.22269908562311932,21.4891890629446,1.031078812563818,23.445825533354313,2.4534851748098387,564.0
18.854166666666664,0.8969491630672098,1.8100015250659962,0.21882479132337634,21.52593669964187,1.036748740599067,22.963553534497102,2.228321798112465,564.0
18.864583333333332,0.8994044951656969,1.78876834113468,0.2141261147996696,21.579930658185425,1.0404126639052966,22.34684596598765,2.217367706153048,564.0
18.875,0.8987731061867719,1.7633018924496382,0.20958420812541156,21.647543367180276,1.0420467919324903,21.825621250847632,2.2068900869580004,564.0
18.885416666666664,0.8898820762902192,1.7335311051833786,0.20516828338909904,21.724853775598238,1.0415287340654908,21.524881762155594,2.198749267425693,564.0
18.895833333333332,0.8989809206522146,1.715126710315023,0.20097261973492522,21.801873245103458,1.038921041300805,21.073595655978078,2.187493493024248,564.0
18.90625,0.9075318174605037,1.6968408705620344,0.19739112855835694,21.872958728837162,1.0343892645786916,20.6533721475999,2.1764837222144235,564.0
18.916666666666664,0.9057985648730916,1.6751885160882323,0.19412059249443187,21.931968218792704,1.0280423770475788,20.385889502586444,2.167549648330718,564.0
18.927083333333332,0.9198111645838487,1.664322682200785,0.19119818414432815,21.970467601409144,1.020452688567279,19.983552006677645,2.155550966580292,564.0
18.9375,0.9299453837575873,1.6538307891770345,0.18852654617951736,21.985637852010186,1.0120785810956545,19.455438869011747,2.1406449712954347,564.0
18.947916666666664,0.926816705610881,1.6365104108775133,0.18619617760022514,21.976535927133053,1.0028441700393274,19.083368746912424,2.128251296532325,564.0
18.958333333333332,0.9305990636781084,1.6264869260913566,0.18335925781723011,21.946153198392576,0.9939293743451423,18.414459690235798,2.1073573082601547,564.0
18.96875,0.9247450909988001,1.609624593565507,0.1807953460287308,21.898032326811684,0.985124509201867,17.735754875029887,2.084633075402653,564.0
18.979166666666664,0.9118861998724456,1.5866869393414036,0.17834424596760204,21.832490147867247,0.9761092019592129,17.230293066974824,2.064808137410725,564.0
18.989583333333332,0.9134500714520057,1.573859685883868,0.17550026970234803,21.761279974448712,0.9679701690107644,16.530583090424976,2.0406520546682363,564.0
19.0,0.9095613770069726,1.5569641915890204,0.1730880657028954,21.684813815813676,0.9602141990884273,15.85258024034961,2.0425305011517305,564.0
19.010416666666664,0.8992009163192637,1.5354614636235067,0.17087387217274783,21.601284504409087,0.952384533480662,15.358405682623703,2.046248362944124,564.0
19.020833333333332,0.9029148059273056,1.5241211590967945,0.1686985806649342,21.52040865166676,0.945143162156391,14.902220693959267,2.0492988810503405,564.0
19.03125,0.9076071750269952,1.5151228606252025,0.16723909589348052,21.43941494276306,0.9380274814506965,14.570024357162021,2.0539623746191173,564.0
19.041666666666664,0.908894355666325,1.5073912476656768,0.16621160508915162,21.35711487340861,0.9307827949470981,14.371486254714831,2.059575372207191,564.0
19.052083333333332,0.9254516033473893,1.5121534555986706,0.1657383251600643,21.279440063416978,0.9238131564444652,14.19620935119551,2.0652194146047655,564.0
19.0625,0.9454347765878763,1.5239411111286727,0.16606901067352725,21.205721435220337,0.9169860541977933,14.05029973524163,1.8227248386571777,564.0
19.072916666666664,0.9607620081723395,1.5378559286095559,0.16707703100801313,21.133123929353886,0.9099796098853259,13.971876258156984,1.8061730600304642,564.0
19.083333333333332,0.987558698502231,1.5631231134232821,0.16852091243411654,21.06826183470182,0.9034200793897101,13.85566164383928,1.7842131849884382,564.0
19.09375,1.0148482635689442,1.5927172751403047,0.17087767875735863,21.00716177777395,0.8969335311145885,13.760737668549377,1.7619996985535153,564.0
19.104166666666664,1.0395116450018393,1.6245217653977715,0.17387765348733017,20.94766703483085,0.8902893762842881,13.714370353023176,1.741446909315047,564.0
19.114583333333332,1.0751277948179343,1.6661539393412932,0.17762863275422852,20.891660672129778,0.8837049308303027,13.684176126707818,1.7197304219482852,564.0
19.125,1.1164279493935227,1.7155575052254515,0.1824280734271622,20.837743567438743,0.877036233026023,13.682982193367087,1.6987306212860926,564.0
19.135416666666664,1.1582216584973895,1.7704311284219956,0.18814199199906045,20.785515709618185,0.8702465616483839,13.708792392778163,1.6787646764428734,564.0
19.145833333333332,1.210806274874592,1.8356072375989492,0.19512396022865877,20.73531949029706,0.8634005346859681,13.749568233913399,1.6723457416594936,564.0
19.15625,1.2699115733914266,1.9095438920866066,0.20355212384899235,20.68678147215423,0.856474527147895,13.804133911199413,1.678364907623579,564.0
19.166666666666664,1.33036040802566,1.9892796482453297,0.21335906392481502,20.639883683315517,0.8494965338821328,13.868035636358307,1.6831278417631734,564.0
19.177083333333332,1.4003831953991095,2.078405074574663,0.22505061143173447,20.594693508409595,0.842513834138899,13.93586587473633,1.6864281037615825,564.0
19.1875,1.477520795839871,2.175905025897277,0.2387102647536891,20.551833347809755,0.8356702541425723,13.99215616172896,1.6896608310376573,564.0
19.197916666666664,1.5552290770877226,2.27712603917817,0.25463913231221286,20.510450233024404,0.8288784994099596,14.047006158889692,1.6951195963563408,564.0
19.208333333333332,1.6421800226869703,2.3863614981832413,0.27282374221744526,20.472301111886907,0.8224813219372102,14.070680930580647,1.697763847457861,564.0
19.21875,1.732190799265228,2.499139845968429,0.2943579587702497,20.435876631900136,0.8162787790311398,14.088925567751929,1.7031045976321513,564.0
19.229166666666664,1.8223526350759216,2.6130089766823885,0.31922348349981433,20.400652348474047,0.8102232245450041,14.111670554171234,1.709768096691227,564.0
19.239583333333332,1.9192859887229619,2.731035004065446,0.3490670519814499,20.365372057082485,0.8041366939077713,14.161590254783667,1.718935423686802,564.0
19.25,2.024313669179688,2.8553679263910308,0.3844236244895819,20.33047410726276,0.7981345007041567,14.231104790056595,1.7229775113936099,564.0
19.260416666666664,2.1321700333010805,2.9835327381107857,0.42575834282186176,20.29680528555133,0.7924018996833108,14.29972004146466,1.723050203685221,564.0
19.270833333333332,2.2350032684641663,3.112025661013592,0.4767308012477932,20.262576185985886,0.7866771765054241,14.39636300425261,1.7327927630415303,564.0
19.28125,2.3344143026268513,3.242230365729668,0.5367925095612013,20.228712886461228,0.7811636666278382,14.5030275006399,1.7336484770449423,564.0
19.291666666666664,2.439118800501633,3.374188475663535,0.6064949604922513,20.196234756843246,0.7760625090205194,14.594159190751451,1.7290378296269033,564.0
19.302083333333332,2.509681548421501,3.494616587720351,0.6904024812941196,20.162957255180586,0.7710723754400496,14.72025672034813,1.7375271113224335,564.0
19.3125,2.5354516365658535,3.599976026112112,0.7847260747564451,20.129016150974746,0.7662713911487855,14.897518010007834,1.7387904134712198,564.0
19.322916666666664,2.5875038129772614,3.709811394264968,0.8848658565110172,20.097496033817055,0.762094579618308,15.050100105758832,1.7238670860154195,564.0
19.333333333333332,2.467761141989015,3.760291445431518,0.9949215830698546,20.0645985072112,0.7580034583768149,15.356725347245852,1.738116633345972,564.0
19.34375,2.294704572820683,3.78180675903402,1.0928151076911787,20.035965175567288,0.7545332635498703,15.798181822657883,1.7285148382764348,564.0
19.354166666666664,2.2154583489373496,3.823055723206796,1.179656337151856,20.0200883685185,0.7522280871616949,16.167652720567336,1.7042383263435128,564.0
19.364583333333332,1.9548500136745952,3.744660586070483,1.2499784273805763,20.031049417881135,0.7511697801498848,17.119329808286743,1.734952946908828,564.0
19.375,1.7214041843478902,3.626571644225549,1.2368434712773702,20.11340507089211,0.7532947184746165,18.48007182767474,1.7842495452079508,564.0
19.385416666666664,1.600415172747675,3.5380678457007875,1.1762162870960025,20.301537860225338,0.7596879998958349,19.32996485136142,1.8287498034581986,564.0
19.395833333333332,1.4470297762637474,3.390349803847504,1.0824596778820479,20.664074321723003,0.772487375451146,20.173455261231776,1.8818420896531673,564.0
19.40625,1.3526031799793994,3.252777432480911,0.955438128795347,21.207693573435844,0.7916758992124089,20.656890916968344,2.083774374185732,564.0
19.416666666666664,1.2778889739631945,3.124837137316602,0.8343603634654357,21.922224853818832,0.8166066687909574,20.79988901886938,2.0701816114996228,564.0
19.427083333333332,1.2367853925850734,3.0061419228119353,0.7252755831929721,22.771005562463422,0.8456665201835172,20.70368574431338,2.061481550231841,564.0
19.4375,1.2123601490399922,2.8973742686794255,0.6318276006872243,23.694779925661383,0.8764503542363222,20.41600959211763,2.060117130434761,564.0
19.447916666666664,1.1712169112952784,2.786262608560029,0.5566266499948934,24.669209274920423,0.9077102221221212,20.212828310873775,2.071105632900061,564.0
19.458333333333332,1.1898628603535975,2.718134056909165,0.4989195363285807,25.586899507104754,0.9356748020654034,19.86404524459688,2.073972966459267,564.0
19.46875,1.2112742721172653,2.65967095319823,0.45623707726466917,26.436211690487323,0.9599020808758711,19.45633064007859,2.071722830864014,564.0
19.479166666666664,1.1980885535852888,2.5883084089351076,0.421992101772235,27.23864544189549,0.9808909109502011,19.196691870059343,2.0713952903605,564.0
19.489583333333332,1.2436096273568022,2.5595054929957817,0.39228627215369616,27.877658620593383,0.9958815601848005,18.435981036576347,2.0535691854194873,564.0
19.5,1.2675824466516359,2.5202504884567998,0.36980804963779296,28.4174626887295,1.0069740268628267,17.596354474928415,2.0444280305214093,564.0
19.510416666666664,1.2547288092837536,2.461853384260465,0.3503672271115901,28.900782868592668,1.0152472392681688,16.9641516744937,2.046560937635112,564.0
19.520833333333332,1.278425834591407,2.4256756769595356,0.33192772995664227,29.28197522604167,1.020209778622719,16.288098415152614,2.0476516534523386,564.0
19.53125,1.2933436987250693,2.386184866739601,0.3176648599309852,29.60185099843649,1.022802361851966,15.773657439483728,2.050669815138358,564.0
19.541666666666664,1.2873152396560708,2.3412200835009624,0.30534600317053107,29.873913564656107,1.0232533166969575,15.45404295342897,2.054433301794307,564.0
19.552083333333332,1.3092207612672675,2.313247474949229,0.2944181223357786,30.08503482676959,1.0217625597467748,15.155082382535278,2.0576436316860627,564.0
19.5625,1.3284512448449544,2.290773725049507,0.28601844742888294,30.247162512792308,1.0186682659290023,14.889461063513863,2.0621566372376794,564.0
19.572916666666664,1.3293110150267775,2.2653132893042915,0.27956208252039083,30.37234453397432,1.013988256744103,14.725706989632148,2.0681649126863797,564.0
19.583333333333332,1.3421150458812896,2.252233518326297,0.27333633383252687,30.454432951247373,1.0084496216205283,14.496848125907817,1.824293838862905,564.0
19.59375,1.3466222216769845,2.238766243200278,0.2691839877080948,30.506611136421053,1.001980438876235,14.30464710997113,1.8048088102569166,564.0
19.604166666666664,1.3431359381142012,2.224569495308607,0.26614675952774897,30.53321136679638,0.9944560579673415,14.188803105893232,1.7875964368770294,564.0
19.614583333333332,1.352360670175043,2.217379914269441,0.26380518362138833,30.53535648939763,0.9860587238769031,14.12046478629777,1.77075654274036,564.0
19.625,1.3680856471379281,2.217010472175852,0.262816550639144,30.51455531158606,0.97672735660339,14.104745568344972,1.7555329245718647,564.0
19.635416666666664,1.3814349201828497,2.221889790829053,0.2629154084987441,30.4719140922486,0.9665480748110903,14.124389453483488,1.7414199640106451,564.0
19.645833333333332,1.3967062968659711,2.2314666188121426,0.2640468942552646,30.408129635868256,0.9555172660700584,14.175026651311132,1.728914606359118,564.0
19.65625,1.4071151131173503,2.2455547807514735,0.2662470503304873,30.324342303272278,0.9437440393041628,14.242924421950818,1.7175884109830757,564.0
19.666666666666664,1.4190798907770723,2.2650389099984034,0.26955817326585585,30.222142370852026,0.9313771525912582,14.315184174181026,1.7070059845048209,564.0
19.677083333333332,1.4128650245382661,2.2812812679311967,0.2737633888444623,30.098693534576434,0.918097664322017,14.424696842320635,1.7001730556836492,564.0
19.6875,1.3948769952033067,2.2951874644855557,0.27908661236217985,29.94754327819234,0.9034054207242848,14.62076810839032,1.700706344991722,564.0
19.697916666666664,1.3959177849529965,2.3208231298699697,0.28473354788664984,29.779820270245708,0.8884922742491733,14.79851917388271,1.7003578290041652,564.0
19.708333333333332,1.3533832286428022,2.3271889304371545,0.2926316686566639,29.565352247478337,0.8709624805816413,15.20189519018652,1.7177726526040753,564.0
19.71875,1.3195683921264008,2.341283259269194,0.29993921203802576,29.32162577706654,0.8526196270168394,15.699416196832932,1.739689746797717,564.0
19.729166666666664,1.316376092829753,2.3722321773430286,0.3079511805140552,29.072176186577554,0.8352074436300154,16.09152255883239,1.7570756348621392,564.0
19.739583333333332,1.2808753078256518,2.38296603320491,0.3173600312508927,28.800615682139338,0.8175434904383025,16.605762808003064,1.7850817986675727,564.0
19.75,1.253809513454151,2.393319032006361,0.32467123902325423,28.53870511147874,0.8016446889263114,17.106271261459522,1.8126345255863765,564.0
19.760416666666664,1.2490077793739234,2.4114710528800942,0.3310462624210675,28.315095957126303,0.7889772594491703,17.429013400328284,1.8338769875188734,564.0
19.770833333333332,1.2333586219197759,2.4166819905011243,0.33649978006392195,28.137354856394133,0.779701245939893,17.704062956209288,1.8556740194503778,564.0
19.78125,1.2297692113607985,2.4219240631561414,0.33943270187899593,28.024230268480103,0.7745823990196521,17.843620540693383,2.083529535035954,564.0
19.791666666666664,1.2290435461369462,2.424555295150556,0.34126713803617786,27.979038294969882,0.7735555374409239,17.884304328464275,2.0764593870150123,564.0
19.802083333333332,1.2355677282352913,2.424901311156955,0.3414050900791992,27.99946809412317,0.7762856182676589,17.83807853813285,2.0711396014192087,564.0
19.8125,1.244443506725558,2.4210689050950127,0.34063120412875575,28.07923226785061,0.7823014267479547,17.78467120641115,2.0673514994328492,564.0
19.822916666666664,1.249332797336513,2.4148925896184714,0.33885386405953566,28.20900931495507,0.7909716067167527,17.725135161987705,2.0642212847718553,564.0
19.833333333333332,1.2743867417248167,2.4148290925404607,0.33762475854870555,28.37884678863341,0.8016831093590274,17.688270663501783,2.061776651758377,564.0
19.84375,1.308129054093535,2.421047295049077,0.33680762371750916,28.57453269381064,0.813611713076176,17.630376390503784,2.0595512450306344,564.0
19.854166666666664,1.3279877880526585,2.424071589571552,0.3362081666666049,28.784902764317152,0.8262023556188453,17.573132839985824,2.0578818630663025,564.0
19.864583333333332,1.3700210757109472,2.438388368317508,0.3357308294726784,28.990447729713907,0.8384820775723887,17.39675950449574,2.056137588908894,564.0
19.875,1.4080874331715536,2.451264262807598,0.3361615943539303,29.186134851655712,0.8503788826571981,17.19228207544905,2.0554755759059375,564.0
19.885416666666664,1.4278927786262352,2.4564314862543926,0.336540698162178,29.368690294101864,0.8619275529776429,17.042032970073315,2.055409331610975,564.0
19.895833333333332,1.4648999287122948,2.4697028103381373,0.3367901357561493,29.527447435577994,0.8726354487675253,16.853157685779628,2.0550642351383233,564.0
19.90625,1.498775602667456,2.4822676870610465,0.33788741591996996,29.66285175915008,0.882626380627361,16.684657850153542,2.055426024042433,564.0
19.916666666666664,1.5183196559267544,2.489841513831757,0.33900392255724043,29.77436863106168,0.8919116329781026,16.571992553781165,2.0560581898378754,564.0
19.927083333333332,1.5513001046781183,2.5046239221037,0.3405910053750336,29.858986596723575,0.9002049209140627,16.45843548635216,2.05645748049027,564.0
19.9375,1.5822502819024817,2.5208855745030077,0.3435164707111043,29.917983140309634,0.907536831015507,16.38908404582491,2.0572577406094954,564.0
19.947916666666664,1.6047524977129648,2.5364650434481493,0.346749746373213,29.95055203143027,0.9137326637419216,16.350899172657044,2.0579178190566734,564.0
19.958333333333332,1.635548663027172,2.559364596937487,0.35205115550428634,29.95611831652426,0.918684612808981,16.358443678004544,2.058570713786627,564.0
19.96875,1.673268888482749,2.5911834626395622,0.35911127449676933,29.93381505323807,0.9221928704461019,16.364091733206852,2.0588619738097944,564.0
19.979166666666664,1.705176125175325,2.6240994096278274,0.36755893159114583,29.882961456756146,0.9241996936418053,16.370782559465173,2.0592105444465427,564.0
19.989583333333332,1.7578946188378772,2.669876064531605,0.3771395777024557,29.806821172634002,0.9246890226713695,16.260311603752395,2.0591517048313834,564.0
20.0,1.8111084190179385,2.7172935303746866,0.38911784149996087,29.705508494113808,0.9238411452234885,16.112126178203972,2.060130110276103,564.0
20.010416666666664,1.8518518602065273,2.759242837668224,0.40226333495514244,29.57656650016715,0.9217349383596907,16.00455295567471,2.061695575357965,564.0
20.020833333333332,1.9112164532441076,2.812858749132471,0.4149889655844927,29.43195801945902,0.9187284587108614,15.773080609011659,2.062635246719056,564.0
20.03125,1.966671148027462,2.866010370293081,0.43025869402302463,29.271734353864524,0.9149933247668823,15.506436399961219,2.065384894658706,564.0
20.041666666666664,2.008254130322477,2.9117007451465473,0.4475689774191135,29.089479322829817,0.9104648597455494,15.319252196953672,2.0695957634834747,564.0
20.052083333333332,2.06633031354647,2.968888279866477,0.46359673313477573,28.90660655180488,0.905745690116005,15.036680829777906,1.8339841488669417,564.0
20.0625,2.119603933945556,3.025140711751651,0.4834676048790227,28.718414519218058,0.9007697638438548,14.759736544758264,1.8153307364897215,564.0
20.072916666666664,2.162741943828767,3.075502145782585,0.506241756663269,28.516162712969937,0.895320013810595,14.572424049757045,1.7993480016839827,564.0
20.083333333333332,2.221119806423596,3.13733922043089,0.5279332057170595,28.32474187739946,0.8900766126743556,14.326793329284774,1.7760117219123788,564.0
20.09375,2.275953245887768,3.198939010401934,0.5552412468493234,28.134233106069438,0.8847772228966833,14.111098567465772,1.7517894166699903,564.0
20.104166666666664,2.324584903702893,3.2567542835647885,0.5864400514221996,27.936151568639982,0.8791770806503985,13.97286793876443,1.7297386904451104,564.0
20.114583333333332,2.3844240843796207,3.322918571356069,0.6185542292910562,27.746917075225674,0.8737337341073128,13.83232069602211,1.7033699441116186,564.0
20.125,2.4439558193066797,3.3904184354050666,0.6568562100926143,27.559116165965587,0.8682325024288047,13.727233267613153,1.6765851481850773,564.0
20.135416666666664,2.5004701263214346,3.4562097602576936,0.6997871838900362,27.367676266328502,0.8625129348328453,13.673955288968108,1.6715341120822984,564.0
20.145833333333332,2.561665106750656,3.5260962994099287,0.7479085473478435,27.173931797187098,0.8565987187551394,13.660727961059381,1.6789593381738603,564.0
20.15625,2.6254396413850727,3.5992623836154842,0.8040304589810026,26.972570716272916,0.85030613636277,13.701165105409217,1.6872930186943442,564.0
20.166666666666664,2.693766275989945,3.6762190918602244,0.8647356212796156,26.77029014239577,0.843823853925471,13.764511489305523,1.690419561208635,564.0
20.177083333333332,2.7624665173774328,3.7562682707226016,0.9375485164637117,26.557607342220802,0.8368238475676171,13.877574661964111,1.6977865185057,564.0
20.1875,2.8426715185936104,3.8452748342081566,1.0158910581840659,26.34938150331727,0.8297802737189062,13.977575763001427,1.6987692308615865,564.0
20.197916666666664,2.9218669850807375,3.9343058699364493,1.1032874813851783,26.143237705437954,0.8226189817102626,14.068139958891248,1.702240294792132,564.0
20.208333333333332,3.0051236608234597,4.02638058738105,1.1941111127260646,25.950803067192197,0.8157671000490555,14.103041476209059,1.7055808111171276,564.0
20.21875,3.0830266709324534,4.114332777803015,1.2924732396617202,25.764877979061314,0.8089999748983527,14.117638632900485,1.710883539679429,564.0
20.229166666666664,3.155671594325907,4.19625998012673,1.3934152171618464,25.582260908703944,0.8022214632499686,14.132479827702216,1.7181150979104851,564.0
20.239583333333332,3.223976528977038,4.274866730137659,1.496199995445842,25.4014867947799,0.7953933426911014,14.158689593454328,1.7255618002532376,564.0
20.25,3.291815044770631,4.351861600840441,1.5997760170140902,25.22273548906107,0.7885368872832577,14.197190686117409,1.7311178636057796,564.0
20.260416666666664,3.3597044653615296,4.426577976055689,1.7018123502152611,25.04795358119064,0.7817407790241282,14.238134820611105,1.7347791485486213,564.0
20.270833333333332,3.4122158640068405,4.493868958544124,1.8097672819866442,24.86409833378186,0.7744998276645483,14.332640922483465,1.7494951925669768,564.0
20.28125,3.4624480938022435,4.559713147666745,1.9166419169297733,24.67418916488454,0.76692267928104,14.474457561911906,1.7530172779655324,564.0
20.291666666666664,3.522997706390107,4.628480672434923,2.0172941758497056,24.490247234315227,0.7594853487760046,14.605386243480792,1.7411606070178252,564.0
20.302083333333332,3.540855711708218,4.680051156572507,2.128358991153134,24.28783120782211,0.751182920686489,14.84389162505026,1.7575545375296935,564.0
20.3125,3.511255157704032,4.716707604617862,2.233627772594581,24.07092147149763,0.7421476997108307,15.216440904573021,1.7544386158538572,564.0
20.322916666666664,3.5236465575778637,4.766995677811532,2.325218932068789,23.866840798543972,0.7335397507558554,15.548248965077644,1.7243604850430039,564.0
20.333333333333332,3.3023963340257927,4.738147887305864,2.421847633720329,23.630507308144523,0.7235461925027508,16.224335602429562,1.7447615800480345,564.0
20.34375,3.041163699413304,4.691101955198376,2.486747190390219,23.398922267148066,0.7140158500694774,17.156621945188384,1.7257910520068243,564.0
20.354166666666664,2.9123811340199257,4.684092396784631,2.5383408330933195,23.208101938435792,0.706909200154498,17.84433703806395,1.7308282793697443,564.0
20.364583333333332,2.575993600199983,4.541689059001695,2.5422415494674957,23.041051872160295,0.7026848834453734,19.011785134896247,1.790694710709075,564.0
20.375,2.261773372689286,4.351766374975176,2.4293327665153104,22.971064399998337,0.7056421438831593,20.30842821483448,1.8530261336173972,564.0
20.385416666666664,2.0746830284320876,4.197654409044765,2.258282803380262,23.040547145338564,0.7178845863920434,21.033623906357214,2.097239608400059,564.0
20.395833333333332,1.8724712997628692,3.9971347004835573,2.0365392567839162,23.27668305369734,0.7414997708820052,21.61415318911135,2.0795419590898407,564.0
20.40625,1.7365126627336342,3.812451288037885,1.7769594587429545,23.66861924786669,0.7750855784943047,21.755041386045914,2.066592018661786,564.0
20.416666666666664,1.617660203610051,3.6382758316281456,1.5251072332825402,24.19636337920733,0.8173198861715603,21.679486607211437,2.064692435727087,564.0
20.427083333333332,1.572322713355117,3.502733128155473,1.2953979225173873,24.793414791048473,0.8633712255965112,21.28267965550604,2.0708290897291026,564.0
20.4375,1.5410230107806322,3.3777639054099837,1.0956235416029598,25.415524739267212,0.9102361854080908,20.805199828155576,2.0733349025482597,564.0
20.447916666666664,1.473907454902476,3.239031029930362,0.9294591818455377,26.063392230935523,0.9580355416395203,20.58238693602249,2.0780663682608123,564.0
20.458333333333332,1.4959279551827438,3.1631969842773997,0.7976085588038683,26.637125269523903,0.9993774707507672,19.864146578262584,2.0666553533215195,564.0
20.46875,1.4997539668567992,3.0804585995511773,0.7004314679515016,27.165585751865393,1.0363443683404927,19.08824355782202,2.0519172706651245,564.0
20.479166666666664,1.462788702268782,2.980894023568975,0.622213521357664,27.667626616556436,1.0700260369644308,18.488455815563956,2.0461217554245263,564.0
20.489583333333332,1.4826355554684572,2.9155953319312706,0.5594823126362996,28.104640491326393,1.0976620877995125,17.802294335451585,2.0464469053333203,564.0
20.5,1.5002315162526931,2.855296962962641,0.5130280292232022,28.494218924457922,1.1203622100983734,17.263565565089547,2.047943094145993,564.0
20.510416666666664,1.4881038277906609,2.789723293055061,0.4756828711169939,28.844036949100214,1.13846999795178,16.94000223269547,2.04986175746792,564.0
20.520833333333332,1.5221752579125778,2.7541133979933043,0.4447781886837422,29.12768967970089,1.1508325194683084,16.523821624757385,2.050770335787963,564.0
20.53125,1.5486112453613465,2.721067363816895,0.421763332718243,29.36251486480691,1.1587405310141863,16.119034585532848,2.053086081419305,564.0
20.541666666666664,1.5437061525891203,2.6782640117210046,0.4032646705124689,29.56392209552848,1.1629901357306682,15.860559383739874,2.0565742627133106,564.0
20.552083333333332,1.564500861846884,2.6517827016788362,0.38632085539985594,29.721405561014688,1.163779138519071,15.554713467574041,2.059382761383257,564.0
20.5625,1.5763298089668858,2.6225800452223584,0.37467774018278155,29.853253768669486,1.1616404001939626,15.394112560611303,2.0642089975902462,564.0
20.572916666666664,1.5780987718653146,2.5969679376556734,0.3647409734200514,29.957832142531696,1.1567494319265035,15.319773284826594,2.0685390357408786,564.0
20.583333333333332,1.6029336062349193,2.5819853844686604,0.35947852753069065,30.04034965836254,1.1488244653737585,15.436774545109756,2.072978133997868,564.0
20.59375,1.6478415829171533,2.588834663621426,0.357141826326904,30.094928886833653,1.138372460975877,15.585277488903834,2.0751613533814344,564.0
20.604166666666664,1.681216754913241,2.6035853115363263,0.3581173173410969,30.121984897951126,1.1258453948933815,15.715548443869844,2.0768859458771334,564.0
20.614583333333332,1.7308442180104795,2.6340201345627245,0.359348171025929,30.123125954555785,1.1131251437077205,15.590491144898234,1.8346058463498904,564.0
20.625,1.7670097899074042,2.6613845288521927,0.3634314940718056,30.10389916628362,1.1002410618934901,15.366705525494105,1.8204797465628297,564.0
20.635416666666664,1.7864026884812092,2.680958563483303,0.3692637374710233,30.064847400439316,1.086813302542689,15.200240179046464,1.809023153407568,564.0
20.645833333333332,1.8046015578587373,2.703394416812285,0.37356454540850215,30.010649676546002,1.0740585127356108,14.98091883217802,1.7927381853584508,564.0
20.65625,1.8101352772314896,2.7226901990279893,0.3800114288374773,29.940867663363832,1.061467803626962,14.810015287391165,1.77758157014104,564.0
20.666666666666664,1.818623630743599,2.7443442260558775,0.3878931266077698,29.855576634167324,1.0489871883038915,14.70627702626653,1.7641680162504518,564.0
20.677083333333332,1.814715838231047,2.767082524153866,0.3957963701002758,29.759438341328455,1.037099003284779,14.612881653737427,1.74925455773906,564.0
20.6875,1.7979964225441487,2.789239378443434,0.4051440219923543,29.65431466018962,1.0257259766990352,14.536873151609786,1.734103796092155,564.0
20.697916666666664,1.7928326324170902,2.815034983768913,0.4164809707256966,29.540896398451864,1.0146760499095313,14.499306047909016,1.7203874566703308,564.0
20.708333333333332,1.7465794700159902,2.8300389578821235,0.42559086918267885,29.42713523497625,1.0044080142307101,14.440248566071668,1.7041068513066897,564.0
20.71875,1.6830181454774096,2.8343672223405165,0.4342576071377087,29.31240361854211,0.9945412829288578,14.40520230937621,1.6889807317853502,564.0
20.729166666666664,1.6444153341613659,2.8414007072736833,0.44252671552969997,29.19989267379703,0.9850550539037617,14.396633235254528,1.6750611130144737,564.0
20.739583333333332,1.578281369367621,2.8306130589931335,0.4491761983557232,29.086790037991506,0.9753737144128076,14.493441641138913,1.6773280476836043,564.0
20.75,1.5196767163131597,2.8161649245952933,0.45223961865054135,28.982667678490714,0.9658496252373895,14.65617714598736,1.6832785034848519,564.0
20.760416666666664,1.4888719316159944,2.8100068531210134,0.45357957568313373,28.898571687924193,0.9569490112369643,14.815390627949359,1.681743533703502,564.0
20.770833333333332,1.4314309860534637,2.783297764922659,0.4542562179791881,28.83592939447036,0.9479118259360363,15.110922289557351,1.688404883985467,564.0
20.78125,1.382809688816322,2.754850179727465,0.45070896126773974,28.811181014905003,0.9393488724659157,15.479580539126426,1.6929355673532316,564.0
20.791666666666664,1.3583284941280713,2.737348411263225,0.4454217925658308,28.833644055610037,0.9318688823192198,15.769355933145453,1.7008429811502341,564.0
20.802083333333332,1.309277536042724,2.698405398555689,0.44084797281139143,28.915681023955234,0.9247933174987323,16.200155142024425,1.7231980304127301,564.0
20.8125,1.2806670683499644,2.66483160007236,0.4339133794586472,29.065482349610146,0.918659826708267,16.715332998028913,1.7510180690857087,564.0
20.822916666666664,1.2737927363526607,2.64794613138803,0.42640322459966173,29.267506486206248,0.9139137490589878,17.08424293763416,1.773180955490247,564.0
20.833333333333332,1.2758028115998832,2.624099944080848,0.4248478546835894,29.539705795697483,0.9100002092539281,17.715091926906815,1.8095633576910055,564.0
20.84375,1.3179998398709338,2.629506271486114,0.4235831067819707,29.838677302185886,0.9073872561645496,18.269771149853277,1.8405878255642294,564.0
20.854166666666664,1.3527482076938393,2.642661769382291,0.42421678345902175,30.12790459250657,0.9059873810742584,18.58319011998158,1.8640527132259872,564.0
20.864583333333332,1.4075097731408945,2.6714199536426873,0.4253080907038365,30.367089939361968,0.9056187423141828,18.460350260045825,2.081769437320546,564.0
20.875,1.4472562947386878,2.692608751208374,0.42738761248774987,30.550050193825022,0.9059972612019677,18.134488250753083,2.075975464409665,564.0
20.885416666666664,1.4621742188308946,2.6978810042007293,0.4289951100510006,30.676315309387714,0.9069620288949631,17.863919761945706,2.0729803976984504,564.0
20.895833333333332,1.506566793707653,2.7183769692835345,0.4278031961006761,30.736615874826864,0.9082370159100825,17.399523604310794,2.0700528397078517,564.0
20.90625,1.5453350214289163,2.7332136527939026,0.4280993484088702,30.74374466782813,0.9096944487404667,16.932280549386522,2.070245279558856,564.0
20.916666666666664,1.5616190878160863,2.7351197447839986,0.4282465796385359,30.70315578585103,0.911276979461205,16.608493666690485,2.0719904772721853,564.0
20.927083333333332,1.6115332277968784,2.7547610653814854,0.42671802144121446,30.627703614875553,0.9127317855214658,16.19104094003363,2.0732059581667714,564.0
20.9375,1.653574983297339,2.770689636447705,0.42789082106813814,30.524071864687205,0.9140630447314634,15.826972149386105,1.83641835977904,564.0
20.947916666666664,1.6761517760538174,2.778424558405982,0.4295357370249495,30.394561112535527,0.9152456250188921,15.58433310756715,1.8260940322192336,564.0
20.958333333333332,1.7216425387779568,2.8000066577014158,0.43129267034035196,30.25337039998685,0.916155233853602,15.32796015027445,1.81170623414069,564.0
20.96875,1.7655153455129957,2.824135319545266,0.435882764191152,30.10253715077552,0.9167920526522977,15.10796257362427,1.797083982716322,564.0
20.979166666666664,1.7948815513764278,2.844236692399179,0.44196384630951296,29.9417105019406,0.9171350814580675,14.967329859658376,1.7845537739299173,564.0
20.989583333333332,1.8451044850760054,2.8781802755127233,0.44829047084254725,29.78675438680921,0.9171466262064646,14.776185411674764,1.7666929932976538,564.0
21.0,1.8917742537999518,2.91287356245896,0.4579246952028086,29.63408247721802,0.9168399590345405,14.6030124583679,1.7483903954023658,564.0
21.010416666666664,1.925960903063971,2.943145335961874,0.4691512776683605,29.4806404858206,0.9161863541934097,14.492432998067057,1.7320825897728203,564.0
21.020833333333332,1.9739480457565932,2.982785600699011,0.4807681274921282,29.33675007399161,0.9152232081722012,14.36412912392081,1.7121764453956971,564.0
21.03125,2.0195417828122255,3.0232200822126707,0.4953647590982106,29.198394188266043,0.9139376822919094,14.258825977501365,1.6921319622090962,564.0
21.041666666666664,2.056819329308682,3.060790322237755,0.5115809259392536,29.06291888548362,0.9122945613293484,14.199805106350853,1.6737103483711586,564.0
21.052083333333332,2.1044638826138686,3.105681867596448,0.528628696002518,28.936830824459722,0.9103822392000674,14.131538716106315,1.6743314599120915,564.0
21.0625,2.1523686899628163,3.152447251530901,0.5483385377024799,28.818255442410287,0.9082090931963129,14.066824245542007,1.6787161474050718,564.0
21.072916666666664,2.192923523761649,3.1959876692757767,0.5702913404408949,28.703238445267864,0.905718349308625,14.035439806018296,1.6851560376211292,564.0
21.083333333333332,2.24482496116404,3.2472066939990265,0.5923435346729391,28.599309903155696,0.9031129747477771,13.97285388373451,1.687832911287308,564.0
21.09375,2.2941497997480034,3.297994117800571,0.618142452764677,28.50177646934371,0.9003349246132721,13.914663525212,1.6936732419524956,564.0
21.104166666666664,2.337054626861791,3.3450877119086115,0.6462167851029009,28.407102648736405,0.8973044681471352,13.88637540262867,1.702462288118578,564.0
21.114583333333332,2.385607300277597,3.397391002689356,0.6743644850116172,28.320706357805445,0.894228654636796,13.842200283604566,1.7072417656783119,564.0
21.125,2.4310847587272804,3.44919977186504,0.7063940534403549,28.23905179422948,0.8910272135352584,13.807229353447935,1.7161746295328733,564.0
21.135416666666664,2.4733597386978645,3.498390618289187,0.7409617093688144,28.159547144735427,0.8876120182109902,13.797609106352793,1.7291924003044958,564.0
21.145833333333332,2.5206514440390975,3.551938337019709,0.775970826042516,28.08619173482119,0.88417728248228,13.779600734618716,1.426707792445411,564.0
21.15625,2.5675669796270473,3.6056305309864496,0.8151230398471834,28.016433058430746,0.880635452699249,13.769902608071652,1.413276742940388,564.0
21.166666666666664,2.612575950337543,3.6571239941282774,0.8569517270799323,27.948391988162797,0.8768980554377547,13.779070830471207,1.4003994453898607,564.0
21.177083333333332,2.661930200151833,3.7115626846189587,0.9000534097914039,27.884161197880307,0.8730896391948876,13.789043992858591,1.387870798832477,564.0
21.1875,2.7089651906715724,3.7643286357573222,0.9484806220137351,27.81999168920507,0.8689873659241173,13.8241984935019,1.3757388380728004,564.0
21.197916666666664,2.7574032276875795,3.8171152221267266,0.9971285561147144,27.757443286266373,0.86467623546322,13.869379184938508,1.3659979078739768,564.0
21.208333333333332,2.8032726098313465,3.8676371481107137,1.0530728950288435,27.69144312018972,0.8597627042102859,13.959876751573622,1.3592294836047092,564.0
21.21875,2.8556350605378436,3.92189173309423,1.1098071424378382,27.62481102291942,0.8543912193724315,14.071984163216676,1.3574712578549488,564.0
21.229166666666664,2.910123879853043,3.9783560866148537,1.1669167119999078,27.560023126769906,0.8487462371176899,14.177636459692524,1.3556540006554956,564.0
21.239583333333332,2.9601048561400245,4.03264829124806,1.2315586541808834,27.493225581229982,0.8424738991718466,14.301312327938783,1.3541642195083632,564.0
21.25,3.0119692732841132,4.088089008216811,1.296655941322922,27.426312237166783,0.8357337703957057,14.422789855725071,1.3570986803730127,564.0
21.260416666666664,3.0634806819608875,4.143172268827352,1.360907531465294,27.360668418862826,0.8287097768154145,14.521928411539962,1.3592417543764683,564.0
21.270833333333332,3.090573981854228,4.187345368536302,1.4341558600299091,27.288351939912232,0.8205806993310591,14.67774641102933,1.3641140766394235,564.0
21.28125,3.108822138255042,4.229164673357,1.5050245517111083,27.210382961333906,0.8115059880895136,14.883210144428448,1.3786091353686192,564.0
21.291666666666664,3.143839050611055,4.277816743951117,1.5703800469084432,27.13135016358762,0.8021752153322675,15.059608962840816,1.3922048574606753,564.0
21.302083333333332,3.115047650450597,4.303817640927588,1.6478683302927049,27.03755803159427,0.7911923452155831,15.351851211047249,1.4077539167699908,564.0
21.3125,3.0338790654119907,4.315808487706555,1.7141591965286556,26.931555222861853,0.7791807396346097,15.722638994951266,1.435116899894746,564.0
21.322916666666664,3.0000239891759115,4.342147809013227,1.7725363942874144,26.82052751128105,0.7672609595326598,16.016653560001075,1.7648992473716754,564.0
21.333333333333332,2.7350169158584667,4.28953253139668,1.821866528964012,26.68702649180387,0.7539413284352592,16.46770830716529,1.7681144692708537,564.0
21.34375,2.418429356019722,4.207861280208314,1.8369586669646407,26.54119054484238,0.7406504414571133,17.01444658162123,1.741617017265589,564.0
21.354166666666664,2.235263223353944,4.160468879948474,1.837574861094151,26.402617973282073,0.7291441161632962,17.396493952922935,1.7124776074083194,564.0
21.364583333333332,1.8308989042494614,3.97366887764604,1.7794370887555007,26.266360673843174,0.718709963497095,18.165099297408975,1.7260549681111776,564.0
21.375,1.4478988087261393,3.7322635144787575,1.6127659930379763,26.192313348170046,0.712939292376432,19.0944489683869,1.7633611766075326,564.0
21.385416666666664,1.222561066332542,3.5299347508374237,1.4036654086634168,26.235619941391782,0.7140845167615377,19.60320319662707,1.7997768296508088,564.0
21.395833333333332,1.009797990954816,3.2938858283243513,1.1674383704005267,26.436999565266454,0.7232058459870194,19.918746640770546,1.8352941351943592,564.0
21.40625,0.8782414270173966,3.07719974259609,0.9336455503048038,26.801785530784365,0.7398563445968327,19.906594870634088,1.8592844568552138,564.0
21.416666666666664,0.7796356418767615,2.8721565067072423,0.742622621645513,27.32608887668232,0.7633432774013083,19.793184744707933,2.08838503021952,564.0
21.427083333333332,0.7368566202114328,2.7059287590526058,0.5981837593707778,27.947652896719962,0.7905243961689052,19.412729126188548,2.0785985349157947,564.0
21.4375,0.701588459296814,2.5431345277001256,0.4923958495075845,28.641022996685884,0.8199794689975112,18.995055306262426,2.073208569178049,564.0
21.447916666666664,0.6594177299248197,2.381651970107068,0.41489680757299235,29.389596576246934,0.8505845608433353,18.70117124158541,2.0698368331229533,564.0
21.458333333333332,0.6618521126306791,2.267434000968521,0.36033410646280484,30.116843219795907,0.8788305527097322,18.292023882982544,2.0665398866028193,564.0
21.46875,0.6693110840271196,2.16839637303955,0.3210769507198877,30.809161475024784,0.9039870669230397,17.86023413820386,2.0651913292593505,564.0
21.479166666666664,0.6550096480920337,2.062806480545866,0.2905140836151201,31.476174560280423,0.9261926195132656,17.571187030380685,2.0651936157751156,564.0
21.489583333333332,0.6844432095494457,2.0031552105169976,0.26686864042860997,32.025684064175415,0.9425968484946172,17.01219059721733,2.064069639694344,564.0
21.5,0.7014874788525476,1.9369146075949206,0.248309763399084,32.500636016236335,0.9550372068212322,16.457212958485265,2.0664714233287937,564.0
21.510416666666664,0.691480054149751,1.8550104914601688,0.23225620989439202,32.93077962151833,0.9645137897902115,16.08869525308187,2.0707433949246066,564.0
21.520833333333332,0.7023003797782719,1.7884329713930447,0.21838353520894221,33.294474416826326,0.9707479005661923,15.77398106298206,1.8418020681293616,564.0
21.53125,0.7109192190611036,1.7230040005004381,0.20694617397441253,33.61258795974069,0.974293371145311,15.612559049259522,1.8338226855380624,564.0
21.541666666666664,0.7079136622524196,1.6612366846665672,0.19704084573997344,33.877092344790036,0.9751348169531616,15.53907812225357,1.8273338859439214,564.0
21.552083333333332,0.7257680562461115,1.6133814976902252,0.18921174757183026,34.09123848019715,0.973334110021298,15.577523122429124,1.8247497282017424,564.0
21.5625,0.7509570654075172,1.5805941288416865,0.18300336455071056,34.24522594020017,0.9690878040378306,15.619186149676384,1.8215000486081605,564.0
21.572916666666664,0.7601390797763873,1.5499219006335152,0.17805046066152658,34.34144102417281,0.9626297465098244,15.665574239155527,1.81907692044304,564.0
21.583333333333332,0.7813194467525435,1.529845270682263,0.17409036039604237,34.38005830769318,0.9544512727159921,15.659543216772281,1.8148360947565043,564.0
21.59375,0.799960188817127,1.5140074769518537,0.17112290405070602,34.364880139073065,0.9447552662583453,15.646057419452834,1.811206755979346,564.0
21.604166666666664,0.807242884892741,1.4988288264858114,0.1687640930789971,34.29702246056116,0.9337832556930726,15.6428646409386,1.8084361283938926,564.0
21.614583333333332,0.8231154647212364,1.48926804366237,0.16700871331676556,34.17631854146482,0.9217247780890021,15.66597086401725,1.8070528365151934,564.0
21.625,0.8410552294174793,1.485666582835203,0.16589280691054265,34.00328046373141,0.9088718262293503,15.70569382375893,1.806506237967575,564.0
21.635416666666664,0.852044690247416,1.4848129463215072,0.16526828090238443,33.780207452331084,0.8955656283735659,15.74399482691656,1.8061112241679973,564.0
21.645833333333332,0.8602764650560485,1.4861409383486852,0.1649430343446039,33.511849122772674,0.8821774933886375,15.760768100310562,1.8050904716586986,564.0
21.65625,0.8593407984860523,1.4882560447523416,0.16493407315610986,33.20375004416754,0.8690059486403438,15.750033679792336,1.8032393465858212,564.0
21.666666666666664,0.8574761435716383,1.49197308512568,0.16531028550888585,32.85714756963665,0.8561222432081513,15.741188433163474,1.8019287978713945,564.0
21.677083333333332,0.8392271624590227,1.4922352742158407,0.16553110565320098,32.485493653804866,0.8439901158466815,15.695159477338631,1.7986902125041229,564.0
21.6875,0.8103028077516301,1.4892400222624687,0.16586037688224428,32.08878877581152,0.832539750106761,15.653288742491847,1.7958856522237276,564.0
21.697916666666664,0.7921422094542943,1.4896560279399595,0.16640583431762102,31.671882152486155,0.8218642186668335,15.626835473749694,1.793655249181613,564.0
21.708333333333332,0.7479275167954134,1.4807986368084574,0.16654388690254746,31.243325974767703,0.8121117485794446,15.608064083941128,1.7914698007061636,564.0
21.71875,0.7000155062453353,1.4676507056331065,0.1666122725572015,30.799374586723008,0.8031438288248242,15.643723023220545,1.7920563947221178,564.0
21.729166666666664,0.6731840087069967,1.4617816923322027,0.16675828918199892,30.358079527176237,0.795260427752262,15.682666004547379,1.7924021940592003,564.0
21.739583333333332,0.6323454022461782,1.4430934585006088,0.16735643654502458,29.862478666122417,0.7875613048938188,16.038583500921604,1.809314166196959,564.0
21.75,0.6107750770213396,1.4377761109666094,0.16814815271508662,29.362188766587167,0.7810514153370123,16.558736190991556,1.8306090827286647,564.0
21.760416666666664,0.6081350283381279,1.4496568683899833,0.16946383672133045,28.909831409531147,0.7764281814328403,16.960333697684835,1.8466710474314818,564.0
21.770833333333332,0.5955663511107231,1.4529020631756073,0.17170525803326658,28.476251736786153,0.7735464747739071,17.565722752502122,2.085363266802943,564.0
21.78125,0.593789583271031,1.4670811594001907,0.1741585305725564,28.114670119115168,0.7731075745586388,18.159534212823658,2.07634401312023,564.0
21.791666666666664,0.6009028135042659,1.4904612701220654,0.1769048650968751,27.84991800167194,0.7752308977474323,18.520864769144566,2.0685353231719645,564.0
21.802083333333332,0.5978014011954581,1.5025569477595524,0.1801422810503254,27.668538906357778,0.7802251770935958,19.01287711241595,2.063640388085326,564.0
21.8125,0.6072845831066911,1.5236659544799576,0.18352234655612126,27.58164557232143,0.7880659161498594,19.49014858053618,2.05834280726254,564.0
21.822916666666664,0.6218762990135313,1.5510021750771399,0.1869032206988052,27.577612414535874,0.7982081534995061,19.752318674480865,2.0659951267858685,564.0
21.833333333333332,0.6456259989646319,1.5776821675184658,0.19118128716800387,27.636812670727892,0.81093031364443,20.301873071486323,2.091090607014449,564.0
21.84375,0.684727240187542,1.6175614595212893,0.19548004564509636,27.731461369059332,0.8251043415687812,20.975356365437467,2.1137671651562093,564.0
21.854166666666664,0.7127901321447616,1.6510152213553193,0.19953203374249762,27.831416042865754,0.8401690266288516,21.637404982195086,2.1335054548459746,564.0
21.864583333333332,0.7605173392839983,1.6952072203060433,0.20234822697789284,27.903081195807943,0.8542454411502073,21.526259651249692,2.1374394646805213,564.0
21.875,0.7928447371003485,1.7198764171416425,0.20409272156043173,27.935894636857334,0.8674965037416752,21.094762377209516,2.1353012111838625,564.0
21.885416666666664,0.8032033305758058,1.7224923761436397,0.20464693025836925,27.92192137445698,0.880279958048875,20.820753724054423,2.1347173628895852,564.0
21.895833333333332,0.8345534940272209,1.7356312230461584,0.20348575156041526,27.86375365826281,0.8910666069428151,20.06801215308593,2.1214534848812594,564.0
21.90625,0.8529366962548207,1.7339817772814883,0.20185124330843018,27.76783084860457,0.9004739578537135,19.276204366886677,2.105063746532311,564.0
21.916666666666664,0.8529433713752693,1.7169002499918644,0.19966667172460287,27.63388818430762,0.9089257695875721,18.73324560171592,2.0918014444182766,564.0
21.927083333333332,0.8723783904048636,1.7115177955508192,0.1966821125352851,27.483413909437598,0.9155904958899536,17.985680091963815,2.0697552618350485,564.0
21.9375,0.8848626615882624,1.6987254155125924,0.19413914195325432,27.314440012949433,0.9210548174907749,17.324833662268038,2.0481406100592556,564.0
21.947916666666664,0.8856680654989119,1.679862008108848,0.19155040593908418,27.127296601470153,0.9254108412171849,16.79553206549457,2.0433301796707823,564.0
21.958333333333332,0.9099624180905088,1.6738512001268802,0.18936181869332183,26.93423703833262,0.9284613901477821,16.289867441362272,2.0451597292176156,564.0
21.96875,0.9358825446223606,1.6710781007621711,0.18784121197488052,26.73544370196712,0.9303032286377881,15.91314284480005,2.0474771488700894,564.0
21.979166666666664,0.949378085940107,1.6664144989678789,0.18665541908791183,26.5308906672379,0.9309519744310879,15.686811080186922,2.049968853794353,564.0
21.989583333333332,0.9791927818927989,1.6722868352119784,0.1859849782807355,26.330131748799495,0.9304310283278047,15.498257444132491,2.051999375853605,564.0
22.0,1.0079243508062536,1.680221091587799,0.18592788728783946,26.130405332984477,0.9288231542914012,15.368171334172517,2.054552352169554,564.0
22.010416666666664,1.025582098025353,1.686467681021934,0.1861374688709217,25.93032817811755,0.9261703440503699,15.30218176506333,2.057253877452171,564.0
22.020833333333332,1.0568689319692601,1.702091003249696,0.18686274063642552,25.736268542302756,0.922659236335785,15.22660688542718,2.059592514247336,564.0
22.03125,1.0891911549349154,1.7218605153190742,0.18825406601641526,25.54591513079467,0.9183915938326385,15.15842153384136,2.0624361867977616,564.0
22.041666666666664,1.1128863842882075,1.7414219532650936,0.19008943887330654,25.356125006926675,0.9134137609586649,15.125526424574655,2.0656156649997373,564.0
22.052083333333332,1.1501918687748889,1.771471507028709,0.19257007846542698,25.173431013748182,0.9080337184792734,15.061812511846158,2.0684954802547675,564.0
22.0625,1.1899650229201129,1.80706929252132,0.19584569405118438,24.996977139229134,0.9023767814595979,14.977790616272381,2.072180490104474,564.0
22.072916666666664,1.2220241469886013,1.8424135806075368,0.19980204850400984,24.821804986319897,0.8963897798783806,14.926711741853744,1.834503160679073,564.0
22.083333333333332,1.266873729439141,1.8879078195636967,0.20417688405416057,24.65957311897543,0.8905701308133942,14.808000616843342,1.8211963592309246,564.0
22.09375,1.3118508405640443,1.93621874256676,0.20970514947647556,24.503024072985845,0.8847395652999615,14.699416694052223,1.8083331708359474,564.0
22.104166666666664,1.351822711252293,1.9848150685155663,0.2159647885880137,24.349650624079775,0.8788425069395647,14.632275322537023,1.797031753936962,564.0
22.114583333333332,1.4059317852595095,2.0434649615475813,0.22385864378440018,24.1972919020949,0.8728105430353299,14.629796140230917,1.7885250371850068,564.0
22.125,1.4709908422841453,2.1139078358609895,0.2335755074797647,24.04773287298034,0.8667190345937418,14.674567587638471,1.781846038151849,564.0
22.135416666666664,1.5362297015317443,2.191627242878121,0.24493864849394303,23.904213226768224,0.8607111397482631,14.730218186162697,1.7753570335633753,564.0
22.145833333333332,1.610693522736841,2.2807314777030823,0.258378870447715,23.771734256054152,0.8550273992492182,14.738496954466779,1.766074134210953,564.0
22.15625,1.68419539556834,2.374858654797606,0.27397300700637367,23.650899158447654,0.8497425536880323,14.689530849776135,1.7538319525353256,564.0
22.166666666666664,1.7526804195864598,2.4675586596578336,0.2922300622160024,23.535672820990737,0.8446428829804732,14.651791570289776,1.742997164160773,564.0
22.177083333333332,1.8224873838749638,2.5648274617134654,0.3116491712843403,23.433918995936892,0.8401290585485984,14.541162696354318,1.726153233791782,564.0
22.1875,1.8877552140984166,2.659886492756273,0.3346588363190877,23.337519959642627,0.8358886376870758,14.446500808982956,1.7100567948243153,564.0
22.197916666666664,1.9550185129271225,2.7542133242242817,0.3605362819662863,23.244553521281667,0.8318800717659904,14.38552922430878,1.6952360555864647,564.0
22.208333333333332,2.0244948537925,2.8517987205321806,0.3900226924844486,23.155219834002366,0.8281486634012515,14.348186820831328,1.6806826716233054,564.0
22.21875,2.0975798384837283,2.9526296169488417,0.4241199508245311,23.0686956883817,0.8246859340702315,14.332359410025113,1.6745720680938776,564.0
22.229166666666664,2.174831448411251,3.055136378977199,0.46331574426697203,22.98420044191258,0.8214767576727203,14.335988197073268,1.6786123558757358,564.0
22.239583333333332,2.2539679720797383,3.1606639749665284,0.5080787167902646,22.90300873936321,0.8185703984522923,14.335844199738565,1.6806804464131344,564.0
22.25,2.3342731255508484,3.2668715691636794,0.5598916695444559,22.824061453664083,0.8159174927363143,14.33741524260836,1.683686139322295,564.0
22.260416666666664,2.416421470145031,3.3718984879289837,0.6189386947826956,22.746408597942715,0.8134726437596708,14.347851008266566,1.687505439726973,564.0
22.270833333333332,2.4850082859924436,3.471741641397878,0.6883358773279004,22.665861617496777,0.8110998979835882,14.415620690479706,1.6948843901520607,564.0
22.28125,2.5469748210757155,3.5699722107505836,0.7671782741710439,22.581988134897845,0.8087896234415056,14.549066190762378,1.6984385378403206,564.0
22.291666666666664,2.6240176933885553,3.6739660167327575,0.8522825764476364,22.49970396231988,0.8066629053950595,14.67827859626107,1.6933628229057034,564.0
22.302083333333332,2.6514819211412677,3.7605236634955164,0.9550104788643013,22.40912212817305,0.8044598892330687,14.929224081745527,1.7041663945097028,564.0
22.3125,2.625979780953157,3.8318740122402652,1.0603648223469813,22.31434415211021,0.8022923038149891,15.280437851868998,1.7030478561034883,564.0
22.322916666666664,2.6418245928638524,3.9147189968582627,1.1657845662891042,22.22478942977693,0.800376146537334,15.5808172837755,1.6900019180911101,564.0
22.333333333333332,2.4345713297328353,3.917987461802557,1.272374539963991,22.129582819912727,0.7985345338015745,16.087389244041805,1.7049628757378723,564.0
22.34375,2.1696551214584123,3.886744910657555,1.3506111682877875,22.043451360845594,0.7972374264179622,16.724703365820815,1.7350258040523336,564.0
22.354166666666664,2.0335511576749967,3.886825383445234,1.4115655102432987,21.985807057589444,0.7970918068142056,17.16867093912547,1.7611276467928776,564.0
22.364583333333332,1.6451791144768622,3.721811298592679,1.4171770457436115,21.973681705676405,0.7994770025785083,18.249554339458513,1.8200321186954347,564.0
22.375,1.289103479402345,3.4988698862269,1.306193821980567,22.074365043983946,0.8070788706418601,19.600901724513456,1.87934377863109,564.0
22.385416666666664,1.1026644211560097,3.3239158798231108,1.150529118895436,22.33253643477439,0.8216488587795024,20.43375115349982,2.082912270744041,564.0
22.395833333333332,0.9081340090276923,3.087811680161457,0.9649442428688267,22.822313413653752,0.8466961251925793,21.26205335502404,2.0705371364247895,564.0
22.40625,0.8097831190173217,2.8839646166547204,0.7801679653953866,23.543324086712243,0.8815908068079618,21.716518310201185,2.0779927259090716,564.0
22.416666666666664,0.7450347847138507,2.705344306552284,0.6352813636440932,24.474838647074932,0.9246724755294474,22.078253915117624,2.104651119065518,564.0
22.427083333333332,0.7342503058792231,2.565103951686721,0.5287528814000239,25.550077729454003,0.9720160049787386,22.48235887896822,2.127757327192951,564.0
22.4375,0.7399293041477049,2.4503929245644254,0.4505070997217367,26.673725025268155,1.0187016695884448,22.56326389902689,2.1410075747419675,564.0
22.447916666666664,0.7179223900070297,2.3220459425869455,0.39182979422293807,27.84690921749396,1.0640626262845885,22.706311601133162,2.154099920023993,564.0
22.458333333333332,0.7476312595738319,2.2560785006755855,0.3490659578432079,28.886406072568995,1.100915846230619,21.971058015703345,2.1489761602000526,564.0
22.46875,0.7609010663110115,2.178715171469433,0.31677970233981534,29.84283965195153,1.1315638236537027,21.13129332419624,2.1398920259574146,564.0
22.479166666666664,0.744334157041931,2.0814859967003114,0.28972756241594166,30.754140671452944,1.1572830436718913,20.62625745460719,2.1341294989752972,564.0
22.489583333333332,0.7707308935290327,2.020299004925535,0.26792289388784196,31.541201547508468,1.176162636985049,19.917147970781443,2.120784304924841,564.0
22.5,0.7927672675771055,1.9591046592242576,0.2506714000700178,32.24373028110741,1.1897818634574064,19.274503678778967,2.1069242626596503,564.0
22.510416666666664,0.7890340971377446,1.8884697215137511,0.2358896236135343,32.883828824206454,1.1988317671568471,18.84084234306728,2.096086951308574,564.0
22.520833333333332,0.8139143079594623,1.8393502168949125,0.22364373717896366,33.43395947998469,1.2032824084872236,18.363371512170637,2.082342817413823,564.0
22.53125,0.834861455154441,1.7935114662298721,0.213849165990811,33.91689976382786,1.2037881319851145,17.959761944737107,2.069965565386031,564.0
22.541666666666664,0.836348868681834,1.7456577642295141,0.2054705910994265,34.33848513741512,1.2006117430515684,17.644418208931413,2.0597880806882163,564.0
22.552083333333332,0.8561196038339436,1.7109949961166582,0.19863857010740843,34.69474604470665,1.1940879690720891,17.347768335632765,2.050065467719427,564.0
22.5625,0.8777611504534035,1.6842846706368841,0.19330117593279886,34.989649419824175,1.1845454064594372,17.071723496618507,2.0443449229644877,564.0
22.572916666666664,0.8844264458674126,1.6583408449046724,0.18894046699474693,35.22583127068928,1.172285193333424,16.834774060569114,2.0452868206976214,564.0
22.583333333333332,0.9074673727100622,1.6427701606846599,0.18559023117690573,35.403215747050346,1.1577509073734404,16.65901587584591,2.0461217493471624,564.0
22.59375,0.9317495553214203,1.634011883259294,0.18319449274163246,35.523072880682825,1.1413969873215921,16.543392629082025,2.0468318293565253,564.0
22.604166666666664,0.9434134711039169,1.6260659114683171,0.18148155905128174,35.58714988761963,1.1235602066151607,16.484476278242926,2.0475243345571026,564.0
22.614583333333332,0.9611604331615767,1.6242767920656247,0.18003148668981658,35.59653009794464,1.1053509398569108,16.36480960282625,2.047744233718223,564.0
22.625,0.973437875813694,1.6232143288546614,0.179153652690969,35.55615287284408,1.086863589454983,16.233905794169576,2.048483273993339,564.0
22.635416666666664,0.9779254434073171,1.6214318685966937,0.17872538175049754,35.46714265507553,1.0680374192247903,16.14927331844627,2.049541221478001,564.0
22.645833333333332,0.9783738237549419,1.6205898169360167,0.178247598052199,35.334540800703536,1.0496083648520196,16.043671287177176,2.050235366300131,564.0
22.65625,0.9709371863740596,1.6190911461293676,0.17813085375463303,35.15976197108833,1.0314180586142165,15.95923340668735,2.051329066228515,564.0
22.666666666666664,0.9657367394821736,1.6203581580971709,0.17841710614223816,34.94428354762527,1.013453354845877,15.912384613596712,2.052483326088896,564.0
22.677083333333332,0.9470604185929767,1.6189986750576457,0.1785808836614367,34.6953312215257,0.9960678801354674,15.863767782578183,2.053385376014163,564.0
22.6875,0.9157279465836288,1.614370970113213,0.1788428850379799,34.41528650809308,0.9791409176623386,15.833988381121276,2.054474236103543,564.0
22.697916666666664,0.896307961818418,1.6142866311299533,0.17941996868899723,34.10885022166551,0.9627094346304945,15.824787977644176,2.055502397572656,564.0
22.708333333333332,0.8414018620387315,1.6017278838491058,0.17944470608772783,33.78264416903111,0.9468794757395936,15.828493676224353,2.0563995878972894,564.0
22.71875,0.7822536524784184,1.584122597919092,0.17929351006101024,33.43754264907508,0.9314793571089024,15.880370143344106,2.0573457754506106,564.0
22.729166666666664,0.7487352436438476,1.5747390664313599,0.17924556958157428,33.08748627700826,0.9169118089210904,15.932905637137747,2.0577466946081584,564.0
22.739583333333332,0.7012057135725461,1.5520382483826063,0.17934070902107416,32.704591161522885,0.9018878160229967,16.2360945378564,2.0589348615297087,564.0
22.75,0.6705439299807548,1.5370152014234952,0.17921789246241088,32.322217220848955,0.8875840491274772,16.654717117387918,2.0578106840951276,564.0
22.760416666666664,0.6595626120432551,1.5353636785611953,0.17931723921239126,31.977249134986376,0.8751141813301566,16.97217867595935,2.055514509139578,564.0
22.770833333333332,0.6399516383732752,1.5239601174054005,0.17976999498491072,31.661248461598735,0.863967764694032,17.432419901726167,2.054426410044984,564.0
22.78125,0.6305924443005932,1.5192647172018479,0.1800185126311798,31.41046943461276,0.8553442525804765,17.87257311362058,2.054184053128614,564.0
22.791666666666664,0.6295845102533634,1.5214334818325799,0.18033538386402917,31.24064901013816,0.8498489876552002,18.166560238630606,2.064149562332705,564.0
22.802083333333332,0.6241619068241053,1.516449659622923,0.1807332045460226,31.14510824476856,0.8475206894201429,18.624062359706496,2.08312140673611,564.0
22.8125,0.6291504625560234,1.517669110963845,0.18079089042865232,31.120363090575978,0.8485842838322124,19.127464203479654,2.100320022999982,564.0
22.822916666666664,0.6327873519856172,1.5173282549823417,0.18068850579163193,31.146761145220985,0.8527470228762742,19.608178554674026,2.1155896971528767,564.0
22.833333333333332,0.6468731298755411,1.5193835183879973,0.1802888857250588,31.20054098274992,0.8594518420631715,19.935740449441184,2.1271491733338874,564.0
22.84375,0.6615986327192168,1.518396403125111,0.17947072128511105,31.258824739167643,0.8680662969284744,20.103327531108473,2.1355061566065086,564.0
22.854166666666664,0.666933610236416,1.5096326696342737,0.17823762717643066,31.303330359437272,0.8781442616251497,20.237085030437118,2.143290026513879,564.0
22.864583333333332,0.6834208620988994,1.5078349954319408,0.17660329023153257,31.318810223821703,0.8885692720997416,20.05375508572726,2.1434977658786445,564.0
22.875,0.6940697616981624,1.5003236300523886,0.17488702947373744,31.29987882125435,0.8991267126375251,19.76836342265178,2.141120331796342,564.0
22.885416666666664,0.6943500741165893,1.4848522661470103,0.17297425710561903,31.24212712933228,0.9097865208449185,19.584556839577914,2.139955774353199,564.0
22.895833333333332,0.7111700488850038,1.4797267830829821,0.17086379572979313,31.151288375202455,0.9195779316583695,19.159537682653077,2.131418107288788,564.0
22.90625,0.7260787453826502,1.4713824266247386,0.16893401628550525,31.03034554892777,0.9286900428691768,18.697342484256918,2.120911215823298,564.0
22.916666666666664,0.7287631733447162,1.4554117677982361,0.16695206608210061,30.87846094034657,0.9373333664967627,18.37552339061781,2.112515608215048,564.0
22.927083333333332,0.7485861846579982,1.4496025481416284,0.16494513625428078,30.711018219119293,0.9448680007145208,17.91924768110867,2.09837300342079,564.0
22.9375,0.7646290937058113,1.4415397528161578,0.1632692474612548,30.527293825160786,0.9515880311651205,17.488796930985785,2.0838636073106183,564.0
22.947916666666664,0.7695823642535927,1.4290007838450371,0.16166381408869765,30.326225635242178,0.9575950875204849,17.16134953211551,2.0714571414769356,564.0
22.958333333333332,0.78720741535091,1.4252626059034363,0.16030166118134553,30.120288775392865,0.9625804026660114,16.788326170702923,2.056161986637892,564.0
22.96875,0.8039744990082974,1.4234624669444544,0.15934995460182944,29.909421182560827,0.9666284546127739,16.41371033051285,2.0426693271267222,564.0
22.979166666666664,0.8115651824399335,1.4195304465965182,0.15862927168228852,29.69068274961764,0.9697929486357842,16.090678380900197,2.043971413715414,564.0
22.989583333333332,0.8317656963822544,1.4247086969826672,0.15798292466332728,29.48368550478711,0.9718623201805942,15.689852180880932,2.0449439801577527,564.0
23.0,0.8478784693528351,1.428475417561346,0.15769625954021863,29.280998081872095,0.9730374685224031,15.344177372207279,2.0469893142227584,564.0
23.010416666666664,0.8550074489791089,1.4284257153003517,0.157542737765415,29.075273611022414,0.9733776840927754,15.118816636741714,2.0497117892838403,564.0
23.020833333333332,0.8723340753658264,1.4360069228497714,0.15732624733464814,28.885873314971388,0.9729343214958689,14.853049886198486,2.051652038709714,564.0
23.03125,0.8860650612107577,1.4429651351687378,0.1574498423987109,28.704723262645892,0.9718328161731233,14.611851798391474,2.0551322389842044,564.0
23.041666666666664,0.8929453124042861,1.447198163677214,0.15779032115133992,28.522231030564807,0.9700528339621126,14.45702525187987,2.0598737386672092,564.0
23.052083333333332,0.9083741611608883,1.4590222372333284,0.15813548866709165,28.355707697826052,0.9678392948827879,14.268914353736927,2.064327004869791,564.0
23.0625,0.9221486720360473,1.471913806556077,0.1590264086725871,28.19342314722266,0.9651376083015746,14.123328294398204,1.8277644569235272,564.0
23.072916666666664,0.9334422137271033,1.4856463565710654,0.16022568994985031,28.03066075781039,0.9618830591577554,14.040230987162126,1.8121509303174494,564.0
23.083333333333332,0.9542442165180388,1.5081662417587776,0.16186911289107506,27.874386876724262,0.9582388484725662,13.972286845159305,1.7947411184052184,564.0
23.09375,0.9790896442715483,1.5372175473353749,0.1642077376487136,27.721711971435003,0.9541817096972484,13.929017917615113,1.7772488672086095,564.0
23.104166666666664,1.0031939024082765,1.570110339028575,0.16716129646145245,27.569211617068703,0.9496349838905136,13.92126191631758,1.7610949314405882,564.0
23.114583333333332,1.0380755555590302,1.61334347546266,0.1706511054416819,27.428107364653115,0.9449869571847777,13.887751714809554,1.7405725814346216,564.0
23.125,1.0755647676809217,1.6617999233703822,0.17502762093473875,27.292779920623055,0.9401329627516545,13.857206707917477,1.719149842219368,564.0
23.135416666666664,1.1114692382922124,1.712559822227914,0.18015442752197458,27.158076088213274,0.9349211587504722,13.85319574558532,1.6991562283329564,564.0
23.145833333333332,1.1556445897916001,1.771729655542766,0.1859038164845985,27.032439853551416,0.9297257447987152,13.837064678725437,1.6757555592153806,564.0
23.15625,1.2011871468248174,1.8353157095925223,0.1926991952017702,26.91077001087256,0.9243959096198466,13.832031994142188,1.672515437837472,564.0
23.166666666666664,1.2470693345761081,1.9017874471682747,0.20044032782701565,26.790055544723753,0.9188284865264514,13.848876321749255,1.6793069792785171,564.0
23.177083333333332,1.2981829151134443,1.975124806763539,0.20910336199849977,26.67548742033323,0.9132980834328883,13.865161685632327,1.6829114582080997,564.0
23.1875,1.3521045489274637,2.052959322461325,0.21910457341829762,26.564185737366845,0.907706074271121,13.890795863242758,1.6888922451386466,564.0
23.197916666666664,1.4083644058110416,2.1339173678932206,0.2304459627232105,26.45429884493635,0.9019828209418981,13.930394124575754,1.6963744753432817,564.0
23.208333333333332,1.471127630010182,2.2212758360497546,0.24323312983585926,26.3493334816154,0.8963358684114533,13.969451282084698,1.7009362335680942,564.0
23.21875,1.5376635104814311,2.3129135413368362,0.2579592861006243,26.24747917990507,0.8906933087873365,14.013386539149746,1.708371718060076,564.0
23.229166666666664,1.6068603686725436,2.407201881977839,0.27470466757834444,26.147749956515383,0.8850150679898614,14.064377862541942,1.7173596029243157,564.0
23.239583333333332,1.6789180560553658,2.5056357422863926,0.2937080331408839,26.05210103778577,0.8794249688683373,14.114867829046922,1.7238824717967283,564.0
23.25,1.75279796993907,2.606690518448103,0.31551091210341975,25.959773528022044,0.8738892478578841,14.167101500101529,1.732433180845799,564.0
23.260416666666664,1.8295555178852176,2.7092019869773725,0.34030908614471084,25.87057092053804,0.8683996745770437,14.221325702720678,1.4300231247152333,564.0
23.270833333333332,1.8928281286370217,2.8075375002741145,0.3701909097500874,25.774912853863178,0.8623378201031255,14.315307425318915,1.425457378749658,564.0
23.28125,1.9496077772590008,2.9062738760674605,0.4050456737090079,25.6735802539846,0.8556783017232347,14.457977292051668,1.4300666875351098,564.0
23.291666666666664,2.0242990754742776,3.0152162014149986,0.4436508142632526,25.57944539777175,0.8492099872126454,14.597284048542459,1.4362260565753517,564.0
23.302083333333332,2.0483313407060395,3.1077679150242603,0.4954962305424767,25.472331969953416,0.8413877981004849,14.862586652308584,1.7857663132349288,564.0
23.3125,2.031180555328781,3.1926592282079054,0.5537806825526396,25.36583237227827,0.8328452129249792,15.268791304344765,1.7711295846158965,564.0
23.322916666666664,2.060032860624904,3.2965124774164325,0.6166956036657174,25.280128042338085,0.8249595534919177,15.651482887866468,1.7273955090727076,564.0
23.333333333333332,1.8727199392825808,3.3182482552172927,0.6948566943760837,25.201355728317807,0.8157387895999637,16.37284849328083,1.7499478596708193,564.0
23.34375,1.6531428798319228,3.316322155363392,0.7600223982604333,25.161591840364036,0.8071482638123514,17.368454895447922,1.7434808960915051,564.0
23.354166666666664,1.558725720977838,3.349115653554033,0.8187596813407204,25.17746417795819,0.8008621229089734,18.089640704781022,1.7720237482880479,564.0
23.364583333333332,1.2758111998893433,3.2437181663649377,0.8536829001455456,25.283503254619102,0.7969141778266636,19.252944917077798,1.8447557701043844,564.0
23.375,1.0408711086567437,3.0984758644408723,0.8203915554633269,25.522678623898454,0.7986998268200274,20.533222297565686,2.101865414245436,564.0
23.385416666666664,0.9308583086055366,2.9890693862885698,0.7596466154145054,25.90200389475592,0.8078358108375917,21.236952793595755,2.077339847914564,564.0
23.395833333333332,0.8052888119264227,2.8267276007995235,0.6762244548201485,26.4598576412061,0.8259596626211233,21.7990382285601,2.0861161448010996,564.0
23.40625,0.7362916497163673,2.6780136623797017,0.583789459082598,27.15681573117365,0.8519334149322734,22.180963820192,2.118467514951259,564.0
23.416666666666664,0.6872899478564348,2.536942789528728,0.50521080430066,27.970224281509562,0.884453093963348,22.781245416718086,2.1510537431543573,564.0
23.427083333333332,0.6725192539475561,2.423207483440043,0.4399193688686024,28.817664109830634,0.9195039362640006,23.045351391742464,2.171656688702498,564.0
23.4375,0.6658802176604103,2.3157593813086845,0.3874545161132301,29.658669750288013,0.9546474859635841,22.954866468035867,2.1838053399435324,564.0
23.447916666666664,0.6434361044858594,2.1975347160137058,0.3451666269811477,30.492958108722082,0.9892144489114206,22.95855873335876,2.1956789434134656,564.0
23.458333333333332,0.6669512816929003,2.132423219527576,0.31315726814706973,31.21585856106161,1.0184008133163813,22.299709598036834,2.193167816143887,564.0
23.46875,0.684416438831969,2.066167503055401,0.2884072501213347,31.8489600174408,1.0429063529809965,21.51025452995543,2.186140144795177,564.0
23.479166666666664,0.6750079579543071,1.9816968320401844,0.2673481499770996,32.41916803242639,1.063623699003347,21.051760112810165,2.1821963073918775,564.0
23.489583333333332,0.7072337277579256,1.9388921130248817,0.24961075795533622,32.85337536498749,1.0780620948149175,20.043849856470025,2.163523692744855,564.0
23.5,0.7234527170289827,1.882602293660445,0.2349000042567474,33.20346187422286,1.0883831797013588,19.0685561729544,2.1424303218434124,564.0
23.510416666666664,0.7126887487551177,1.807744876782931,0.22158099067933676,33.49800395295954,1.095574841081899,18.43990842717246,2.125540872443197,564.0
23.520833333333332,0.7276198721225594,1.7552690597766485,0.20941814345890472,33.7105611892608,1.0992875116632743,17.62920508184439,2.09912826576897,564.0
23.53125,0.7305395857128801,1.6959658515880185,0.1990867914754225,33.87078649459838,1.1005298028571244,16.9032536222924,2.07181942727036,564.0
23.541666666666664,0.716439635308069,1.6290282935428901,0.1898310136670162,33.99148010454766,1.0995735001967686,16.37112104798402,2.048009794426478,564.0
23.552083333333332,0.7178775723275531,1.5763451325948246,0.18139163161985514,34.06766016788327,1.096803208556083,15.781120219406434,2.0415133018631906,564.0
23.5625,0.7136328000640878,1.5234800056746176,0.1742544113012971,34.11151577904185,1.092419600211219,15.28125739260772,2.044609405190644,564.0
23.572916666666664,0.7004082749231691,1.4702839012188897,0.16797786609327794,34.127013824599956,1.0863877891795606,14.939999436590956,2.0482788998514736,564.0
23.583333333333332,0.6981594487043896,1.4270708530594653,0.16239532094676534,34.11650238211145,1.0791410412021059,14.671701029918472,2.0515380982811227,564.0
23.59375,0.6952820538885707,1.3881177879831823,0.1577226334794524,34.08333288862073,1.0706370028777659,14.49481131511069,2.0555969598362327,564.0
23.604166666666664,0.6871266404029981,1.351969994298378,0.15374262359475444,34.02880122767646,1.060817737568251,14.403778597398686,2.060050638662721,564.0
23.614583333333332,0.6870090310552758,1.3231296320468642,0.15030896369244792,33.9560878437586,1.0500080317149445,14.34933214581961,2.0643981050887272,564.0
23.625,0.6879781436103194,1.2991403267673998,0.1475160063018592,33.8661216580286,1.0381642991182503,14.333773752025357,2.0692766427522544,564.0
23.635416666666664,0.685386113010497,1.2785631282957721,0.14524250871071695,33.75980664587997,1.0253204065065769,14.351034452363004,1.8340886211699565,564.0
23.645833333333332,0.6835889477766212,1.2608903566300464,0.14344157791411022,33.63420381080247,1.0111199191419133,14.42769571832099,1.8285019348390419,564.0
23.65625,0.681681066187376,1.2484323320473354,0.14214446666788014,33.4888746611499,0.9955667684934141,14.55641891976646,1.825988569708001,564.0
23.666666666666664,0.6816029759834803,1.2429816901695379,0.14131837990418636,33.32964526804957,0.9793027084195142,14.682028791656814,1.8231810875229952,564.0
23.677083333333332,0.6753805199954708,1.23811532738824,0.14108520852283032,33.14453371338993,0.9611690076315882,14.89331509927057,1.8275046275473334,564.0
23.6875,0.6650517958561301,1.238207922515958,0.14129870117746607,32.93681338174659,0.9416028432911043,15.161420217320599,1.8355082660901143,564.0
23.697916666666664,0.6628310812373143,1.2476284607595831,0.1419770599251136,32.71970401373185,0.9218753221445523,15.384544309973776,1.8413367233830906,564.0
23.708333333333332,0.6328621394665339,1.2482718109222162,0.14315478290924286,32.471289181208434,0.9000692502239732,15.739722467450706,2.082341335074407,564.0
23.71875,0.6053773868941564,1.2545785083694814,0.1445529298130498,32.208844992264545,0.8778115785111612,16.12320006211962,2.077262598376981,564.0
23.729166666666664,0.5951128457315588,1.2714309738007454,0.14637507011321976,31.94974907703959,0.8565616757461731,16.404468247994533,2.0718715311906344,564.0
23.739583333333332,0.5702952528497877,1.2793588840228465,0.14844836949512535,31.680952563721558,0.8352560622390595,16.75250465256442,2.068151436356849,564.0
23.75,0.5520070714838876,1.2899313881498717,0.15043790902360826,31.42163214810588,0.8154395411816187,17.075524084577637,2.0634816893545467,564.0
23.760416666666664,0.5465362925468932,1.306522770478212,0.15250734370623373,31.18682460586717,0.798180039544158,17.27791537781637,2.0590900517590556,564.0
23.770833333333332,0.5318942934076594,1.3115677191746975,0.15477248860020162,30.96263647057627,0.7823970106157663,17.675719001843813,2.0566674793622877,564.0
23.78125,0.5311071362360462,1.3246396001897862,0.1571202333536299,30.77120384790977,0.7695790477258415,18.16997760249941,2.0676036123386567,564.0
23.791666666666664,0.5400460642395188,1.3477987153523527,0.15957591933365026,30.630604943608127,0.7607295132194165,18.593405216015814,2.088185922890903,564.0
23.802083333333332,0.5523171652462523,1.367135656577982,0.16276127496806347,30.534356058199823,0.7553081059328828,19.47865602737905,2.1217320294323936,564.0
23.8125,0.5788635076665463,1.3996146287889824,0.16608234360875326,30.490658095432224,0.7538276253810952,20.487117185127595,2.1524849327424134,564.0
23.822916666666664,0.6014687621120435,1.4322204226514794,0.16942149628731354,30.488190496217467,0.7558109332908411,21.313023236456473,2.1779500476501514,564.0
23.833333333333332,0.6334737800577761,1.466086687306054,0.17304046794141892,30.509083981418456,0.7607468958035452,22.043431733550094,2.201865794970319,564.0
23.84375,0.6702679585070852,1.502079582411808,0.17648638835144315,30.5317499651096,0.767955575730236,22.52835723242156,2.2208010059016656,564.0
23.854166666666664,0.6953951850734389,1.5301117708636545,0.17951744642692555,30.534663575703544,0.7768460275346525,22.852089573693465,2.2364750460769396,564.0
23.864583333333332,0.7360694642548156,1.5644415849856061,0.18199502225544814,30.501396876764197,0.786341933976294,22.684704752017023,2.4506920214090977,564.0
23.875,0.7704843254566361,1.5899868210076291,0.18400946878059737,30.422623409925546,0.7960730793827767,22.36152238793362,2.4493357241940172,564.0
23.885416666666664,0.788111950181483,1.6021223471581283,0.18536849665110586,30.290070356145687,0.8058856127214672,22.19025006270839,2.4489055186272233,564.0
23.895833333333332,0.8225199619779834,1.621152572114821,0.18614987949378253,30.111088889455047,0.8149663582878044,21.776025706470588,2.44753662256505,564.0
23.90625,0.852717048988614,1.6349494797108608,0.18683764258923516,29.88720373899377,0.8233546186295826,21.376778285019178,2.447127284250092,564.0
23.916666666666664,0.8681522183090686,1.6401403176219616,0.18719053845498157,29.61927518848945,0.831045806654817,21.151470735863292,2.4472915159259903,564.0
23.927083333333332,0.899975252506724,1.6540270486813748,0.18737096142612178,29.327757017887397,0.8375953579719542,20.75338058084763,2.4465620430729134,564.0
23.9375,0.9275777457840648,1.665757518765061,0.18757953779016587,29.018939100911172,0.8430826503517324,20.285694432538058,2.222496645831498,564.0
23.947916666666664,0.9397872329060128,1.6691376090704966,0.18774679886893558,28.68741359875877,0.8476944320682724,19.990675452812898,2.215475283940487,564.0
23.958333333333332,0.9627965961568566,1.679740309036622,0.18749342870381638,28.36161418649867,0.8511610472851627,19.463931167984637,2.202138784527649,564.0
23.96875,0.9779721390081769,1.685297909993281,0.1874898033455262,28.030925904004402,0.8537457462989968,18.970722992380214,2.1886408214746096,564.0
23.979166666666664,0.983562744865071,1.6854507916134445,0.18746158519279138,27.68720650520404,0.855542824122265,18.650727420899106,2.1774022118450853,564.0
23.989583333333332,1.0024585853067574,1.6936051142928699,0.18754773673353128,27.343942092766103,0.8565178041963075,18.306450482907334,2.164022570696008,564.0
24.0,1.0217393372983081,1.703469401727686,0.18811232347111767,26.994120189629445,0.85674495872965,18.011850123494007,2.1512628243275618,564.0
24.010416666666664,1.0344004715533075,1.7123512278732367,0.18890292987912996,26.63354460763616,0.8562444388793192,17.804667108197872,2.1401566941815218,564.0
24.020833333333332,1.0601484580121179,1.731063335676367,0.18977939779375416,26.28718373239587,0.8551302470997163,17.44051492124012,2.123787504229358,564.0
24.03125,1.082903074810931,1.749788192335275,0.19106605575280333,25.950235843858174,0.8535113352040025,17.0163333461722,2.1050361118067658,564.0
24.041666666666664,1.096096145777108,1.7638616378214724,0.1926800612229119,25.607767364904824,0.8513787450642664,16.690262507062826,2.0885129432118594,564.0
24.052083333333332,1.1203961718453914,1.786461936685828,0.1941255666291333,25.290143969876024,0.849001719817102,16.24732595237971,2.0656984792424797,564.0
24.0625,1.142658448925828,1.8088533126801691,0.1964019585184443,24.97740127391594,0.8463155924186379,15.848499536940869,2.0434717464074845,564.0
24.072916666666664,1.161256146414468,1.8311757987351387,0.19904138656685594,24.66458616160519,0.8433067096866959,15.513209385854406,2.042159234120228,564.0
24.083333333333332,1.1960631193468794,1.865217746081748,0.20251007127364373,24.360757376575947,0.8400891605205844,15.206253119100266,2.04437584834205,564.0
24.09375,1.237725415546085,1.908262952319504,0.20714630978917803,24.06482950019566,0.8366838966420943,14.968184674374148,2.046786710151647,564.0
24.104166666666664,1.276506162189497,1.9552519286733494,0.2128333462614338,23.773025689291035,0.8330698737642196,14.819395330446751,2.0494072067093176,564.0
24.114583333333332,1.3244032587680543,2.013351669912598,0.2193093506144896,23.5050607671583,0.8295331917363071,14.655108143754981,2.051466914320412,564.0
24.125,1.3708903971905022,2.0750395428803374,0.22724201312902279,23.25150986031255,0.8260027862179212,14.51302464381099,2.054593174252206,564.0
24.135416666666664,1.4147387264133324,2.137387624499071,0.2364388704357482,23.003947774921745,0.8223943826345961,14.426684905687175,2.058489287777886,564.0
24.145833333333332,1.4691187332678997,2.209185561259085,0.24645052239246593,22.779312120089653,0.8189957101994901,14.314262325519596,2.0621016413236206,564.0
24.15625,1.526974288418312,2.284938710716602,0.25833710963686835,22.568596223416844,0.8157157696992416,14.214230908888934,2.0673993056810827,564.0
24.166666666666664,1.583721862566871,2.361524601931877,0.27203270541448216,22.3640975876084,0.8124659321198069,14.1576490990214,1.827587757323895,564.0
24.177083333333332,1.6539228102979135,2.4475464622069425,0.2871977052759019,22.17764205776666,0.8094646250218123,14.088705396124086,1.8110256809438041,564.0
24.1875,1.7247071208101434,2.5363095676895977,0.30533192504733886,21.998988546745995,0.8065747301431229,14.048606782473627,1.7955592467117183,564.0
24.197916666666664,1.795688295793927,2.627022781918569,0.3260406914423695,21.82666748832755,0.8037951773553568,14.039231772332002,1.7812089829585473,564.0
24.208333333333332,1.868685967062997,2.722359828554954,0.3501071135266717,21.661154914333775,0.8011548388030761,14.054187049747688,1.7676202887464636,564.0
24.21875,1.9444172158274065,2.821949553495441,0.37803460950870826,21.503242720608604,0.798685428743845,14.085091876486347,1.7544959853054034,564.0
24.229166666666664,2.0228466017213758,2.9238588199148667,0.41029097784717705,21.352849638020768,0.7964025346281967,14.128283415955513,1.7420496239800165,564.0
24.239583333333332,2.1035426582123233,3.029560184813318,0.4469265682397897,21.215027556807872,0.7943934778199434,14.156097228563858,1.7277041715257904,564.0
24.25,2.1838107981909016,3.1353618705951694,0.4893996904080385,21.087521049213112,0.7926302274089675,14.178342513465498,1.7130051615613437,564.0
24.260416666666664,2.2646834753174994,3.2394013698087725,0.5379748515788056,20.968352801106864,0.7910921294478163,14.207180381502729,1.6992094600484413,564.0
24.270833333333332,2.3337160706831703,3.3380335042222242,0.5948389555331243,20.851830438271524,0.7897244980152109,14.280072714993269,1.6906490960446847,564.0
24.28125,2.396374397282373,3.4336892831224874,0.6595218850826832,20.738613700291893,0.7885712597448542,14.407019226337834,1.6880807340395396,564.0
24.291666666666664,2.472138063607869,3.5343538243567334,0.7288229134951352,20.638612224794844,0.7877567261295995,14.528344671907254,1.6847736240380458,564.0
24.302083333333332,2.5016249044134686,3.6166120399965225,0.813672096240741,20.540201004884977,0.7872443626563926,14.768506832939401,1.6956345032499192,564.0
24.3125,2.472543884658078,3.6813372387132506,0.8997579985400772,20.45499977109632,0.7872232370680022,15.10651584474247,1.7147785087476501,564.0
24.322916666666664,2.48223659660123,3.7575422429323933,0.9846743040620937,20.39649716121658,0.7877740536090662,15.39849509568187,1.7298609496247388,564.0
24.333333333333332,2.2479293467453902,3.7473798091440513,1.0722640336043638,20.363970308654046,0.7892157489689866,15.931762322145543,1.766083975233617,564.0
24.34375,1.9654128374629867,3.7079732626583946,1.1321996165573138,20.38103415338276,0.7917947635222682,16.58009465537716,1.8056303512817249,564.0
24.354166666666664,1.8162192147868952,3.7015467807199514,1.1794531558372912,20.459066823091803,0.7955282330029677,17.06219961405956,1.8354412078602258,564.0
24.364583333333332,1.503119903831887,3.5780892359129965,1.186404448650037,20.64162117811727,0.8017196647302958,17.84331511404661,2.092897413715483,564.0
24.375,1.2208588399048261,3.405895545743341,1.110201910498029,20.965322950106618,0.8110314804533931,18.694204138569052,2.0773211616185305,564.0
24.385416666666664,1.0622810134269456,3.25835688350009,0.9963023758685781,21.43962842196391,0.8236738303047713,19.21624161808792,2.0651768448106766,564.0
24.395833333333332,0.8707996795016444,3.0381765123028437,0.8511915459575029,22.151711817828836,0.8420044414397935,19.892537482191766,2.081751004434023,564.0
24.40625,0.7532283966133816,2.8283383528897077,0.6970579965426008,23.085835950788862,0.865663189617536,20.659770619445567,2.1186341057315374,564.0
24.416666666666664,0.6830623835348484,2.648083572154323,0.5733526602640344,24.200883240194962,0.8936034705548723,21.528231360335308,2.1530452897481376,564.0
24.427083333333332,0.6425660426469265,2.4809654964115344,0.478759043012103,25.46794310155181,0.9248872083915807,22.426831105516264,2.1848237563346555,564.0
24.4375,0.632135173952594,2.34773693918338,0.4087354915734319,26.773074191938758,0.9563184734357587,22.879537817852857,2.206654813710878,564.0
24.447916666666664,0.6105796451382662,2.216065375023181,0.3570038042327734,28.095243376697436,0.9869238843829965,23.200408786498446,2.2257237992433256,564.0
24.458333333333332,0.6347713400041408,2.1391629644303127,0.32015269565578547,29.286023068258405,1.0129618412213468,22.834420875773546,2.2312202479969354,564.0
24.46875,0.655409711579327,2.0660583712087996,0.2925598987778054,30.359738064562492,1.0347239184106185,22.289337042882913,2.2320645198712157,564.0
24.479166666666664,0.6502821633398381,1.978986564361619,0.2697620928290632,31.341789831795108,1.0526695203890906,21.999455907782487,2.4501061799916606,564.0
24.489583333333332,0.678786192895335,1.9290186725136984,0.2511675240157192,32.12684642920892,1.0651505527102885,21.18296325964879,2.22467286624835,564.0
24.5,0.6939804264408838,1.870545079049354,0.23593039449424696,32.77699121362549,1.073705122283902,20.360725109120725,2.2125947194055713,564.0
24.510416666666664,0.6848794933526999,1.7969520543706554,0.22240806463519985,33.33106652251319,1.079098432888059,19.871646438017677,2.2040624635057395,564.0
24.520833333333332,0.7015362791110454,1.7452922514180031,0.2105502717346286,33.75303382327771,1.0813399674494482,19.222525184113604,2.1888899111171027,564.0
24.53125,0.7137792017215779,1.692499927913754,0.20073661924733116,34.08162111213902,1.0811334216404305,18.673489423101454,2.1743542568755028,564.0
24.541666666666664,0.7093422721700972,1.6351103083214675,0.19208231213727966,34.330729804536226,1.0787127344769216,18.32470665943144,2.1626114792269626,564.0
24.552083333333332,0.726543544194257,1.593727546847741,0.18469616264137736,34.49673402496406,1.0744517004677294,17.96349437306152,2.1487373388202595,564.0
24.5625,0.7433283276867724,1.5565894346567009,0.17875075949048652,34.59368352738459,1.0684607829701094,17.704992966963253,2.1370860889974006,564.0
24.572916666666664,0.7470854128165713,1.5205432308422653,0.1736475892258307,34.625355917899135,1.0609051689369444,17.529196734930792,2.127182831848347,564.0
24.583333333333332,0.7680978175832011,1.4947450254814914,0.16960689218133762,34.59523661684916,1.0518426872900313,17.448445378863468,2.120084785290375,564.0
24.59375,0.7930364531083147,1.4776977237903128,0.16646257755403893,34.50751914128444,1.0415650526608398,17.39455282345703,2.1140516104782923,564.0
24.604166666666664,0.8051056964142707,1.4624187973940046,0.16398769793651294,34.36783925550651,1.0303037167402818,17.349045325967406,2.108931376346603,564.0
24.614583333333332,0.8238127080255732,1.4536634816172467,0.16188887968546348,34.189495628784535,1.0187387869133449,17.197564447654262,2.1007581382198337,564.0
24.625,0.836372856484239,1.4451777786751125,0.16027487390435646,33.97783797961006,1.0069186074646561,17.01299837469668,2.0920203852985053,564.0
24.635416666666664,0.8395842681483726,1.4353552878804017,0.15899703155726475,33.734700849375926,0.9948271468580326,16.86096943670133,2.0845861198712274,564.0
24.645833333333332,0.8383887102256585,1.4258733666961174,0.15778754874851678,33.468280165300676,0.9827965230549507,16.706528260403676,2.076824707740057,564.0
24.65625,0.8301591365747926,1.416820675275427,0.15690398816279005,33.17917705466002,0.9707907347808932,16.583344712408834,2.070386736921346,564.0
24.666666666666664,0.8238699989341437,1.4115381167066463,0.15637028559179453,32.872186140897476,0.9589595047345091,16.478920982637575,2.064790270309928,564.0
24.677083333333332,0.8047577538331652,1.4041547823270117,0.15603814654872455,32.545348851430134,0.9471834664433948,16.430833218465438,2.061929491547114,564.0
24.6875,0.7775693812139441,1.3969617346840326,0.15611569414030596,32.193033373552566,0.935246424102376,16.49821415511287,2.0644203306435265,564.0
24.697916666666664,0.7648576864459745,1.399628727486245,0.1565411820401108,31.83546464869539,0.9237771656734409,16.566787775642137,2.06644376652617,564.0
24.708333333333332,0.7215295865299843,1.3913289000955829,0.15745414957048828,31.44101745162792,0.9117343612928224,16.90621457469164,2.080001954405977,564.0
24.71875,0.6863685181818511,1.3914288272727897,0.15845888881868256,31.044362739418666,0.900159540495242,17.330151427842026,2.0942823968008493,564.0
24.729166666666664,0.6710506665906752,1.4021962839346218,0.159968893097213,30.662273762822743,0.8894665708240647,17.720435920152003,2.106422674024266,564.0
24.739583333333332,0.6467597894550849,1.4077501759839088,0.16092614396520544,30.315028192314962,0.8801489922619901,17.89010759478953,2.1119372613722183,564.0
24.75,0.6189409546995549,1.4031683872840577,0.16127172337477633,29.999267105522254,0.8720637619795627,17.909474243875717,2.1141692967867294,564.0
24.760416666666664,0.5993933496621614,1.3937707963176789,0.16118546453103272,29.709128658683372,0.8650419441547236,17.91355271217154,2.116621204831951,564.0
24.770833333333332,0.5649906431414258,1.368402690186377,0.16034748608067678,29.433338478044977,0.858826509668014,18.126701760771653,2.125656522354713,564.0
24.78125,0.5365059993779447,1.3412044986757896,0.15913006819590747,29.177633770288566,0.8535689936912368,18.592637709623187,2.1411701899025344,564.0
24.791666666666664,0.5247584159001126,1.326634616017564,0.15790404928515667,28.963479198462263,0.8496401513422154,18.99677430280744,2.154188592323381,564.0
24.802083333333332,0.5078674184042997,1.3048189398578198,0.15713712954678458,28.776601498790964,0.8466820255878142,19.80689423723488,2.1783594874157375,564.0
24.8125,0.5052326981625254,1.2982146023465904,0.15658013419754574,28.637289435900836,0.8449166226934242,20.585168352052683,2.2005185863127084,564.0
24.822916666666664,0.506697025278942,1.298158835666513,0.15638440381791532,28.543097393166175,0.8441667956314137,21.126474086583695,2.218777456496935,564.0
24.833333333333332,0.5091727478742573,1.2980374200998808,0.15652894581739335,28.48183135272451,0.844222809650117,21.649463374410576,2.449711992782716,564.0
24.84375,0.5172411075316805,1.3032966096073388,0.15683032612137346,28.441300358006753,0.8449268087564161,22.03681780272815,2.4483040321590597,564.0
24.854166666666664,0.5233875415127889,1.3078352717709665,0.15713130579238854,28.405809536919577,0.8461266573252996,22.291630841095028,2.447123265177015,564.0
24.864583333333332,0.5461129940483498,1.3221744463221166,0.15760444229638,28.36239858167103,0.8476464912454612,22.26606206139767,2.4456167119274745,564.0
24.875,0.5714197345465983,1.3360050608903293,0.1581070602308269,28.301005846829987,0.8493655336331093,22.129818418118298,2.444622331206787,564.0
24.885416666666664,0.5856776165194726,1.3417413856774532,0.15833815493613884,28.214294697167624,0.8511969598561051,22.065844470190473,2.4441728462519157,564.0
24.895833333333332,0.6168512818696839,1.3573621685341237,0.15839528768747763,28.106219713701826,0.852925216886924,21.63779279448764,2.4425019509748815,564.0
24.90625,0.6426357701141646,1.3668529467840025,0.15827912866642382,27.97713805990581,0.8545017486523989,21.110525755341563,2.4416300268894564,564.0
24.916666666666664,0.6531507453489837,1.364967742734798,0.15785817318248313,27.82354883529839,0.8559044247535663,20.801332819815748,2.4417745367362738,564.0
24.927083333333332,0.6765416564148382,1.3707293754233798,0.15708107717570938,27.660683400702773,0.8569595939723132,20.21740678447087,2.4404276783369196,564.0
24.9375,0.6941284470873119,1.3705805890580065,0.1563493316092015,27.48505312359354,0.8576766293691371,19.679286007791514,2.440355493172188,564.0
24.947916666666664,0.700386466659087,1.3635047985551245,0.15547121750791712,27.293356373972493,0.8580059005347658,19.35535577123075,2.440990311781649,564.0
24.958333333333332,0.7206242863595527,1.3650105442384677,0.15462374503896242,27.098342239840633,0.8578791108984136,18.94103151039813,2.4406966881108483,564.0
24.96875,0.7393652574393378,1.3665199484923927,0.15399154329961684,26.89916046430425,0.857282608580839,18.522220651717895,2.218494409985923,564.0
24.979166666666664,0.74747710650573,1.3635984251818214,0.1534574647436362,26.690661459517887,0.8561616310320904,18.247868304288172,2.207966209135088,564.0
24.989583333333332,0.7691114652460629,1.369921879827146,0.15269447399331607,26.499301048160685,0.8546919306435244,17.68063435847342,2.1879537684949075,564.0
25.0,0.782569450173974,1.370465414202515,0.15210883164367642,26.314708875542987,0.8528784119495433,17.10057274250966,2.1662655333213885,564.0
25.010416666666664,0.78521017410973,1.3640512400294753,0.1515069641927093,26.126622597015082,0.8506297913208785,16.699821201600457,2.1474678254562813,564.0
25.020833333333332,0.797491919102109,1.3642804916658138,0.15070698424638182,25.954930097704036,0.8482173757873714,16.21506954512962,2.1220880231165613,564.0
25.03125,0.8060967593742738,1.3630948782001577,0.1502196622677885,25.789242602586473,0.8455523795611258,15.785573338295459,2.0961901748288083,564.0
25.041666666666664,0.8092469567132663,1.3602840248095467,0.14989432222738155,25.62306722329277,0.8425295567600568,15.471081810530235,2.072552012402413,564.0
25.052083333333332,0.8217233974295322,1.3655420666294258,0.14974220596148885,25.468703258234275,0.8393860597509898,15.136969811512,2.04498744932293,564.0
25.0625,0.8349825716491148,1.3738720194643288,0.1501223819859968,25.318101225956376,0.835982999081519,14.846675714900023,2.0404422582097888,564.0
25.072916666666664,0.845779818774658,1.3842553563252717,0.15083975577063072,25.16874604313657,0.832252248428514,14.615527697127922,2.0435826827006762,564.0
25.083333333333332,0.867756446775469,1.4037415545530265,0.15209836911275973,25.024476911994178,0.8282829860382178,14.432431444369751,2.046591333037007,564.0
25.09375,0.8944206806832017,1.4300294527651198,0.15403363947763576,24.88260388991671,0.8240007713212937,14.318100194867531,2.049935058045138,564.0
25.104166666666664,0.9195980179115606,1.4607410012391404,0.1564917418864568,24.743124744319697,0.8193988311712453,14.261957144201173,2.053335531707708,564.0
25.114583333333332,0.9553717730954513,1.5009007384590383,0.15992633697499914,24.602125989302248,0.8143305877057618,14.274803059427727,2.056928539103048,564.0
25.125,0.9994873247192291,1.5514608868988253,0.16430136468875522,24.4613048076599,0.8088387614563624,14.333057320355627,2.0600155608821504,564.0
25.135416666666664,1.0441723575172162,1.609382911385482,0.16949952411355979,24.323736156572373,0.803060217622259,14.404236963830577,2.062599739720035,564.0
25.145833333333332,1.1003648618491282,1.6781739844238326,0.1760004511801922,24.188283446312948,0.7969894893054993,14.484978606218723,2.065160383396622,564.0
25.15625,1.1633625024636125,1.7560870579524874,0.1836561445206626,24.057447058445117,0.7908021316481569,14.551177845677067,2.067416600908478,564.0
25.166666666666664,1.2245768919453268,1.8380137500686817,0.19248783029254252,23.92968500232872,0.7845051355475452,14.610111050941601,2.0698850386912966,564.0
25.177083333333332,1.2957687504347342,1.9281845174602232,0.20283662208066391,23.804913690398415,0.778178144269526,14.661437543725134,2.0723189853058877,564.0
25.1875,1.3736349891658353,2.024991238166421,0.2153890928907879,23.6763789155047,0.7715616075089253,14.755390994374958,2.0748641599870883,564.0
25.197916666666664,1.455200058682838,2.129151643641288,0.22948520301467015,23.550573699959894,0.7650854700694221,14.840450454443408,2.0759153480796297,564.0
25.208333333333332,1.5516951428489205,2.2439220392796733,0.24836352904298764,23.410893152218996,0.7580249847437902,15.049161642769752,2.0772030593317434,564.0
25.21875,1.6690026198338561,2.378376842144481,0.27111707374791333,23.26826208108332,0.7511130636296145,15.291213472375185,2.0750312890042566,564.0
25.229166666666664,1.7894180650683635,2.523652423636669,0.2984913479166852,23.128492918845254,0.7447976726001279,15.486095778806174,2.0721028677563127,564.0
25.239583333333332,1.9148489163330644,2.676676419061266,0.3326413928888092,22.990228152272934,0.7391618076887133,15.628778710565703,2.069791793508544,564.0
25.25,2.0413718491685797,2.833243140059611,0.3740275975311493,22.854929271463998,0.7343932282170789,15.70710563740635,2.0677210223078433,564.0
25.260416666666664,2.1633545686300075,2.987335516308955,0.42370231126359736,22.721811815936984,0.7305675509691649,15.741319649320552,2.066173210880251,564.0
25.270833333333332,2.270865388382311,3.1370081368677365,0.4830636159919192,22.59081540605485,0.7277680738407672,15.74422793244736,2.0649436209639327,564.0
25.28125,2.363283328760327,3.2807732904979394,0.5535625878394191,22.461283945024903,0.726042234828668,15.73207575734643,2.0640271598111792,564.0
25.291666666666664,2.461839772744016,3.422282629270735,0.6364377830237774,22.333200106505963,0.7254237539940508,15.710646810489195,2.063288643958219,564.0
25.302083333333332,2.5124596782234483,3.5472461842742087,0.7318830871225471,22.204289118839778,0.7259320795483529,15.711078983006926,2.0628396509251528,564.0
25.3125,2.4981736026261396,3.646862986753426,0.8387633397669095,22.070081765194903,0.7276845746138685,15.793816856953816,2.0624590280611623,564.0
25.322916666666664,2.521919425554404,3.751589397096156,0.951615240101157,21.939033024756785,0.7306242475242564,15.861829669594435,2.0608760956789722,564.0
25.333333333333332,2.3372818485250524,3.7805928559821553,1.0655259807467965,21.797679263558003,0.7352686300751278,16.128792517707048,2.0605014186464343,564.0
25.34375,2.1008055537215027,3.77467027381022,1.1573425269445485,21.659668756846692,0.7416888978577151,16.5060155357353,2.0580002287063874,564.0
25.354166666666664,1.9788772312424296,3.7912963451553203,1.2348033764839503,21.544621084148854,0.749558682139826,16.789349791382232,2.054467638612551,564.0
25.364583333333332,1.68026016877619,3.6850158327618234,1.2680115642296461,21.455515306473266,0.7609838913097071,17.47615500455721,2.068293331371261,564.0
25.375,1.3942551832852603,3.521335724180742,1.2065234307345274,21.448944462344222,0.7762898799463916,18.457707541131278,2.1048967088327872,564.0
25.385416666666664,1.2286608739105893,3.3793236128583586,1.095801595298582,21.571764306888713,0.7953062118724904,19.476566598425126,2.137732946119894,564.0
25.395833333333332,1.0320055373334873,3.1715564915715393,0.9452181401551476,21.885484698207833,0.8207039480783428,20.857811877253976,2.177818503092018,564.0
25.40625,0.900605274782599,2.967334904243595,0.777007402180062,22.417885533131972,0.8517964630038218,22.057983877569864,2.211855713592131,564.0
25.416666666666664,0.8121874537986424,2.7824992413623457,0.6356414433328359,23.17063910961659,0.8878896992191512,22.876871483519768,2.2394488133977086,564.0
25.427083333333332,0.7538429059957326,2.6067264761246003,0.5239625478752022,24.132036620350547,0.9279966409315682,23.45067664027397,2.451150999568016,564.0
25.4375,0.7187966318708142,2.4492086786465235,0.43946845327279505,25.24871853259069,0.969596290221934,23.72486989319854,2.449175731369942,564.0
25.447916666666664,0.6825544999149212,2.301431747109092,0.3775816403749448,26.485935393981745,1.0111148121329092,23.917539311059134,2.4479373127670394,564.0
25.458333333333332,0.6862905981823214,2.1969716679644047,0.3338481329550103,27.74126926450913,1.0490431130382865,23.725054306380006,2.4459953526501197,564.0
25.46875,0.6968217099959315,2.1096376437471633,0.30213306334151513,28.978885129256316,1.0825043348863082,23.384534864363587,2.444661533129769,564.0
25.479166666666664,0.6877359454085831,2.0185689368324917,0.2772076892444301,30.194693457547118,1.1114883688988864,23.224529406244514,2.4442335152011125,564.0
25.489583333333332,0.7205495976321681,1.966946325811193,0.25796324880622157,31.268308650479277,1.1336214171424246,22.565366342095032,2.4420171067472567,564.0
25.5,0.7478873272092051,1.914609600493021,0.24276591828109625,32.23420473373218,1.1503958401636694,21.895618259180342,2.44111444033913,564.0
25.510416666666664,0.748201025387525,1.849830965111175,0.2295465974751437,33.118788432322226,1.1626698267069926,21.53507953593971,2.4412231728990172,564.0
25.520833333333332,0.7774148718404231,1.8084693769944853,0.21802622812318526,33.848051636819974,1.1700382823290136,20.841187173160282,2.4395369379600034,564.0
25.53125,0.794894365162575,1.762141871198061,0.20827610969663082,34.466060599969936,1.1737577526741803,20.16459043082057,2.439082479195603,564.0
25.541666666666664,0.7893457868500996,1.7056785508182535,0.199512627562016,35.00294260493067,1.1744108664664976,19.76892839434069,2.4396398092328906,564.0
25.552083333333332,0.7986757100438475,1.6616349180942511,0.19131239937493466,35.42552044483588,1.1724606517934375,19.2011023429638,2.4387740516313388,564.0
25.5625,0.7979272295001179,1.613993250844837,0.18420696216430585,35.7673199201491,1.1683812662253803,18.701447520771996,2.4390985901815863,564.0
25.572916666666664,0.7848686238525189,1.5630390213064773,0.1778169780208601,36.04279608821669,1.1622789466232921,18.394985111613305,2.4400667483072622,564.0
25.583333333333332,0.7785839549948964,1.5192194645353057,0.17181957205137194,36.24410958609317,1.1547060468250532,18.0388055768079,2.212642549176837,564.0
25.59375,0.7674442049123656,1.4757605552487398,0.16660910834012546,36.38598412982771,1.1456465583070903,17.746287418130766,2.200027594237274,564.0
25.604166666666664,0.7520699752357589,1.4338615976160982,0.1620077657467298,36.47368654082298,1.1350661979420946,17.559203136093377,2.189390394415721,564.0
25.614583333333332,0.739380154924162,1.3959098806226422,0.1578837246740982,36.50937668959581,1.1230208669702684,17.449384136026158,2.1803235235959013,564.0
25.625,0.7281218498753947,1.36320150551709,0.15438514543871343,36.49544801542596,1.1095129622399185,17.40079692563456,2.173021673705075,564.0
25.635416666666664,0.7174274291417451,1.3358704383813569,0.15146686705513074,36.434863742204335,1.094692394700441,17.373946842265173,2.1667002673119073,564.0
25.645833333333332,0.70048070116659,1.3092659259681014,0.14893308292840518,36.32962869398187,1.078430969827888,17.399572633629628,2.162677922478527,564.0
25.65625,0.6792688011481065,1.2854033114456416,0.14677994940943145,36.18317096194203,1.0609223209712846,17.449204368376023,2.1600153249100558,564.0
25.666666666666664,0.6639570795806299,1.2672847771619018,0.14507526897669887,36.00068496927588,1.0424704008016175,17.486995917446084,2.1577617250355225,564.0
25.677083333333332,0.63459456116492,1.2456022212478874,0.14350521015419224,35.78282241704036,1.022953401164518,17.56291447328202,2.1576383393636145,564.0
25.6875,0.6033115637116067,1.2253367257217531,0.14209085891852294,35.53599791621688,1.0028442508665665,17.632733043516186,2.1578820091649646,564.0
25.697916666666664,0.5832240377284853,1.2105818885006552,0.14099597605097303,35.26501146611285,0.9824506754337871,17.683955079883333,2.158257846506663,564.0
25.708333333333332,0.5476129092120885,1.189607842815861,0.1397568400117902,34.97320715939187,0.9619862592566928,17.728237245775286,2.1590546256318026,564.0
25.71875,0.513140453310745,1.1676345452474626,0.13853862817517543,34.66191950419352,0.9415467608971342,17.797727603064722,2.1611179609007323,564.0
25.729166666666664,0.49258461808853027,1.1515029241877168,0.13749031432335632,34.338909737003135,0.9216212719061991,17.856305456256486,2.163080922232911,564.0
25.739583333333332,0.46931273858394484,1.130516453037658,0.13651195348982562,33.987797842456004,0.9012232792667619,18.12682440077371,2.172131540188515,564.0
25.75,0.45554148353839574,1.1156896510613203,0.13562668143658393,33.62670248323656,0.8813889324891194,18.485742647332774,2.1832384115106453,564.0
25.760416666666664,0.44965973878639814,1.1080655273143396,0.13496495795296973,33.27711425959964,0.8630712164270423,18.76232206236496,2.192601945330263,564.0
25.770833333333332,0.443302194460387,1.096846572930477,0.13471317173789352,32.91709734667929,0.8448673391104626,19.41288331378471,2.212925262404398,564.0
25.78125,0.44821028303368554,1.0971443444230176,0.13490273217243529,32.58015105882318,0.8281466633995315,20.273387010710472,2.4464477248466108,564.0
25.791666666666664,0.45736915457447885,1.1073489770303897,0.13545188379279394,32.30312074143108,0.8142982154309951,20.888779289975957,2.4448244286664274,564.0
25.802083333333332,0.47248520808725497,1.119759289596791,0.13684107660121025,32.07929370199495,0.8025521087376599,21.864441789681592,2.445296561678236,564.0
25.8125,0.49609170677798675,1.1450786424592627,0.1384981905757694,31.941775254269487,0.7943072605635348,22.520164441070637,2.4438587300238885,564.0
25.822916666666664,0.5128053439899154,1.1681618023386722,0.14031942693613492,31.887227904026144,0.7893657855775101,22.888768056638252,2.4428181367760122,564.0
25.833333333333332,0.5287545289745639,1.190315893118971,0.14194164425582442,31.90669275208514,0.7874913839724856,22.889598916368893,2.4413916056581852,564.0
25.84375,0.5403386072423809,1.2066533358037137,0.14331812566675026,31.986104491795754,0.7881765287339856,22.766729553355262,2.4404984262438494,564.0
25.854166666666664,0.5468278090016137,1.2166286038243213,0.14437602733935023,32.114129062227626,0.7910253166255271,22.71076712654171,2.4400949449516496,564.0
25.864583333333332,0.5594832380074489,1.2288801230348236,0.14516330235032993,32.27404460257599,0.7955102341258294,22.490206528540455,2.439105523991971,564.0
25.875,0.5711954547204338,1.2386000903312169,0.14580605874174263,32.45500343126925,0.8012277582127996,22.237444206502694,2.4385176827368507,564.0
25.885416666666664,0.5773014617185772,1.2433373849209746,0.14624636559113083,32.64964112750713,0.807912308697959,22.103364567082387,2.4383887335172405,564.0
25.895833333333332,0.5963818553336052,1.2554527360464738,0.14646478688069425,32.836648779212425,0.8147958913673854,21.62954018827583,2.4369290375965402,564.0
25.90625,0.614318864258764,1.263752659142221,0.14657729732315541,33.0128981052104,0.8217213330015952,21.081563065143726,2.4361638905117053,564.0
25.916666666666664,0.6216905504678931,1.26354331156845,0.1464738871490602,33.17922237105576,0.8287308529918187,20.76221408783774,2.4363285700870074,564.0
25.927083333333332,0.6424189506758188,1.2704431944919616,0.14608984762343205,33.319095686674935,0.835113930647944,20.188340189231834,2.4349893095873787,564.0
25.9375,0.6581470100960111,1.2722521005820921,0.14566070386763846,33.43627275502353,0.8409883582311994,19.618785545736603,2.434585656269957,564.0
25.947916666666664,0.6633476493758644,1.2670821604414546,0.1451008295879453,33.5330131107968,0.8464691155097648,19.275512995876444,2.4350386974358003,564.0
25.958333333333332,0.6776429307439479,1.2678319825248654,0.1443520290548678,33.601562922902126,0.8510715763934136,18.77550985495182,2.4341685582524777,564.0
25.96875,0.6868909976767571,1.265189102053837,0.14370785326044305,33.64634838599625,0.8549788508125749,18.31697092902835,2.43427254492379,564.0
25.979166666666664,0.6889735947719143,1.25876905255599,0.14306165168876062,33.66817708049224,0.8582518323295876,18.030209959907864,2.4350281832016853,564.0
25.989583333333332,0.6985354179077546,1.2584489442198188,0.14245857935393338,33.66632819301618,0.8606768277565491,17.68290807937161,2.434909781675227,564.0
26.0,0.7062192109562044,1.2585262465750107,0.14212317776806066,33.64242928441186,0.8623498543088431,17.37443498513046,2.4355148415850914,564.0
26.010416666666664,0.709678515012606,1.2579242126714183,0.14194263808293162,33.59592691251386,0.8632808165349074,17.173700274535157,2.4365905560610286,564.0
26.020833333333332,0.7231724407483475,1.265103116490069,0.14197441374172617,33.530653193101806,0.8634381014690087,16.90859872576526,2.2039165293975045,564.0
26.03125,0.7389572192571483,1.2752546793140782,0.14239007355383268,33.44739424129495,0.862892971267813,16.647207769589432,2.1884363026241913,564.0
26.041666666666664,0.7500579846333978,1.2852696496301315,0.1430611901930607,33.344640054595416,0.8616477592652976,16.464679271928468,2.1747507519928164,564.0
26.052083333333332,0.7740107943300462,1.304297337274433,0.14402814532091773,33.23041238747367,0.8598337102377356,16.223626013518228,2.1574866574021017,564.0
26.0625,0.7997661859356803,1.3269995723301273,0.14542189682113044,33.10575773436384,0.8575225842986938,15.96597357504184,2.1387438342012386,564.0
26.072916666666664,0.8194465794223564,1.3494179208054493,0.1471680743632418,32.96691200931143,0.8546666357292237,15.774529097143997,2.121814301990355,564.0
26.083333333333332,0.8498633169943229,1.3805142567561868,0.14911626864475114,32.82878306257136,0.8516095684107111,15.503833062310147,2.099106836631044,564.0
26.09375,0.8796453402343773,1.4137735992775786,0.1516623283086728,32.68475339612874,0.8482466012523259,15.259335038216983,2.076396066732349,564.0
26.104166666666664,0.9057322587327766,1.4481802933050316,0.15459851026391636,32.53200361548982,0.8445250120987462,15.069807465445988,2.0552953053630527,564.0
26.114583333333332,0.9430682480408898,1.4916699786765966,0.15845342045785202,32.365030866675085,0.8403090871913783,14.956817701460471,2.0405648792258293,564.0
26.125,0.9914795191488668,1.5477175166717851,0.1633612802874782,32.18542722994155,0.8356331132216237,14.885084377121371,2.042205309899736,564.0
26.135416666666664,1.0423739131642058,1.6137965527598863,0.16925982908382864,31.999410357838006,0.8306642817364676,14.823362198905913,2.0439228157596223,564.0
26.145833333333332,1.1080135664714468,1.6935771448444523,0.17699691251920613,31.79987041023414,0.8252215763949157,14.8227203468996,2.0458146985047336,564.0
26.15625,1.1852635649219987,1.7871383645141552,0.18640145981920814,31.593227279295863,0.8194960614494353,14.853558276546485,2.0470161760832375,564.0
26.166666666666664,1.263000361274398,1.8886596244031295,0.1974694293725773,31.38356552322977,0.8136347864815032,14.893104837572702,2.0478961381340226,564.0
26.177083333333332,1.3529063931453942,2.000641976878828,0.21092493313906316,31.16869686711036,0.8076238920260671,14.94822996405864,2.04883077628843,564.0
26.1875,1.4488690688289445,2.120995908755913,0.22636646028664828,30.958723567682494,0.8018034099381102,14.969183591420718,2.0492566553773637,564.0
26.197916666666664,1.54129897183325,2.242779976768129,0.24443247878487814,30.748167367797972,0.7960839581830446,14.984890546663602,2.0501676897003813,564.0
26.208333333333332,1.63839975505994,2.370463664600132,0.2644048267070266,30.553422666306854,0.7909575682809262,14.924490380360286,2.0505256693297875,564.0
26.21875,1.7320681751879625,2.49690927891214,0.28785980745562595,30.364320719220725,0.7861828128477606,14.848497818021048,2.052104080077272,564.0
26.229166666666664,1.8241094564412448,2.6210899900613875,0.31493904567550934,30.174871154350633,0.781646786389778,14.791958672588432,2.0542302164956587,564.0
26.239583333333332,1.9222934601377706,2.748837477223212,0.3464357434532723,29.986188892439923,0.7774150796132991,14.752349382448136,2.0563040087426505,564.0
26.25,2.026253407717872,2.880558354101499,0.3838596731683574,29.796484239294927,0.7734793948766862,14.734624239035206,2.0584938557203607,564.0
26.260416666666664,2.133189794149095,3.0144707041248924,0.42805983161168126,29.606002162007442,0.7698711979384667,14.732771211161417,2.0606220113069935,564.0
26.270833333333332,2.2381470814701894,3.1492224674266653,0.48283588313828446,29.404681055667314,0.7664460811119037,14.781844510881749,2.062975317026213,564.0
26.28125,2.344266866479776,3.2872057403721477,0.54927030272261,29.193015320931377,0.7632824983465071,14.874046941274996,2.0643934334654954,564.0
26.291666666666664,2.4587870174974085,3.429928001720515,0.6272809873552627,28.98101979668743,0.760565776150219,14.95975709136697,2.0647160532274107,564.0
26.302083333333332,2.5457312134383714,3.563822119782998,0.7248434383875014,28.75124047452186,0.7581343228753658,15.109810889073293,2.06548199502564,564.0
26.3125,2.593613619311941,3.6878001457142013,0.832814069934151,28.51782750163674,0.7562206924619648,15.261572555271586,2.0644778734592366,564.0
26.322916666666664,2.659059453902542,3.8124857283305666,0.9533894564751285,28.2877152489194,0.75490753557159,15.378218251262604,2.063151288497742,564.0
26.333333333333332,2.5699960661428323,3.886829102319228,1.075641932396195,28.05493114871835,0.754208609614802,15.497609059058087,2.0622992661244117,564.0
26.34375,2.4210257109861497,3.928416968168754,1.1892735202523799,27.82354438819323,0.7542333212821856,15.620990321307929,2.061055803558407,564.0
26.354166666666664,2.343861173000254,3.9762237058676093,1.2949002916513335,27.605284451739806,0.7550687312381376,15.706913706816714,2.059348674996473,564.0
26.364583333333332,2.1201912901333646,3.939310329368371,1.3689201412143963,27.37972304717139,0.7570896344844283,15.950521831834305,2.058909249763327,564.0
26.375,1.8712196318845515,3.847056119122045,1.3715358172528995,27.17712454814235,0.7606211451319481,16.268523119966797,2.0563148922833596,564.0
26.385416666666664,1.7056613266531735,3.7549315352343324,1.3225915261419714,27.02720778909734,0.7657370688791115,16.51161200493731,2.0529276732066775,564.0
26.395833333333332,1.4943379512761132,3.603412943205541,1.2237164546104853,26.942359696254496,0.7732208242118922,16.822781670118754,2.058812556592539,564.0
26.40625,1.3292197520868942,3.4381903963900204,1.0802031808208556,26.9568126778457,0.7831142912820531,17.118251652032367,2.0766338984778105,564.0
26.416666666666664,1.208821332385236,3.2815564967992206,0.9303860139090075,27.088736147618995,0.7953541884062088,17.413402054428367,2.094791942683014,564.0
26.427083333333332,1.1123579382869138,3.11701636135839,0.7896869081583766,27.360004203139923,0.8104758079949311,17.842581035491428,2.1166637372253896,564.0
26.4375,1.0369753632250813,2.953762831846432,0.6651850370506736,27.78701101670009,0.8284337907785049,18.397128659827622,2.1406481531075854,564.0
26.447916666666664,0.9774615436405321,2.8092302356031196,0.5656861442677668,28.352829758215297,0.8481451024838038,18.88611856553401,2.1611559820342765,564.0
26.458333333333332,0.9470029327975874,2.6756118327957115,0.49281540246607874,29.09128016689387,0.8703583155752206,19.59286205626357,2.188211084159643,564.0
26.46875,0.953896534559859,2.579863615770008,0.43886168577725476,29.939711055638323,0.8928229546619754,20.20433281473893,2.21139936150987,564.0
26.479166666666664,0.9478879763905069,2.496863317152589,0.39901360209508224,30.85257771326717,0.9143505814176511,20.633794267165424,2.230766243896743,564.0
26.489583333333332,0.9914399506135821,2.454232294841905,0.3696889552255257,31.715989210466855,0.9326743786940618,20.48588802403546,2.444011305935824,564.0
26.5,1.0283509609457273,2.4150618098021197,0.3481016751091322,32.527748957289575,0.9483288863871754,20.11552985395897,2.442437387183891,564.0
26.510416666666664,1.0323097075121017,2.3635148994995556,0.33017448782639636,33.30279379126467,0.961957863921333,19.874957883388607,2.4420465260427155,564.0
26.520833333333332,1.0703112359844116,2.334809985148684,0.3145392189501078,33.965017292880745,0.9725979820126291,19.38494721983508,2.4403784740797674,564.0
26.53125,1.0991708346966074,2.305084675371663,0.30240101478928066,34.54578186222472,0.9811195335063604,18.900747929686744,2.439989955042828,564.0
26.541666666666664,1.1032829805189062,2.2676408257521015,0.29198598636896156,35.063419174875634,0.9879671155552641,18.59243679467108,2.221771369333247,564.0
26.552083333333332,1.1343324062590834,2.248284426610077,0.28272578595963654,35.482665241844614,0.9928365471056064,18.15869393741269,2.2102958267718935,564.0
26.5625,1.1660923643180814,2.2335302181548413,0.275997274754116,35.82878360884297,0.9961921347310148,17.733507200331786,2.197735658614206,564.0
26.572916666666664,1.1775145317078877,2.214206139943734,0.27067634760362436,36.11963402644101,0.9982679445459294,17.446737436186936,2.1874982880746114,564.0
26.583333333333332,1.221110931052396,2.2126245461750056,0.26610677913763986,36.340212074622265,0.9990553596739399,17.06734194075467,2.171770016556083,564.0
26.59375,1.262840992567171,2.2139115867111254,0.26355479409206894,36.51175817201298,0.9987830238879416,16.731611848227146,2.156283106602925,564.0
26.604166666666664,1.2861569649918734,2.212644771583886,0.26198677731905057,36.642504650084376,0.9974908271582128,16.496647861538392,2.1427658377846863,564.0
26.614583333333332,1.324119516558626,2.219538493612194,0.2614799875891727,36.73439294594563,0.9951880087577154,16.336041246251316,2.130553838470794,564.0
26.625,1.3656702383443982,2.2345428811559116,0.26252973432113424,36.79006398962783,0.9918545771035827,16.24045933426903,2.120205984933778,564.0
26.635416666666664,1.3979525600152365,2.2540770171789415,0.2647571577610207,36.81093934569405,0.9875253966391977,16.172373954483277,2.1107503187326793,564.0
26.645833333333332,1.433291657549035,2.2805408014703743,0.26801593263032814,36.79979952144366,0.9823479642619324,16.081581288695478,2.1003721215774513,564.0
26.65625,1.4609941328281635,2.311009551965364,0.27249674059486967,36.76072827441315,0.9764601846692386,15.95863070127443,2.0888144719460766,564.0
26.666666666666664,1.4834231943629954,2.342562855105576,0.27831891496333,36.695625576316004,0.9698189962623185,15.849987375682751,2.0783870461693037,564.0
26.677083333333332,1.4903408177555548,2.3729245150942146,0.28410597647974034,36.609899110391055,0.9627930101298023,15.699449938433801,2.0655501901557023,564.0
26.6875,1.4771014068714048,2.3974422308168832,0.29074446580241714,36.50273323420757,0.9552202472929399,15.571222459893018,2.054306841339618,564.0
26.697916666666664,1.4740609656418135,2.4250342833267324,0.29794547550856104,36.376165973825096,0.9472402049900581,15.454471775418043,2.0439566875524515,564.0
26.708333333333332,1.4232002240228039,2.4374890619040683,0.30462224285691186,36.22878948033568,0.9387856733793402,15.371001459736766,2.043020858174134,564.0
26.71875,1.3622269791307957,2.4447445801731154,0.31075737183046437,36.06279847745957,0.9300127928012011,15.315642657000925,2.0440890405001015,564.0
26.729166666666664,1.3296636791308394,2.4592334925469435,0.31703433015926874,35.88389690274063,0.9212117201639918,15.27783767254307,2.0447740673456862,564.0
26.739583333333332,1.2755583510918185,2.4588005615063846,0.322801488764847,35.68335495268395,0.9119613935961138,15.339582998758788,2.0458771810429432,564.0
26.75,1.2307168840665583,2.455320621354801,0.3265909165785595,35.47133967306948,0.9027351895944709,15.452648412311865,2.0460597633196507,564.0
26.760416666666664,1.2084611199342914,2.457216607154978,0.3293718651687996,35.26085327377594,0.8940239208598071,15.554015981801166,2.04565868359947,564.0
26.770833333333332,1.165081690442155,2.439471722537016,0.3317383952323024,35.037108571702944,0.8851546119752023,15.799633165332962,2.055787239856845,564.0
26.78125,1.1334963853193833,2.422111224110311,0.33205908994175154,34.819712759457175,0.8768301126327779,16.170428211277116,2.0744676508148285,564.0
26.791666666666664,1.1239017306968329,2.4175412343295135,0.3315372290117457,34.633974389237814,0.86985677650257,16.560342129407683,2.0908313177137,564.0
26.802083333333332,1.1042158075725093,2.401486243011224,0.3324459611469616,34.473933225461046,0.8638238711042265,17.210754506891764,2.1173789885841425,564.0
26.8125,1.1102510950127777,2.402213613684094,0.33190232067023556,34.3659144225721,0.8595416910514005,17.808381556388646,2.138582169422306,564.0
26.822916666666664,1.1151847674437978,2.4041210846095384,0.3320327870917452,34.30876165617139,0.8568657349952647,18.284949061291048,2.1565877327684864,564.0
26.833333333333332,1.1288871327726404,2.409591726214579,0.3312095984396749,34.29798376148958,0.8556507923086673,18.485901604261812,2.167204525738874,564.0
26.84375,1.1369841326230936,2.4080703136487642,0.32971473911197025,34.32314414308159,0.8555678604573662,18.512604358460127,2.1739569026205907,564.0
26.854166666666664,1.1353106159576163,2.3975982781834735,0.3273918912545096,34.376219526058385,0.8563779793594388,18.518506427544644,2.1802774521753543,564.0
26.864583333333332,1.1478982115193805,2.3950973649216465,0.3237189606754928,34.44435326116886,0.8577643887001385,18.311180504015645,2.1789793861877294,564.0
26.875,1.155361901861288,2.388663134831085,0.32040710579465986,34.52085995278581,0.8595080404554889,18.03534814358475,2.1751030741521493,564.0
26.885416666666664,1.1524486451384828,2.3750099395459627,0.31706113443483375,34.60263681939373,0.8614856431603963,17.839167224000363,2.172471306602378,564.0
26.895833333333332,1.173567938666018,2.3755348469412043,0.3132095861921157,34.678514382006185,0.8633675535290991,17.488800227016835,2.1623925004048825,564.0
26.90625,1.1948603023439648,2.375822994173129,0.31063316544979686,34.748672256751426,0.8650973654915632,17.118351621445957,2.150333637561921,564.0
26.916666666666664,1.2023432612839025,2.3690957931172183,0.3084662001998643,34.814266624610376,0.8666431267623653,16.85177658285837,2.140285689587704,564.0
26.927083333333332,1.2355609309467885,2.3768369109198044,0.3062167948163401,34.868998268319785,0.8678036356239447,16.503727595058585,2.124140836739956,564.0
26.9375,1.266667020334837,2.384013709827915,0.30550120196786434,34.91602458192097,0.8686085002918669,16.19253869005353,2.107878560182847,564.0
26.947916666666664,1.2844440774460661,2.386675394219684,0.3051491372840154,34.956272079492365,0.8690198069973322,15.962313801694453,2.093452396378545,564.0
26.958333333333332,1.3235561846810553,2.4003916065734954,0.30538345343075807,34.98807735644167,0.8689805015102365,15.732019731789995,2.07687559173355,564.0
26.96875,1.363539498534667,2.4167803116954922,0.3070191257101422,35.01284943026175,0.8684678770500214,15.540753501131581,2.0612821791906915,564.0
26.979166666666664,1.392179174545216,2.431910046807792,0.30915607796826766,35.03081454789924,0.8674390897760422,15.384404463609629,2.0470348662369138,564.0
26.989583333333332,1.4321418792753158,2.453238234971689,0.313133213649716,35.042283521180856,0.8657941530080937,15.287756509421062,2.042280884143934,564.0
27.0,1.4799179399772682,2.4834631104610563,0.31867596486834887,35.046591916356725,0.8634723125319328,15.225792949011424,2.043675822965352,564.0
27.010416666666664,1.5223445857591995,2.5183677891086433,0.32526218167138976,35.04339580515712,0.8604991369743425,15.179094950936026,2.044604200634814,564.0
27.020833333333332,1.582195029457983,2.5654070454610474,0.33416261074840853,35.03279232397958,0.8569437434283759,15.136775695221383,2.0453132731632104,564.0
27.03125,1.648590105149033,2.620831683529328,0.345050871128421,35.01524802480051,0.8529531416781388,15.076200763965875,2.0459229344963923,564.0
27.041666666666664,1.7020433871949652,2.6734047904512486,0.3578900793883964,34.990047679435904,0.8484614773140858,15.035174880514086,2.047049085709574,564.0
27.052083333333332,1.770979904680767,2.735699982322613,0.3716911039673496,34.95900643008369,0.8438665248254095,14.947962201448455,2.047637845802874,564.0
27.0625,1.8386330447256705,2.798892727071438,0.38827905455264494,34.92123517818782,0.8390851853054608,14.861299814047872,2.0491356220571912,564.0
27.072916666666664,1.8957517497462155,2.858247922141939,0.4066200275698275,34.87527610402462,0.8340501992122891,14.803149143747076,2.051068702802973,564.0
27.083333333333332,1.9680176876761881,2.926741527665683,0.42663289640680024,34.82346673316934,0.8290922011982462,14.731057600799051,2.0526240852523356,564.0
27.09375,2.0427605142112966,2.998958890608224,0.4506057993815993,34.76441942422207,0.8241133270603733,14.67197772830423,2.054957077342176,564.0
27.104166666666664,2.1100337672122222,3.0698795443788107,0.4776994119273506,34.696668949461774,0.8190559285257138,14.639294675994798,2.057662156727219,564.0
27.114583333333332,2.189301402795287,3.1482271918868623,0.5090463895113011,34.62077145481728,0.8140190620281111,14.62149688372643,2.0602955028237693,564.0
27.125,2.2739550180252883,3.2322618707865685,0.5460729283859764,34.53595811156448,0.8089925891278295,14.620832288154132,2.0631334697769836,564.0
27.135416666666664,2.3535710115716535,3.316858709837122,0.5881202739024852,34.44199825546821,0.803999948314098,14.633996146398893,2.0660070136248225,564.0
27.145833333333332,2.44480204272227,3.4094940055246195,0.6355876616881865,34.343705113438276,0.799288105887893,14.628507865869906,2.0687248310256905,564.0
27.15625,2.5375710531164537,3.5052837321624195,0.6904980280272341,34.24193006702045,0.7948518989785129,14.607910243653253,1.837306778027698,564.0
27.166666666666664,2.6208202510869603,3.596792915987342,0.7532343414443848,34.13300318278893,0.7905117904659419,14.599551390999027,1.8277043840950224,564.0
27.177083333333332,2.712130743017867,3.6929631721777536,0.8192462433441927,34.02680279599462,0.7866178509099387,14.5619514700536,1.81340706358976,564.0
27.1875,2.7985855742459975,3.7864350716030297,0.8942891540486456,33.91893663651929,0.7829500553185995,14.527782163306712,1.7988941213314518,564.0
27.197916666666664,2.8770153805133365,3.874307111135625,0.9754820128625414,33.80644177374573,0.7793867679926981,14.51336903579954,1.78571939683038,564.0
27.208333333333332,2.959291271368111,3.963337066735333,1.058821880820799,33.696061463031505,0.7761117439306063,14.496092806021236,1.7699700048771059,564.0
27.21875,3.0377094126165347,4.0494433286953875,1.1480923664612006,33.58490286129311,0.7730016555404302,14.489800458355212,1.7541847431011528,564.0
27.229166666666664,3.1100986432483375,4.130540103343445,1.2406026251284588,33.471066972050934,0.7699812181780771,14.500511642718843,1.739405815278573,564.0
27.239583333333332,3.181584768463561,4.210163142415608,1.3334734482078003,33.35811330661527,0.7671201796617084,14.516829616845037,1.723701566385973,564.0
27.25,3.249390056256158,4.286413804560593,1.4281072496994913,33.24468786264671,0.7643563778827702,14.542456821554673,1.7082942717850123,564.0
27.260416666666664,3.3132434789763434,4.358147711358892,1.5222074651937405,33.130326385032525,0.7616539959070004,14.57763922674549,1.693593355675342,564.0
27.270833333333332,3.3639521112866384,4.421274012020712,1.6236852009335685,32.9993855224521,0.7586297725859269,14.661532717497849,1.6884063594446115,564.0
27.28125,3.4137588871993674,4.482704872100514,1.7267174910480234,32.84990628666695,0.7552197904555533,14.801172610006674,1.69302395122727,564.0
27.291666666666664,3.4775916902108577,4.551457521422195,1.8208178714531258,32.70231287910061,0.7518410225895733,14.936253707457794,1.6956999795354468,564.0
27.302083333333332,3.5060383041610614,4.605012573443195,1.9385615843465889,32.518933492400016,0.7475371081127722,15.203962660752799,1.7203774112349235,564.0
27.3125,3.5181527949195806,4.658212674799217,2.046030140390146,32.325734863165735,0.7427528471622604,15.548824760841406,1.750125541419361,564.0
27.322916666666664,3.5567339854199678,4.720959346929006,2.1451370437717783,32.14454002301643,0.7379019183509796,15.845419737920702,1.773512126407752,564.0
27.333333333333332,3.4179902274906913,4.722501621277294,2.2436425197648693,31.948670956104,0.7320994892797869,16.276864180496677,1.812542882493364,564.0
27.34375,3.2199788893711156,4.694234682388821,2.3087660914530406,31.760206810935106,0.7257828763168342,16.775691822271728,1.8531468420230381,564.0
27.354166666666664,3.1087981269317853,4.684605528820739,2.3511788567086658,31.60104518456792,0.7197122367521486,17.134464809376542,2.0850760126179453,564.0
27.364583333333332,2.7759599692706916,4.551192727427489,2.3447075960874817,31.44995856365104,0.7130720054929763,17.860108550721307,2.0753494395257697,564.0
27.375,2.4188284068900305,4.357293491388434,2.2270427759613853,31.352317515923065,0.7078261162979128,18.727896122421523,2.073221336972677,564.0
27.385416666666664,2.1853844177230854,4.1884981512796005,2.0500539104819793,31.338920183765335,0.7058343632315123,19.349374064628705,2.1042048569814082,564.0
27.395833333333332,1.9254002769252894,3.9746024444476484,1.8258513907106753,31.430227124940163,0.708429270542996,20.19432381773777,2.1484299800373745,564.0
27.40625,1.740040765751467,3.7739232872219053,1.569384082863285,31.634342027387422,0.7165175120732948,20.985242825812833,2.18420444967246,564.0
27.416666666666664,1.5934806261950687,3.5881132335641857,1.3255232379305766,31.949268725146734,0.730316966338904,21.62818903622934,2.2142111327510525,564.0
27.427083333333332,1.508537688892948,3.4296029115563664,1.1077750650167626,32.347231539378654,0.7487375676203095,21.8784018366151,2.2342914398248785,564.0
27.4375,1.435012237807677,3.2740069165975156,0.9245145355788181,32.81570080109835,0.771232363505817,22.03276427618653,2.4479006530259118,564.0
27.447916666666664,1.3617270804627173,3.1287098496633754,0.7778256389594357,33.32929534472193,0.7965706678542145,22.165444880115324,2.4464884363022636,564.0
27.458333333333332,1.3457461207856973,3.0178978643142598,0.6706155879386329,33.85723880376659,0.823159295881425,22.251095909407503,2.4452953218662685,564.0
27.46875,1.3567274947980241,2.9361693979592585,0.593687910258876,34.36223294190231,0.8490097407477258,22.163415468637606,2.443949452925067,564.0
27.479166666666664,1.3416997471728187,2.8553447549593063,0.5364043892389119,34.832752925098,0.8734473463573045,22.116264432345474,2.443345212488291,564.0
27.489583333333332,1.391275090340811,2.820860062429041,0.49177134768577613,35.20592944885316,0.8931252551479341,21.346701626080705,2.44041624061211,564.0
27.5,1.4249574837270103,2.782337912269736,0.459401669166171,35.509534946498945,0.9094299668870405,20.49601000091221,2.439331480025714,564.0
27.510416666666664,1.4184637106759883,2.726393937783233,0.432429950125524,35.76247358957234,0.9233623515920185,19.987622910475988,2.4397215664933976,564.0
27.520833333333332,1.4517705005326702,2.692717306111053,0.4081589487962211,35.94816184645333,0.9339726681328063,19.343191897877286,2.4386708885385695,564.0
27.53125,1.4798586064408707,2.658520516645596,0.38978902042872526,36.08547822110602,0.9422652776534998,18.83045744295855,2.4390409986112513,564.0
27.541666666666664,1.4830796114740403,2.6192235400866224,0.37410217296037906,36.17979065264638,0.9485310098291684,18.519163554203423,2.439887522315129,564.0
27.552083333333332,1.5204567967922171,2.598198370027597,0.3611170830446875,36.2312741622241,0.9527046873311695,18.19685265262395,2.2174793719787274,564.0
27.5625,1.5597987084275724,2.5850458131766882,0.351871558124757,36.24622378382371,0.955116566833357,17.902089463993352,2.2054721666356527,564.0
27.572916666666664,1.5765976425496344,2.5699550575993295,0.344994261018246,36.2282075869555,0.9559854144305238,17.705044846901227,2.195318397140491,564.0
27.583333333333332,1.6145239230092083,2.5679495452701295,0.33958500293476207,36.18191598118768,0.9554841637239183,17.454426053576377,2.182667683586525,564.0
27.59375,1.651151267451624,2.5711589132591826,0.33680654773239194,36.110978258689094,0.953847621660185,17.212427125632367,2.169982476411625,564.0
27.604166666666664,1.6713423038258808,2.5734063434510546,0.3357419858912395,36.016618059351195,0.9512040084350232,17.040002381447184,2.1589131276551723,564.0
27.614583333333332,1.7048955893819822,2.5852977739945113,0.33507527347730853,35.90736312954926,0.9478873555363442,16.785502565384046,2.1441456586007517,564.0
27.625,1.7345878887843593,2.5993949026936205,0.3364572095873052,35.783727908478234,0.9439935905706587,16.532217941019972,2.129070616457117,564.0
27.635416666666664,1.7535911741444756,2.6124508221267164,0.33920689942661936,35.64471445489485,0.9395397553611091,16.341364510751667,2.1156399319625945,564.0
27.645833333333332,1.7748172932668445,2.630345805282037,0.341975193539722,35.49859565895121,0.9348242678796048,16.11451823641532,2.099610248756121,564.0
27.65625,1.7892796488231941,2.6497649586939582,0.34646163431445015,35.34415313629015,0.9298263513048117,15.898913286889414,2.0835461097923837,564.0
27.666666666666664,1.802790051885024,2.671273039428629,0.35249003894647163,35.179928694139605,0.9245024799869409,15.72393405494133,2.0689420671203216,564.0
27.677083333333332,1.8069797911791912,2.694357614360967,0.35864964136896926,35.01306446673834,0.9190773750804461,15.526747624926667,2.0525721678147457,564.0
27.6875,1.7964746689006559,2.7153964575381377,0.36610429206492284,34.84158558481702,0.913472880371879,15.336651650562652,2.0414137170919284,564.0
27.697916666666664,1.7944082892779145,2.739287197597642,0.3748304225539544,34.66487479014482,0.9076484633556059,15.165338204678354,2.0430479979408633,564.0
27.708333333333332,1.749179599660938,2.7504219512835286,0.38197969341692467,34.487744888209285,0.9017398013554404,15.008167378105291,2.044655069917266,564.0
27.71875,1.68722261428214,2.751931859922898,0.38824006875743705,34.30838533409202,0.8956617735753893,14.902578348114456,2.0464552058831607,564.0
27.729166666666664,1.6486873379117533,2.7563873423651613,0.3940654281821139,34.12889355998863,0.8894567168541796,14.843267245681245,2.0481286951341335,564.0
27.739583333333332,1.5790662254341243,2.7437768465761603,0.39815196814245246,33.94238493461707,0.882842704946358,14.875697979934206,2.0500615696046136,564.0
27.75,1.5108746051091582,2.725381872393402,0.3992552802962389,33.75591425124445,0.87600803251763,14.963099447034068,2.0511638156199132,564.0
27.760416666666664,1.4699891339578124,2.7133329316991057,0.39898763935324816,33.57876521413203,0.869235599373049,15.052962792723987,2.0516004838386754,564.0
27.770833333333332,1.4064814049591383,2.6830821555133326,0.3980533717267773,33.39891098327357,0.8619573513171902,15.262355799079922,2.052722042636682,564.0
27.78125,1.3586801141057616,2.6534820144506135,0.39449781455125726,33.230772799329436,0.8545750596116017,15.546832795094023,2.0523249446787637,564.0
27.791666666666664,1.3361461314914116,2.63624471829988,0.3899091046715032,33.091674190525914,0.8477216988018716,15.78207539036866,2.0507309042952087,564.0
27.802083333333332,1.30907733991354,2.608929866719289,0.38702406046852206,32.97605017511735,0.8409395497432801,16.131379754152988,2.0506324678374583,564.0
27.8125,1.303956889119974,2.594630656197394,0.3823201494596675,32.901566846608034,0.8350882321627676,16.421142505026157,2.0588444435841446,564.0
27.822916666666664,1.3013340106358169,2.584354172344759,0.3783609768007526,32.868080711550284,0.8303522300347606,16.648986960009346,2.0707341198467435,564.0
27.833333333333332,1.299095370606271,2.5739224070480677,0.37432064843844653,32.871388214759136,0.8268399096938777,16.84355495512076,2.0816936345900654,564.0
27.84375,1.2959791728669385,2.561192033299421,0.36990914803208813,32.9048490866373,0.8245800272670579,17.015919757500935,2.0911964458510446,564.0
27.854166666666664,1.289357510992255,2.5455119250077693,0.3651552511783673,32.96131208763508,0.8235631099814394,17.17417443040556,2.099874747105658,564.0
27.864583333333332,1.2988633737917419,2.535406514984041,0.3603623816007596,33.032213167213854,0.8237504674670575,17.270715866200057,2.1058985882579586,564.0
27.875,1.3138338543629808,2.5273295493007337,0.3560381737711147,33.11072528106951,0.8250319328214446,17.318020960743205,2.110229982239736,564.0
27.885416666666664,1.319429325131678,2.516081166389545,0.3518633168576794,33.19196889514708,0.8273042793383556,17.355987327493875,2.1143308938915406,564.0
27.895833333333332,1.350335653311111,2.5196711981141853,0.347661196231874,33.266065154860364,0.8301949991302658,17.204081976047295,2.110500814279284,564.0
27.90625,1.3777902959184885,2.5237256296118695,0.3447682478182524,33.332181633208,0.8334972014755415,16.94274928663188,2.1022992812460535,564.0
27.916666666666664,1.3865836940734282,2.518421199603342,0.3425798365440979,33.39267462901925,0.837218990679475,16.732594803714058,2.0956605169469853,564.0
27.927083333333332,1.4151864762805753,2.5268279449615987,0.3394147395724921,33.44109407410303,0.8407847037191792,16.362109278505546,2.0794445496846095,564.0
27.9375,1.4375065090177974,2.5323820635209704,0.3379618901132044,33.481563145724735,0.8442620004993789,15.978694646784554,2.0607239072449306,564.0
27.947916666666664,1.4452914316207675,2.5300589458827094,0.33698930790616116,33.516763466054435,0.8477467954699391,15.674740251966728,2.044187315315407,564.0
27.958333333333332,1.4756067485287727,2.5411057758677487,0.33538366643504114,33.543929102446974,0.8508012902472839,15.304669026692851,2.041826417481354,564.0
27.96875,1.5021222321883094,2.5513688629673497,0.33550426220622,33.566064472315986,0.8535796310911599,14.973674419939,2.0440696439705577,564.0
27.979166666666664,1.5164466658508187,2.5564732108860366,0.33622052318122864,33.5848074089536,0.8561727944788862,14.739398645183304,2.047046725520629,564.0
27.989583333333332,1.5475676492086565,2.572476057781888,0.33695722076990964,33.59933631846707,0.8583481838260718,14.528183276795096,2.0495074440322667,564.0
28.0,1.5782164781607317,2.5908446295928873,0.33948825107052144,33.611152416143796,0.860211231296065,14.37267297229551,2.053138157992499,564.0
28.010416666666664,1.6005699342556998,2.607575971420357,0.3429493955852331,33.62111478295285,0.8618034957073641,14.282986340313327,2.0575346168186615,564.0
28.020833333333332,1.6343115719442007,2.6328465178550893,0.3471961551059262,33.629216555721136,0.8630378275031299,14.21777732226807,2.0619268851252195,564.0
28.03125,1.6688578248207908,2.661613449750965,0.3533229716694662,33.63619293193146,0.8639533698319765,14.189587130881023,2.067457149004175,564.0
28.041666666666664,1.6992640759578603,2.6913842817296145,0.36049121612322693,33.64243702662174,0.8645352738560247,14.193860109176835,1.8280067088444298,564.0
28.052083333333332,1.737040599937084,2.7273759103900104,0.3693682923175601,33.64823667620699,0.8647581411158815,14.221539163053208,1.81665499113313,564.0
28.0625,1.7781050108326582,2.767859572272532,0.38048651180210374,33.65400186924751,0.864592497117137,14.27855081258943,1.8075936720185362,564.0
28.072916666666664,1.8192679876841855,2.81201923106662,0.39279598809756755,33.65981536338043,0.8640100181513345,14.34505333897552,1.7987568328673265,564.0
28.083333333333332,1.8671232100857724,2.8610231307703193,0.4091399479715435,33.66627841600457,0.8629104123034903,14.452830633871914,1.7952844176608909,564.0
28.09375,1.9268699815898491,2.9205514402625496,0.4281007624340508,33.67324233528348,0.8612702143669363,14.571730775407232,1.7929000709932632,564.0
28.104166666666664,1.9870889706321793,2.985343297079755,0.44981883525498784,33.68052118196905,0.8591181767990235,14.679874971780519,1.7900286669762193,564.0
28.114583333333332,2.056367866019778,3.058024001698033,0.475559601795488,33.68780994840402,0.8565236047600435,14.760916167683881,1.7857533673482304,564.0
28.125,2.1275652544561128,3.134244618795157,0.5055213754939039,33.69480139345418,0.8535360161716012,14.815890400424498,1.780616891821719,564.0
28.135416666666664,2.1929467775110614,3.2083017299027783,0.5390785411347092,33.701156116433765,0.8501617665802491,14.858128420039519,1.7758937594249735,564.0
28.145833333333332,2.261737081583545,3.284435689911903,0.5768801179145623,33.70630756074953,0.8464500048609481,14.892038571848799,1.771405018833523,564.0
28.15625,2.332124192287431,3.36187145521393,0.6197275294234882,33.7096312881315,0.8423971962562425,14.92907832593977,1.7681968082702852,564.0
28.166666666666664,2.401092577162716,3.4391049427301783,0.6660467296928698,33.710314012402314,0.8381119987521091,14.961562472658033,1.7649144010225746,564.0
28.177083333333332,2.473845591155307,3.5186412140207692,0.7197581524840303,33.707482653240646,0.8335215237262382,15.007507046589557,1.763996690686863,564.0
28.1875,2.5512719380768782,3.602034535680933,0.7799928136209369,33.70011284169799,0.8287131119422756,15.060349613254782,1.7642753300501015,564.0
28.197916666666664,2.628000992796944,3.6862181568469117,0.8452068176320107,33.6874836846181,0.8238399750640809,15.104137209392896,1.7639789493483997,564.0
28.208333333333332,2.7043677031901305,3.770601171212738,0.9205640640566891,33.668045433518,0.8187559987047901,15.165589687527406,1.766834176366942,564.0
28.21875,2.7854756734271056,3.8585313948990647,1.0015690237579513,33.64134250598275,0.8136765613185449,15.219679021457631,1.7692993658245755,564.0
28.229166666666664,2.8640994029145097,3.9451664021795274,1.087902431760945,33.60695764717644,0.808685747014447,15.258590396635398,1.7710214649000502,564.0
28.239583333333332,2.9415395436560114,4.032831061425156,1.1768958589135576,33.566412486263516,0.8040222692742783,15.249860036545815,1.768526715116869,564.0
28.25,3.0126820707221382,4.116702885538626,1.270967513210814,33.51953357527599,0.7996190402372914,15.212445299977963,1.764187297843499,564.0
28.260416666666664,3.0785014919451146,4.194015667116802,1.3679398627513273,33.46508383621811,0.7953600876639839,15.175063955448422,1.7604244220630179,564.0
28.270833333333332,3.126580657991488,4.2618081794242375,1.4682785928209636,33.39927575343797,0.7910305955461908,15.180640686424082,1.7613767166272185,564.0
28.28125,3.166992196952477,4.323887356408066,1.5694106465364084,33.318588753787516,0.786546511919913,15.249427538628154,1.7682795031288985,564.0
28.291666666666664,3.2210373540921733,4.390007064979416,1.6630066227247688,33.228113484734166,0.782251634649974,15.31403870259267,1.773160858778927,564.0
28.302083333333332,3.2302041776133703,4.436878449267518,1.7674021797532407,33.11191074971998,0.7774999177984012,15.506044432285735,1.7914000526003737,564.0
28.3125,3.1882091922731854,4.468961449548573,1.8574580251766306,32.97463940963165,0.7726250807225448,15.76628733944944,1.8129013336315694,564.0
28.322916666666664,3.179235893982244,4.509359843601025,1.9364430441697607,32.82737680244197,0.7679900850358679,15.975569229336063,1.8292737645085237,564.0
28.333333333333332,2.938584718739498,4.4699133672458125,1.9995466379993172,32.65126658936444,0.7630067356406196,16.323674589375056,1.8579248476498103,564.0
28.34375,2.6296207326678696,4.3928678508915615,2.0220255297787486,32.460088060509264,0.7581292306596835,16.74274992386483,2.0806194241893223,564.0
28.354166666666664,2.442355013298248,4.343130076981704,2.0228851608953797,32.27866626238346,0.7540073714891079,17.04111879118487,2.070990728618472,564.0
28.364583333333332,2.045002940523253,4.159918259264907,1.9636507246703285,32.0911305128871,0.7505534558756997,17.7274558798247,2.0659026342929034,564.0
28.375,1.6621159161649464,3.9206226592611726,1.7921600067289007,31.961142010827878,0.7497173410652574,18.57936835706899,2.0803461867209956,564.0
28.385416666666664,1.4265029916512835,3.716122665878411,1.5704185348473123,31.946233454224554,0.7530786920335081,19.28952619634181,2.1140305194986597,564.0
28.395833333333332,1.176238028780729,3.455335470090975,1.3108833963352016,32.0970955805927,0.7625467040255383,20.4478059705827,2.1603568904522383,564.0
28.40625,1.0166636464191054,3.2136656465941376,1.0415913619161803,32.450130865603114,0.7787978920640455,21.628010417374437,2.2004245712302626,564.0
28.416666666666664,0.9068505155417188,2.9999194964929115,0.8183630316584366,33.00764229663625,0.8014569451439036,22.522221983148537,2.2331150333201366,564.0
28.427083333333332,0.8456736242605765,2.807554326020624,0.649965672901703,33.75630309977147,0.8295687909852543,23.182880149291705,2.4507387879154865,564.0
28.4375,0.8069077820323624,2.6351224738721943,0.5285723464674591,34.65577921477546,0.8611434729182126,23.627542032464643,2.448756697312874,564.0
28.447916666666664,0.7671890208992475,2.478911585318404,0.4436331882801138,35.65762644015833,0.8939716506305811,23.93099812942533,2.447289419937952,564.0
28.458333333333332,0.7674690305553179,2.3633360065751425,0.38642352037206223,36.69619581061247,0.92547205864497,24.048240485667815,2.4458963150298625,564.0
28.46875,0.7837245741064849,2.2784622700993906,0.3468230259667206,37.700734129421036,0.9533421194757901,23.884570095776972,2.4443336148782016,564.0
28.479166666666664,0.7768589490022471,2.191613192768226,0.31706276281534307,38.65639403863943,0.9772047271268296,23.81043065408061,2.44375469006213,564.0
28.489583333333332,0.8184955228353263,2.1549810166888546,0.29397132769752343,39.41840708901243,0.9940718265167754,22.7226206665364,2.440031863601006,564.0
28.5,0.8401322801766242,2.10525854343722,0.2757490355183283,40.0483970941464,1.0062378550617515,21.582623661884657,2.4385252079507316,564.0
28.510416666666664,0.828425253080109,2.0329162944245893,0.2595509840787115,40.58935907007221,1.0149734956566938,20.94962868077437,2.438839143192877,564.0
28.520833333333332,0.8443109161825967,1.9826256097630734,0.24473826566174908,40.99149162234848,1.019946045805003,20.0822063332971,2.437109223100241,564.0
28.53125,0.848243602380766,1.9256100007394188,0.23246859004239,41.2992339485215,1.0222485465958049,19.379062838224172,2.4371349612398614,564.0
28.541666666666664,0.834911668181522,1.8624548671094876,0.2215943350315062,41.525340732164935,1.0222088272560326,18.970054773012954,2.437904297940415,564.0
28.552083333333332,0.8416277480874106,1.8152530242055167,0.21208794171359763,41.66337279567887,1.0201289391292725,18.532794050810935,2.437735994474584,564.0
28.5625,0.8485924590903812,1.772438818557611,0.20451986079694437,41.72752124911508,1.0162317139363417,18.21702866121555,2.438530511216126,564.0
28.572916666666664,0.8446909585415386,1.73129413103967,0.19809616755246232,41.72049016681647,1.0106469863096628,18.027982840545818,2.439472476276846,564.0
28.583333333333332,0.8628174592022675,1.7033063152244448,0.19301416751826636,41.644191132120085,1.0035421670203548,17.91784207933738,2.2142778784774952,564.0
28.59375,0.8864821140081078,1.6851957741631112,0.18917850774149847,41.501920385455705,0.9951503528512858,17.835756545838784,2.2064175540148527,564.0
28.604166666666664,0.8973820598176889,1.6691994266248658,0.1862445662070968,41.29629050042597,0.9856567042104261,17.782380113473955,2.199684848164773,564.0
28.614583333333332,0.9172605891747437,1.6615730987425572,0.183780946243497,41.04380324676283,0.9757900174802264,17.60054620331531,2.1895508816803977,564.0
28.625,0.9304633791074537,1.6541062916772555,0.1819815045622973,40.7470768268036,0.965615698481079,17.39270834442157,2.179155955391864,564.0
28.635416666666664,0.9336745011794684,1.6450275151993043,0.18061566814122126,40.40501001356817,0.9551654191649944,17.243543727955217,2.170307412361264,564.0
28.645833333333332,0.9331839641220344,1.636036839003301,0.1794617694331944,40.019598089369005,0.944612100678775,17.161896724330106,2.163112999771484,564.0
28.65625,0.9283739797441477,1.629128120983553,0.17880486893094188,39.58815419767152,0.9340144655596319,17.172292163366425,2.15881281016793,564.0
28.666666666666664,0.9268026000092062,1.6286263638393765,0.17860280677051507,39.12466141415818,0.9238102241752532,17.190591167810634,2.154854395723682,564.0
28.677083333333332,0.9150919278333337,1.6269851496152095,0.17899217486673596,38.61307213667009,0.9137489271796136,17.33168692786962,2.155830251959907,564.0
28.6875,0.8989045685637478,1.6289330777629158,0.17976723894185181,38.06678613010526,0.9042095043085929,17.536150976482546,2.159197633184256,564.0
28.697916666666664,0.8929353750226802,1.6390418768012507,0.18102527091915915,37.50880435137638,0.895602550580834,17.69276347116722,2.1618339962466995,564.0
28.708333333333332,0.8570616984742898,1.6373567006423488,0.18241393304719997,36.917444564472504,0.8876224703165926,17.979406345508025,2.169905712996735,564.0
28.71875,0.8209398016265907,1.6357073173915975,0.18357670114018101,36.320300522146354,0.880689893721764,18.28885173713878,2.1788384561375267,564.0
28.729166666666664,0.802893050706143,1.6410466999983857,0.18489281067613927,35.74004884000838,0.8750239296456785,18.516073122699193,2.1862728194606036,564.0
28.739583333333332,0.7673751524226116,1.6348846374933452,0.18577862800106196,35.170085317683935,0.8705292407223931,18.782238689985316,2.1959218886414678,564.0
28.75,0.7339481310114371,1.6249149598498698,0.1860000779154944,34.62985627838444,0.8673516978817666,19.031184652689866,2.20533049711905,564.0
28.760416666666664,0.7150337091316996,1.6179850037687422,0.18597210936011416,34.13383734194728,0.8655204720237011,19.20829652089577,2.213333753287761,564.0
28.770833333333332,0.6859381124965631,1.6003261876904182,0.18536277644647942,33.67499129215595,0.8649707478452255,19.47312514732667,2.223995373716326,564.0
28.78125,0.6635864020075375,1.5817442289661243,0.1841895247504883,33.268796712165155,0.8656829276254406,19.761459808609594,2.443757004348571,564.0
28.791666666666664,0.6512637379112306,1.5670822652959409,0.18282867567175984,32.927271865562936,0.8674942146148292,19.966661383447253,2.442916928686153,564.0
28.802083333333332,0.6378002418020029,1.5478541077516712,0.1812896450593612,32.64507336788693,0.8702486642311138,20.242455621384316,2.4426635077170564,564.0
28.8125,0.6321591434686434,1.532071761608354,0.17958920534825967,32.42959976211574,0.8736368919174687,20.48713647226946,2.4420546039192508,564.0
28.822916666666664,0.6286989051422113,1.5182381399606522,0.177901946517122,32.27912987682118,0.8773083332169255,20.650837893858952,2.4413797221465696,564.0
28.833333333333332,0.6338109177226388,1.5080917651261903,0.1764904710171621,32.18634944169535,0.8809639386908276,20.81483917662802,2.4409941773482813,564.0
28.84375,0.6426916624775708,1.5017105015541288,0.1752733848577035,32.14401685977664,0.8842531885958498,20.941284559965794,2.440493488185075,564.0
28.854166666666664,0.6474090314702717,1.4948468137247468,0.1741337154146999,32.141599978424104,0.8868989482761491,21.02718335915169,2.4400280067932885,564.0
28.864583333333332,0.6548854047936628,1.4909926616953018,0.17319595810273958,32.16711942891189,0.8886912574549741,21.04937958172932,2.4395026422638124,564.0
28.875,0.661303671763821,1.4882343245643108,0.17246554352597243,32.20844105914339,0.8895264977926096,21.041731086143535,2.4390939874896658,564.0
28.885416666666664,0.6639619879209706,1.4842039532634377,0.17179476493559662,32.254440253722095,0.8893713024831016,21.04460504301987,2.438822677872977,564.0
28.895833333333332,0.6766221272111846,1.4877427978512046,0.17116826652197809,32.293647229906085,0.8883217865690352,20.800209038326294,2.437717474018299,564.0
28.90625,0.6889190643700767,1.4904161462471193,0.17064193915511153,32.32015341606456,0.8865434749220341,20.442087903763333,2.4369840645327008,564.0
28.916666666666664,0.6923784184257433,1.4861737220460556,0.17005140944085556,32.33049047600072,0.8841106708914321,20.22022725066158,2.4370376957013624,564.0
28.927083333333332,0.7088755345695711,1.4903430618471456,0.16920670963831197,32.32268888711896,0.8813604410204757,19.739728468142253,2.4357172775175937,564.0
28.9375,0.7226791924013138,1.4912521699259496,0.16837906680178316,32.29847845996108,0.8783926220222765,19.176395031154666,2.4350555448422493,564.0
28.947916666666664,0.724995776621602,1.4832803469944937,0.16747774636548612,32.257400780179964,0.8751170933393424,18.817497957471875,2.4355303028748536,564.0
28.958333333333332,0.7419803871531624,1.485108102641909,0.16617308808792267,32.20686941695893,0.871968968424909,18.19919793494726,2.434142204458933,564.0
28.96875,0.7517107039270536,1.4807545289476283,0.16506272169355443,32.147190369762455,0.8687785039056476,17.61180700652628,2.43425858681132,564.0
28.979166666666664,0.7517218134217186,1.4694555847393749,0.16390075710074883,32.076571734290255,0.8653691566070152,17.22982589058019,2.4354176512828816,564.0
28.989583333333332,0.7666109910365426,1.467404462077719,0.16269975975706075,32.002480685827635,0.8620126029889138,16.80062627377974,2.2057153322090968,564.0
29.0,0.7807945754632309,1.4657580411061808,0.16190332690957113,31.923298665074626,0.8585469901297643,16.429489042231953,2.1866702261133946,564.0
29.010416666666664,0.7875369486937055,1.4621442169410155,0.1613049355924858,31.837096730465188,0.8548273033449422,16.180176345897422,2.169840150224048,564.0
29.020833333333332,0.8080327233517871,1.4688342676240393,0.16086485210630605,31.752955728432827,0.8511943022768703,15.858613234633172,2.1474855925929446,564.0
29.03125,0.8267444706162818,1.4768791169965176,0.16088720399881754,31.668890726844225,0.8475290505680578,15.54136103644475,2.1234965570070727,564.0
29.041666666666664,0.8372504442490347,1.4825067926995354,0.16120805380331785,31.580644109482783,0.8436228187992273,15.311725844738213,2.1016386718036304,564.0
29.052083333333332,0.8575801057310051,1.4965468690844617,0.16162376769453685,31.497793669999588,0.8398914688638722,15.034516974137434,2.073967335640762,564.0
29.0625,0.8755732429464671,1.5115047885664348,0.1625750179985133,31.415221681546903,0.8361085419270038,14.791623712541664,2.0458236399977334,564.0
29.072916666666664,0.8890048774750839,1.5262979107233763,0.16383296815001422,31.329889122327508,0.8321336687078509,14.605915847844614,2.0397203587777932,564.0
29.083333333333332,0.9113216101046118,1.5491588561212974,0.16542704354118093,31.24718752412672,0.8282220764923549,14.424740190054992,2.0424184245247328,564.0
29.09375,0.9349716784302136,1.576183985328809,0.16769739429648742,31.16306179414547,0.8241889599919077,14.29516874982341,2.0459115880067733,564.0
29.104166666666664,0.957445583691727,1.6064553181474142,0.17044041638174506,31.076750081795176,0.8200009069493855,14.220837816254342,2.0496430623634807,564.0
29.114583333333332,0.9870273494936719,1.6432338999795515,0.17424383086347742,30.981029539607785,0.8153056007714407,14.234250918343758,2.0539091688983846,564.0
29.125,1.0268866572674635,1.690929340143152,0.17897724210322005,30.877856659219724,0.8101966456603523,14.307413832905704,2.057196218935203,564.0
29.135416666666664,1.0702846841809097,1.7479979545092745,0.18454699081839102,30.77238368609985,0.8049371711546536,14.396620242797928,2.059482873669696,564.0
29.145833333333332,1.1250927589357456,1.815831954178255,0.19164358498158102,30.66236708143412,0.7994315227250414,14.502328011043739,2.061802727582913,564.0
29.15625,1.1871701487387811,1.893328482166605,0.19986944340867874,30.553277290561322,0.7939767718676554,14.585008665460997,2.063484947941453,564.0
29.166666666666664,1.2462993349940448,1.9734792273508228,0.2094095222706921,30.442673478050253,0.7884804132354364,14.657043854864668,2.065652456644965,564.0
29.177083333333332,1.3120074685037235,2.060296704003544,0.22005254107195682,30.33604086213308,0.7832456136194182,14.690193651278518,2.0676282102408416,564.0
29.1875,1.3768326677097793,2.1486702508937103,0.2322901309371291,30.22940909653897,0.7781074781760575,14.713097927827697,2.070655925899995,564.0
29.197916666666664,1.4405768251537145,2.2374154653298257,0.24588041999195007,30.121808061053457,0.7730553046439332,14.735996367586715,1.8389628172164258,564.0
29.208333333333332,1.5070386934092426,2.329901128438574,0.26116470007634457,30.014245011866556,0.7681720304739325,14.756701685906187,1.8321363185937751,564.0
29.21875,1.576122770664492,2.4257529342744704,0.27847889402781273,29.90666467643244,0.76348606986052,14.776764769300046,1.8253001382636178,564.0
29.229166666666664,1.646695461699787,2.5230461437842386,0.2980114207235172,29.79832677114794,0.7589940868278099,14.800132607067672,1.8189627989781718,564.0
29.239583333333332,1.720890669448323,2.624364787499317,0.3197817848712376,29.693335629687926,0.7548785926495106,14.807342533203,1.8104094660457186,564.0
29.25,1.795477092341577,2.7264732388847426,0.3446123764749125,29.59024315090466,0.7510797696683457,14.808022730023712,1.8012760041858495,564.0
29.260416666666664,1.8699565640401383,2.827108621370822,0.37270883961859136,29.486961718407645,0.7475247368501369,14.814573870020942,1.7929941259223725,564.0
29.270833333333332,1.9326542269385933,2.922426558594799,0.406031034996847,29.37394617020636,0.7439297748153617,14.87138075120822,1.7917710318879643,564.0
29.28125,1.991621270303818,3.0173699737060424,0.44485530107764343,29.248676611920168,0.7403107711352089,14.992371081757147,1.7981065291213105,564.0
29.291666666666664,2.0675111586331854,3.1222413364393997,0.48720377265099907,29.124992247684414,0.7371180414507281,15.107947667984227,1.8019791528348925,564.0
29.302083333333332,2.0995485788967905,3.2113858008544787,0.5446201866472441,28.975084971420305,0.7337612543138768,15.3809680727817,1.8250992069678624,564.0
29.3125,2.081024294620176,3.2918228393780775,0.608710411299114,28.810619996401805,0.7307501686312019,15.804620317822542,1.8568775444259413,564.0
29.322916666666664,2.108711437098932,3.393228323931137,0.6778703300570591,28.658423708389815,0.7286634332056792,16.176609233003813,2.079447341500165,564.0
29.333333333333332,1.8790952605657933,3.401975675576582,0.7635780034493861,28.486337848256944,0.7273774850183423,16.938122725201445,2.0730327690722614,564.0
29.34375,1.6173263031833367,3.3906222548594918,0.836272396112555,28.338679777699053,0.7279619516186023,17.908983175953423,2.0708159276590314,564.0
29.354166666666664,1.503949906305828,3.423421506608094,0.9066578662117909,28.251243773856235,0.7309357878583816,18.644768909895575,2.1009079547118965,564.0
29.364583333333332,1.1974925278826074,3.313474110790654,0.9446640500400452,28.245882995612202,0.7382199177409962,20.2092097243572,2.1677668815888955,564.0
29.375,0.9421306423322917,3.1553376101033366,0.9047417222463437,28.38749696578747,0.7513509654088479,22.454164553293232,2.2346719317073105,564.0
29.385416666666664,0.8217933607614231,3.030096121810105,0.8314373495628868,28.700901710705935,0.7704737593506394,24.211339658857163,2.4516781771039398,564.0
29.395833333333332,0.7010223035965131,2.8541528388011437,0.7296983104005517,29.215782858030227,0.7966969703074318,25.79466770308854,2.4502289428324406,564.0
29.40625,0.6429568168008392,2.6957461260658175,0.6212347294768441,29.89364305022474,0.8276874722327219,26.64333208375927,2.448099996970519,564.0
29.416666666666664,0.6025068142033747,2.5458543792739348,0.5301560459711938,30.70049259948431,0.8617020423925483,27.119790584911332,2.446918365159465,564.0
29.427083333333332,0.6019494181735666,2.4314560155285174,0.458077807252139,31.5529716115295,0.8950595441724062,27.069520093165206,2.4562861693317903,564.0
29.4375,0.6059182171615488,2.3203420230360994,0.4011611331664307,32.41545890782311,0.9262539937428059,27.686272691802447,2.4758333893251825,564.0
29.447916666666664,0.5955358030260058,2.20525145303706,0.3558399780907477,33.257542635162004,0.9540108070675799,29.02801760518826,2.4981275137765215,564.0
29.458333333333332,0.6246958974536093,2.135380294855389,0.3230057272992805,34.01329267925379,0.9762121234435209,29.804425535704073,2.5129740755001837,564.0
29.46875,0.6588938036972345,2.0795142314054758,0.29820381148156583,34.6645928556385,0.9927275544336274,29.975109901144794,2.5214370662415266,564.0
29.479166666666664,0.6647405644216474,2.0086482056837407,0.27748786041708745,35.218648328769895,1.0042002875090432,30.29039827075632,2.530651677954164,564.0
29.489583333333332,0.7126806870450555,1.9837138614520953,0.2607561720939074,35.615715307881814,1.0103047366415714,28.729990985540258,2.516747939776956,564.0
29.5,0.7430312327267481,1.942698664315218,0.2467408615370982,35.90479651085254,1.0129194755789785,27.069048617188173,2.496280119612663,564.0
29.510416666666664,0.7408178242953636,1.8781907107282514,0.23373594347926197,36.11018086076679,1.0128700862487414,25.99377311289274,2.4793155113353915,564.0
29.520833333333332,0.7664617340497185,1.8360719112708168,0.22188132292274174,36.22447909767264,1.0108220949477995,24.24217922602472,2.4505468158436305,564.0
29.53125,0.7821852090728859,1.787478091331524,0.2118434089657772,36.27101068858621,1.0072878306727175,22.45535298444898,2.433697112826684,564.0
29.541666666666664,0.7774525922729681,1.7306878042523126,0.20279679573271883,36.25773978311394,1.0024355973515653,21.136494149152348,2.4338382303185058,564.0
29.552083333333332,0.7941048778194626,1.690192800178556,0.19480131241734527,36.194118997065125,0.9968132720239775,20.14660404662935,2.433061402872776,564.0
29.5625,0.8070069656714415,1.6517677777097763,0.18817534454319815,36.088629081442875,0.990486164296724,19.477840185718293,2.4330237934207783,564.0
29.572916666666664,0.8043655915761428,1.6106113147585333,0.18243660205082932,35.944327273123285,0.9834031972390218,19.116038799668768,2.43354031065516,564.0
29.583333333333332,0.8158676272188518,1.580408972712042,0.17733962038989837,35.77459614442156,0.9760161930979775,18.73446354298592,2.4331955102951968,564.0
29.59375,0.8243679870526744,1.5526636959572995,0.17315873945111548,35.58174975926053,0.9682428125279897,18.412957290091565,2.4334139621558775,564.0
29.604166666666664,0.8222993877323316,1.524671173835383,0.1696226625703003,35.366159974044905,0.9599907332514075,18.221092892922385,2.434016870806203,564.0
29.614583333333332,0.830497960122576,1.5047944970298104,0.16647517183985633,35.14137589247715,0.9516825548400207,17.969582941277825,2.4339158364343314,564.0
29.625,0.836780512483537,1.4875495262294225,0.16399892441705363,34.90613626504888,0.9431918505868092,17.742879516498636,2.4343234623992247,564.0
29.635416666666664,0.8362768727658679,1.4713889540011695,0.16203128045987034,34.65934753322374,0.9344330187776257,17.600723478518653,2.435040989087251,564.0
29.645833333333332,0.8348649846298,1.4588222097751826,0.1602281295588671,34.41296579148403,0.9257988731447009,17.40847460332003,2.4351890315057942,564.0
29.65625,0.8249663452763033,1.4464342483647183,0.15882584353552148,34.165033200552,0.917204794349212,17.218525266691483,2.4357333987714442,564.0
29.666666666666664,0.8151425073895319,1.4362639920101012,0.15785408692763955,33.91220605053367,0.9085403628563855,17.092148387954538,2.21525880717438,564.0
29.677083333333332,0.7925496337159983,1.4247419839299775,0.15687257896927392,33.66165460757167,0.9000690539157273,16.95662569430029,2.2048476545787565,564.0
29.6875,0.75794488380699,1.4100973168676627,0.156188876900276,33.40261772492944,0.891459822449308,16.92230258105621,2.1977939179395283,564.0
29.697916666666664,0.7365441571356215,1.4024865703568463,0.15579343403033846,33.14198571744392,0.8829870306532664,16.91515365533069,2.1912861755679907,564.0
29.708333333333332,0.6844804003246625,1.383923756602823,0.15545009619359912,32.86407851064119,0.8742075597512714,17.084389148332846,2.191269634307545,564.0
29.71875,0.6345232404582524,1.3672013028774213,0.15513766100848947,32.57754829151449,0.865482951297608,17.34542125072831,2.1942487073351895,564.0
29.729166666666664,0.6078679732234302,1.3617747268667164,0.15516709637098314,32.29645325996634,0.8572989426260225,17.547539094396363,2.1963310167323167,564.0
29.739583333333332,0.5677303888767167,1.3453613818303798,0.155397472903713,31.996853467087345,0.8490465660734802,18.027192804614003,2.2088644068649286,564.0
29.75,0.5395155526928019,1.3344081721410832,0.15552496842654792,31.703729152058138,0.8415232273442401,18.6171249395835,2.224057469450018,564.0
29.760416666666664,0.527929786920663,1.3342579395436767,0.15584832575009183,31.442217927303616,0.8353885069838913,19.047065270487312,2.4412793536570505,564.0
29.770833333333332,0.5111424189749699,1.325896889340779,0.15631599523871378,31.205725753885964,0.8305121239946623,19.672952047431142,2.441631254597617,564.0
29.78125,0.5049478265992424,1.3237256328462088,0.15667060309120895,31.0199576747914,0.8274761692564007,20.286892376485646,2.441053610529132,564.0
29.791666666666664,0.5049454475305489,1.326874424683367,0.15707264239917687,30.896399657336566,0.8264241003407214,20.689838215780444,2.4400469991428335,564.0
29.802083333333332,0.5048392885412074,1.3251013870972375,0.15760128825765474,30.831913528937577,0.8273024084498244,21.25924196094486,2.4402995471784834,564.0
29.8125,0.5107671174068886,1.3274591421728201,0.1581819915612481,30.82937186822431,0.8300804156739807,21.917074448518022,2.4402699512573176,564.0
29.822916666666664,0.5190547922988237,1.3351150436059869,0.15877239689414058,30.880969585371815,0.8343856396220856,22.33659990137938,2.439482921198434,564.0
29.833333333333332,0.5329657336351259,1.3431053319695487,0.16005082856896244,30.980881882188996,0.8402405350247079,23.10047158525815,2.4404278489917153,564.0
29.84375,0.5579967462433759,1.3640487335412272,0.1616636563913477,31.112771178639065,0.8470506975101945,23.707167357074297,2.4400916639278813,564.0
29.854166666666664,0.5773260627365782,1.385036825774284,0.16340338259577275,31.25995178738933,0.8543839096471613,24.04273095239639,2.4433059355076847,564.0
29.864583333333332,0.604436815889,1.4117897697625617,0.16508329324081922,31.402520074901222,0.8616534624417113,24.118301954207773,2.4511561658751515,564.0
29.875,0.6255126332501749,1.4319893735457911,0.166551140255894,31.531854804140753,0.8687574548662204,24.32855061282659,2.458411995693355,564.0
29.885416666666664,0.6360367313147831,1.4419835270116175,0.16760470596237342,31.642520065939564,0.8757041740950028,24.768365916405255,2.4668642765353868,564.0
29.895833333333332,0.6626296691255072,1.4608178908767038,0.16810191881226566,31.721692639184226,0.8818455384987445,24.45815149441588,2.4627216993943835,564.0
29.90625,0.686404868612861,1.4726980655348412,0.16833977515628504,31.771816239889908,0.8873051232091277,23.721056783027983,2.4526492359733734,564.0
29.916666666666664,0.6955067240436981,1.4717881705066742,0.16817032684335712,31.794110294286657,0.8922420714578094,23.055315874540604,2.444213680414693,564.0
29.927083333333332,0.72318242035401,1.4805745393814802,0.16750296248375715,31.788360675569905,0.8961754332110287,21.82252323061649,2.432578208397353,564.0
29.9375,0.7436520751991933,1.4815538016711531,0.16694330209940428,31.757679614736173,0.8993619531837396,20.754185880424927,2.4322650407891464,564.0
29.947916666666664,0.7526919211046015,1.476144701598468,0.16615354711664945,31.70223072243391,0.9017650992565873,20.16329182568839,2.4325338353555135,564.0
29.958333333333332,0.7759052235382122,1.478830948275974,0.16557716679558263,31.62478651201238,0.9032457852309751,19.76087106858515,2.4323541697267266,564.0
29.96875,0.8000318239096235,1.4841212776341184,0.16535086165981824,31.526559839272924,0.9037736058182425,19.489407390735096,2.432437931952836,564.0
29.979166666666664,0.8143556164096075,1.487625237182768,0.16527507041493258,31.40804153388326,0.9032944200219004,19.341214295293067,2.432715299127234,564.0
29.989583333333332,0.8442557999922514,1.500903885354071,0.16566574826189165,31.273796381996785,0.9018059628197804,19.15844940598069,2.4325372308427218,564.0
30.0,0.8757955404680366,1.517675673052618,0.16657226224319005,31.123245307530762,0.8993114361272354,19.003438386236013,2.4326703804661705,564.0
30.010416666666664,0.8975799593553505,1.5332102035604018,0.16770043931506734,30.955644810402454,0.8958072533725937,18.911985230670414,2.432949505330976,564.0
30.020833333333332,0.9334834338517096,1.557846568571043,0.16941482835577953,30.773602895674102,0.8913916521219609,18.809312184983323,2.432977517892518,564.0
30.03125,0.9724024388404061,1.5874524998731596,0.17172998986288604,30.576106880406144,0.8861127594206932,18.721747970694626,2.4331547405348926,564.0
30.041666666666664,1.0026981371110308,1.617047963796457,0.17438117363110528,30.362404615738896,0.8800305516529238,18.66915244696471,2.4334136718603685,564.0
30.052083333333332,1.0469957182420748,1.656249962646353,0.1776817730884671,30.13792495671387,0.8733955884618442,18.557267722339148,2.4332977760558463,564.0
30.0625,1.092581993094903,1.700123841786905,0.18135371685048998,29.91038563638054,0.8665406166526595,18.302104817810996,2.432816566539284,564.0
30.072916666666664,1.126645114261238,1.7403746641334996,0.18557319436402103,29.670258357107286,0.859265701808863,18.116604736040028,2.4332292119416676,564.0
30.083333333333332,1.1688958486702044,1.7881206296831877,0.18946554973582413,29.446473365533876,0.8525141357689989,17.65069779952847,2.431929087237221,564.0
30.09375,1.2038846958596152,1.8321974187834602,0.19401469606863392,29.22558511203107,0.845920477841006,17.17646758270524,2.432008158821663,564.0
30.104166666666664,1.2317035392545568,1.8717866610362293,0.1989236431343976,28.99687650005502,0.8391971227269425,16.856968754873808,2.4330225949480377,564.0
30.114583333333332,1.272260039322347,1.9196297715409987,0.2040198318460637,28.775241125009337,0.8327995341986799,16.527775398794343,2.4332973652806875,564.0
30.125,1.3161280708154814,1.9715182219246634,0.2101163368363228,28.55311609672241,0.8265116577370312,16.252791835401872,2.1983602068925956,564.0
30.135416666666664,1.3576884367978224,2.0251830079310698,0.21707420693080087,28.325192373103516,0.8201882370085706,16.068698300301783,2.1834747033888555,564.0
30.145833333333332,1.409689065329243,2.088321648974372,0.22503939900319148,28.099516330162654,0.8140493630894392,15.896676562766306,2.1672490615588558,564.0
30.15625,1.4638586564083942,2.157108650619761,0.23458751410951678,27.870872892606624,0.8079437235639009,15.76566721859401,2.1518945052792775,564.0
30.166666666666664,1.518218933454799,2.2296888304307396,0.24553493421352748,27.638335731999007,0.8018396428757786,15.675048530071823,2.137613507835449,564.0
30.177083333333332,1.577428679862585,2.3097639153478124,0.25822160149411744,27.4064945560905,0.7958479415207066,15.58893677366595,2.1229542765966967,564.0
30.1875,1.6395117119940368,2.395718394637739,0.27274837703447435,27.179666624470652,0.7900674108799345,15.481236779397197,2.1068885520560245,564.0
30.197916666666664,1.7019050974824355,2.4833820391633714,0.28964341785300857,26.951600404425445,0.7843307637810506,15.392583762086716,2.0919726904817546,564.0
30.208333333333332,1.7672012614480024,2.5770021466088493,0.30797591119954426,26.739386911919954,0.7790592423307149,15.23884270329073,2.0723870467027004,564.0
30.21875,1.8303831779273632,2.6706127502348442,0.32943687237219726,26.533351601474426,0.7740045635524702,15.082648395432424,2.052277019021031,564.0
30.229166666666664,1.895379030088482,2.7636803101372314,0.3538817480469598,26.3283061665708,0.769041491980932,14.949892264543717,2.0402253990250574,564.0
30.239583333333332,1.9658808375711312,2.860518402998211,0.38158350811743286,26.127637140572084,0.7642573909827785,14.825005783818774,2.042125949301166,564.0
30.25,2.041739347419693,2.9606701327027016,0.41378267232914845,25.92916537450818,0.7596070869491396,14.727538250569337,2.044329514237357,564.0
30.260416666666664,2.1213964792714903,3.0628914152380644,0.4506907185467501,25.733474783266054,0.7551134088003795,14.664059932443513,2.046469743363967,564.0
30.270833333333332,2.1902154039285446,3.160914681720604,0.4975002128677785,25.514924143145457,0.7502194303195059,14.722403389233724,2.049380482110419,564.0
30.28125,2.258563032046116,3.2626211973169927,0.5531564630844273,25.275796563410537,0.745041357386406,14.900221078574708,2.0509245953121478,564.0
30.291666666666664,2.346912587871539,3.3778066697212017,0.614758705080237,25.045190987190526,0.740255918779843,15.079300164005554,2.050302174183919,564.0
30.302083333333332,2.382794310099906,3.475066633660156,0.6998601986364736,24.77713857139237,0.7350090732201124,15.475560288850302,2.0513673187548074,564.0
30.3125,2.3713293469556973,3.5655308164975694,0.788778637136929,24.509688499765737,0.7302109171027574,15.955062682337816,2.061229689000928,564.0
30.322916666666664,2.398444428153225,3.6686003061710317,0.8858404292347926,24.267098182288816,0.7263850134724675,16.37014820781152,2.0787617648317203,564.0
30.333333333333332,2.1918413354413504,3.6893455015433387,0.9856562153544564,24.02784051550135,0.7233705970512445,17.029678780278882,2.111195232142404,564.0
30.34375,1.9242301737461582,3.6709487640080027,1.0655722380766666,23.816892901602152,0.7218483139705812,17.944257760533727,2.147988029017224,564.0
30.354166666666664,1.7859485714213659,3.680041807820707,1.1333388195234086,23.661502892685665,0.7223585511834244,18.77931153797092,2.177798228846952,564.0
30.364583333333332,1.4400952974688497,3.545258714338071,1.155421930119303,23.56245280797476,0.7262233711529443,20.48025765902856,2.230947708823771,564.0
30.375,1.1357188545693366,3.359933963596325,1.0844739702363344,23.59284599393322,0.735286542986285,22.551685717950015,2.448472158385738,564.0
30.385416666666664,0.9783902209433262,3.2104244486701434,0.9743896562317013,23.795361139925205,0.7502661143700107,23.941896154070783,2.446008719799847,564.0
30.395833333333332,0.8101239239812158,2.998256766308978,0.8338343475124737,24.229817377930292,0.7736171825474549,25.535336115614363,2.4464784921521003,564.0
30.40625,0.7197648314521554,2.803660258899667,0.6871459157740055,24.899095702670678,0.8044455378031702,26.654766001947642,2.448864416326509,564.0
30.416666666666664,0.6630162153411021,2.631312347507559,0.5688496359460168,25.77622272232659,0.8411278390744943,27.898685865140536,2.479119641451214,564.0
30.427083333333332,0.6426259478016982,2.4796894613106164,0.47812347771378716,26.817175624054872,0.8814240907614873,30.288850915084844,2.51837231203694,564.0
30.4375,0.6417937852922108,2.3517134364781227,0.4099401117684156,27.939951599406136,0.9217587154372511,32.34815644235922,2.5541367518325826,564.0
30.447916666666664,0.6269082818724576,2.2247505284174984,0.3587515908151727,29.10400614803241,0.9602707777315538,34.076061778496076,2.5893178345932246,564.0
30.458333333333332,0.6564841800570665,2.1493219508299193,0.3226902984863806,30.196065547247972,0.9930907554785217,34.337155126790925,2.611455284587181,564.0
30.46875,0.6879197478860345,2.0856243821274685,0.2959291569500229,31.19103857000681,1.0197779369602897,34.03221833015529,2.6248029859371615,564.0
30.479166666666664,0.6895795302930317,2.006839048353451,0.2739456559033549,32.10039541670163,1.0409449391749124,34.23408429657024,2.6386039243805763,564.0
30.489583333333332,0.7281271782959704,1.9708035961779513,0.2559903363978204,32.807775287714,1.0547492872767212,32.08250217211417,2.6259439917232186,564.0
30.5,0.7471033109413078,1.919803611155611,0.2411584699472113,33.37987488325792,1.0636593869394797,30.204030424510066,2.605944448455353,564.0
30.510416666666664,0.7370974437181085,1.848101362197188,0.22774486047460435,33.85703843003735,1.0688552886405265,29.365024418482104,2.589823920354309,564.0
30.520833333333332,0.7564845681196861,1.8019522879089325,0.21552940118171063,34.19671642561874,1.0705232600431975,27.33466776763379,2.5568736082928303,564.0
30.53125,0.7657888886353266,1.7486884097565503,0.2052372021978124,34.445067599793965,1.0697011798247997,25.580166934816482,2.5219040443717877,564.0
30.541666666666664,0.7551168557815373,1.6853966860697802,0.19598028583292815,34.622082566112255,1.0666598209974325,24.40920744195337,2.4916334347501623,564.0
30.552083333333332,0.7673506425950851,1.6404500947437606,0.18750901634581596,34.721649456826135,1.0620983778939934,22.65912259476773,2.4518159959397994,564.0
30.5625,0.7719190416748739,1.594309030944119,0.18028063800427466,34.76488785250312,1.0563208208464139,20.780597208607286,2.4288277264639606,564.0
30.572916666666664,0.76001957570037,1.5417353083892888,0.17390616865435657,34.76163986058618,1.0491312882217647,19.347607393955094,2.429103762185217,564.0
30.583333333333332,0.7588914655145805,1.5007678080927809,0.1677454468095047,34.72221777550789,1.0417017672951323,18.11273695102386,2.427699490840437,564.0
30.59375,0.7474738446687871,1.4554785546027527,0.16246374607570702,34.65418657438176,1.0336513219664933,17.257328883006643,2.4278790595065933,564.0
30.604166666666664,0.7293395769727808,1.4085082642064217,0.15770241852834052,34.55787530730986,1.0246878524984984,16.757014539588116,2.4288456394315867,564.0
30.614583333333332,0.7183192898138574,1.3672657177289043,0.15341716645900186,34.43519118806454,1.0148709792109158,16.47675308075235,2.429793754951441,564.0
30.625,0.7117815065628538,1.3333688755835327,0.14986826776336187,34.28552233301527,1.0040742512669274,16.357153276589543,2.430948650190756,564.0
30.635416666666664,0.7050404348902534,1.3065158348034378,0.14698627051886337,34.11171917481624,0.9924422614000226,16.311777703373597,2.4319156671930573,564.0
30.645833333333332,0.700692707975992,1.2861459998654547,0.1446465257703545,33.91891881261295,0.9802408248926247,16.266222250588648,2.432653323883929,564.0
30.65625,0.6923578827849348,1.2697992151673996,0.14280370375419957,33.711623758856305,0.9676796044765817,16.19076653587423,2.2104521580671666,564.0
30.666666666666664,0.6832903052350339,1.2561725945000806,0.14145176821715524,33.486600326583016,0.954528296844619,16.139281275799956,2.199196575953585,564.0
30.677083333333332,0.6642528204102667,1.2420850686159155,0.14017560328498446,33.2527849962477,0.9412941613036488,16.055871460561004,2.186570358587069,564.0
30.6875,0.635328948800483,1.2247553938878186,0.13913396523675664,32.997244880885724,0.9272658399115821,16.04685450913184,2.1775379821224434,564.0
30.697916666666664,0.6162630456923834,1.2126625569318512,0.13828166789661517,32.7277398756967,0.9129205067753604,16.056117846185877,2.1690724350063695,564.0
30.708333333333332,0.575181670610317,1.1917296411563032,0.13747564118468972,32.420752431488374,0.8971063411496759,16.2228323248329,2.1682962489065454,564.0
30.71875,0.5351121344623606,1.1716425080773012,0.13669035911130997,32.07955715146174,0.8801484022328327,16.51172343097133,2.172654048610295,564.0
30.729166666666664,0.5136258033457669,1.1620156823964143,0.13614311850941446,31.727252872019054,0.8632732628436242,16.754892300606574,2.175770446229631,564.0
30.739583333333332,0.4787650965649806,1.1402913753994712,0.1361356336414325,31.27823623744191,0.842608759052294,17.554361044497345,2.201984949361779,564.0
30.75,0.46251051563727524,1.1343831947275096,0.13648442000429267,30.781875182056535,0.8207179008204462,18.704358840127544,2.442503498592051,564.0
30.760416666666664,0.462522003396919,1.1471834902357276,0.1374516171129287,30.303455854976377,0.800413300413662,19.59853176457713,2.4405785728295624,564.0
30.770833333333332,0.46296316306149954,1.158572758432341,0.1392051449633798,29.81800899369035,0.7804779557339322,20.684435150057777,2.4408225436744875,564.0
30.78125,0.47400412949259524,1.18035127842394,0.14113190371114295,29.38976378421568,0.7633838855552764,21.525036801642525,2.4396312475773407,564.0
30.791666666666664,0.48473101135788516,1.2029280932863469,0.14317592979838414,29.039577062036802,0.749764271184908,22.022008472199737,2.4385000583746868,564.0
30.802083333333332,0.4964248381983126,1.221289329186182,0.14512067969268366,28.769812227582026,0.7395923921850417,22.448473852794407,2.438108649288203,564.0
30.8125,0.5097908040809673,1.237667578487331,0.14686303504723602,28.5867823414838,0.7330501552131907,22.866907307308697,2.4378643971737635,564.0
30.822916666666664,0.5214633429403419,1.2529286338141645,0.1483297322156986,28.4915140280907,0.7301147785519567,23.125083157951767,2.4374297568470085,564.0
30.833333333333332,0.540686171197346,1.2693558108767418,0.14996095471100604,28.47505038073477,0.7304072582648452,23.658178039342175,2.4526840363531033,564.0
30.84375,0.566358085023526,1.2909915508816614,0.1516014246375858,28.52853050846671,0.7334963533344577,24.783666437813196,2.474047878679035,564.0
30.854166666666664,0.5845813662375494,1.309154372911938,0.15311602390646584,28.6374896276726,0.73877119193614,26.209327804069257,2.496394946521183,564.0
30.864583333333332,0.6164687532254141,1.333652048304625,0.15459030773376733,28.782089833176606,0.7454261017568559,27.116564505782755,2.5130392704217663,564.0
30.875,0.6466126665470593,1.3546111729811086,0.1559385678246289,28.94828431179404,0.7529691054981463,27.644542265656177,2.5262947009401673,564.0
30.885416666666664,0.6641798950986912,1.3668176327345687,0.15693984614886497,29.126323969220365,0.7611135183009329,28.13826550933416,2.539075371217137,564.0
30.895833333333332,0.6968624417022785,1.3859500572596115,0.15753552229222023,29.294126712839546,0.7689887207251468,27.686762003082627,2.5397718544201866,564.0
30.90625,0.7239442701053936,1.3983829194786095,0.15788331903066835,29.448930957764947,0.7765524091298222,26.96745230175691,2.5342593626042094,564.0
30.916666666666664,0.7354939344679778,1.3994855372314012,0.15789319762222256,29.592841523393613,0.7839747498552561,26.596120664065996,2.529812574498812,564.0
30.927083333333332,0.7594448078891631,1.4066751607275212,0.15732913313322233,29.711222150257363,0.7904929031748138,25.4113016465296,2.5122544912581826,564.0
30.9375,0.7748168913946059,1.4066914397067967,0.15655379328656943,29.808983590310888,0.7962827146445284,24.03740021356094,2.4882927142452664,564.0
30.947916666666664,0.7761357917510304,1.3962403011721176,0.15560083692334703,29.89299383641048,0.8016856137367129,23.03687376437264,2.467112516645255,564.0
30.958333333333332,0.7851719413673022,1.3913926535776837,0.15396778603569417,29.954327558197022,0.8059976671916118,21.344327354977096,2.4314726422884267,564.0
30.96875,0.7831772363246874,1.3777694779836944,0.15244662043969057,30.002441081699065,0.8097097483056708,19.687526316359055,2.4271849177686113,564.0
30.979166666666664,0.7746223198464091,1.3583614937863588,0.15081243000010355,30.040744817205574,0.8129915297387189,18.5746475687911,2.427641940335224,564.0
30.989583333333332,0.7759562440103694,1.3446577600078056,0.14939247897098257,30.069408787663942,0.8157736485537531,17.939833376030663,2.428109030029186,564.0
31.0,0.78326585392577,1.3373542146328739,0.1484345030843826,30.089234662542943,0.818033157139225,17.63322224996256,2.428774382835941,564.0
31.010416666666664,0.7892515804419105,1.334559690608974,0.14782300123447195,30.100570157490818,0.8196879225142283,17.48832136469249,2.4292527190294755,564.0
31.020833333333332,0.8073653653134084,1.3417793706876495,0.1478846910515886,30.104268006490084,0.8206936744125585,17.40450857249642,2.4296011759987715,564.0
31.03125,0.8300272028416302,1.3560086142310463,0.14851212164888888,30.101502085200867,0.8210432420236625,17.327121138820978,2.429845040441998,564.0
31.041666666666664,0.8475178051320096,1.3719915023089926,0.14954720842145613,30.093436520671577,0.8207571451669147,17.281178637897046,2.430279885351101,564.0
31.052083333333332,0.874903689255452,1.3961299168339552,0.15111655013173625,30.08147092489273,0.8198870623898677,17.203772904699985,2.430397949250536,564.0
31.0625,0.9039682858861607,1.4250843330626533,0.153212831751999,30.06672647048897,0.818504000456212,17.11171260975716,2.430636301396257,564.0
31.072916666666664,0.9284903543799269,1.4553353826034565,0.15570358132848533,30.049871276151457,0.8166575527946273,17.050254810481054,2.431111818835421,564.0
31.083333333333332,0.9596230450832407,1.4930454840084963,0.15869494132887194,30.03206856632123,0.8144862827763405,16.94671906255238,2.4311822561394534,564.0
31.09375,0.9925204477050507,1.535609137681524,0.16229498641950213,30.013555763101145,0.8120613709172356,16.827241004954082,2.431463301345176,564.0
31.104166666666664,1.0230557091946464,1.5800048230669297,0.16641649779327752,29.994040961721,0.8094063142568628,16.74400141183076,2.432064411510704,564.0
31.114583333333332,1.0608803943124077,1.6322637550478671,0.1708426407068508,29.9749047729127,0.8067944525965431,16.541883986063166,2.43173924166199,564.0
31.125,1.0978007055423007,1.6862705827570583,0.17594330824144908,29.95529527809399,0.8041943228470416,16.312149612774117,2.2084799015110548,564.0
31.135416666666664,1.1320108023268223,1.7396394715234678,0.18161399362548972,29.934037960648897,0.8015333180045466,16.146147548399128,2.196248654013855,564.0
31.145833333333332,1.1733942839557068,1.8000865029797808,0.18749976578728225,29.912730302356408,0.7990677177124526,15.911146747447548,2.1787651877409826,564.0
31.15625,1.214391604698926,1.862496803836002,0.19425329247764464,29.890357737422825,0.7967018547214003,15.681963581418565,2.1602618303183863,564.0
31.166666666666664,1.2547046841532032,1.9253508922354854,0.20183417321010064,29.86568605937979,0.7943375232450167,15.518309405806162,2.1434674545138406,564.0
31.177083333333332,1.3025322963964756,1.995989320689222,0.20996259648632654,29.840535417547105,0.7921563520781123,15.332441482376073,2.122654511622506,564.0
31.1875,1.353195147151396,2.0702272717656367,0.21970459942540554,29.812956058631144,0.7899858081004416,15.198878448735568,2.103551836909067,564.0
31.197916666666664,1.4076659320613798,2.148745848845412,0.23066838274041243,29.78280551835069,0.7878278466194604,15.106228552783165,2.0855211428271057,564.0
31.208333333333332,1.4746716885032485,2.2360225232891087,0.24388716691245532,29.74876518674725,0.7856058322138211,15.069487656750571,2.070816580052294,564.0
31.21875,1.553481885879267,2.3340982104155454,0.2594304842254717,29.71136442361219,0.7833699759103013,15.05345654697497,2.0574221524058993,564.0
31.229166666666664,1.6358171657460243,2.439025447693011,0.277605946664406,29.67094553966649,0.7811428400382431,15.037750128083054,2.0445455944130626,564.0
31.239583333333332,1.7208615273197843,2.55056843812294,0.29876393532422585,29.628706308543926,0.7789817425234359,14.997602771803072,2.04124465479401,564.0
31.25,1.804215844967497,2.6643394829861524,0.32350142043081825,29.584416632389917,0.7768640996886634,14.945730176674376,2.0427605816400223,564.0
31.260416666666664,1.8879517249964042,2.7780545536112995,0.3521367766331386,29.537416223439074,0.7747562156626566,14.904634312217262,2.0444501707703933,564.0
31.270833333333332,1.9547117058507748,2.8861470552197708,0.38709433222378115,29.482231606774853,0.7724394905418763,14.939323330140384,2.0467101356796973,564.0
31.28125,2.0157429877286446,2.9951181283592754,0.42885362207996147,29.41672060295058,0.7698860861920123,15.06101606929603,2.048154336480346,564.0
31.291666666666664,2.0984303320832747,3.116579196687969,0.47597617787138014,29.347212838553684,0.7673905232062396,15.183469041981223,2.0477689136656037,564.0
31.302083333333332,2.129332054463463,3.222334769813246,0.5402947221236799,29.25734876206431,0.7644701993384245,15.475570231710645,2.049342628854833,564.0
31.3125,2.1183455668019815,3.3237375802907776,0.6111270273005235,29.15472693369795,0.7615409951299229,15.841631132290312,2.065457131653272,564.0
31.322916666666664,2.147783007462308,3.438913050301957,0.6921157531147624,29.046488428564917,0.758908969044529,16.18254865930767,2.0834593643209636,564.0
31.333333333333332,1.961014281150262,3.479185346196975,0.7798323607423301,28.91877545575174,0.7563951650106757,16.735793500421263,2.11430864407935,564.0
31.34375,1.7159690065121773,3.4823898441590098,0.8568584594271461,28.77709080190194,0.754341206259069,17.488615142361912,2.148849645365253,564.0
31.354166666666664,1.5903163469615105,3.508668829679242,0.9275135483750238,28.634559642236553,0.7530650530683087,18.17808878046358,2.176960321010985,564.0
31.364583333333332,1.2731601451472383,3.4037317089267454,0.9656395442525659,28.470210045689804,0.752741017882169,19.558761108293822,2.227073526916946,564.0
31.375,0.9960971319364441,3.249951909809877,0.9297813531440856,28.323501083718615,0.7542174406034095,21.28245895342604,2.4452033900206223,564.0
31.385416666666664,0.8560912253005987,3.124692186939805,0.8579684035139687,28.238715907358415,0.7579655013974057,22.499034904570472,2.4427998902279073,564.0
31.395833333333332,0.7037585062830746,2.9362528099763336,0.7549920898214202,28.248886948520514,0.7649102380155073,23.852611027798684,2.442965192800977,564.0
31.40625,0.6202646502094364,2.7578011138682696,0.639261588476054,28.391083018292615,0.7750892792527955,24.8029588724679,2.4419084347107014,564.0
31.416666666666664,0.5691030415504027,2.5958881951445747,0.5408150184911037,28.67502216975129,0.7882018362595847,25.40535104420995,2.454492426123804,564.0
31.427083333333332,0.5448074568344801,2.4473983774947268,0.4610848589444053,29.092076830790873,0.8035771809940597,26.73259478511207,2.485210745142936,564.0
31.4375,0.536233305735105,2.3162491843752937,0.3986575667072879,29.610689610096255,0.8199766105926676,28.506518364356175,2.516336157170214,564.0
31.447916666666664,0.5206992188204959,2.1883968449304927,0.35062072590112275,30.20572261501238,0.8365262617384608,30.212659733447136,2.5479076779505605,564.0
31.458333333333332,0.5374968034534399,2.104600820442868,0.31587941928624247,30.815097348316385,0.8514920931822305,30.864506754212556,2.5700582553470066,564.0
31.46875,0.5598298257994289,2.037186283534533,0.29002551628986956,31.408266843539355,0.8642492461543019,30.860764007080515,2.5843421521610055,564.0
31.479166666666664,0.5606938989484195,1.9584418709010059,0.26890642802080106,31.98336496274632,0.8748181639710506,31.138124445982267,2.598790968427594,564.0
31.489583333333332,0.6037239239718712,1.9310252040934601,0.2523428183006298,32.44967299931086,0.8819016462080229,29.27968141424401,2.587161356065848,564.0
31.5,0.6333199787115569,1.8901952625888605,0.23882238844879128,32.84488419200836,0.886633805843527,27.508859531294746,2.5672488308329187,564.0
31.510416666666664,0.6333922371760164,1.8257324007318765,0.22639100947087346,33.19668003118138,0.8895631455404798,26.623032794685383,2.550616519935045,564.0
31.520833333333332,0.6591104124317697,1.7820507641967058,0.21525568376445808,33.476660107956484,0.8906741461617215,25.23304316206082,2.5240781632857936,564.0
31.53125,0.6792204127583245,1.734365320848124,0.2059771700080903,33.70925034364248,0.8903218228027662,24.17592940960524,2.4995820282073673,564.0
31.541666666666664,0.6827485395435834,1.68313727786271,0.19767343723509553,33.89647795954502,0.8885807542240634,23.363721959135457,2.477976772884606,564.0
31.552083333333332,0.7102750321807428,1.649124589247996,0.190819352193562,34.03412793791138,0.8856187880700531,22.417421628141398,2.4552502444913293,564.0
31.5625,0.7395922451462085,1.6239102777327834,0.18523568509961974,34.12484214029462,0.8816814462854003,21.228310410217453,2.4305877684189,564.0
31.572916666666664,0.7485313417475171,1.5937541024270898,0.1805841874693637,34.175972138135286,0.8767334064534241,20.095019860567273,2.4290244631290614,564.0
31.583333333333332,0.7692882861530271,1.5745830912901597,0.17620869733953748,34.18859631886278,0.8714391377268095,18.984557540894194,2.4277059988071015,564.0
31.59375,0.7790938823344924,1.5507979810537318,0.17253098689846505,34.17090111969449,0.8656700508627594,18.201772812709198,2.4275710953660017,564.0
31.604166666666664,0.7763086561513958,1.522537466833167,0.16918933504913874,34.12432435804512,0.8593001120931483,17.752545074150675,2.4280615069272464,564.0
31.614583333333332,0.7795002264415901,1.4990137276627855,0.1660537385607037,34.05184725512176,0.852593709028226,17.433104411460704,2.4281090213826904,564.0
31.625,0.7818158949453763,1.4786608153087217,0.16348402298077,33.953711134417524,0.8454773440677987,17.230367642178866,2.4285074095049195,564.0
31.635416666666664,0.7800151371376656,1.4611988560782105,0.1614022456740681,33.829989274130696,0.8379569906043471,17.12121940988441,2.4289992221963637,564.0
31.645833333333332,0.7761519292520042,1.4467030983947657,0.1596725934235779,33.6819411724643,0.8301166222768701,17.061985042793264,2.4294111465979373,564.0
31.65625,0.7667329838783087,1.4347495370560468,0.158386817646373,33.50962279207161,0.8219675564948843,17.043749062848683,2.4298819279192014,564.0
31.666666666666664,0.7592902826192677,1.4273303950503673,0.15755726589938776,33.31447604094582,0.813587640453474,17.045707841340295,2.4302856887192785,564.0
31.677083333333332,0.7372684840524069,1.417008972328253,0.1569700444400032,33.09133696636557,0.8047913027599946,17.12966275852811,2.4310457132501333,564.0
31.6875,0.705589317916726,1.4053095658827073,0.15677618436240864,32.82881674199268,0.7952391191779217,17.402945923066774,2.432288559009128,564.0
31.697916666666664,0.6901787829222017,1.405141412141141,0.15690798465326852,32.54512993959287,0.7856626696437105,17.633820315059687,2.4322874331724065,564.0
31.708333333333332,0.6423776976525523,1.3916933883635225,0.15772855045742862,32.19083409978894,0.774562900318484,18.330003873028495,2.43465125626933,564.0
31.71875,0.6049355667717842,1.389891717901132,0.15888196288410542,31.792232782917466,0.7630102061564432,19.197923772877505,2.4352568682148057,564.0
31.729166666666664,0.5916235041403214,1.4058326736691134,0.16076212946780655,31.381177150012622,0.751992567223076,19.795749810382393,2.4346012736564075,564.0
31.739583333333332,0.5643006281027385,1.411628244599675,0.1633120377165107,30.922595873718002,0.7407070177914452,20.68050003351827,2.435965853737693,564.0
31.75,0.5483108046823792,1.424798077728249,0.16597274870878048,30.45193053606649,0.7302706993098409,21.570737980321944,2.4361950780176818,564.0
31.760416666666664,0.5467556302208444,1.447885625341684,0.16889421720945075,30.001575326306344,0.7215446781456734,22.103857096010945,2.4355701701204167,564.0
31.770833333333332,0.5359840999552656,1.455992659039635,0.17243270361962348,29.528672451998073,0.7140777317437826,23.513954644366418,2.4576842764841142,564.0
31.78125,0.5452392427914979,1.4787753397291683,0.1763634415605398,29.076273882324006,0.7092025171863461,26.53668120128539,2.503508352829078,564.0
31.791666666666664,0.5641804586257312,1.5155296098289417,0.18057390541592316,28.68459682917074,0.7076729916963983,29.7265657797575,2.5500665798768276,564.0
31.802083333333332,0.5920842180499808,1.5494961930133022,0.18617507250361853,28.324910709892443,0.7097737477335468,34.10343182256402,2.615560231002166,564.0
31.8125,0.6349302759114366,1.6005583502200498,0.19180272470044823,28.03195423081897,0.7155807955866643,37.02459387442658,2.8516888814653045,564.0
31.822916666666664,0.6668969574450576,1.6455803541850724,0.19734370336519763,27.79642103790727,0.7247191533955055,38.975741310130886,2.848655094353475,564.0
31.833333333333332,0.7018031741115744,1.6888702935119784,0.20233288299389415,27.609865368806737,0.7364938893795535,39.916221324127385,2.846141955473293,564.0
31.84375,0.7336894083767068,1.724932544065584,0.2065516316599982,27.459055100369973,0.7502781049124665,40.352317376426214,2.844269562564421,564.0
31.854166666666664,0.7526007568875596,1.747569044266948,0.20986294043695963,27.33046811197995,0.7657591105953286,41.04892860744841,2.844093124835645,564.0
31.864583333333332,0.7952654907541115,1.7810773257315036,0.21209470172400083,27.222350365624212,0.781354756104903,40.81081917970709,2.8493803131656494,564.0
31.875,0.8312769459581664,1.8033453961920691,0.21365105605301843,27.123814026347965,0.7969558838308691,41.90837988156935,2.8561240728267423,564.0
31.885416666666664,0.8475341191014253,1.8092712433644373,0.21431211520479893,27.02698268306125,0.8126502014667952,43.80422166746834,2.86429655866049,564.0
31.895833333333332,0.8880248575192523,1.8292067124680376,0.21345250630803062,26.939497548205658,0.8264353352521527,40.97535254821392,2.851792282211723,564.0
31.90625,0.9121641652053817,1.833483586379051,0.21201100167794887,26.856111850905492,0.8388222002438299,36.089971920720544,2.8355616022558223,564.0
31.916666666666664,0.913122148866145,1.8183909880700697,0.21000659316547562,26.770591923788512,0.8505406376017254,33.67046328295538,2.835594653049517,564.0
31.927083333333332,0.9308313329361351,1.8142511243867923,0.2065538153746988,26.69405446250476,0.8600866402209197,30.716738448529508,2.833556563643251,564.0
31.9375,0.9340071396642312,1.7971339503746266,0.20328979625667415,26.62052664072986,0.8683770224128456,28.754454572284864,2.8336860955512364,564.0
31.947916666666664,0.9242915201790696,1.769691534357427,0.19988251466798454,26.546308670727022,0.8758369882757059,27.853331446974664,2.8351842040036295,564.0
31.958333333333332,0.9313305448558735,1.7534849520694753,0.19611458211144306,26.47877825558562,0.881796772614465,26.203244577780378,2.8355365430481125,564.0
31.96875,0.9323610322272343,1.7337880062251643,0.19295404662420998,26.413854729374883,0.8867411325369918,24.891166365908468,2.620023426432289,564.0
31.979166666666664,0.9256700373863039,1.7108444564992462,0.19004968720397558,26.349430233912045,0.8908310509030469,24.057709784372914,2.579781486014592,564.0
31.989583333333332,0.9352452124870594,1.6989173981114756,0.18772590147419657,26.28749041985064,0.893928031844484,23.174833270535494,2.5400246453731876,564.0
32.0,0.9497001560004644,1.6937101204308338,0.18630887699178178,26.226583941748054,0.8960992739186339,22.373446970870898,2.5036426276120203,564.0
32.010416666666664,0.9592615298008299,1.691709772615494,0.1854773605462863,26.166193277193027,0.8973254618486061,21.603435615605115,2.4707341042962585,564.0
32.02083333333333,0.9838405866762893,1.702676667153625,0.18526892225221223,26.109574562814142,0.8975946701060473,20.467711151984847,2.434423429406452,564.0
32.03125,1.0069319234754657,1.7172993530665617,0.1857578437138953,26.055549925468906,0.8970549649276428,19.132660341161976,2.425415187157668,564.0
32.041666666666664,1.0204691315202894,1.7292471495444208,0.18679100109238764,26.000644955723985,0.8957502707747548,18.120521588393103,2.4258192740069555,564.0
32.05208333333333,1.0426783187100106,1.7496952325883777,0.18785716063110897,25.949494745269504,0.8939197357351777,17.29044029015034,2.425068694468051,564.0
32.0625,1.0618147512004903,1.7700208741006989,0.18966005771504588,25.898303111588607,0.8915826746287148,16.71678083528271,2.4253309544969937,564.0
32.072916666666664,1.0769912434058935,1.7897198781862107,0.1918273279704936,25.845108244810156,0.8887181081013511,16.374452008236972,2.4260659532681657,564.0
32.08333333333333,1.104840889614277,1.8190634094967664,0.1944747785020122,25.792249015883428,0.8855242488572772,16.102153973459938,2.4262376095244536,564.0
32.09375,1.1369309207020735,1.854372985456387,0.19805118905499683,25.738229538834627,0.8819822711514466,15.905302970655201,2.426857156167808,564.0
32.104166666666664,1.1671203405857777,1.892775258857796,0.20237297634723136,25.682044558255246,0.8780647752807498,15.789823035340524,2.427782031482777,564.0
32.11458333333333,1.2091778075330573,1.9414107997706553,0.20766535324289104,25.625361275994905,0.8739176003420963,15.694630123617184,2.428447039995386,564.0
32.125,1.2566785309708743,1.9974931560042883,0.21422445739045548,25.567622487633137,0.869521820439778,15.627337719103936,2.4294011910320803,564.0
32.135416666666664,1.3031511013103307,2.0576181411889367,0.2218912636039608,25.508617441216096,0.8648673449637276,15.592820460077558,2.202500954023903,564.0
32.14583333333333,1.3607923864590319,2.1281066634767867,0.23074973378556612,25.45160841167804,0.8602199303396255,15.523175375396326,2.1873655400731797,564.0
32.15625,1.4214779988689956,2.204548291195014,0.24121519107839803,25.396396983584868,0.855576757376646,15.434473018009866,2.1710841877831,564.0
32.166666666666664,1.4797707084904577,2.282422359137804,0.25336081757752354,25.341278024431546,0.8507961529126996,15.37279849324828,2.156081822263663,564.0
32.17708333333333,1.545612363221886,2.3681166316356137,0.2668591268467677,25.289885628154714,0.8462007612013718,15.27978769145715,2.137963568532321,564.0
32.1875,1.6108106754332874,2.4560482681405715,0.28303969043140836,25.238901883331476,0.8415017910218615,15.219246644540839,2.121613995257163,564.0
32.197916666666664,1.6784717161105676,2.546958992700995,0.30132173986462,25.18892691347096,0.8367506824142108,15.181820344854138,2.1060905879827394,564.0
32.20833333333333,1.7474362729380633,2.6416545128744904,0.32321302191289925,25.13803708877675,0.8317529512981124,15.1951522646949,2.094318420821871,564.0
32.21875,1.8234353757191872,2.743603726535464,0.3486059380518744,25.087943945832997,0.8266612631964276,15.227151468561779,2.08402709610148,564.0
32.229166666666664,1.9050079370958535,2.8507077218883996,0.3780316065117446,25.039803577230384,0.8215893880112961,15.254722224478106,2.0739983832429503,564.0
32.23958333333333,1.9873347482337123,2.961326763697989,0.41258290898683064,24.99397908482029,0.8165784811602275,15.270192093922956,2.0640958088582244,564.0
32.25,2.070653817248232,3.0735213296366966,0.4527318023568355,24.950727787541876,0.8116624243844313,15.27087294360689,2.0541817728744958,564.0
32.260416666666664,2.1557293361002463,3.185008090302715,0.4989067295710094,24.909934412877682,0.8068345722302118,15.26150510224656,2.044690289303926,564.0
32.27083333333333,2.2235799111778904,3.2893156163206156,0.5544147879230689,24.868471065928098,0.8017055021072503,15.297017718260921,2.0424506539238543,564.0
32.28125,2.2847395592452715,3.3920523608673063,0.618626517724376,24.826860045660474,0.7962918693083931,15.377859099074868,2.046410466374333,564.0
32.291666666666664,2.363590513588906,3.5027566013180502,0.6891663573834468,24.78887125390129,0.7910721372310451,15.445915474911072,2.049236658209677,564.0
32.30208333333333,2.3917084215263054,3.595032217045768,0.7792800938796363,24.74841011877013,0.7851675247622864,15.659413653119916,2.0675732424019806,564.0
32.3125,2.372994997338236,3.6754616562728075,0.8753599186342381,24.708690608149908,0.7789731799712775,16.029128320527235,2.0939148772157776,564.0
32.322916666666664,2.396732751602423,3.770024198982214,0.9748852834321898,24.673787255342543,0.7731841589125547,16.434603813018093,2.115564186657517,564.0
32.33333333333333,2.1979293413847745,3.7805771758055378,1.0819897734010093,24.636767694274358,0.7667157916566676,17.27164303370821,2.157522031286768,564.0
32.34375,1.9546782206059394,3.7603443651495816,1.1619952627758259,24.602392719412478,0.7604337868650296,18.433318236422146,2.202900844110062,564.0
32.354166666666664,1.832690562064951,3.768721180062128,1.2263148982125938,24.575520178576628,0.7551516011852297,19.417110793058967,2.4423651973204175,564.0
32.36458333333333,1.5213568129281116,3.645496813044301,1.2452473694935566,24.558983487203932,0.750511121816341,21.11746769374402,2.443266419481866,564.0
32.375,1.2343365630122278,3.4695355816102142,1.17047902733367,24.574731216220705,0.7483140989605013,23.03272768149044,2.442758129181118,564.0
32.385416666666664,1.075158632670049,3.320427250328628,1.0527272795281688,24.646006926808507,0.7499530962666112,24.237948911402864,2.441118624458476,564.0
32.39583333333333,0.9054327241824935,3.1197750520046705,0.9030680405374413,24.804409944643076,0.7567314346079302,25.467076378108047,2.4557578476957094,564.0
32.40625,0.8018219885109932,2.928824196911956,0.7448395356656466,25.064249184478474,0.7691072255504051,27.307515079899588,2.4945141875012697,564.0
32.416666666666664,0.7288890601765264,2.750363053020099,0.6138194436538201,25.43397463183512,0.7869926439043999,29.87865335581706,2.538549140353434,564.0
32.42708333333333,0.6936040520453668,2.5938309598345137,0.5112186654426581,25.898123647748218,0.8090444333043704,31.742092663533565,2.577953278750246,564.0
32.4375,0.6695059379754718,2.443700101922954,0.43331227070474676,26.448090775173732,0.8342110740091959,33.169407731906695,2.615435303827771,564.0
32.447916666666664,0.6424399139449886,2.302817733992651,0.3749948075383426,27.065139466814124,0.8609653004938993,34.35553589799304,2.8505195924289,564.0
32.45833333333333,0.6547538572490776,2.202443882493004,0.3341343504021412,27.714751271196604,0.8872445956951003,35.05253706358387,2.8479500803952003,564.0
32.46875,0.6800837601725134,2.129352240366804,0.3049367821358998,28.35929555967426,0.9112448416497346,35.14762382093492,2.845722090583543,564.0
32.479166666666664,0.6820496424632004,2.0521119969547534,0.2822191217742413,28.989464762638583,0.9325765157031213,35.53457175503141,2.8445414862405216,564.0
32.48958333333333,0.7259545823005528,2.0204986108601184,0.2643777940714803,29.511941316326954,0.9485622567566413,33.37227761756029,2.8410917120558494,564.0
32.5,0.7525255172944755,1.976502359349428,0.24995988615483045,29.958138660889283,0.9608899600100559,31.56970787332502,2.8398620594989294,564.0
32.510416666666664,0.7481876740814324,1.9114282658394064,0.23689327097980473,30.35050499873847,0.9705669677506609,30.93439894660022,2.840292622081468,564.0
32.52083333333333,0.7707632601001271,1.8676083800095613,0.22483999597865803,30.65003014386821,0.9770141183284284,29.143105076188103,2.8391306609336415,564.0
32.53125,0.7827625716000558,1.8164830827680387,0.2145608198541842,30.884337531329432,0.9812070767600002,27.79222580778401,2.8398583291627912,564.0
32.541666666666664,0.7752895807177318,1.7567637594298309,0.2052141577306286,31.062897105799877,0.9834746335795179,27.095101920075553,2.6229194845696564,564.0
32.55208333333333,0.7867439559094838,1.7108139520648387,0.19673390614757577,31.17863132470867,0.9838870690085579,25.983885425476274,2.5935330698192467,564.0
32.5625,0.790127814411582,1.6631951629391628,0.18957941149967059,31.24334368915393,0.9826741839124811,25.22644518515182,2.5675972539253933,564.0
32.572916666666664,0.7830664580354465,1.616300330922961,0.18322545149063516,31.258435967121574,0.9798826706668287,24.670352982918192,2.5445120189870067,564.0
32.58333333333333,0.781299967489742,1.575090167287204,0.1777856203108593,31.224984046314574,0.9755045001443706,24.291828851214152,2.525570928595165,564.0
32.59375,0.7814504407421959,1.5417266706674848,0.17326667994967493,31.144723851569072,0.969628421481394,23.914863016644752,2.5090326846934916,564.0
32.604166666666664,0.7767124154968791,1.5129765321786952,0.16955441421181913,31.020620929790123,0.9623798873272548,23.509639605147072,2.494391458599605,564.0
32.61458333333333,0.7769423049587749,1.4901776497471497,0.16635634791986306,30.859396095920648,0.9540930978509844,22.938988534946436,2.4788950321217027,564.0
32.625,0.7750410238378875,1.46962791024722,0.16372003326862514,30.66356807579667,0.9448977170580456,22.33773404183998,2.464174974087313,564.0
32.635416666666664,0.7693663440155716,1.4503067257442879,0.16150693760157206,30.434424743444314,0.9349267164984872,21.759498316027376,2.4511003361962533,564.0
32.64583333333333,0.7578625028744945,1.4296386222909114,0.15960520713055074,30.165726178338293,0.9240554633180786,21.36025810459076,2.443290631032953,564.0
32.65625,0.7447306691121,1.412785242810717,0.15814132163912872,29.8565296402204,0.9124490322376999,21.139223800633,2.440468346489354,564.0
32.666666666666664,0.7377990865879187,1.404214117310383,0.15713238487767103,29.518518423509754,0.9007121710432103,20.93684612194685,2.4380877647653727,564.0
32.67708333333333,0.7203917130164389,1.393709768912446,0.15669916544743684,29.13341094673728,0.8884056796071486,21.127218870636458,2.4440406629325935,564.0
32.6875,0.7049560973763139,1.3901173652309051,0.15663853875119435,28.717480473859638,0.8762611742370231,21.610894008324273,2.452614868635794,564.0
32.697916666666664,0.6984171097510407,1.3943656351156761,0.1570619630516509,28.286403703043245,0.864841104920412,22.176395032899702,2.4607423473627055,564.0
32.70833333333333,0.6755291489533051,1.3917697412524503,0.1576278677421364,27.833270944222324,0.8540795180447475,23.020942085854635,2.4736523106316017,564.0
32.71875,0.6536498384473438,1.390280897282783,0.15825495405750128,27.37437307342636,0.8445167912989525,24.017983510176364,2.488908893742162,564.0
32.729166666666664,0.6437497949025226,1.3949422742427091,0.15906039985146203,26.931771905773772,0.8367015985097127,24.87158950579219,2.503143277019052,564.0
32.73958333333333,0.6223902536811848,1.3901917904795815,0.15994888735781385,26.49205892487078,0.8305943382217172,26.318809846368012,2.526872292678333,564.0
32.75,0.6080847151306086,1.3894568862899586,0.1607299678049772,26.089634376498122,0.8269774133735222,27.86549530370117,2.553725154676572,564.0
32.760416666666664,0.6041007544133757,1.3955651323780025,0.1616086611703275,25.752982046506872,0.82626001177575,28.989269874723387,2.5786606346205945,564.0
32.77083333333333,0.5930443870309505,1.394095669716368,0.16256698154013882,25.482085653561583,0.8287047488088023,30.672748844564413,2.6115797339211344,564.0
32.78125,0.5884736684431734,1.3967613844393616,0.1634315482281192,25.301849244110134,0.8344969336393906,32.229501664622106,2.84728944936916,564.0
32.791666666666664,0.5896641665877174,1.4039091365526741,0.1643151050420299,25.22122910299839,0.843339557812022,33.261992373761146,2.8451699039571774,564.0
32.80208333333333,0.5888191663526,1.406909101046233,0.1652154129048881,25.23749911470377,0.8551595534999104,34.62281314097387,2.84405318013059,564.0
32.8125,0.5942356811808768,1.414282309307563,0.16589006764248213,25.342793459943078,0.8690382370935054,35.32596899444021,2.842435716350482,564.0
32.822916666666664,0.5977588500454617,1.4189736877210717,0.16645598776972365,25.523153098094596,0.8844473416927338,35.92219432465712,2.8413334840697413,564.0
32.83333333333333,0.6061608300050062,1.425291200629114,0.16664845272188955,25.75575572173273,0.9003118870215392,35.81013666418409,2.839834804659001,564.0
32.84375,0.6134476999650649,1.4275541535216514,0.1665469317226571,26.024307345476263,0.9162074088661738,35.595752471971664,2.8387900920507487,564.0
32.854166666666664,0.6152784308558951,1.4233834070272393,0.16613957055248482,26.31911106006536,0.9320141801503802,35.732978960381296,2.8383445644951366,564.0
32.86458333333333,0.6317053480282109,1.4274593670612066,0.16540166990101018,26.61023808087616,0.9465807194924692,34.727134933309856,2.8367478837536795,564.0
32.875,0.6455018059949987,1.4264304754416393,0.164547858645432,26.8948213392144,0.9601778123104195,33.90069310788544,2.836002019260673,564.0
32.885416666666664,0.6494363430449617,1.4173754220947739,0.16345119302683933,27.172761832743355,0.9730692752663876,33.685203833209094,2.83599217516136,564.0
32.89583333333333,0.6676190377245735,1.4174364416419156,0.1620645673084815,27.418333440380128,0.984264174643086,32.24755302403738,2.8345235317233395,564.0
32.90625,0.6802311329592508,1.4119492619529832,0.16066583395382183,27.637796152988972,0.9941710530610419,30.994079055954266,2.8340159780138574,564.0
32.916666666666664,0.6815383846663395,1.3982180817254697,0.15915081645798013,27.838057008340652,1.0031339154007703,30.490990212935834,2.834480032190661,564.0
32.92708333333333,0.694600726302816,1.3928119999752606,0.15737579305005164,28.001854592214915,1.0103690359688766,28.946258646157467,2.8334715759189844,564.0
32.9375,0.7027363968542988,1.383469945378484,0.15564341462055917,28.13684143984914,1.0161932241379592,27.39959209070562,2.833377779443544,564.0
32.947916666666664,0.6998240780387988,1.3660498728097854,0.15392840095934024,28.25292093616211,1.0209860203720444,26.63233091302426,2.834724111384073,564.0
32.95833333333333,0.7078382077505704,1.3570768502673836,0.1518487916631293,28.338041305750735,1.0242351933673077,24.84346722910991,2.834515647538608,564.0
32.96875,0.7071908108802873,1.3413201788994578,0.14998445609806133,28.40466400988077,1.0264521646554157,23.37803732551213,2.594485065400417,564.0
32.979166666666664,0.6998368845844253,1.320411162812398,0.14812085000746256,28.457838526040792,1.027780596576575,22.479529902106858,2.5547598962597617,564.0
32.98958333333333,0.7017637968949995,1.3061225766051126,0.14637904297861803,28.49628982819211,1.0281699851647206,21.532385816337396,2.513719042079921,564.0
33.0,0.7054252662550814,1.2950136359060433,0.14503965657734738,28.52295168546489,1.0276704241859087,20.67100383403903,2.4752809437928938,564.0
33.010416666666664,0.7064833477007545,1.2859399838612748,0.14398351553162939,28.539087359631832,1.0262561018633152,19.852562776796553,2.440284102914843,564.0
33.02083333333333,0.7172238680045346,1.2856443411249066,0.14339497754304742,28.545522792947846,1.023977868148116,18.862387454927863,2.4240850986510725,564.0
33.03125,0.7306461476131617,1.2909494791025793,0.143337126623317,28.543895652735277,1.020846332431786,17.947388831967675,2.4241101226754744,564.0
33.041666666666664,0.7407765026246281,1.298687447925956,0.14366482971050237,28.535383449575363,1.0168318930765636,17.349541705018915,2.424553952418567,564.0
33.05208333333333,0.7596577546067105,1.31503797845052,0.1445299433345601,28.521432099403246,1.0120694031156492,16.957239494101174,2.424701104974444,564.0
33.0625,0.7825180137053598,1.3377992152921014,0.14598161139006227,28.503159479353158,1.0065845454570699,16.703416825707183,2.4249809084565044,564.0
33.072916666666664,0.8025076246724951,1.3634022391710057,0.14788446058186022,28.48120978328938,1.000348356987215,16.560328015390418,2.4254531812930518,564.0
33.08333333333333,0.8338751460916833,1.3982953804164677,0.15038485526711853,28.456932197802765,0.9935973117204172,16.43988061475652,2.42558939262162,564.0
33.09375,0.8695523012659349,1.4395453585880802,0.15360410391190346,28.430315306326566,0.9862528478194857,16.363409813437837,2.4260424871362747,564.0
33.104166666666664,0.9029896040517427,1.484486938707984,0.157363452684558,28.401522102669855,0.9783543317044113,16.325348058475146,2.4265333132001077,564.0
33.11458333333333,0.9478997345557973,1.5389483902084495,0.16220583395386812,28.369378889812054,0.9696448822040302,16.37792681697916,2.4274524489700595,564.0
33.125,1.0028849336695775,1.6049458033557586,0.1681294389590209,28.3339146459942,0.960277883443228,16.480824044999952,2.428104825965495,564.0
33.135416666666664,1.058540683380896,1.678881811642188,0.1750457119342928,28.29540535519853,0.9505344869915721,16.570613513579506,2.428404150102465,564.0
33.14583333333333,1.1286078834080204,1.7651047657227033,0.18366603519731897,28.252334432751127,0.940297784291369,16.67548419309875,2.428933423802632,564.0
33.15625,1.2087796585300554,1.8628620491575838,0.19390271871075723,28.204736526391475,0.929874730829004,16.75448561776149,2.429141363319873,564.0
33.166666666666664,1.2875273481841714,1.9660584343756702,0.2058021798604891,28.151780919354433,0.9193648871395034,16.80768026346123,2.429343090911015,564.0
33.17708333333333,1.3798032866055905,2.079670699479491,0.21995538366523773,28.092890258913148,0.9089100538112873,16.833787111275267,2.4294954980915664,564.0
33.1875,1.47840655283108,2.2010814874153155,0.2366504222158999,28.02745141116642,0.8986166361946916,16.838187372722896,2.4296461028961236,564.0
33.197916666666664,1.5752428319231535,2.3255823494819583,0.25607525680560556,27.954546435246602,0.8885251555834608,16.836620034638482,2.429868020842959,564.0
33.20833333333333,1.6803317859234654,2.457744595308167,0.27903484410796814,27.874629798190746,0.878831060794175,16.811789774569775,2.4299525796874564,564.0
33.21875,1.7904655903184585,2.59573150499767,0.3062826708665258,27.787931255681055,0.8696284482931723,16.760961554265158,2.430032177942675,564.0
33.229166666666664,1.8992619804324238,2.7347063486007857,0.33866111829471435,27.69301994422601,0.8608234630771776,16.71818929253498,2.430348440911803,564.0
33.23958333333333,2.0184283678595007,2.8802926874832644,0.3753622479843091,27.598350862177202,0.8531174430849197,16.5536012909752,2.429749132069341,564.0
33.25,2.1352838421944744,3.023624249333039,0.419245910578375,27.501534531523617,0.8461515345638038,16.34994318127622,2.21334690134142,564.0
33.260416666666664,2.2456088563516388,3.160799891913598,0.4713464806778858,27.39835289753342,0.8395740852342831,16.19463745173583,2.202958347308681,564.0
33.27083333333333,2.353802355168827,3.2964056685580014,0.5317210796941767,27.290554663597433,0.833481043514681,16.07106465149342,2.1923959134999595,564.0
33.28125,2.4537819261707563,3.4280832177332807,0.6042550744651511,27.172921854809246,0.8275881429181774,16.028803731380414,2.1851113007645964,564.0
33.291666666666664,2.5597255735268587,3.5610546823848446,0.6873635042248157,27.049504841853576,0.8221086440269072,16.01207914325442,2.1778943069833785,564.0
33.30208333333333,2.635291432499141,3.683808127624531,0.788176441506501,26.90921633633578,0.8165959470754574,16.116843616495736,2.177563617998801,564.0
33.3125,2.667242915477887,3.7936605815656272,0.9013372247252616,26.751654386681835,0.8111346863596035,16.338830254304337,2.1828107701484765,564.0
33.322916666666664,2.7255476360929176,3.9099271654694245,1.0221805411714617,26.590045726313726,0.8061662406197482,16.532032745037718,2.186143577144206,564.0
33.33333333333333,2.6033363371761693,3.963632147087729,1.15458136614705,26.396916766724782,0.800873602381515,17.00215778601738,2.2044025035950465,564.0
33.34375,2.4260669787952294,3.9885362707572125,1.2705547481447217,26.18921117671438,0.7957643691793864,17.647922755316955,2.4376012668926235,564.0
33.354166666666664,2.3414699863664064,4.03183087253014,1.3746237984168526,25.991473161630086,0.7913091781049555,18.162261504945157,2.4363016922482794,564.0
33.36458333333333,2.0712883528162185,3.9669276294126297,1.449447032420574,25.77604421265688,0.7867972175625745,19.256523691664132,2.438239418422303,564.0
33.375,1.7889526299532394,3.8487808512883417,1.4401615528381293,25.59119358507026,0.7832124988165721,20.634935361924036,2.4383444234969884,564.0
33.385416666666664,1.6202938728276668,3.747931128498229,1.3776789517506167,25.47926342869802,0.7813866882493176,21.576441011399655,2.436973438512204,564.0
33.39583333333333,1.4039892426513396,3.579434952815075,1.2666422405309152,25.459777656852836,0.7819173992626884,22.79319329890318,2.4381153533699504,564.0
33.40625,1.2630702124284778,3.4145717130419584,1.1125456106035945,25.563916360606836,0.7856996759550571,23.798642954740526,2.4487931902500115,564.0
33.416666666666664,1.1660410240481105,3.265267044408864,0.9580531373565699,25.791733858601887,0.7930096036990187,25.16079312281449,2.4798470296622686,564.0
33.42708333333333,1.119709549875212,3.127239287648303,0.8189793319456325,26.131661115765684,0.8038440683786171,27.277711172576254,2.5169781806528086,564.0
33.4375,1.104535924938113,3.010639051666187,0.700261565711749,26.54043461364184,0.8171111966354574,28.713406080753163,2.547385614730167,564.0
33.447916666666664,1.0663410684281498,2.8887569716560586,0.6064050127862545,27.000968964310538,0.8323953765268494,29.89965905722078,2.5772419677609744,564.0
33.45833333333333,1.0881317577312684,2.8152518477084625,0.5348440229701015,27.438688979476385,0.8471817484972312,29.360263821195048,2.587968334160975,564.0
33.46875,1.0993803045355004,2.74160715914976,0.48241821819249825,27.855455127985486,0.8613898958514115,28.654424485705636,2.5915635475027265,564.0
33.479166666666664,1.0807498318654694,2.656985613223971,0.44022394312628,28.25516222132315,0.8749949833811732,28.462579670955147,2.5956632412566103,564.0
33.48958333333333,1.1006903499824727,2.6001217039212765,0.40630849955499465,28.60391289755612,0.8866829499425516,27.693724149218745,2.590096658750123,564.0
33.5,1.1194121758857905,2.5496456184534293,0.38084883354749566,28.90949182575142,0.8965897734981941,27.011444499461586,2.5819102131198024,564.0
33.510416666666664,1.116112959189422,2.4958808686062035,0.360179880945827,29.175409263173265,0.90471457092487,26.6645611785355,2.5749786981089717,564.0
33.52083333333333,1.1429193174332763,2.4613742631924067,0.3436548053979393,29.391441476384966,0.9106778693212259,26.135312508500032,2.5645973587690194,564.0
33.53125,1.172429493022692,2.434248524603911,0.33145704487721306,29.562826688723845,0.9146152709476313,25.75117358864575,2.555087287537149,564.0
33.541666666666664,1.1840731454557853,2.4073613265784566,0.32154841955346847,29.68906200743225,0.9165206765128879,25.48493197298592,2.546686160347965,564.0
33.55208333333333,1.2218867492825243,2.3954850391940647,0.3139966972766346,29.768480113765094,0.9164541690282247,25.08324486326207,2.5365908815058393,564.0
33.5625,1.2675368294672487,2.396116385728017,0.30834382235001145,29.80316749205449,0.9147176315750946,24.260240514338403,2.520081210334692,564.0
33.572916666666664,1.2865341508983639,2.388937148114641,0.30471555927677635,29.79920695353104,0.9114681110168079,23.66640873265507,2.505524244216515,564.0
33.58333333333333,1.3283424724605777,2.3985435367524377,0.30033022298661655,29.764696320387426,0.9074946643882651,22.28450036095908,2.4763238044164977,564.0
33.59375,1.3531790405227373,2.4001317517243304,0.2979466603198028,29.705748892538974,0.9028289438231029,20.937998558093668,2.4448595534858515,564.0
33.604166666666664,1.359753184959415,2.3930982873568314,0.2961263010589946,29.62186346352142,0.8973625332089751,19.76991902440135,2.4259799997023133,564.0
33.61458333333333,1.3788443586276231,2.3916387252919975,0.2942264307497442,29.51730461043189,0.8913550456610272,18.68238426155326,2.4255534412209334,564.0
33.625,1.400560473657249,2.394176201305067,0.2935618232549141,29.391631629156933,0.8847530057072818,17.965412867627627,2.425841906316693,564.0
33.635416666666664,1.415960951688037,2.39921740619967,0.2938532235921903,29.245296544452213,0.8775690059967082,17.56031834948752,2.426239021666987,564.0
33.64583333333333,1.4390274118029156,2.4124161338404164,0.2947207083093332,29.08630761350184,0.870155355689379,17.249992679953856,2.426086345897846,564.0
33.65625,1.456648384348035,2.4293450599059585,0.29695223010915184,28.916396429965022,0.862534937626809,16.992815262620955,2.4260951140950686,564.0
33.666666666666664,1.4694423800455945,2.4472272427435207,0.3005698146184452,28.73243658133969,0.8545295628192605,16.83362221258601,2.426550104522038,564.0
33.67708333333333,1.4745008153275518,2.4679168428467277,0.3041245367856719,28.546656079709695,0.8466300107326296,16.63792822616353,2.426311102969105,564.0
33.6875,1.4635508921496796,2.4850702894783665,0.30878779819626917,28.35369845242405,0.8385691466042928,16.48184967273071,2.426682232726017,564.0
33.697916666666664,1.4587984560879108,2.504175318085886,0.3142474464393689,28.152785708698975,0.8302912414979234,16.387162316064902,2.427239787861567,564.0
33.70833333333333,1.4187906302575513,2.5131246317096263,0.31885169717319994,27.94792358946099,0.8219393019535558,16.32106278954534,2.4276566481590307,564.0
33.71875,1.3633248524785089,2.513539502099409,0.3231375958992176,27.73447385439591,0.8133029390729406,16.324632983372375,2.4284603194359473,564.0
33.729166666666664,1.3305507735530606,2.519072475770919,0.3271602902645433,27.5190710756712,0.8046252989041146,16.34805713332922,2.428947869922166,564.0
33.73958333333333,1.25839989725693,2.4993589135087753,0.331374120915157,27.267723591959747,0.794499644851631,16.69511942320664,2.4313808155524583,564.0
33.75,1.2003465370505826,2.481343017225025,0.33323104400525416,27.00235901146962,0.7837275751033681,17.239263149327456,2.432423750423623,564.0
33.760416666666664,1.1763172075007426,2.4798033948047418,0.33445248904109415,26.752903805291336,0.7734040233462808,17.676256431412426,2.432039108096609,564.0
33.77083333333333,1.1317766590271368,2.4608470525134094,0.3368181317477188,26.500064538309157,0.762532809592503,18.367422404859543,2.4335233390220683,564.0
33.78125,1.1057558978785023,2.449608027829523,0.3373954852279696,26.2811228060122,0.7524199871557571,19.085985253038377,2.4336142904477747,564.0
33.791666666666664,1.0981031027039938,2.449312689721959,0.3378331883039706,26.119961622869024,0.743949016579668,19.567646218081148,2.432928649356013,564.0
33.80208333333333,1.0779430102099785,2.4367636936743113,0.33890521054206574,26.01945691599966,0.7369943639896883,20.173416147651587,2.4336190084158758,564.0
33.8125,1.0761967413112161,2.433399211832324,0.33849462557441296,25.997513591282534,0.7324624147281251,20.61101996337433,2.4331023598298205,564.0
33.822916666666664,1.077051943489705,2.4317115988798372,0.33810972247255744,26.05250292726425,0.7304746396694837,20.853936468491128,2.4326002669781963,564.0
33.83333333333333,1.0887951056884526,2.4329718220046024,0.33738877591217725,26.175178121619656,0.7309409360032033,20.909863020901813,2.4319651082732614,564.0
33.84375,1.1034440776725702,2.4332835567124635,0.33636128707975,26.352998197311862,0.7335812194710086,20.863996738371384,2.431466388224127,564.0
33.854166666666664,1.1100591644529973,2.428705206878801,0.3348803857830973,26.574544230320473,0.7380867598494598,20.822510913181887,2.431237261250358,564.0
33.86458333333333,1.1421287419590127,2.4348048242687303,0.3336277850627298,26.820572997356418,0.7439266119768158,20.672055132824553,2.4309292851801536,564.0
33.875,1.1805590869283324,2.4447072562831624,0.3333062107524972,27.080201820442735,0.7506956570156911,20.501612221504896,2.431706036149845,564.0
33.885416666666664,1.2036697348531,2.4497522580762667,0.33321855663220856,27.347001001484163,0.7581081998349617,20.44511416942638,2.433917870162019,564.0
33.89583333333333,1.255748735061207,2.470582720629112,0.33338089076299265,27.597181266753026,0.7653746590248919,20.173894012423165,2.429231957404976,564.0
33.90625,1.3042464917033099,2.491302347725673,0.33471199440559474,27.831038789879372,0.772384179007686,19.71769938788169,2.428343289006726,564.0
33.916666666666664,1.3305305125899811,2.502045498825353,0.33635237067226553,28.05466344288771,0.7792458987126145,19.39213654762465,2.4284311485038854,564.0
33.92708333333333,1.378507634260066,2.525442369789296,0.33719868861174324,28.248320933271074,0.7852912775323981,18.89019736976953,2.42714783972421,564.0
33.9375,1.4220785753791352,2.5473944726562365,0.33897582919322766,28.41854202138568,0.7906690713923904,18.343974155272736,2.4263980432800705,564.0
33.947916666666664,1.4442414428004027,2.5582246678564133,0.3412303489725997,28.57685994800565,0.795708904438071,17.987735028040657,2.4266973461459598,564.0
33.95833333333333,1.4905797003549845,2.583836969881947,0.3419507487040591,28.704603294049175,0.7997853123240427,17.433773513233767,2.425112140558119,564.0
33.96875,1.5242707473987225,2.602470767979053,0.3445423938401794,28.817713957387994,0.8033815942404482,16.952614827120296,2.425020909200498,564.0
33.979166666666664,1.5431737894279594,2.61330061005177,0.3471596653940876,28.921923727375535,0.8066553575317715,16.643079856482245,2.4255887718656584,564.0
33.98958333333333,1.5713584638427724,2.626844736168687,0.35102426508393525,29.02108668497709,0.8096911400576634,16.547398417035758,2.426680221525762,564.0
34.0,1.6105304497364592,2.649132434326597,0.35626799993979497,29.11371760261699,0.8123897701387164,16.602281412914714,2.4276083614064103,564.0
34.010416666666664,1.6485114016325673,2.678370847879476,0.36245613017295886,29.196250610564995,0.8145920886539034,16.678945245011032,2.427974137221649,564.0
34.02083333333333,1.7079732363810258,2.722510646476842,0.3714085865189086,29.267392149049243,0.8162299888635087,16.69720109941214,2.4280207688447373,564.0
34.03125,1.7749628057326583,2.776742351548934,0.3827382810784997,29.3263425731829,0.8172901193876676,16.604913126408356,2.4277484477814912,564.0
34.041666666666664,1.8275665309851423,2.82753731023785,0.39680430539920764,29.37701176992349,0.81785709185181,16.52628243641561,2.428231373770737,564.0
34.05208333333333,1.8949629172528133,2.888894377632156,0.4112904532925716,29.415746967027125,0.8179453890750991,16.31655438807577,2.427587194013764,564.0
34.0625,1.9573332561469519,2.9489871625853996,0.4293961014149003,29.4467096937065,0.8176541962304288,16.110463090959772,2.4279910654123507,564.0
34.072916666666664,2.0100868867272643,3.004940966498923,0.4493740464571893,29.47114805191252,0.8170064010173153,15.967452365777232,2.4288936354986514,564.0
34.08333333333333,2.0757104267214377,3.0691066658178703,0.4711444399858327,29.488277686118355,0.8160739373043381,15.823099773237688,2.20491258470587,564.0
34.09375,2.144359189148552,3.1374140422003483,0.49732131857390444,29.49921477173416,0.8148732778867572,15.710390556650019,2.1912208491223053,564.0
34.104166666666664,2.208316081967122,3.2058678673242236,0.5269608726041882,29.50425959835965,0.8134118906490287,15.639147233300989,2.1786232208801275,564.0
34.11458333333333,2.2819714224992746,3.2805531629405738,0.5618637068951106,29.50344876141151,0.8116938173851432,15.608552183759263,2.1673876623717314,564.0
34.125,2.3620724044164993,3.3612225193685856,0.6026376358742125,29.496778782528033,0.8097323522916077,15.60756567276535,2.1573199429676135,564.0
34.135416666666664,2.4392530033781736,3.443427226331659,0.6484780068981569,29.48446882202403,0.8075629059563584,15.616630478824879,2.147670453787202,564.0
34.14583333333333,2.5265893129046395,3.532480529186261,0.7006718252701197,29.467360785170087,0.8052708832837682,15.603207722971556,2.136586743352553,564.0
34.15625,2.6165079554896495,3.6248706272749707,0.7599436333609492,29.44637098234192,0.8029086980247229,15.560723559820964,2.1237920778713506,564.0
34.166666666666664,2.697568711805942,3.713211538044343,0.8267749763007572,29.42129097849543,0.800414585715039,15.524909135345656,2.111929667731837,564.0
34.17708333333333,2.78582992139894,3.805430169955204,0.8966455811731054,29.394596842010802,0.7979923488772077,15.444398259793454,2.09579682372432,564.0
34.1875,2.8689380531647113,3.8946954446604476,0.9742070931847694,29.36598957536101,0.7955709948471125,15.357152365869906,2.078607577029411,564.0
34.197916666666664,2.9434135607573144,3.9777548925478796,1.0570612872262224,29.334780452340578,0.7930741828479305,15.289326360438128,2.0625257182370693,564.0
34.20833333333333,3.020277280246043,4.061429115570275,1.1395174954417877,29.303492133060928,0.7906821825463266,15.204148552700781,2.042880858049783,564.0
34.21875,3.0917287596626544,4.140895719042215,1.2263006488072155,29.271365343237438,0.7883125463275655,15.12525911284845,2.040414800014056,564.0
34.229166666666664,3.156705367043663,4.21431130113303,1.3149383336018305,29.237574099834983,0.7858903613909402,15.067190349046651,2.042656708777748,564.0
34.23958333333333,3.2238782598576146,4.287578024510475,1.4003353875667488,29.20442099694321,0.7835639448353503,15.01277686487256,2.044588434549719,564.0
34.25,3.2872137129041175,4.357235024921652,1.4871710061245789,29.171074100581333,0.7812564284593919,14.97826504078361,2.0470734587722426,564.0
34.260416666666664,3.3451810965665216,4.421648870388446,1.5736169838057283,29.13673972739699,0.7788976978726649,14.969973485920132,2.049950646787478,564.0
34.27083333333333,3.3985258155388536,4.482487023933242,1.6591870473989354,29.100941848631955,0.7764387802739133,14.987334453259693,2.0529754429835663,564.0
34.28125,3.447364865241751,4.539937179791676,1.7450688910577763,29.06252442723975,0.7737786246959132,15.032561080879415,2.0560438999646444,564.0
34.291666666666664,3.499836579282769,4.59757330776825,1.8261754723938886,29.02361345305882,0.7710370013895859,15.086264637729744,2.058386302943131,564.0
34.30208333333333,3.532180369481003,4.6468395851589905,1.9123492993226108,28.97992315553496,0.7678675802817801,15.172838735714112,2.061161383327512,564.0
34.3125,3.54139935154841,4.689465828157267,1.991786570890424,28.933819166012,0.7643711786050841,15.274971863090391,2.0623052493406444,564.0
34.322916666666664,3.5653833827177785,4.734300701442329,2.064383309229306,28.888505522494977,0.7607226839731834,15.367578458543635,2.062390022707066,564.0
34.33333333333333,3.452130185418615,4.736393189033898,2.1285276782620683,28.839478574363152,0.7564455676070663,15.490215169173544,2.063015955590195,564.0
34.34375,3.2745107731876666,4.711440613175745,2.1694308443624704,28.790011385799392,0.7516276817206081,15.630774352776356,2.0619352887930384,564.0
34.354166666666664,3.1571791471487414,4.6956238541621405,2.1936022402026865,28.74545464341027,0.7466056523410951,15.746632647414813,2.059715940071354,564.0
34.36458333333333,2.8600074047079507,4.5944025825176045,2.1890916274778287,28.69937289340319,0.740066729288582,15.99613690561792,2.0593245787110215,564.0
34.375,2.5258723004640715,4.444368647744097,2.1113958314748595,28.666864428171703,0.7326681144810371,16.338867151348843,2.0556502056613706,564.0
34.385416666666664,2.292445500488887,4.307919825065326,1.985464056664336,28.662378445274346,0.7254371465722771,16.62715551160893,2.063439126134821,564.0
34.39583333333333,1.9902268311079907,4.107588057104622,1.816162172361809,28.70400450944262,0.7177989691403425,17.060345487902513,2.1001956611014734,564.0
34.40625,1.748942247333034,3.9033708883294405,1.598928939983286,28.815079354858266,0.7111843195757422,17.610223558393542,2.1385334068523,564.0
34.416666666666664,1.57558132427754,3.7203422431646946,1.3757735933727433,29.008923117420952,0.7064894602401125,18.166930506979153,2.171258823831726,564.0
34.42708333333333,1.4322844806532118,3.5341972607348584,1.1644470369247553,29.31044728034762,0.7041065425320288,18.781971969253906,2.2049886983526354,564.0
34.4375,1.3368765433691612,3.370578971602389,0.9736276465054982,29.708784860617264,0.704553355653797,19.211616300667345,2.2306423251705314,564.0
34.447916666666664,1.2494118439888924,3.2182043395131776,0.8194167130539636,30.20390442543103,0.7077902678484376,19.496084643036607,2.4386782836869623,564.0
34.45833333333333,1.2136056079423265,3.103129930527524,0.7018721991235447,30.748397370906343,0.7131939543874944,19.452782122500874,2.436343836086959,564.0
34.46875,1.185575424906051,3.0006794288440037,0.6159872291523281,31.336800642737774,0.7203013906441808,19.276581840833607,2.4350090560753506,564.0
34.479166666666664,1.1455921273113048,2.9007388892733554,0.5502720577805015,31.969556612588264,0.7288399578535365,19.144915401280098,2.434399095804404,564.0
34.48958333333333,1.1487284655326468,2.827060944435942,0.4997263874158276,32.606258896311516,0.7380013680153651,18.946008066583985,2.433350186123002,564.0
34.5,1.1633098317683022,2.7661543951849885,0.46187852696805326,33.24309807525356,0.7474929038764586,18.747977041262704,2.43277482962788,564.0
34.510416666666664,1.1591872239374124,2.7059896818951628,0.43173714854994893,33.87800304412754,0.7571108955575927,18.61668351358717,2.432562367069802,564.0
34.52083333333333,1.186253169939647,2.661389226985513,0.4085451361434762,34.50459576070924,0.7666255780302016,18.57029143831463,2.4325137202587834,564.0
34.53125,1.223848607755231,2.628812770362243,0.39138398204351094,35.11996075714442,0.7758862806572167,18.63335522415921,2.4326751742638626,564.0
34.541666666666664,1.2456268183036665,2.602439107693255,0.37767172257348686,35.69803486981207,0.7844233395288053,18.693947677239205,2.4324199589238265,564.0
34.55208333333333,1.2994242546352959,2.591550441590688,0.36925768043770757,36.24717684231456,0.7923077146368498,18.84904662961673,2.4326959278812925,564.0
34.5625,1.3711499109513814,2.6021988692585816,0.36418489945161336,36.72696369109338,0.7989449428129063,18.865971775290955,2.431968329955551,564.0
34.572916666666664,1.4142845116744585,2.6106026939260354,0.3622636700510181,37.14813632871194,0.8045078381049594,18.85168585519241,2.4317807905933413,564.0
34.58333333333333,1.4803405485444108,2.6345710008684393,0.3613885099148043,37.48390352939103,0.8086995191196751,18.591483642743245,2.430519326401728,564.0
34.59375,1.5377337796246238,2.6585818848761495,0.36311850531828394,37.75471853584131,0.8118532221743934,18.262062289955242,2.429989392310892,564.0
34.604166666666664,1.5707738632010824,2.6746864275477575,0.3661012937476891,37.97479369890207,0.8141803663576193,18.031208350871623,2.430161568525936,564.0
34.61458333333333,1.6236784356789982,2.7033314229582652,0.36801155938706964,38.12954022887689,0.8155922692891472,17.614397939722142,2.4288546230823873,564.0
34.625,1.6675413118989282,2.729749073763717,0.37212545222883175,38.239887078276894,0.8163671868999919,17.185238477628438,2.428563804257423,564.0
34.635416666666664,1.6933705006006177,2.7487491575949328,0.3774143819399116,38.31711677089164,0.8166245948315254,16.88940007352233,2.429180451528239,564.0
34.64583333333333,1.7212593359028534,2.769913096838936,0.3822161171175742,38.36205820385803,0.8164017202952281,16.643448800630996,2.429395853270682,564.0
34.65625,1.7409111517285543,2.7893329665719984,0.3888887016563229,38.380005215821214,0.8157131529828897,16.5227067379575,2.4303786873180453,564.0
34.666666666666664,1.761251561859931,2.812887690476739,0.39621250172254907,38.37210109107568,0.8145769091847926,16.460920634356544,2.4310232242672445,564.0
34.67708333333333,1.772093178283766,2.8349891915077965,0.40558459451006623,38.339062373299164,0.8129274886382614,16.516341675469985,2.4321825361077773,564.0
34.6875,1.7749096710398997,2.8602030521513524,0.41591187364437054,38.28263507402889,0.8107881837509539,16.619711580283116,2.4328262432478556,564.0
34.697916666666664,1.786133219047596,2.892002528638115,0.42785342482143857,38.20692980413541,0.8082277417968458,16.705419347639687,2.4331006721706516,564.0
34.70833333333333,1.7470578508395702,2.9068872884912635,0.43997726358499883,38.111446396294426,0.8051662429759741,16.84913716893829,2.433836324578927,564.0
34.71875,1.695141663366848,2.915419886093987,0.4504785410435545,38.000905771040046,0.8017127258064469,17.00415209928005,2.4341073335553878,564.0
34.729166666666664,1.667145310975981,2.9290333791023335,0.46064204830784433,37.881106238516374,0.7980221196098546,17.118088535378345,2.4340520580483855,564.0
34.73958333333333,1.6154940023009994,2.9281608079069423,0.46851180348709764,37.75284392636217,0.7941179870195217,17.24670223313267,2.43429151047438,564.0
34.75,1.5631610809146874,2.9189078625364155,0.472437409630598,37.62139032358471,0.7901837263468418,17.36873184716701,2.43428448203579,564.0
34.760416666666664,1.5299059553085823,2.9104482286059175,0.4739054583020679,37.49210815879454,0.7864179131787992,17.454791908961496,2.434091709929839,564.0
34.77083333333333,1.4696353870368022,2.880061275092018,0.47220426221333645,37.35981391508407,0.78273133006454,17.69302852021923,2.4348291041356624,564.0
34.78125,1.413112096942242,2.84161544095174,0.4651390267241735,37.23203900400617,0.7794220010098362,18.04475996092767,2.4350842766119367,564.0
34.791666666666664,1.3790808664361998,2.8107596627281275,0.4551951673902359,37.119783052657,0.7768433140716064,18.314650224597695,2.434479697755833,564.0
34.80208333333333,1.3347920148146213,2.7659137369759073,0.4448334119833566,37.01928184474077,0.7749889381819405,18.743925576886028,2.4350598519067654,564.0
34.8125,1.313076875649853,2.7313776223096786,0.4315384027463024,36.941959571663055,0.7741363511780243,19.043910376796333,2.434267564664492,564.0
34.822916666666664,1.293745722536526,2.6985074890353795,0.41918067532966474,36.88686655185546,0.774248754863234,19.221331369824124,2.4336986157525256,564.0
34.83333333333333,1.2880190727197232,2.6734029734204325,0.40699587441041035,36.85297906925137,0.7752022596767915,19.1794988255696,2.4326435345500266,564.0
34.84375,1.2814639776696155,2.6475497052595145,0.39584667536198304,36.835205957767975,0.77683591485971,19.025984493545035,2.431944474386682,564.0
34.854166666666664,1.2671214589754864,2.6168289378949976,0.38538580023681535,36.828946476322976,0.7790582691434746,18.910415421181426,2.431771259024834,564.0
34.86458333333333,1.2690983648336869,2.5983894186497705,0.37451625039487374,36.830118145434106,0.7815294036173158,18.574844934808915,2.4304023678487563,564.0
34.875,1.2638387642930786,2.57667148689466,0.3653598969005148,36.83476029463235,0.7841898063508268,18.195368732572415,2.4298489226186053,564.0
34.885416666666664,1.248740348973366,2.5481585102604427,0.3569152959563559,36.84062369696754,0.7870635643974886,17.937274986467607,2.4300518066671644,564.0
34.89583333333333,1.249925697413856,2.530365358731332,0.34830381494013646,36.84565126531833,0.7898647986209659,17.603168924757412,2.4292755349595887,564.0
34.90625,1.250154286463025,2.512010695036744,0.3413989104724343,36.849198805458826,0.7926529773083401,17.30633481865891,2.429283360059095,564.0
34.916666666666664,1.2434730033778227,2.4906574265573354,0.3351366007408316,36.850931299709075,0.7954534150667336,17.110598536932482,2.429721604111436,564.0
34.92708333333333,1.2558835381738336,2.4806148546133047,0.3295602146871659,36.850790230749666,0.7980887989127659,16.897390952608074,2.42954607165892,564.0
34.9375,1.2706442424308781,2.4735508541886353,0.32572141624834955,36.849102796196625,0.8006159478786523,16.725900073882038,2.4299266383449356,564.0
34.947916666666664,1.2779607783494933,2.465935820167884,0.32262138193551476,36.84621382923561,0.8030295309876335,16.61541753008762,2.430503611966396,564.0
34.95833333333333,1.3032943634621557,2.4685300168752558,0.32088019980481625,36.84259149914035,0.8052566263009742,16.526270226093267,2.4308940605178866,564.0
34.96875,1.333761601994026,2.4771735396576915,0.32079575859376186,36.83857177038273,0.8072928497681353,16.47128597267519,2.4314826920335877,564.0
34.979166666666664,1.3564171255432995,2.4870620104536023,0.32154945866329754,36.83441149923265,0.8090982025667083,16.44138521799626,2.214995684778872,564.0
34.98958333333333,1.3940476335867813,2.504757540722115,0.324352381964228,36.83006146254063,0.8106725871246323,16.472607713356847,2.2113312568045718,564.0
35.0,1.4408151731820624,2.531094361714988,0.3287752789146639,36.825350098833646,0.8119490739545863,16.540197122681423,2.209132136398211,564.0
35.010416666666664,1.4804612074934573,2.5604856626446613,0.3341435466998254,36.81983945476506,0.8128689075679209,16.59895050854307,2.206824762907572,564.0
35.02083333333333,1.5374206775646462,2.599934906248511,0.34183909202659984,36.812670861728414,0.8134165452149367,16.650512915846313,2.2050212331115415,564.0
35.03125,1.6011511208438478,2.647096737382086,0.35130183795889103,36.80290571277053,0.8135803460768454,16.666676096372964,2.2022786055489787,564.0
35.041666666666664,1.652590699508136,2.6927662381363544,0.3621264052956511,36.78921644453464,0.8133723930265092,16.672411220913748,2.1998301303567986,564.0
35.05208333333333,1.71770314814066,2.7460614786716033,0.37477499393729213,36.770555755309566,0.8128159270536125,16.647738546284984,2.196275356057425,564.0
35.0625,1.783742461958225,2.801570220190995,0.38992338916107827,36.74498998226943,0.8119140009015469,16.64601417164824,2.1942272351042202,564.0
35.072916666666664,1.8410983947765747,2.8563577939672933,0.40604150111940596,36.71128979640822,0.8106931252667642,16.647783904566307,2.1921887747295625,564.0
35.08333333333333,1.9109813370917799,2.9171989218277807,0.42605277500933963,36.66630319312375,0.8091165969829578,16.711843777506967,2.193288267091524,564.0
35.09375,1.9895794927377428,2.986373948673607,0.44910148192070604,36.60875295174741,0.807221703169242,16.79539351456211,2.1949994516081874,564.0
35.104166666666664,2.0608710275718236,3.0571064502486056,0.4747663893147342,36.53785034022124,0.8050582757344796,16.86002210346112,2.196125051653953,564.0
35.11458333333333,2.1378166749352787,3.1340044065202517,0.5060518951546265,36.45086207523332,0.8026148543107264,16.932670197143974,2.198326227419543,564.0
35.125,2.217801881521293,3.2171858822995363,0.5426920786906909,36.34704697981899,0.7999389678458989,16.995719376434295,2.2004103123885246,564.0
35.135416666666664,2.292792232647733,3.300901337103284,0.584090430865441,36.22586087803388,0.7970746088056879,17.037538764707282,2.2019459682934026,564.0
35.14583333333333,2.3767009592983452,3.3912429515023206,0.6319474636129571,36.088790712484276,0.7941000317116422,17.02982949386629,2.2016583612930374,564.0
35.15625,2.46596361583401,3.4856341527959254,0.6870388046248119,35.936609623701514,0.7910594979905072,16.974707499628057,2.199647909421065,564.0
35.166666666666664,2.5468564844581647,3.5759716863783217,0.749000403337433,35.766325510865656,0.7879183224045319,16.92289868180173,2.1979218358988617,564.0
35.17708333333333,2.638984077748017,3.6711655338412306,0.8162960836513864,35.58469446364968,0.7848113102960114,16.817280128112102,2.193175917131056,564.0
35.1875,2.728318252994605,3.764675167832358,0.8924722661175504,35.387427525236795,0.7816641801172631,16.716769846655282,2.188540859544281,564.0
35.197916666666664,2.809100200476559,3.853305495786188,0.9740120441744841,35.17343282377719,0.7784617367175719,16.64020035196646,2.184359083494488,564.0
35.20833333333333,2.893369540623672,3.9433881144612255,1.061756087378957,34.94494314363192,0.7752303336660924,16.572903060790917,2.179819412435506,564.0
35.21875,2.9766008338046714,4.033392994371663,1.1561890258665595,34.70212981578834,0.7719552223818144,16.515805588745422,2.1752739239759165,564.0
35.229166666666664,3.053849551186449,4.119759933616479,1.2550561169811305,34.445021661907795,0.768613068731057,16.472221202402263,2.171019792451272,564.0
35.23958333333333,3.1275551773871095,4.204760068252669,1.3571370074472204,34.17777672146469,0.7652261334377399,16.422160198530875,2.1660693087431437,564.0
35.25,3.1967485119170385,4.286556658963251,1.4621160040531445,33.900486034974854,0.7617582426365962,16.372975399526442,2.1610396211029896,564.0
35.260416666666664,3.2623722313256796,4.363595389577467,1.5673110964377477,33.61322851743027,0.758170616514518,16.332717287730812,2.15631992611725,564.0
35.27083333333333,3.3042699663741164,4.428319418013906,1.6801469981262709,33.287540381008775,0.7540584089100975,16.45090049867648,2.1600873181473093,564.0
35.28125,3.3393172785558507,4.489466886013891,1.7921613619166066,32.92194257886028,0.7493262248591612,16.73703734172394,2.170828654722852,564.0
35.291666666666664,3.3943612318240617,4.558882625096547,1.8953397127596432,32.549207987587856,0.7443195240992903,16.98964940543952,2.1789136993856144,564.0
35.30208333333333,3.384963096153696,4.603019950927037,2.014509870206431,32.10515245944363,0.7380607168414308,17.584758164619643,2.202573937408444,564.0
35.3125,3.319867620431293,4.632065023282302,2.11531094927976,31.626626239842526,0.7309324203029983,18.33973734902771,2.4403532756091075,564.0
35.322916666666664,3.3005031506115623,4.673289021313514,2.2048086377000238,31.14992181900143,0.7234724836644719,18.915042472412757,2.438753723976912,564.0
35.33333333333333,3.0131833970933277,4.617597553534353,2.269639192596864,30.61915871801292,0.7148936113142526,19.820692859575573,2.439480003688124,564.0
35.34375,2.6564565679750975,4.517514055380747,2.284350126212241,30.065107118095835,0.7059573661631671,20.91898421454303,2.439456037346229,564.0
35.354166666666664,2.4482554920662385,4.453565800759434,2.2746924855068036,29.540007381597402,0.6980341942828342,21.65308328042786,2.438192465170634,564.0
35.36458333333333,2.0187607316253713,4.238079556629725,2.1925909783282918,28.960948598681817,0.6910274687187965,23.65957100163966,2.4419012496511368,564.0
35.375,1.6354675515419215,3.979273794167142,1.9917579788125066,28.445207419144268,0.6885965661579179,26.30507034490839,2.4737107657932453,564.0
35.385416666666664,1.4160780217831443,3.7726152759949287,1.7480077941081842,28.087473731249833,0.6933066440879817,29.80574435923085,2.5270646023262318,564.0
35.39583333333333,1.2092930844895713,3.5333406062831725,1.4748431511077975,27.908579046869953,0.7068057975080775,34.26221396107749,2.593812170045388,564.0
35.40625,1.0845010044968773,3.3218969045699063,1.1982837290976038,27.92834623360341,0.7284052139583699,37.121473978168126,2.8549505238040456,564.0
35.416666666666664,0.986211404535012,3.125391741144514,0.9616015575061315,28.1184681176277,0.756831221789056,39.19562845942661,2.851309938017055,564.0
35.42708333333333,0.950435267595595,2.9719436708749556,0.7755791594280251,28.41943746947469,0.7882657151827832,39.44237150300301,2.847715856018818,564.0
35.4375,0.9211303300890948,2.827427889143228,0.6355325306479804,28.775782099083404,0.8202530810435145,39.033182015215196,2.8451395469653598,564.0
35.447916666666664,0.8722618198173677,2.674769168888904,0.5320456493470437,29.1583241271171,0.8520250721232558,39.40982914955305,2.8441641025108266,564.0
35.45833333333333,0.8747150343982942,2.576903586937616,0.45786366825967323,29.498027588664968,0.8791445264389085,37.42013877384886,2.841022776485217,564.0
35.46875,0.8708375131277556,2.4802408333230685,0.40426591298532466,29.79159934792848,0.9022194020560123,35.754240627402204,2.8394932750989255,564.0
35.479166666666664,0.84112853904215,2.3691066245262453,0.3621055697220186,30.043164492151725,0.92204470962506,35.33483189498507,2.8395045771447096,564.0
35.48958333333333,0.8677722627723464,2.3082948259838365,0.3290764542997287,30.221281651522048,0.9363996166272539,32.66901097652721,2.8368735518467028,564.0
35.5,0.8821142658924365,2.240245380335885,0.30364499029693254,30.34849639579112,0.9471550082043347,30.640420406449632,2.8363683934169512,564.0
35.510416666666664,0.8661122704625475,2.1552678336022706,0.28204642719930995,30.435669837618093,0.9552696266028783,29.80296221180848,2.837416412189172,564.0
35.52083333333333,0.8881538950453628,2.102214846968785,0.26330772583360895,30.478995837215734,0.9602226064987905,27.53280585490555,2.8364344750320623,564.0
35.53125,0.8953047943522577,2.0423413223878204,0.24811942077136623,30.49295447736067,0.9631345709002832,25.613667627821076,2.837814418656223,564.0
35.541666666666664,0.8774284542947788,1.9698228855512254,0.2348995035739103,30.48271396271801,0.9644847486655211,24.556052199432745,2.588044151551664,564.0
35.55208333333333,0.8787020938480203,1.9145676413884036,0.22274166872549592,30.454580591561722,0.9644258699970246,22.90786985766268,2.537749647323563,564.0
35.5625,0.8645121433630941,1.8520278295641142,0.21267183872739734,30.410517500179015,0.9632595751968259,21.64801495209717,2.492007146625744,564.0
35.572916666666664,0.84240835059379,1.7894038593595978,0.2037104449690618,30.351339111074623,0.9610268716849496,20.62331266893052,2.4509727599667954,564.0
35.58333333333333,0.8249444143311178,1.732548574718474,0.1958607335091012,30.277870843851286,0.9577401103557104,19.586880552503008,2.4261067808720784,564.0
35.59375,0.8101870968723811,1.6832623043578858,0.18928597433767064,30.19047234979864,0.9533795067762512,18.61986987408273,2.4262810982972836,564.0
35.604166666666664,0.7954578351337588,1.641734425518999,0.18380822057806387,30.091325388291004,0.9480211133810719,17.984622272292427,2.426705502494046,564.0
35.61458333333333,0.7880036388718281,1.605773215985848,0.179521190724655,29.975471808112186,0.941348840945123,17.7900883804928,2.4279026442472253,564.0
35.625,0.7894093994748754,1.5811122731745562,0.17620973131480624,29.84536684501134,0.933461158349879,17.841105959928736,2.4286637054253055,564.0
35.635416666666664,0.7904891966679114,1.565123782863128,0.17373541399949458,29.70586960951397,0.9246760895353097,17.92379030242448,2.4288569447614665,564.0
35.64583333333333,0.7905179997850974,1.551173755897356,0.17228841664617928,29.54731138404057,0.9144442388305128,18.227588262506636,2.4300930175056,564.0
35.65625,0.792039340241212,1.5463497731539018,0.1715656584031455,29.374285236020874,0.9031803302827226,18.614948210997433,2.4306869083631053,564.0
35.666666666666664,0.7963836327440165,1.5508385418644823,0.17155160169653563,29.193824764490888,0.8915368362234067,18.884413436710506,2.4305909847444753,564.0
35.67708333333333,0.7886399901715798,1.553335011274794,0.1723825873495777,28.994903756330338,0.8790482836842689,19.311926920949308,2.43158031270871,564.0
35.6875,0.7782573745538856,1.561997236032608,0.17359206037546862,28.78766674999328,0.8666176453624453,19.69740145419593,2.4316780565881952,564.0
35.697916666666664,0.7755349841506575,1.5776361197883928,0.1753640977369513,28.57834720536351,0.8547996103686712,19.931606279437364,2.4314550345244497,564.0
35.70833333333333,0.7446791935931413,1.581830023058948,0.17699921712742722,28.36633997937178,0.8436616223956503,20.15667816063453,2.431638995987507,564.0
35.71875,0.7110378723415687,1.5825010155453587,0.17849146244471784,28.156691414784444,0.8334998983373426,20.40340636704708,2.4318229833622746,564.0
35.729166666666664,0.6943734782578138,1.5890605862041123,0.18001922614217092,27.9598157168995,0.8247340633332771,20.558815502069894,2.43161837895156,564.0
35.73958333333333,0.6711370314190079,1.584447027510367,0.18175141361108765,27.766568259336204,0.8168707637327424,21.22539612401902,2.441629643628778,564.0
35.75,0.6641474228245979,1.5883702700752267,0.18333354789718653,27.599996874612152,0.810735233760178,22.511497620618528,2.4637249324488666,564.0
35.760416666666664,0.6678472705906612,1.6015623485013988,0.1850162841062786,27.478927555050646,0.8067946451812511,24.087912036524184,2.4863721154522076,564.0
35.77083333333333,0.6705247669755339,1.6090621793779694,0.1870635326487725,27.408610208656572,0.8050473965494864,26.255801246507428,2.5185477107813568,564.0
35.78125,0.6803460324232022,1.6217140679547712,0.18892622236304898,27.403526921357198,0.8058105036432986,28.319406243231835,2.5525099936135467,564.0
35.791666666666664,0.6908787565730758,1.6365152984447624,0.19069477986860955,27.465867281931946,0.8090231729952714,29.820471167525845,2.5843537701493307,564.0
35.80208333333333,0.7004729432456861,1.6467558358898131,0.19241701123821991,27.59463257858031,0.8146377555758546,31.34969967088249,2.618913827700822,564.0
35.8125,0.7149589750276272,1.659722220884739,0.19359506162438922,27.776777131604167,0.8221739593039238,32.165374335272276,2.846669410432244,564.0
35.822916666666664,0.7227654477322508,1.6664969479218354,0.19447573922384612,28.002653023740642,0.8313566514683817,32.85067679159284,2.8448315499586205,564.0
35.83333333333333,0.7365819267163234,1.6746923633802258,0.1945302629336059,28.24929766471254,0.8413601256983518,32.640228477698834,2.8426533369914875,564.0
35.84375,0.7444956896526378,1.6743255832792787,0.19400588089462953,28.50889108369824,0.8519320225414406,32.33749453654501,2.841329170563407,564.0
35.854166666666664,0.744291037085596,1.6648766585372354,0.19294984739643062,28.77914103977417,0.8629930755964653,32.400655153247605,2.8407447681456084,564.0
35.86458333333333,0.7520383804750885,1.6603574004493813,0.19120010288033742,29.038129013875597,0.8736138589735145,31.55397290427278,2.8392306804975234,564.0
35.875,0.7537517213607057,1.6496658088240423,0.1893199477368714,29.289003014345248,0.8838629487019092,30.806082885317576,2.8386271566177648,564.0
35.885416666666664,0.7486483188716945,1.6324114296360377,0.187265394910493,29.53618540664579,0.8938413356479444,30.55054157106761,2.8387346317328808,564.0
35.89583333333333,0.7602499456012028,1.626254147735389,0.18487018294238253,29.758356313515872,0.9026213508560609,29.244907977003848,2.837539666071566,564.0
35.90625,0.7702095199599779,1.6164791677133494,0.1826576461258038,29.96337334212326,0.9104796127914149,28.01127320877984,2.8374762189863096,564.0
35.916666666666664,0.7687919878863594,1.598094443360147,0.18041061506598835,30.160537733059513,0.9177220462734388,27.415675616000268,2.8385334335975165,564.0
35.92708333333333,0.7841184914232596,1.5897697671374014,0.17802008295201674,30.33507884801505,0.9237791353765932,26.23283392169737,2.838736017874611,564.0
35.9375,0.793127310943084,1.5767599852309213,0.1762042660338493,30.501849037955157,0.9291443146005415,25.622483659192735,2.6035816215399925,564.0
35.947916666666664,0.7969338773592822,1.5639452810034817,0.17443145772550275,30.65812745836419,0.9336626763359119,25.213144998508977,2.5836040686187323,564.0
35.95833333333333,0.8117751884151483,1.55941497464433,0.17368959156210806,30.8090546567345,0.9373803514768547,25.298289811692023,2.5715073032956597,564.0
35.96875,0.8367668222905449,1.5682104455761323,0.17376697997840074,30.947443140334283,0.9400070419334303,25.336969869880374,2.5618308306971405,564.0
35.979166666666664,0.8567116062663785,1.582109243773903,0.17448468428620614,31.070181570857418,0.9414422692642754,25.234411863695854,2.553159858837377,564.0
35.98958333333333,0.8908317474732955,1.6074331504485018,0.1759433378775467,31.172722814861412,0.941692701321387,24.772070715741386,2.541106422343488,564.0
36.0,0.9245633413005936,1.635197193190667,0.17802145463719246,31.256467965449414,0.9408886662175787,24.256529731893668,2.528178986704189,564.0
36.010416666666664,0.9483982646177043,1.65990411783015,0.18034578287819358,31.32182105797985,0.9391219364434983,23.865561928119874,2.5165211630677375,564.0
36.02083333333333,0.9836104814635445,1.6913375817413967,0.18352159104891014,31.367892607989866,0.9364304258270251,23.722729133245373,2.5087485072660693,564.0
36.03125,1.027541575297242,1.7315781486599704,0.18770486156436572,31.391446750893945,0.9328541144276242,23.825359540953908,2.5057802248657755,564.0
36.041666666666664,1.0688771179054732,1.7776063742055213,0.19241191008241423,31.38855242738123,0.9286308449109835,23.83291612580926,2.5029302563205404,564.0
36.05208333333333,1.1289745647314793,1.836870023254409,0.19905266181573353,31.355621785432835,0.9237506999679643,24.097659179641454,2.5053018287413247,564.0
36.0625,1.2004976942923287,1.9100317312553132,0.20644053203347335,31.29394813279932,0.9187680533949037,23.888976408179598,2.5014368327836762,564.0
36.072916666666664,1.2581250038915959,1.980426717418939,0.21512140589800618,31.201744971833058,0.913639332869779,23.70043949859514,2.498064913024026,564.0
36.08333333333333,1.3267061724813225,2.059704430734685,0.22354824742507218,31.093772364134338,0.9090671065090163,22.687844968473836,2.48014612384101,564.0
36.09375,1.3846728126548522,2.1324497986040267,0.23303077007123718,30.96983016686821,0.9048226522226658,21.544930716056612,2.4572671846761365,564.0
36.104166666666664,1.4305882309877003,2.1963697386432113,0.24326010041920365,30.82466722572056,0.9006793851660045,20.59713748236119,2.436246669519786,564.0
36.11458333333333,1.4899280754707676,2.268754503841128,0.2528847120490093,30.679035385560535,0.8971120711551398,19.273227207334777,2.424858101229113,564.0
36.125,1.5444140889997686,2.3386676381673035,0.26398650589681694,30.528028390545273,0.8938411314494713,18.11456500073076,2.4243186360179876,564.0
36.135416666666664,1.5921858290724036,2.404268096950282,0.2764171540550202,30.36435242364588,0.8906405540085621,17.38814584000211,2.4248067440255503,564.0
36.14583333333333,1.652400859356675,2.4794772235118625,0.28878193387818846,30.209179753320576,0.8878371187154136,16.743011220906922,2.423857693363074,564.0
36.15625,1.7092260746290222,2.554385662067088,0.3033992168761999,30.054968049609823,0.8852013419687315,16.239493888308598,2.4238624677101366,564.0
36.166666666666664,1.7624225967521308,2.627207128296846,0.3201110396139729,29.894223143468416,0.8825531967283211,15.922100862095908,2.42464802285234,564.0
36.17708333333333,1.8248912939035224,2.708140047548089,0.337551922785902,29.74403382962001,0.8801246189964963,15.610032927126909,2.424387759039487,564.0
36.1875,1.884446778763349,2.7891631293791805,0.3585155508714948,29.593677596590748,0.8776991182308471,15.381561874380015,2.4251899954415577,564.0
36.197916666666664,1.945404724721968,2.8711700115548506,0.38238839960500914,29.44046657006004,0.8751981260091993,15.243705663251518,2.426398316304079,564.0
36.20833333333333,2.010363503093759,2.958872964226349,0.40973268164981047,29.287929282401475,0.8726449758098677,15.156675998240924,2.20470683632182,564.0
36.21875,2.0795836249400406,3.051918281817851,0.44191555046556735,29.13565690337605,0.8700009195071747,15.109026521553407,2.188043925330953,564.0
36.229166666666664,2.1535344740374645,3.1485711491160457,0.4795362527714568,28.982990419726846,0.8672223578174256,15.094723568501145,2.1721799801693034,564.0
36.23958333333333,2.229021663496117,3.2494994892950637,0.5218933209228546,28.83817450338589,0.8644395139173882,15.061893198106066,2.153976773022828,564.0
36.25,2.3015547275657977,3.349276663021031,0.5708827025770036,28.697943917171994,0.8615819339373418,15.029232311552281,2.1353880579940085,564.0
36.260416666666664,2.37505006320814,3.446657977237448,0.6264494193213627,28.55915579820603,0.8585710428144635,15.014577251933822,2.1177690184298594,564.0
36.27083333333333,2.4262458223244776,3.533874688620728,0.6916863053104514,28.406746175983724,0.8550256746023256,15.087222736127485,2.1077602121835963,564.0
36.28125,2.4666956571017984,3.616620618399288,0.7652387602887382,28.237082203914728,0.8507452049883796,15.263579636562921,2.1067177763775615,564.0
36.291666666666664,2.531288372337636,3.7105893480119687,0.841391527343555,28.0719960730448,0.8462006143157986,15.428127894003058,2.104427025014209,564.0
36.30208333333333,2.5366227143854387,3.782424437076344,0.9410813680051555,27.87113767432135,0.8401070519944304,15.818359289011429,2.122106451151532,564.0
36.3125,2.50499380057962,3.849660803557997,1.039529374778878,27.66134037446742,0.8330137118312172,16.344398806424028,2.145110718231202,564.0
36.322916666666664,2.51737736124515,3.932730305796668,1.1410434310841362,27.463428027019464,0.8255887306806151,16.818173747525105,2.1635773070186306,564.0
36.33333333333333,2.309582492690266,3.9375390694393486,1.2443954324458177,27.24783987778207,0.816662454987568,17.55989051537391,2.196403307362798,564.0
36.34375,2.0433924137796313,3.907630555042223,1.3212919884011225,27.033693723593437,0.8069430770651579,18.49654651089445,2.4403453815258724,564.0
36.354166666666664,1.9012950359479912,3.9065246595964407,1.382222728851783,26.844609411854314,0.7976952091948311,19.232961048183633,2.43821780827053,564.0
36.36458333333333,1.5469260497549426,3.7665848673593643,1.4008413582657344,26.651346253962636,0.7876112363809215,20.88830711044717,2.4405921997363214,564.0
36.375,1.2362618102182221,3.5867146335190068,1.3274674948969596,26.514545679575996,0.779854371158361,22.946271723047616,2.4409185232298043,564.0
36.385416666666664,1.0746758908362544,3.4476422339743684,1.2126894069978011,26.4847575413228,0.7771693711806654,24.24453433004296,2.440871687297343,564.0
36.39583333333333,0.9112588006728722,3.2629375746325775,1.0648341692618097,26.59971695223805,0.7812321143103939,25.983624465167022,2.4791054721183956,564.0
36.40625,0.8187599043569078,3.0942900070910873,0.9001926989906133,26.881973176007364,0.7928586538927018,28.620246432390676,2.5256812797818067,564.0
36.416666666666664,0.7493595845473603,2.930856558460654,0.7538270457271595,27.340156715147412,0.8118876956346814,31.2303600141412,2.5740690399925024,564.0
36.42708333333333,0.7228837877140608,2.793926911742952,0.6317462207740564,27.936873861729133,0.8361172492099508,32.41798407515182,2.6122220455491227,564.0
36.4375,0.7042635583113177,2.657136417550108,0.5344184173886558,28.652418200608043,0.8641022566638824,33.04492746862643,2.8484058099791647,564.0
36.447916666666664,0.6748898352718435,2.5173939800195506,0.45863682983905324,29.4737557272252,0.8946559110431892,33.77246243286238,2.846211391376837,564.0
36.45833333333333,0.6951651599983324,2.424616002315823,0.40370700171646423,30.324568637568923,0.9244068541407037,33.43096606423265,2.8435932366465644,564.0
36.46875,0.7171776564053062,2.340835309728518,0.3631124515543626,31.19484771646802,0.9526806934204529,33.10884116706384,2.8421184403790836,564.0
36.479166666666664,0.7145486186771944,2.2501460466446246,0.33068984267416845,32.07947164105222,0.9789812622880524,33.20936988277154,2.8414131017679445,564.0
36.48958333333333,0.7464022483083528,2.1895373365346433,0.30595912868198666,32.92653510263275,1.0016213983743507,32.791192012931695,2.8401813525255366,564.0
36.5,0.7785667948964521,2.1369056656956165,0.28699941619721325,33.73546775731146,1.0206456152827477,32.50684905608939,2.839576169814733,564.0
36.510416666666664,0.7865576969270146,2.079557617026169,0.2712074615782264,34.501479404408,1.0360044781190019,32.49690378897064,2.8393225753968907,564.0
36.52083333333333,0.8315787573673415,2.052686234604241,0.25836425061865465,35.15624309303669,1.0467640674002254,31.13706689450095,2.8375997027736175,564.0
36.53125,0.8686283964929098,2.0250642510567034,0.2479586963277167,35.719655678356375,1.0539490371922045,29.68895414213258,2.836819980589709,564.0
36.541666666666664,0.8738557814096699,1.9813054583224492,0.238755409114334,36.225811733800676,1.0583825660940867,29.08458099764518,2.8374440296000487,564.0
36.55208333333333,0.9024326368127149,1.954728180385353,0.22979215202133677,36.62525563432715,1.0601243068886887,27.38031862501555,2.8364809443294736,564.0
36.5625,0.9157482531444596,1.919413439001182,0.22217632775078316,36.95827136238721,1.0599365672498078,26.046332194204805,2.8374417116411523,564.0
36.572916666666664,0.909671056721109,1.8754913028021412,0.21516458646793024,37.24126241084818,1.0580343572502053,25.319835076359798,2.608328893450652,564.0
36.58333333333333,0.9174543976528516,1.8423018584347997,0.20842504440067788,37.45832319499017,1.0548192322649739,24.17655794645402,2.5747159575527956,564.0
36.59375,0.9196516205296345,1.8092337923444024,0.20278112340840296,37.62654334632153,1.0504560437687485,23.13811833365613,2.541066160830745,564.0
36.604166666666664,0.9112239471041681,1.7743801749734125,0.197892725636019,37.754709098182914,1.044915910563335,22.384910905175545,2.5108583659151935,564.0
36.61458333333333,0.9152257880922868,1.7491796835987277,0.19334370844325593,37.83943397775011,1.0387069826516788,21.367981255717485,2.4766221378171123,564.0
36.625,0.9167689065544681,1.7257261239828598,0.1896636704606862,37.890189871280576,1.031776944434984,20.33224438115637,2.4429990591846336,564.0
36.635416666666664,0.9111697678911539,1.7021581003793742,0.18658647396373007,37.91123799225112,1.0240025540103603,19.31742224350753,2.4250090159449416,564.0
36.64583333333333,0.9065093300016112,1.6818321264083482,0.1838544987703172,37.90428784255689,1.0155136003113445,18.383467045028592,2.424959269746896,564.0
36.65625,0.8979524374795134,1.6639950550222418,0.18177724030065154,37.87048944454783,1.0061182479324673,17.82098167995498,2.425563590249941,564.0
36.666666666666664,0.8915738384284992,1.6523250271931995,0.1802435518755997,37.81158802918728,0.9960160600994714,17.517107774382183,2.425905643039974,564.0
36.67708333333333,0.8753707779135222,1.640128001349202,0.17930590984979705,37.72532900707875,0.9847619645926136,17.48341482870569,2.426848584615172,564.0
36.6875,0.8502831839507891,1.6301583052825594,0.17875698516434335,37.61246730746445,0.9724901104520044,17.609944175511554,2.4275376087548457,564.0
36.697916666666664,0.8358967300594324,1.628826661049689,0.17870775803146308,37.47877003180448,0.9596885504091229,17.730960539503315,2.4276619849145207,564.0
36.70833333333333,0.7809185931985638,1.6120939528405973,0.17870187702762405,37.316256861173045,0.9455169969029058,18.038143369617806,2.4288161103672263,564.0
36.71875,0.7237850343876467,1.593468986905558,0.17844508187459254,37.13098415215795,0.9304590719000108,18.437723397898868,2.429447852905708,564.0
36.729166666666664,0.6923794129093501,1.5853335139402895,0.17834364560433302,36.936011290427395,0.9153825126437172,18.722189935338378,2.4293119984276093,564.0
36.73958333333333,0.6447120059758239,1.561500608306921,0.17835184868927417,36.71316655618077,0.898711923994911,19.387022079744288,2.4311860972929074,564.0
36.75,0.6132076455215465,1.5439144300999885,0.17797867955619343,36.48439949542375,0.881865663528334,20.17504386459813,2.431887986113627,564.0
36.760416666666664,0.6006335226658229,1.5386587353609436,0.1777326006541536,36.27348429563301,0.8662449335383184,20.682416441944035,2.431858850555959,564.0
36.77083333333333,0.5800636640122203,1.520781533337388,0.17805138004317828,36.067932862758525,0.8504814443047872,21.986999107459763,2.459176132831195,564.0
36.78125,0.5780709575026186,1.517544401466637,0.17865359156920224,35.90017901694303,0.8364596124849161,24.682875259573823,2.5004157174975794,564.0
36.791666666666664,0.5867648277137881,1.5294182196821025,0.17969315938375693,35.79296324709777,0.8256738015114294,27.36635543415253,2.541047582929343,564.0
36.80208333333333,0.5996308245283329,1.5396446699722277,0.18210368354106185,35.74601183924512,0.8177286129302257,31.017069419929335,2.5988159998051996,564.0
36.8125,0.6300689223329237,1.5693711938224002,0.18496895872806618,35.76727891438237,0.8138337157238273,33.732522253923705,2.8480819233205996,564.0
36.822916666666664,0.6546759503775716,1.5997619524157012,0.18813179849659983,35.84393526462681,0.813880192598374,35.51214317621043,2.8450290212620093,564.0
36.83333333333333,0.6892465505224882,1.6327972273169309,0.19153827282329364,35.95850520393569,0.8175232704696831,36.861201948271585,2.842950521973996,564.0
36.84375,0.7250210598309507,1.6649461849464715,0.19470345249774595,36.09082701507647,0.824242885101437,37.67141748490456,2.8411929658672515,564.0
36.854166666666664,0.7480181412292995,1.68769252074837,0.19737657829341415,36.22525649401809,0.833577955636022,38.45242242141302,2.8401035812182234,564.0
36.86458333333333,0.7785184547273949,1.7141860584409616,0.19925669515635952,36.34265094519458,0.8444141776400367,38.517225712951,2.8468559166960072,564.0
36.875,0.7994985087722927,1.731211181086652,0.20065073677465922,36.43862004902755,0.8563201756618021,40.86316496183783,2.86013698023112,564.0
36.885416666666664,0.8081704706445018,1.7367564536600069,0.20146782851463513,36.51139693587681,0.8691333577517533,44.20733586840324,2.875195016112281,564.0
36.89583333333333,0.8336058839367086,1.753420777752432,0.20103300693639797,36.55410108087732,0.8810045440044914,42.799024231401056,2.870611179865704,564.0
36.90625,0.8477070286894184,1.7580637173403069,0.20019074445506024,36.57343110097597,0.8920706321243097,39.49122364431378,2.8555748984826606,564.0
36.916666666666664,0.8449318171639091,1.7459789823680931,0.1989247606391681,36.57257237773712,0.902901574500226,36.715665131501645,2.842710386776156,564.0
36.92708333333333,0.8573228485198643,1.7439005712309013,0.19646128744616237,36.55502892550853,0.9120207320412507,31.58496164208679,2.830537950660936,564.0
36.9375,0.8580805848223565,1.729405771185263,0.19441378780933793,36.5227001348644,0.9204320997111411,29.20824830802839,2.8307197773381145,564.0
36.947916666666664,0.8533455392946703,1.710435580432665,0.1921249964554724,36.47588586301853,0.9281340597606476,28.36823421305098,2.8314850037013386,564.0
36.95833333333333,0.8679312161770236,1.7019865267455134,0.1904133288525868,36.41557429402672,0.9349432569628676,27.90930073105918,2.8322491813696353,564.0
36.96875,0.8898153849391135,1.701599788709919,0.18942920011543263,36.342590090401785,0.9407468175432032,27.582588155522213,2.833099124225821,564.0
36.979166666666664,0.9044933465539898,1.7033271670576773,0.18891902493588486,36.25772026804887,0.9454463196749586,27.316613406950268,2.8339927109360254,564.0
36.98958333333333,0.9363971511407454,1.717170008525505,0.1893381352493089,36.16275049345912,0.9489402131598911,26.93395002876485,2.8347283029700163,564.0
37.0,0.971822880659921,1.7372833969544508,0.19062062541195157,36.05706864472567,0.9512692917088196,26.607491527853515,2.835686939388037,564.0
37.010416666666664,0.9979115485100087,1.7577632894726998,0.19234557221142115,35.93985059489926,0.9524735080745323,26.343723484569708,2.8367277616039637,564.0
37.02083333333333,1.038232526620099,1.7881700501485895,0.19504628679872396,35.80997808198289,0.9526259477646813,26.099711996819707,2.8377827978730252,564.0
37.03125,1.083039485428122,1.8255409167394807,0.19865661449748817,35.66541751489281,0.9518357163134555,25.88701711085273,2.8388895555516656,564.0
37.041666666666664,1.1199399215025017,1.8641925254271206,0.2028212950454896,35.50426266602534,0.950239003702406,25.67917160682808,2.6065132992704143,564.0
37.05208333333333,1.1716956755477936,1.9134790224153295,0.20809560622153067,35.32619354594445,0.948013026005183,25.380491232247355,2.5934948739456285,564.0
37.0625,1.2282804344224216,1.9701826266340996,0.21403895166293982,35.13680646472915,0.945422970529371,24.72451865705935,2.5759811512484174,564.0
37.072916666666664,1.272716823044648,2.0234860932499896,0.22092021972745227,34.927559481988716,0.942512499809757,24.263213987986603,2.5601820586053416,564.0
37.08333333333333,1.3301224514245682,2.0868489802054184,0.22762494392619118,34.72270181365199,0.939726837706901,23.088912234451495,2.5326688284065098,564.0
37.09375,1.3807529440416588,2.147215338088832,0.235433519288146,34.51373416597547,0.9369996186693638,21.920828989199933,2.5019806094535304,564.0
37.104166666666664,1.4214278840304269,2.2016581166989746,0.2440315377548776,34.289981274964276,0.9342190656062728,21.061412711923598,2.4738493242924093,564.0
37.11458333333333,1.4739770456073071,2.2653105848252295,0.25235843212763615,34.07826667017652,0.931709676669231,19.85569823346173,2.437106300909234,564.0
37.125,1.522811707501728,2.328582109617876,0.2622047459297813,33.868414761954455,0.9293170265211455,18.605856137346965,2.4227051052153827,564.0
37.135416666666664,1.566598512385311,2.389362234580772,0.2733820630513754,33.64985937753428,0.9268957353600897,17.62341080127789,2.423007276363729,564.0
37.14583333333333,1.6231839901872873,2.4595681467866637,0.28536685996343464,33.439025200111935,0.9245961411768531,16.875132452134636,2.422691718713287,564.0
37.15625,1.6844754889817333,2.5342373744981104,0.30000440546432755,33.22497525054575,0.922263425600008,16.39636217122142,2.423149693513088,564.0
37.166666666666664,1.7464680844957188,2.6121044382525227,0.3167938013535877,33.00653784503403,0.9198479285310859,16.116236984152938,2.423769208934755,564.0
37.17708333333333,1.8238401918698195,2.700624627727598,0.3365330804504271,32.78959327195284,0.9173757545286172,15.934799121946252,2.4241598482153592,564.0
37.1875,1.9069192392168053,2.7967324160782843,0.35975904884879156,32.57788540067462,0.9148557413803223,15.793075409149813,2.4244656271682605,564.0
37.197916666666664,1.9871478902606494,2.894383881512075,0.3873036079875196,32.36579499158403,0.91218753394141,15.711039741778842,2.4251913299638983,564.0
37.20833333333333,2.0705715283729638,2.998181581942279,0.41789987736861045,32.16991644851248,0.9095627716775565,15.58611580276298,2.4251545408867923,564.0
37.21875,2.1498302336267745,3.1013174758648114,0.4542004684267772,31.981458636296622,0.9068621576472955,15.472294940101172,2.425792261023562,564.0
37.229166666666664,2.228096527601863,3.202659493201406,0.49608004309910153,31.79540220588406,0.9039979878753711,15.401861091480423,2.426886019158214,564.0
37.23958333333333,2.3094147373383,3.3064088732340307,0.5433609315969734,31.617204445366962,0.9010412179595867,15.345982205310783,2.196965012521018,564.0
37.25,2.392794268551529,3.411150434948107,0.5982394117966674,31.443655563771614,0.8979304630939806,15.315857407498191,2.182452431560819,564.0
37.260416666666664,2.478481362399256,3.515982101284386,0.6606894562366874,31.274414551143398,0.8946447777046376,15.308904971562052,2.168671734434755,564.0
37.27083333333333,2.5501684673886844,3.615197322958794,0.73593626947558,31.09274881746738,0.8907976217501847,15.401863549722734,2.162034502616291,564.0
37.28125,2.6153034248460245,3.713752015759599,0.8219226701001203,30.899541349716554,0.8862793525717251,15.597646136160687,2.162036897171532,564.0
37.291666666666664,2.698032578611519,3.8212295448176588,0.9138217841578825,30.715523894310557,0.8814898554260224,15.779017211917617,2.160633820676955,564.0
37.30208333333333,2.72395713888117,3.907964026355507,1.0308680877136347,30.503074424141467,0.8752449070728945,16.193499330050077,2.1761907752050793,564.0
37.3125,2.6989941083957314,3.981756155212808,1.1524893458128946,30.279335576828345,0.8676406486862585,16.844072506880003,2.2012490002690797,564.0
37.322916666666664,2.7229615249290937,4.073587130428267,1.2725762168500871,30.07814640893339,0.8596676744647336,17.415454910164343,2.220508759255581,564.0
37.33333333333333,2.497259978960756,4.07208642632403,1.4062156358018494,29.853292089873893,0.849101333448106,18.6470836928446,2.438463512376544,564.0
37.34375,2.2293833582705602,4.044096552486287,1.5049455789844333,29.651084946262248,0.8374966528537999,20.29357129785512,2.4385058934710893,564.0
37.354166666666664,2.1033752088645343,4.055889765133322,1.5859609118950277,29.506720949014372,0.8269924282100526,21.470051858401057,2.436831294031843,564.0
37.36458333333333,1.750020456258226,3.916454345409492,1.6139022389666604,29.424138740026088,0.8171346051861699,23.73193872776158,2.442928749957965,564.0
37.375,1.4236165349392131,3.7236681192447425,1.5272081704097393,29.48254596826343,0.8123130012974612,27.117695624700442,2.498159073385235,564.0
37.385416666666664,1.2470303847681592,3.5692038609755694,1.3875212941812858,29.728446305587916,0.8155535842017253,31.584454651993802,2.5668820686084692,564.0
37.39583333333333,1.0619002943963483,3.365238673845956,1.203973590165001,30.2079841027246,0.8287482716713633,36.38778371043969,2.8539628814540876,564.0
37.40625,0.9541005696221351,3.1793096578250792,1.001714449333166,30.89868134851359,0.8515014161822825,39.17431455821703,2.849137254642711,564.0
37.416666666666664,0.872780043420517,3.002862318920451,0.8243118627293164,31.777863778432305,0.8827280998698771,41.229493306367786,2.846446155391669,564.0
37.42708333333333,0.8480101850094984,2.8629343257547157,0.6812175395377036,32.75198064989505,0.918531687193702,41.48327674079385,2.8437346597803175,564.0
37.4375,0.8310178735947247,2.725066117823356,0.5710395688545943,33.78933387135424,0.9570520161102888,44.2923013278509,2.8649657942445446,564.0
37.447916666666664,0.8006076885492225,2.587268414825268,0.4874122943945036,34.85738159211698,0.9963324100987235,51.79901091250564,2.899139649161091,564.0
37.45833333333333,0.8290722827177055,2.5001649368267356,0.4291615253163572,35.8744652729565,1.0326321976788755,56.62726583809046,2.9260406100081178,564.0
37.46875,0.8665771887281847,2.432744001249387,0.387528257391662,36.81087847075638,1.0643878250296894,58.878700693912116,2.944697345795936,564.0
37.479166666666664,0.8690298561901817,2.3534902684544368,0.35484760100976837,37.67475941470351,1.0915549505648712,61.405340195470885,2.962483928097877,564.0
37.48958333333333,0.9179384356480784,2.3197002260741697,0.3284743541546909,38.35484266898771,1.1109017009687523,56.7511060830553,2.953625875066207,564.0
37.5,0.9418232872949741,2.269941131796853,0.30736570069568286,38.913082943846305,1.1248769222350976,52.7002529371539,2.935468531041606,564.0
37.510416666666664,0.9299829653827416,2.1978065619868667,0.2886158371896137,39.38577133465926,1.1347108853659766,50.651841787872705,2.920626344472783,564.0
37.52083333333333,0.9479891828109178,2.1474482042340233,0.27151033355168036,39.73577833063852,1.1400654060456363,45.47009810196438,2.8932566454772193,564.0
37.53125,0.9565713458837583,2.091577709968184,0.2574066983718265,39.99807980071402,1.1420559771328673,40.92868948209188,2.865218996125753,564.0
37.541666666666664,0.9454350650306032,2.0290874106193018,0.24495365102416372,40.18218562396898,1.1410162011352722,36.68824321661868,2.840973403804721,564.0
37.55208333333333,0.9589870139574389,1.9826795484922117,0.23414468193675694,40.28427213232215,1.1373163999053857,31.941059792358935,2.8313698477958087,564.0
37.5625,0.9724418466487077,1.9397150159170962,0.22557095619040882,40.31346769404589,1.1310902153168434,30.19982811698762,2.8319502942780193,564.0
37.572916666666664,0.9732490943647527,1.8992795303995569,0.21820911101012555,40.27012130218414,1.122555313092538,29.614248556735877,2.8325469108673436,564.0
37.58333333333333,0.9976125696605799,1.8709614962025167,0.21274145750882195,40.15198113882571,1.111566577660033,29.783321051519312,2.833682476795987,564.0
37.59375,1.031716764243853,1.8559161199228595,0.20879328577783635,39.95951767976848,1.0984045697273814,30.015112460510537,2.8344164493118655,564.0
37.604166666666664,1.051838207934503,1.8454918731004855,0.20588522689598834,39.69951060660557,1.0835498454625614,30.013288765282184,2.8347461689310416,564.0
37.61458333333333,1.0890161084228136,1.8443547268935294,0.20444595007453623,39.367815781570876,1.0668278349579396,30.398699825657726,2.8355373641344728,564.0
37.625,1.1315519614510665,1.852767610144972,0.20406180844131472,38.97210935366555,1.0487303864488238,30.769117274041825,2.8359291197734215,564.0
37.635416666666664,1.1604420521171837,1.8637524917300268,0.204335281222684,38.525174085817774,1.0298876798990024,30.884746235959735,2.83593374216613,564.0
37.64583333333333,1.1845273143907646,1.8760316397495165,0.20524220449964733,38.02971795265037,1.0104773062917274,31.06664681546792,2.836078297546396,564.0
37.65625,1.1940677418996446,1.8886954716397142,0.20651267979120233,37.498735684959115,0.9910970202655125,31.065955385461827,2.83593091518701,564.0
37.666666666666664,1.2006545545037899,1.9031022899921481,0.20835419460801838,36.935274968727384,0.9719556879261271,31.070230686323782,2.8358841896267943,564.0
37.67708333333333,1.180336127981151,1.9102929236898967,0.20998518546864456,36.347184427209,0.9534267785282189,30.98418036181237,2.8357353240119454,564.0
37.6875,1.142839304653384,1.912409627345407,0.21183563344863704,35.72741751739712,0.9354173865804928,31.150899333227073,2.835928401757638,564.0
37.697916666666664,1.1233781569206078,1.9214962770384663,0.21403286722473783,35.08654125729727,0.9183567554146563,31.229854016568318,2.835864438168272,564.0
37.70833333333333,1.0572893336103368,1.9131181739843397,0.21571153594937392,34.41245278741935,0.9020470875169437,31.696915753463554,2.8362490775705127,564.0
37.71875,0.9929178213171902,1.9037993856578954,0.21705906908089903,33.72041941841769,0.8869699232255801,32.097170907346225,2.8362769742593072,564.0
37.729166666666664,0.9592743187107013,1.904552362721242,0.21871449944392068,33.02738198447399,0.8735026341207816,32.28144087864577,2.8360642753099525,564.0
37.73958333333333,0.9235286958909159,1.8992346870560357,0.22004561460221952,32.33188215772261,0.8616089595505044,32.79016973793239,2.8362728060213156,564.0
37.75,0.89937717713642,1.8945040928050234,0.220850237152053,31.65909931069166,0.8517077516369699,33.23765478917008,2.8362069038980415,564.0
37.760416666666664,0.8879247411199706,1.8933050443814405,0.2214364093005369,31.03472486631901,0.8441065452203167,33.46832220948797,2.8359222627831957,564.0
37.77083333333333,0.8677978891899841,1.8828826114323032,0.22144300613112636,30.463020280337325,0.8388317646400465,34.124007306956564,2.8361633128469412,564.0
37.78125,0.8476936228222517,1.8693754854577256,0.2206710823128368,29.968718875201862,0.8361363141655528,34.73352647903693,2.8361292829484896,564.0
37.791666666666664,0.8360082958360977,1.8587593502770214,0.2196054196678029,29.56893549152241,0.8360572416294269,35.04685419521033,2.8359264378823865,564.0
37.80208333333333,0.8151883178328744,1.839920784703117,0.2180858138589733,29.26032914416211,0.8385072694758898,36.718674090974645,2.8459867060380177,564.0
37.8125,0.8035934370190874,1.8237154339384685,0.21616718118418027,29.04810845839939,0.8432535100444444,40.023755631546756,2.8598799119130276,564.0
37.822916666666664,0.7962510716453826,1.80927069217457,0.21417660914706607,28.924926703335867,0.849902271867481,43.32892982646999,2.873799579486693,564.0
37.83333333333333,0.8015752202296447,1.7989561679656076,0.2123693066458579,28.87859276649665,0.8580413375974426,46.33355034250016,2.8879834030334375,564.0
37.84375,0.8119779898868896,1.7915410922322683,0.21057214046424572,28.895718500618585,0.8671262201835094,48.60697184570074,2.90040245892174,564.0
37.854166666666664,0.8158807952322904,1.7814059616402103,0.20874208739302924,28.961818806321084,0.8767567683360098,50.55466042781543,2.9119474373193563,564.0
37.86458333333333,0.825700528766724,1.776127496491929,0.206700109400427,29.059174768117106,0.8862075732781668,50.633493547559674,2.916264985394458,564.0
37.875,0.8296316523063916,1.7666268185951388,0.20467799941837742,29.175391630802,0.8953449561785047,50.32998829424014,2.9169718087308887,564.0
37.885416666666664,0.8264637705454206,1.751704615521655,0.20255999837147598,29.302257516317685,0.9041266532400134,50.428722741056895,2.918090049594908,564.0
37.89583333333333,0.8351648976382077,1.7450940907829007,0.20025123794659322,29.42490881887816,0.9119716294567286,48.502461662463645,2.9109109070598023,564.0
37.90625,0.8423037207966888,1.7368556555683634,0.19822309244491879,29.540284351951485,0.9190029315833645,46.41479351750733,2.9001686085771285,564.0
37.916666666666664,0.8409752308007885,1.7230554108113536,0.19627003340781182,29.647928890499355,0.9253653971766396,44.99819547988435,2.8909733010143297,564.0
37.92708333333333,0.8544053113646014,1.7196308802805642,0.19431719964487137,29.73976229290404,0.930681577577085,41.81736427599805,2.8741994203620633,564.0
37.9375,0.8672412600756724,1.7158682766872857,0.19283786042226153,29.818416277836366,0.9351527337090256,38.426667552338394,2.8552562187218493,564.0
37.947916666666664,0.8707303752500041,1.7074821973951497,0.19151453691533915,29.88606106746448,0.9389039787434938,35.208926082055505,2.8385798447188986,564.0
37.95833333333333,0.892033803472637,1.71022813098986,0.19035786172176397,29.93986557811477,0.941762736654403,31.1902364961879,2.830196010905358,564.0
37.96875,0.9124541664727467,1.713383670162732,0.18972199801272874,29.98305647027909,0.9438840064211741,29.199912937350867,2.8301326201594903,564.0
37.979166666666664,0.9226001778404297,1.7128737401334715,0.18927416139210285,30.017591916997418,0.9453329526566433,28.486026392946286,2.8307158724058663,564.0
37.98958333333333,0.9520118741459312,1.7240928638365927,0.18917669835095563,30.042922535702075,0.9460734286593322,27.53747749884905,2.830585226295743,564.0
38.0,0.9828186097642964,1.7381636008249843,0.18975645924358642,30.060962199642045,0.9461788522563187,26.783888323388243,2.8310960181885787,564.0
38.010416666666664,1.0030440449916744,1.750158798764067,0.19065377537237418,30.07253191535302,0.9456537034415954,26.354128632561128,2.8320652056672113,564.0
38.02083333333333,1.0398109672803273,1.7729928843146363,0.19214353705784182,30.077567120570155,0.9445240117130248,25.73523172139783,2.8326807432624266,564.0
38.03125,1.079228728028695,1.8009797669485788,0.19448486868768347,30.076320948967727,0.9427874530559472,25.219091656202203,2.8338145933406866,564.0
38.041666666666664,1.1100672006007823,1.8294736322576723,0.19732813912231353,30.068404699881793,0.9404235896078315,24.852703129928216,2.835254599227911,564.0
38.05208333333333,1.1565907917071945,1.8692970913789677,0.20104304109350613,30.053566234573385,0.9375082160887506,24.33614702447222,2.610819199395292,564.0
38.0625,1.2071673802485066,1.916165527037462,0.20559850374439523,30.031759534679733,0.9341322298083887,23.651611386497233,2.5850468726967937,564.0
38.072916666666664,1.2479366332121593,1.962089416121636,0.21100553322643015,30.001634935582153,0.9302232504687734,23.147758343419184,2.561606165387565,564.0
38.08333333333333,1.302085178547739,2.0186744751567587,0.21677602156918455,29.965598438721813,0.9261796609449288,22.20848126588898,2.531216928730638,564.0
38.09375,1.3543825388814343,2.076840333441143,0.223716161181622,29.922740893576776,0.9219388646145575,21.26376697867145,2.4994516083845264,564.0
38.104166666666664,1.3988417505250732,2.1327158482091244,0.23156300008512992,29.87093475965996,0.9173783772134897,20.51444366947076,2.4702465924668293,564.0
38.11458333333333,1.4551589817339294,2.1981135058642964,0.23962631054225278,29.81560524102091,0.9130011883514348,19.46970572305736,2.434499168825238,564.0
38.125,1.5095044344733688,2.264580962490474,0.24915221960573977,29.75511859666956,0.9086507428822098,18.362091281792036,2.4220117698840875,564.0
38.135416666666664,1.558534382067371,2.3292556252451306,0.2599444705814891,29.686735173169573,0.9041491765784001,17.47587977831827,2.4223013426691606,564.0
38.14583333333333,1.6191414012270646,2.4025019171355244,0.27161116519624606,29.615331748812647,0.8998132669068644,16.798254930863646,2.4220325066732733,564.0
38.15625,1.6834901444295156,2.479969243887304,0.28561139556225323,29.53809437412978,0.8954485505944909,16.35712456022267,2.4224089828522923,564.0
38.166666666666664,1.7475119117487121,2.56001767835987,0.30160963042527167,29.454270984240498,0.8910094999234128,16.09705788999227,2.422974457856981,564.0
38.17708333333333,1.8243104010017022,2.649516922379883,0.32039316871675083,29.3654738522933,0.8865689389694754,15.938623022221284,2.423398333266629,564.0
38.1875,1.9065550348962959,2.7456961928966246,0.343180066096632,29.269486023138132,0.8820009362286347,15.87938825738116,2.4241709875376944,564.0
38.197916666666664,1.9904300665625487,2.8467646538778695,0.3695384472993034,29.16853741810587,0.877393227556668,15.867001751736401,2.4247303672277565,564.0
38.20833333333333,2.0774407910822417,2.9524457327611704,0.4022599929534407,29.057563713221803,0.8724985470656053,15.951663068778114,2.4258745250707525,564.0
38.21875,2.1711728488781064,3.065450784945793,0.4405592473456295,28.94116569980322,0.8675005659038226,16.067083281064487,2.4265018084958676,564.0
38.229166666666664,2.266936034048603,3.1821039772438384,0.4853494481516169,28.822521888310256,0.8625026738219785,16.166994754463385,2.4268695093490775,564.0
38.23958333333333,2.361782795103145,3.3015003561074914,0.5373991417804702,28.705904707523676,0.8576505510379346,16.207348854723133,2.426944330861451,564.0
38.25,2.4535961205005385,3.4197847069949674,0.5980837666731457,28.591539377993424,0.8529260471450985,16.206906114797206,2.4271648913948543,564.0
38.260416666666664,2.544192222431998,3.5347201688697543,0.6677920477975762,28.478458418943248,0.8482705162751097,16.202271223642025,2.4276217525376573,564.0
38.27083333333333,2.6201493875166633,3.6415997821150654,0.7517912886173278,28.356588197707374,0.8432558004105815,16.33335938712604,2.4291179474604787,564.0
38.28125,2.6947443939067166,3.747639174965043,0.8484166867670782,28.22595694590003,0.8378674644901651,16.633528571269185,2.4304592172667583,564.0
38.291666666666664,2.7873129313455127,3.8627285084265885,0.9506462182420338,28.101273690499806,0.8326946305832373,16.898404130781145,2.4302589208239995,564.0
38.30208333333333,2.83275975128284,3.9591225234728364,1.0826563820940895,27.95928735215205,0.8267409794573226,17.534715053736548,2.4325501495337005,564.0
38.3125,2.822109841116436,4.042393616097726,1.2166025949252481,27.81514995826825,0.8205837217794363,18.4349265245883,2.433357896057358,564.0
38.322916666666664,2.8539689664542887,4.140063230845353,1.3495163008777131,27.686836135737114,0.8149490749284884,19.117759082360983,2.432432330697904,564.0
38.33333333333333,2.6128511633983065,4.137820557617653,1.4850244477108023,27.554561312178713,0.8088925287722046,20.422756040488228,2.435026673738373,564.0
38.34375,2.313506074101964,4.098429247646302,1.5791373488189713,27.442371309647154,0.8033702778125829,21.96508687973146,2.435868529152575,564.0
38.354166666666664,2.1606545989653183,4.094503059213481,1.651705577854222,27.370149969544844,0.7992231107368271,23.025422328420955,2.4520824994846344,564.0
38.36458333333333,1.7705270057244482,3.9338375769872456,1.6522334050511438,27.351565560011306,0.7966195728806025,26.6178903968433,2.514041064979426,564.0
38.375,1.3951338926185923,3.7050019862569368,1.52524787600094,27.437027527078243,0.7973519138864706,32.14273373010644,2.5919444487554455,564.0
38.385416666666664,1.182286217238422,3.511488427607061,1.3423040616547282,27.6579943609132,0.8024532002552991,36.07601325901262,2.850286356378973,564.0
38.39583333333333,0.9636582504984298,3.269328439924365,1.1181571792164575,28.045555469646796,0.8126696990915683,39.61309134135044,2.847443493694993,564.0
38.40625,0.8289473914386685,3.045547327084795,0.8919837670383048,28.582043048683467,0.8273233329046732,41.46012680718585,2.8446852612328217,564.0
38.416666666666664,0.7382954820097971,2.8406852211784113,0.7098661174051595,29.248957383996423,0.8455173688762185,44.749087143599354,2.8644133118371258,564.0
38.42708333333333,0.6996545829012912,2.6787497358364045,0.5753500787170142,29.97029158521207,0.8646835913377124,51.754511604372226,2.900078384094608,564.0
38.4375,0.6776039183623349,2.533131649262806,0.478980547814108,30.70371717072195,0.8832116606684789,56.74596941786491,2.9298939635473276,564.0
38.447916666666664,0.6437167112319003,2.382163004522568,0.4083740841030705,31.443768895420696,0.9004453011678336,61.420106206026865,2.9595089398951644,564.0
38.45833333333333,0.6612633839102902,2.2931304967588493,0.3587105381517338,32.093340438913174,0.9138542168426711,59.83270851643656,2.967763779010678,564.0
38.46875,0.6730301477517112,2.204756715146695,0.32226806940403846,32.67211163599041,0.9239166427992764,58.08757048951717,2.9663925218176335,564.0
38.479166666666664,0.6602652716132579,2.1021199655033374,0.29283295079791277,33.197047925835044,0.9308961222399157,57.954461132784786,2.9663970845379817,564.0
38.48958333333333,0.6815501033959697,2.0374528249218296,0.2695485134457126,33.61694522185306,0.9343802774151607,53.618272027596504,2.9505602229940977,564.0
38.5,0.693532010018119,1.9691905383913428,0.2510906035805523,33.961702152043394,0.9351611886569363,50.133390705539504,2.9305595789481806,564.0
38.510416666666664,0.6840863759574427,1.8903003594086483,0.2352904901726712,34.24632892373433,0.933534404267684,47.98854131696728,2.913758376760677,564.0
38.52083333333333,0.7023658165154204,1.8384182742760131,0.22187670424200207,34.449318472565324,0.9301139912152765,42.79451059226531,2.8847454758017013,564.0
38.53125,0.7133478220920678,1.7845660075411671,0.21082999019111542,34.592319868305694,0.9252923626937638,37.62668255748923,2.8525529843604756,564.0
38.541666666666664,0.7050191470429817,1.7217481652746718,0.20112681514495276,34.68604173779724,0.9190614692197462,32.71231399486989,2.8301778353982665,564.0
38.55208333333333,0.7143650486650959,1.6743575303123133,0.19243127761726278,34.728047591094665,0.9121605972169945,28.712347032045265,2.828822683358742,564.0
38.5625,0.7168605584156618,1.6238070090391399,0.18522747072856754,34.726566281549616,0.9041883971501754,27.37156764095908,2.8297568607701256,564.0
38.572916666666664,0.7112408550439812,1.575460037446224,0.17881519438328053,34.68090266387328,0.8952885851930782,26.824256342510715,2.8306671328777053,564.0
38.58333333333333,0.7214191825316033,1.5363054331895827,0.17370767640520202,34.585964818813196,0.8850664795448615,27.03558848932652,2.832295621466122,564.0
38.59375,0.740959879133989,1.510936083932664,0.16975122562236653,34.44014056274992,0.8737752065501216,27.295511909459055,2.833362783958734,564.0
38.604166666666664,0.7520802910261782,1.4922940627782193,0.16670851414801333,34.24691116215683,0.8617509920206763,27.296751375515495,2.833950744707374,564.0
38.61458333333333,0.7735475658651998,1.4818157496581659,0.16472291870997546,34.0014545976306,0.8487492639513273,27.550377269179364,2.8349009916023515,564.0
38.625,0.7980651362875855,1.4799476915016245,0.16355796371532338,33.70798338223265,0.8350698381760367,27.78715152592129,2.8354407826593784,564.0
38.635416666666664,0.814027291016268,1.4816169003094997,0.1629727225372642,33.37421322792339,0.8210753399142756,27.840801362442214,2.835632168611551,564.0
38.64583333333333,0.8273322244128279,1.484265551769846,0.1632115621316105,32.98065229583562,0.8060664804346785,28.62633217858863,2.8366664820998735,564.0
38.65625,0.8391273556814812,1.494524357832245,0.16412442940108032,32.534119008122495,0.7905216698698168,29.57011854151005,2.8370478149404876,564.0
38.666666666666664,0.8526486894784169,1.5135123272181523,0.16562133186579867,32.05534348420681,0.7752874811487505,30.00605409978004,2.836577926285092,564.0
38.67708333333333,0.8519626018319768,1.5299955717869291,0.16813437604129583,31.508416349928613,0.7594693395007402,31.49366596772113,2.83743170599678,564.0
38.6875,0.8497521159667444,1.5542332549536957,0.17135719552825782,30.908544836078782,0.7439175823849199,33.0951230843884,2.837548571734868,564.0
38.697916666666664,0.8596078825381057,1.5900755792063446,0.17522906613789246,30.287607081162456,0.7297477341491884,33.870714082981245,2.8367167144795316,564.0
38.70833333333333,0.8385072914770254,1.6137065359639053,0.18000444881329938,29.59779674095828,0.7163436471106043,36.175523465133224,2.8377906646021755,564.0
38.71875,0.8254533565934601,1.6456080193885683,0.18513333924887057,28.880130866340043,0.7051526418786578,39.81140767208637,2.857365370272469,564.0
38.729166666666664,0.8305493504169845,1.6878679776060364,0.19082555520219438,28.168138334149457,0.6970803572100164,46.76446926723394,2.889185305935522,564.0
38.73958333333333,0.8334073218070446,1.72317954979673,0.19679980303786535,27.450243833892667,0.6923904679276658,55.15769455859166,2.929210984244332,564.0
38.75,0.8444304380266692,1.7586135903046225,0.2023842425917726,26.75892277640615,0.6917092598275624,62.177365068235666,2.9703900677578816,564.0
38.760416666666664,0.8592845791071474,1.7931844627631195,0.2076087949146162,26.117425658635444,0.6951972427056892,67.38296057264594,3.00859131523456,564.0
38.77083333333333,0.8714460845035937,1.8175574264026142,0.2128498065810746,25.508251593663843,0.7032431140620488,75.03873445730203,3.249891612636111,564.0
38.78125,0.8930225752608654,1.8449897434343625,0.2177676586721509,24.959486130029163,0.7159046401143522,82.1830096556726,3.2479474067673317,564.0
38.791666666666664,0.9161869493090329,1.8754695373668793,0.22225225973451995,24.495464248092926,0.732496730920276,86.85811546168568,3.2459790504031565,564.0
38.80208333333333,0.9426332241039944,1.9016558543506241,0.22715578467740216,24.101844719435768,0.7532735670496699,94.25934237754515,3.245496424464159,564.0
38.8125,0.9707426524345432,1.9305470548496968,0.23095531258902446,23.79613678705414,0.7766769888168996,97.4628389956505,3.244003382285284,564.0
38.822916666666664,0.9879640793447729,1.9511302129464294,0.23425499070996333,23.56484740025092,0.8022741638994528,106.91880174248224,3.2509475919055397,564.0
38.83333333333333,0.9969926108966926,1.9653331221762638,0.23576510993366942,23.40262932837772,0.828504030030509,126.56368939217927,3.2670141616716757,564.0
38.84375,0.9969928400814096,1.968410389326044,0.23597725760540017,23.293582692222614,0.854869450591387,139.79374879725148,3.278786508618478,564.0
38.854166666666664,0.9909747401338781,1.9612458293741166,0.2354115891487444,23.224043530922376,0.8814594924259007,151.6312393304065,3.28963847561648,564.0
38.86458333333333,0.9947056840748056,1.960532020232334,0.23271886205747971,23.187959274147822,0.9054395376309381,139.56286198804227,3.2809629315930136,564.0
38.875,0.9846530114989489,1.9449838416012206,0.22949100373727066,23.172396315197542,0.9275692385110906,121.01211922606258,3.264416412341755,564.0
38.885416666666664,0.9665739551814791,1.9175312066851284,0.22585206376943956,23.170690251157925,0.9484952336162109,105.55986326129246,3.2508278858716735,564.0
38.89583333333333,0.9621694456475545,1.8991045336658343,0.22130484485482355,23.178299491752178,0.9664882850239437,82.31448087532601,3.2360154423118193,564.0
38.90625,0.9543043098026367,1.8759121064103268,0.21725726148108554,23.191933934018646,0.9822712177493919,77.40354105582264,3.235791461996423,564.0
38.916666666666664,0.9419182869719753,1.8491056291780845,0.21341736584726229,23.209992883560698,0.9960159553357752,75.76430841165985,3.2364432155315512,564.0
38.92708333333333,0.945364636436104,1.8343507006230269,0.20979731314242658,23.229957003564206,1.0069465246212628,71.25580245011608,3.2361728732998616,564.0
38.9375,0.9495764474478374,1.8215910196485436,0.2068660317715137,23.250707852595774,1.015368633449882,67.51330054255325,3.2365480742859423,564.0
38.947916666666664,0.9456262297555258,1.8052358028834337,0.20439403830969305,23.27169291885436,1.0215866524486155,65.54973576027922,3.237757044737578,564.0
38.95833333333333,0.9574521897011656,1.8008691381578092,0.20210282441434396,23.29043275019533,1.0253970038502218,60.71321468690683,3.2381202909908877,564.0
38.96875,0.9665778578851276,1.7959918655755986,0.20051998953424652,23.30662010454053,1.0272488759838914,57.20154214883989,3.239733717480839,564.0
38.979166666666664,0.9679981659972713,1.7882435592674542,0.19925532838290338,23.31967282059785,1.0273356758984387,54.816848958332244,3.0093207699828706,564.0
38.98958333333333,0.9882142227187045,1.7924726124997858,0.19839258908333102,23.32833064885427,1.0258583340456846,50.86301266055954,2.9753270863560877,564.0
39.0,1.010292068762296,1.7994642271100594,0.19826119228901742,23.332551554076502,1.023026022034127,47.482145024980376,2.9424676780394634,564.0
39.010416666666664,1.0237454308925509,1.804988438591706,0.19848488874258788,23.332098573567993,1.0189319754333495,44.57662533950456,2.9130467149255392,564.0
39.02083333333333,1.0548590036273018,1.8231707162046238,0.19887586483183242,23.32727621188655,1.0141232273789242,39.497655693498245,2.8764830007451803,564.0
39.03125,1.0821489989141642,1.8415071894959947,0.19982086567020707,23.31868623401975,1.008757682717639,33.90360483053244,2.837005784750056,564.0
39.041666666666664,1.0970601339347281,1.854226613940688,0.20119246802940466,23.306032289196132,1.0026562467659454,28.957704535486933,2.8274548200060647,564.0
39.05208333333333,1.1253711687450672,1.87748373227775,0.2022939964987571,23.291167210862987,0.9966345429539206,25.777168276805032,2.826599658130901,564.0
39.0625,1.1489505793492225,1.8994292630190623,0.20413919934762736,23.27387804048758,0.9904734554367158,23.985161934829833,2.8272045721069192,564.0
39.072916666666664,1.1646258844939752,1.917913661216526,0.20643461022372897,23.253291938135984,0.9838775040229037,23.09419868326793,2.8290297940885654,564.0
39.08333333333333,1.194589142579262,1.947444320743762,0.2086842541589543,23.23190361823381,0.9776057310696652,21.874879678127954,2.830141285613833,564.0
39.09375,1.2232389242740693,1.97863417042109,0.2119159180321616,23.208873569234157,0.9713293183681916,20.817966403206597,2.5739007344531784,564.0
39.104166666666664,1.2470907167286145,2.00931827187738,0.215835583030771,23.183152654992945,0.9647561014595053,20.084773469097456,2.5277818468825877,564.0
39.11458333333333,1.285012049677671,2.050899129331001,0.22020411298768106,23.156914799877047,0.9584136922554065,19.20891366306374,2.479105119447861,564.0
39.125,1.3259284766094646,2.0974784032163165,0.22583968903870327,23.129277575614882,0.9520409671100963,18.3452190461413,2.4320663926830988,564.0
39.135416666666664,1.3644462393885777,2.1463265460892327,0.2325186893080245,23.099424030115074,0.9454356350165041,17.506542695359016,2.420441591914102,564.0
39.14583333333333,1.4151310508093549,2.2057787580119883,0.2400232690171158,23.06974942391771,0.9390947188748764,16.694184182888907,2.420070315154925,564.0
39.15625,1.4673832010358954,2.269939082628045,0.24908370249288975,23.039578173244276,0.9328258721626954,16.096504241736863,2.4202746807767452,564.0
39.166666666666664,1.517260349680885,2.3355432829359324,0.259614626854341,23.007875344549465,0.9263841705799897,15.7226453917646,2.420966061302093,564.0
39.17708333333333,1.574833066169581,2.4089128770359873,0.27119207203419005,22.977098602225944,0.9202302665858336,15.444100202225693,2.4210220496533568,564.0
39.1875,1.6328108966075252,2.4848639382181923,0.2848834171935737,22.9458624914426,0.9140434391871765,15.267714214068713,2.4217005023577425,564.0
39.197916666666664,1.691333464607162,2.5626226626392574,0.3003731820301188,22.91391166341852,0.9077329693446095,15.175323696469507,2.422621694706746,564.0
39.20833333333333,1.7555608117431412,2.6455922752290895,0.318016716837053,22.881883382069983,0.9013778312739227,15.134577845655677,2.4235130618032312,564.0
39.21875,1.823463571605015,2.732463380320252,0.3384239305315844,22.84958551290079,0.8948845772026176,15.138204281419053,2.4246431335341807,564.0
39.229166666666664,1.893905992942146,2.822260986280758,0.36153817200196114,22.81758796379414,0.8883029995953877,15.167758475139026,2.200328409110004,564.0
39.23958333333333,1.96730608541736,2.9145460830071266,0.3891730346613456,22.784477439226606,0.8812487605507578,15.251106835228079,2.190121733151626,564.0
39.25,2.0477297689592477,3.012209729435177,0.420954548747032,22.75159068122887,0.8738737321249392,15.363981542004842,2.181833602519606,564.0
39.260416666666664,2.132304157738375,3.1141490414379005,0.4570186568456254,22.72072968958708,0.8664528692456057,15.46954694551531,2.1733513714249764,564.0
39.27083333333333,2.2089744186039417,3.213575703054607,0.502277755302803,22.68908178523042,0.8580597346185975,15.654352946652136,2.173010776396409,564.0
39.28125,2.286454239833766,3.3169000898568695,0.554567985999462,22.659409268884172,0.8489691281533308,15.897713790808895,2.177278339004953,564.0
39.291666666666664,2.374900420265162,3.4278937060656247,0.613031816107286,22.635446765688936,0.839941232350049,16.10731336990329,2.1797898070910278,564.0
39.30208333333333,2.4247438017079763,3.5254681830914967,0.6894128180927467,22.615450658894805,0.8293735059611376,16.484075021196457,2.1958805124407714,564.0
39.3125,2.4272969034435237,3.612053311946407,0.7750937774240099,22.60511431302873,0.8176105472380479,17.06166993131043,2.220858049264664,564.0
39.322916666666664,2.4678136867945337,3.7144438101216255,0.864999573704217,22.6093331397935,0.8063394870226909,17.562229341168038,2.433540196023396,564.0
39.33333333333333,2.2873542004849288,3.7381746919524987,0.9755894861926233,22.637992381981494,0.792784881567,18.67982716410761,2.4359469672971987,564.0
39.34375,2.0664845781961296,3.741067074561151,1.0713164087120086,22.70439253566532,0.7793217675417203,20.230988155906136,2.436362116460198,564.0
39.354166666666664,1.9732103706962425,3.781789138796135,1.1603537805619963,22.811180361552267,0.7683885959013667,21.350286518107023,2.434885607934746,564.0
39.36458333333333,1.6726179293902326,3.6764936048004593,1.2206142911483313,23.017047072124438,0.759141921815945,23.945731899829642,2.4569172804164543,564.0
39.375,1.4073640940825038,3.522131659656292,1.1814760568063007,23.35479863758978,0.7565859888416209,29.01863723081136,2.53391648209891,564.0
39.385416666666664,1.2733411675906197,3.402549723616256,1.0931358668000393,23.828909388864243,0.7632798734492289,34.44031444964099,2.618864587126761,564.0
39.39583333333333,1.1161319895792916,3.2152619721910773,0.9657068125552462,24.516772291931463,0.7815390349590167,40.91113394987523,2.8510309782013037,564.0
39.40625,1.035920233414216,3.046137160574099,0.8156820847661715,25.38213444594682,0.8105118183705734,45.236550223803704,2.8494542574588517,564.0
39.416666666666664,0.9783452132030437,2.894210884566249,0.6861955810043358,26.38416484177007,0.8476212543639873,55.28991467312068,2.9034025621989907,564.0
39.42708333333333,0.9721631983792021,2.7654547295165965,0.5824228034032222,27.463657305235543,0.889382601849875,70.73937392288552,2.978031142430241,564.0
39.4375,0.9826792268137085,2.6540514152644827,0.5012805957466666,28.54017149807441,0.9316323019132611,80.9490185274008,3.255749965763676,564.0
39.447916666666664,0.9661944774434249,2.5386613858640907,0.4393786174343154,29.579167564626268,0.9723378505427903,89.54153387703595,3.2516674702590573,564.0
39.45833333333333,1.0100613396366942,2.473952847297324,0.39511516807342173,30.48183620263458,1.007326437443906,91.43724717187547,3.2478612279954726,564.0
39.46875,1.0501393738483438,2.415370568253978,0.3627913276067527,31.25080948723341,1.0367031900920423,93.24480965467451,3.245806016873905,564.0
39.479166666666664,1.0535684363722215,2.345101003585412,0.33640342691374153,31.885574907515867,1.060610448433297,96.22444063002621,3.244860191375171,564.0
39.48958333333333,1.099320955544984,2.3063507344078515,0.3153619506431146,32.3489797889343,1.077945141003121,93.73314985411295,3.242706010657593,564.0
39.5,1.1359646119034659,2.267591848666353,0.29882328411580206,32.66505396715192,1.0899385668152013,92.31058145996532,3.2416148218468934,564.0
39.510416666666664,1.139199821188017,2.2166163160667582,0.2845176538453795,32.84809706474631,1.0974461829961097,92.90871518149777,3.241394735910577,564.0
39.52083333333333,1.1708534724751296,2.186003898220097,0.2714446885942956,32.90206662368798,1.100803477050607,87.40418119653849,3.239448198235738,564.0
39.53125,1.1867396561410037,2.1490386932371637,0.26044271400472835,32.85351283463257,1.101157339521559,83.83230997327512,3.238708583006319,564.0
39.541666666666664,1.1772264884343961,2.101038959487422,0.2506403066602471,32.71345693867674,1.0990948561231695,82.9237460154727,3.2389962900568037,564.0
39.55208333333333,1.1804309706956788,2.0628942869644233,0.24089105897559,32.50656664432183,1.0952925345370754,77.65267096911226,3.2379377975478443,564.0
39.5625,1.1705762194878802,2.0197134418115614,0.2325891950165238,32.24147872471878,1.0900784500936285,74.7148934209869,3.2380997156484383,564.0
39.572916666666664,1.1506606830919581,1.9741158720555938,0.22525846709216363,31.922665474165107,1.0835649804602105,73.24953685246835,3.2388167227349123,564.0
39.58333333333333,1.1312457348087521,1.932281032104107,0.21828194265153564,31.568140370864025,1.0760691913233817,70.49949463945035,3.2390825509356795,564.0
39.59375,1.1083297862965023,1.8925269995152014,0.21240966466474612,31.181274083024647,1.0675648130380004,68.71649949850459,3.2398381243604373,564.0
39.604166666666664,1.0868919322662622,1.857385947094571,0.20749813002051637,30.76784613735184,1.0580435423131243,67.38256076587703,3.240718675229442,564.0
39.61458333333333,1.0641112555856445,1.8255239881796193,0.20276401083992962,30.347779033626324,1.047845219424389,64.57886261825506,3.2411320716687526,564.0
39.625,1.0386338627010527,1.7945287767787375,0.19867097639115847,29.92235659382535,1.0369224597457323,62.19135173590128,3.2420259720628803,564.0
39.635416666666664,1.0160505251502716,1.7658473667223082,0.19525199874831065,29.488414321757485,1.025121700471198,60.65504282438235,3.0323682729301886,564.0
39.64583333333333,0.9807324708057317,1.7346521541126791,0.19164686467812586,29.05878136316684,1.0127565735101507,58.23423100902813,3.012651656028131,564.0
39.65625,0.9367105431362627,1.701311483590953,0.18849826078264925,28.62471212018597,0.9995704383332528,56.777769036821915,2.9958175265847604,564.0
39.666666666666664,0.906789778604761,1.6756107728933118,0.1859288263006879,28.18883032736317,0.9856498950016149,55.39052743415889,2.9809442152164594,564.0
39.67708333333333,0.8540967419966639,1.6426920808758654,0.18359228254984203,27.737773209192795,0.9705932542095201,55.48537092128872,2.9729920683974798,564.0
39.6875,0.7995623102750177,1.612643832048146,0.1816520311781886,27.27375736319158,0.9545478249335025,56.00762575046502,2.9703521804779287,564.0
39.697916666666664,0.7694549354317982,1.5967219985169414,0.18040225515665848,26.808539796481053,0.938117178060507,55.82621166687946,2.96805453768649,564.0
39.70833333333333,0.706696127439212,1.5652826859244586,0.17917405644745005,26.317102660435765,0.9207269486950256,58.047100208696484,2.9751782674524194,564.0
39.71875,0.6534205858178531,1.538189434648548,0.1780301289883209,25.809488960298406,0.9031729036091867,60.302870926361365,2.986972555996556,564.0
39.729166666666664,0.6267235732485182,1.5255168616620196,0.17739944709947722,25.29955248983969,0.8864313232520689,61.58943557201323,2.997966861427684,564.0
39.73958333333333,0.5998599513306171,1.506827748345309,0.17702267960757828,24.76094737861533,0.8701997327144559,65.77292892825301,3.0188263238330135,564.0
39.75,0.5880081385968146,1.49736414839951,0.17664954811134245,24.218209048148008,0.8557958843798879,68.99361923637542,3.247643563746391,564.0
39.760416666666664,0.58411424797519,1.4941051258039153,0.1764335948783742,23.68804566274688,0.8440288158700794,71.17939028405361,3.246165644243097,564.0
39.77083333333333,0.5803324704032881,1.4853426305646074,0.17641732921823597,23.153134565690486,0.8349129566951683,76.46854986307265,3.24578897060058,564.0
39.78125,0.5852106463440885,1.4835592936358122,0.17657971567718164,22.6339397017514,0.8292528401649095,81.61895342696192,3.2450197611663176,564.0
39.791666666666664,0.5928161377860679,1.4882902372792166,0.17684429324217063,22.15511329314329,0.8274391454936671,84.68598234946008,3.243732954987089,564.0
39.80208333333333,0.6069251943645998,1.493892093554272,0.17773382827302162,21.702663023075868,0.8294427364713951,90.89911408804198,3.243688110591085,564.0
39.8125,0.6304260125011281,1.5104337407817674,0.17857670682048485,21.303636154328718,0.8349049586385031,92.87943949278537,3.2423584311258,564.0
39.822916666666664,0.6437963414277735,1.5200130321407195,0.17930642248170106,20.948190071466875,0.8432878065345406,95.41141341631368,3.2418654148058965,564.0
39.83333333333333,0.6665355153407264,1.5340466248934552,0.17951664621740568,20.643449250537266,0.8535068288990808,99.34914944698951,3.2462019268074926,564.0
39.84375,0.6836518596230556,1.5388493850531777,0.17930259648045677,20.373388841203372,0.8650902483495369,108.8010367089814,3.2537016434986,564.0
39.854166666666664,0.6901276818618105,1.5339185093848662,0.17855607890536676,20.12844373521339,0.8776958843048066,118.75942102233414,3.2617826311828733,564.0
39.86458333333333,0.7136731660220945,1.538237081491411,0.17806485203428407,19.90752127511144,0.8907801863882502,125.73385584593962,3.267812022202588,564.0
39.875,0.7412320497695737,1.5469682214824874,0.17806659019548557,19.706746963505637,0.9041268700187126,132.54702546392582,3.2738007323594713,564.0
39.885416666666664,0.758720073786983,1.553765586901656,0.17815489124326278,19.52633490578355,0.9174337272830011,138.50700154830122,3.2792367234191917,564.0
39.89583333333333,0.7945806126066853,1.5726561872107974,0.17867256288693872,19.37058690181415,0.9301256169019129,136.86755811802908,3.278465784384738,564.0
39.90625,0.8280162066740566,1.5908249916903912,0.1792916431758348,19.237427799805474,0.942091662335389,129.61612010149395,3.2723525890687726,564.0
39.916666666666664,0.8445516006663829,1.5991263036756374,0.17980144667934905,19.12132787003639,0.9535786372514247,124.11646314234409,3.2673037526532838,564.0
39.92708333333333,0.8737497149014712,1.6145165874846859,0.17987078361626435,19.026493496681205,0.9638298098756773,105.90963945666626,3.251828883008266,564.0
39.9375,0.8959820960736864,1.6233443456830237,0.17988230182832235,18.946272513063757,0.973152411299598,84.00235699921811,3.235848447377847,564.0
39.947916666666664,0.9044220017372988,1.6232017863356105,0.179722229543356,18.875594099181708,0.9817939202382021,79.8005407674567,3.2357504356620317,564.0
39.95833333333333,0.927652232470145,1.6318030030964943,0.17962396488316928,18.814919488716274,0.9893718339983323,76.25545868488504,3.235435768579299,564.0
39.96875,0.9501364556634488,1.6416404165612135,0.18013857496490612,18.76029037932239,0.9960920975711411,74.88963878882812,3.2359979767831195,564.0
39.979166666666664,0.9657315111951199,1.6516885420813403,0.18085096784934282,18.710662160737552,1.0018510470311854,73.70739557178517,3.2365550210454015,564.0
39.98958333333333,0.994533987619997,1.6723572217293297,0.1826680022772292,18.66455457363441,1.0066361583491874,73.59367609343776,3.237381238756587,564.0
40.0,1.0298672402226956,1.703129645644537,0.18546763807004218,18.621658075988826,1.010337927001967,73.42628688441884,3.2379992462461007,564.0
40.010416666666664,1.0602001824608855,1.7376399618910894,0.18885762741850123,18.58153930101919,1.0129055210980449,72.79242811131118,3.238348315945383,564.0
40.02083333333333,1.1043794180929134,1.783863806625224,0.19446307980308236,18.540358895454922,1.0144444362042275,75.9499301840551,3.239736106959355,564.0
40.03125,1.165254169611371,1.8485291459479094,0.20221867584455705,18.495567880177493,1.0148714094502767,79.78619975417868,3.24062942505945,564.0
40.041666666666664,1.2269774302896737,1.9243842571212288,0.21111928989174036,18.44517977483361,1.0142815996100751,80.81175486352535,3.2402541888543444,564.0
40.05208333333333,1.3095581504589635,2.01800741232113,0.2254972346767802,18.37709563592494,1.0127754819709225,90.3749424299005,3.2423285352492037,564.0
40.0625,1.4226652959815074,2.142246967141374,0.24360094633689205,18.288403066066845,1.0107885048526932,96.37892989052696,3.242431336344166,564.0
40.072916666666664,1.5291317303664886,2.2740456375797358,0.2648506321743938,18.178338935287485,1.0090215623168777,113.43992145785829,3.256841247476157,564.0
40.08333333333333,1.6613408479687193,2.4233004793343835,0.294898118626129,18.03802940027611,1.0081690543142876,159.13978918340788,3.2935646197640116,564.0
40.09375,1.8130846461687968,2.5924894436830983,0.3330665285842941,17.871496919593717,1.0092048402420444,204.23078816510275,3.334667226223554,564.0
40.104166666666664,1.951349978432757,2.761584642660183,0.3783920928196842,17.686410790019412,1.0128923059919126,236.78844535142125,3.369310881159313,564.0
40.11458333333333,2.1077420551000468,2.9437494731745932,0.44261780605670703,17.474638394325556,1.020202048665795,277.44953269332274,3.4090843276208505,564.0
40.125,2.279402350213167,3.1425864414384215,0.5269318676962831,17.242850017411577,1.0316141922380389,312.77298021056004,3.4470508793877226,564.0
40.135416666666664,2.4375216813163005,3.3387513796145,0.6315678411243802,17.000391286681637,1.0469191146470525,336.8374168580862,4.017472398383253,564.0
40.14583333333333,2.6076953455883887,3.5424827870574767,0.7778999459765736,16.743508943637654,1.06653516139408,371.86213393609006,4.018138008704563,564.0
40.15625,2.7870814929600654,3.754763799434887,0.9616898319274392,16.48945866998709,1.0892943594790292,399.23295489108307,4.018704520342491,564.0
40.166666666666664,2.9503078630093515,3.958109290982362,1.1761997134766473,16.25439514310226,1.1135194504951245,415.4979158824522,4.019300773962373,564.0
40.17708333333333,3.1135646595542443,4.158752669588303,1.4329930371804345,16.04290995128637,1.1381943329469393,436.7011447453761,4.020014416561383,564.0
40.1875,3.268521872416881,4.353822995306538,1.709652020273492,15.865546765864469,1.1610316688346634,448.08134765567706,4.02083404272819,564.0
40.197916666666664,3.410210496282386,4.535826407259362,1.993518372969825,15.722782148481134,1.1801566826246208,452.04958345572896,4.021695759127979,564.0
40.20833333333333,3.535901812317092,4.70560633781733,2.2767868776714595,15.608823120952978,1.1940571063393735,448.69961162539596,4.022493583855267,564.0
40.21875,3.653956229938293,4.863713225804626,2.550278954181816,15.513686423387094,1.2017581537604545,438.4641757017675,4.023095765547494,564.0
40.229166666666664,3.764439375112241,5.007841909958929,2.811115406539066,15.423882714257505,1.2028307279898325,428.4273333438219,4.023384362568339,564.0
40.23958333333333,3.8750424812373985,5.148909616019391,3.054211907152567,15.32913708743083,1.1973424478104753,404.8695023671875,4.023287058111006,564.0
40.25,3.978871186832359,5.280732863896335,3.2870221206913244,15.21831080613072,1.1858363429840932,381.0622701883444,4.0228262407778566,564.0
40.260416666666664,4.074927708908684,5.4008090348366515,3.50825883556283,15.082208014573208,1.168703908361674,361.62342679812855,4.022075311408908,564.0
40.27083333333333,4.11912780654171,5.486933233999007,3.707064573742999,14.909236584871948,1.145633821844596,357.15697949475424,4.02110543009548,564.0
40.28125,4.131295664995809,5.541611563580353,3.862516955776784,14.694029244554326,1.116925837349881,359.10389641392607,4.020012066485173,564.0
40.291666666666664,4.163163695887955,5.592774457638769,3.9789112529946298,14.443695635016557,1.0844096767903533,351.57723557607324,4.018902473230581,564.0
40.30208333333333,4.089343727329426,5.581065608549343,4.047889750062159,14.147168748969348,1.04741084932461,363.9065788946284,4.0177526043877325,564.0
40.3125,3.9366655428276167,5.523112714023685,4.048466112269736,13.82320362384016,1.008825225273791,367.81093979953926,4.016601756407354,564.0
40.322916666666664,3.8529388773996844,5.481292193122234,4.023743111735159,13.491633956164273,0.9709690022404177,364.61678149581127,4.015421908658462,564.0
40.33333333333333,3.5145175009533647,5.328620057644634,3.9248472982468545,13.172884776906143,0.9354875899697618,360.62501327955346,3.4911718880781413,564.0
40.34375,3.1451405111317343,5.132718897777777,3.764515407361734,12.895090173256296,0.9041222822093915,358.3879533902659,3.4869962004867316,564.0
40.354166666666664,2.926502233835422,4.985633014111538,3.595212696078324,12.701117302025937,0.8793641102977824,351.50681951677933,3.4797832566013915,564.0
40.36458333333333,2.5351090015996203,4.684831787695696,3.2954453974332787,12.632843301483712,0.8623520638569252,373.55793194783547,3.4927664385445767,564.0
40.375,2.16942966587449,4.337282722251477,2.863487712877379,12.748963330321018,0.8566614295561956,391.6167269637261,4.008033365715148,564.0
40.385416666666664,1.9312739383565205,4.050650087256859,2.4168834639990533,13.060029070903276,0.8631074296547038,396.346796364295,4.005716249669273,564.0
40.39583333333333,1.748177982005038,3.7815937943489772,1.9865477997404242,13.549087143189107,0.8804655390362629,406.21343559834,4.0029556998511335,564.0
40.40625,1.6503678642764779,3.5702497886076605,1.60968347572619,14.155045369064768,0.9054453814091744,407.98704473813996,4.000030844543857,564.0
40.416666666666664,1.563100746002015,3.3859440544476107,1.3020985109153553,14.80626911128243,0.9341065817268346,406.68583110837267,3.997235094010338,564.0
40.42708333333333,1.578889257652902,3.2798721167842255,1.0812729876074125,15.41930143350332,0.9622153316055357,393.2666201900382,3.994909769359926,564.0
40.4375,1.6168386993981876,3.207347182977345,0.9181668301786957,15.92931780084006,0.986624759506531,363.9033285517712,3.489982579567803,564.0
40.447916666666664,1.593631438336754,3.103744369589973,0.7905038219211595,16.326681911934514,1.007021546832783,347.61523111497803,3.4709443057099914,564.0
40.45833333333333,1.6656499406952834,3.078270734227608,0.6948651396805993,16.569352324018865,1.0212624698027997,291.62593743126143,3.4226941767774797,564.0
40.46875,1.7130084248014776,3.0341003542216756,0.6222504489308505,16.695291310134863,1.0309935302855906,241.5940777010457,3.3711858886080224,564.0
40.479166666666664,1.6960737665534245,2.952497811727707,0.5611884650309323,16.72566609388062,1.037079278992897,206.79301919959252,3.3331897898888685,564.0
40.48958333333333,1.7475515944481725,2.9187747398493333,0.5077554467522511,16.680523876940306,1.039467159877116,144.55856021302603,3.276204711466724,564.0
40.5,1.7750370667255142,2.8703242838573693,0.4664211107536624,16.58425065483595,1.039146949670824,99.17956099902278,3.2482813428203707,564.0
40.510416666666664,1.7532238575278536,2.7973674609954866,0.4323962532310959,16.442705672198787,1.036459178184385,93.50734776944122,3.2496134368082323,564.0
40.52083333333333,1.780382398899251,2.7578902723202274,0.3982838673874881,16.287407803772535,1.0324161471905826,78.28765566739432,3.248138723940527,564.0
40.53125,1.779413894007629,2.702586059889592,0.37176370784510554,16.117955666643116,1.0274612109842993,67.93977458101728,3.044814592356762,564.0
40.541666666666664,1.7439003300271634,2.630457096176553,0.350304164022161,15.924398640943668,1.0215341713180621,61.883417492223195,2.9829945601172145,564.0
40.55208333333333,1.7373245156943604,2.5794889354195445,0.3278825495571968,15.738398758215597,1.015774808915183,49.74532857827857,2.9051379581831753,564.0
40.5625,1.7121368387041576,2.521221930870126,0.3106190400284894,15.55061735899391,1.0099842567231194,38.592838429661775,2.8368712548466073,564.0
40.572916666666664,1.6711396527072675,2.457561602872215,0.29700474315042324,15.349064456014274,1.003810757372034,31.750069826163948,2.835918137649378,564.0
40.58333333333333,1.6460769561821098,2.4082115981391525,0.283573775197608,15.156607584273292,0.9979266283726519,28.111864785519376,2.836626654431298,564.0
40.59375,1.6159993094940515,2.3607671074346497,0.27403656365329127,14.95912417397853,0.9918463612555688,26.259883904377556,2.636243501151339,564.0
40.604166666666664,1.5885791301387358,2.321411001437893,0.2668170465837931,14.755374918952494,0.9854559587485309,25.098156808582708,2.576490298595752,564.0
40.61458333333333,1.572919636865197,2.293684359959229,0.26205566961735755,14.542841766311762,0.9785719121971481,24.304008465542484,2.5262075773114727,564.0
40.625,1.5698456435223906,2.282207538844987,0.25986121492486525,14.324693409583285,0.9711650540915103,23.545714845114034,2.483910306951203,564.0
40.635416666666664,1.5753924501331138,2.286539730005146,0.2598600765451762,14.109976025215166,0.9634134095411668,22.493012650990035,2.445859549068378,564.0
40.64583333333333,1.5783957623091611,2.2975745751620593,0.26351453869200403,13.885422338541161,0.9546485980615506,21.649456258051444,2.433365582806515,564.0
40.65625,1.5915356918969021,2.3271731679641214,0.26986051747711665,13.665413888432003,0.9451658087385537,21.12343972286999,2.4346237969855813,564.0
40.666666666666664,1.6221077531282284,2.377547545982108,0.27870218991310297,13.469247051818499,0.9356345758964574,20.873617468678095,2.434841954203585,564.0
40.67708333333333,1.6314538317066758,2.427649167791226,0.2932851487321133,13.285225813406715,0.9252313070773652,21.51065193439716,2.4374842195299995,564.0
40.6875,1.642483286899478,2.4930731147026295,0.3117876825731675,13.135344572672313,0.9147900506037131,22.548721819793023,2.4391047114010975,564.0
40.697916666666664,1.6844505092425726,2.5820105720532767,0.33395784993525396,13.037700027031653,0.9055378970869155,23.165054109668542,2.4424676877026323,564.0
40.70833333333333,1.660253868220083,2.6470912390611363,0.3638036833295586,12.99108315359657,0.8971543506332881,25.08282133824758,2.4709252989499304,564.0
40.71875,1.6495332785577277,2.7238532717865693,0.3965841288972548,13.010797188639433,0.8911820846708042,28.018484164946486,2.5041949171151523,564.0
40.729166666666664,1.6793156854589892,2.817960145317327,0.4345211376061566,13.098240506682428,0.8883794382611816,30.446476915889047,2.5344407712425965,564.0
40.73958333333333,1.6764132169668073,2.891465467053167,0.4768156868481285,13.260781798853253,0.8890360801650526,32.880473615469256,2.5694299406931194,564.0
40.75,1.682346884644181,2.962569165101602,0.5199188906715141,13.501430926066826,0.8933336679815961,34.73333003921496,2.602261515987881,564.0
40.760416666666664,1.7102161390729365,3.03608733294648,0.5653451562437165,13.821309266100837,0.9009662443613002,36.014882200432886,2.631489822900832,564.0
40.77083333333333,1.7380353224897327,3.100857392557086,0.6084768204203173,14.214716490923852,0.9112256593013872,36.720711389098724,2.6550716910011207,564.0
40.78125,1.775167908117058,3.1593167904869675,0.6481203088091934,14.669981831249066,0.923192187799741,36.941849315751874,2.854085875881403,564.0
40.791666666666664,1.8062884522497107,3.2062207766926663,0.6855043513232307,15.182319836105822,0.9362075738774871,37.31682164725499,2.8530231573536047,564.0
40.80208333333333,1.8592494642410557,3.256476247016969,0.7136038538352742,15.711669328040573,0.9489028318055637,36.548879080783365,2.8512618315357576,564.0
40.8125,1.901694671432446,3.291698852677312,0.736864545437235,16.252821738157127,0.9609998443459471,35.883448153137095,2.8505717707116585,564.0
40.822916666666664,1.9254132175030838,3.3121664129829065,0.7554826365798191,16.803289419402372,0.9723665886438402,35.70690300872653,2.850623497374814,564.0
40.83333333333333,1.974397697015303,3.341616709461796,0.7669048258222187,17.327665073781,0.9823111336676524,34.71452996848326,2.849920422697455,564.0
40.84375,2.0144189795088865,3.3627954567423326,0.7765797515028565,17.82784344978062,0.990980164596214,33.84601389378768,2.8500893162426415,564.0
40.854166666666664,2.0343520708774676,3.372627954452508,0.7841926437694159,18.30800110721195,0.9984998044132002,33.43319604743588,2.8509105612429275,564.0
40.86458333333333,2.070545207749616,3.391247967317509,0.7857180103119783,18.741155828053078,1.0045111755341913,32.199486715000994,2.6338052390230606,564.0
40.875,2.0937990260230026,3.4013730265038,0.7876175336168633,19.139379443535635,1.0092542862701699,31.13159694756367,2.613026807550546,564.0
40.885416666666664,2.101815247903141,3.402467709995828,0.7888049135224572,19.511570082621567,1.0128368824873477,30.501160011685926,2.5950058526633155,564.0
40.89583333333333,2.1407613288551044,3.419322576535889,0.7862458269631367,19.837502659908196,1.0151243762454758,29.117748378904757,2.5685963876292432,564.0
40.90625,2.1813846491268514,3.4354838132607366,0.7874671564855782,20.12896241891944,1.0163305530823759,27.766775420859272,2.540485476794718,564.0
40.916666666666664,2.202022482282006,3.442319000097336,0.7904463145372068,20.39658502133735,1.016568100715553,26.813028263171724,2.5158772475185263,564.0
40.92708333333333,2.259840821080702,3.4683892343463,0.791359786270146,20.6239951069299,1.015947967911202,25.25281889172195,2.4834898559498693,564.0
40.9375,2.3113254305950073,3.4924428464882378,0.7978415556248993,20.8223613531361,1.0146173834910148,23.63398138750485,2.4503761685395324,564.0
40.947916666666664,2.340491807190289,3.507432705786325,0.8067893130735426,20.99920305958913,1.012607048055501,22.09728134244421,2.4333866358653005,564.0
40.95833333333333,2.3906547317975426,3.5343927759413454,0.8157796644987318,21.147813395304148,1.010076097566997,20.654355366732485,2.432753216505635,564.0
40.96875,2.437052482167021,3.561545306371224,0.8313006412131616,21.274664807203617,1.007003877770975,19.820763635260803,2.4331622078791053,564.0
40.979166666666664,2.471766166293744,3.586746588899713,0.8487715934857273,21.38005137122773,1.0034078291581614,19.402548393240878,2.433682323585246,564.0
40.98958333333333,2.523591888486006,3.622137329733492,0.8740745883154419,21.464444805786332,0.9992628944131194,19.25842813504045,2.434403635031931,564.0
41.0,2.583305357515591,3.6667785089331386,0.907884186215431,21.526979582150176,0.994557829126576,19.29074876448914,2.4351583275441913,564.0
41.010416666666664,2.6373710566179756,3.715384720466455,0.9460927376504036,21.565861649238425,0.9894068403230567,19.330512854613353,2.4354899419895766,564.0
41.02083333333333,2.7018336379410384,3.7710480861330127,1.002512542475859,21.581673653196216,0.9834874188459796,19.676999196630874,2.436976967112988,564.0
41.03125,2.7809354987263393,3.84118092588222,1.0685590473879298,21.57148359210314,0.9769811838585668,20.106470432044034,2.437654915330618,564.0
41.041666666666664,2.855516121976438,3.916348085474886,1.1409516161163598,21.536310006490027,0.9701343453525219,20.37016812096632,2.437614204182737,564.0
41.05208333333333,2.9385018296120875,3.998296413768333,1.232277554712286,21.476286998487193,0.9627643129826949,20.703811698505593,2.4382585003908055,564.0
41.0625,3.029955503153189,4.08985717347655,1.3309708037447352,21.395782984020332,0.9552071045282656,20.8675669932571,2.437987907474491,564.0
41.072916666666664,3.108408004303559,4.177156398076808,1.4377136523883296,21.29720545494514,0.9474407973778608,20.93798671723138,2.4379038883359208,564.0
41.08333333333333,3.1968089961177375,4.271112082499161,1.551686512232036,21.185372859430633,0.939632378708705,20.84145280079819,2.4374230487890314,564.0
41.09375,3.282348179660872,4.365069569113539,1.6759526957181585,21.060992886042918,0.9316523072182743,20.726523012499328,2.4373253424555568,564.0
41.104166666666664,3.3580737956258693,4.45352287188904,1.8036968524972419,20.924852387917188,0.923416775941415,20.655221097109905,2.437381472909523,564.0
41.11458333333333,3.4412290034828406,4.5467832225786164,1.9403000729804254,20.777323598572455,0.9148299671614054,20.648602904030355,2.437560277505752,564.0
41.125,3.528475110012918,4.644691927658459,2.085210186310661,20.619746781395673,0.9058572495844365,20.671035458264466,2.437691075234696,564.0
41.135416666666664,3.6103483190296712,4.740283760493736,2.232835148427872,20.45388725233542,0.8964937611456214,20.681814744215092,2.4377364031722037,564.0
41.14583333333333,3.7009125442214312,4.842040194576968,2.3829749183574056,20.285348643304374,0.8869684254660828,20.527665659629452,2.4372661425374234,564.0
41.15625,3.791250291711863,4.9442384319733685,2.535814734342185,20.116311818670848,0.877346257932688,20.23231973932894,2.436783975521319,564.0
41.166666666666664,3.868225557056299,5.036581532321291,2.690121332939286,19.94202069328219,0.8673187375459361,20.032839942199168,2.4370349990070403,564.0
41.17708333333333,3.9564873002722236,5.134014496954723,2.8337569143581343,19.774514472252328,0.857561099381902,19.586834855659905,2.436050468395482,564.0
41.1875,4.030602824931038,5.221496386662532,2.981146945278369,19.603349607425628,0.8474542014055437,19.26056357574834,2.4364681236098207,564.0
41.197916666666664,4.098738426274907,5.302086746580145,3.121658677659604,19.428203013175473,0.8369531827527428,19.06913846312568,2.4369630614218996,564.0
41.20833333333333,4.1692570475277035,5.382682211870837,3.257166694842379,19.25073624830801,0.8261280078343303,18.92817378746129,2.437317229496802,564.0
41.21875,4.240777343745631,5.462661043684927,3.3872735319859855,19.073674559188664,0.8151202787301949,18.75627346876543,2.437486631526536,564.0
41.229166666666664,4.303295890528545,5.5352555160848915,3.51261136746542,18.894381461033372,0.8037464554223526,18.633952426642395,2.438045180691332,564.0
41.23958333333333,4.378585926999234,5.613300684521355,3.624183891161616,18.728263935055274,0.7929997578616746,18.233331399158956,2.43726549166026,564.0
41.25,4.441128580330913,5.681966383850263,3.732176154555071,18.56860909656046,0.7824874230212416,17.785549649284405,2.43759074825431,564.0
41.260416666666664,4.489660488979413,5.738921170187786,3.8342363269852764,18.40876058091492,0.7717908880405082,17.47783295365035,2.2094208362891026,564.0
41.27083333333333,4.535708694356205,5.792317291578172,3.926532842360987,18.251307353438484,0.7610909670685564,17.246697822043313,2.1964326617910417,564.0
41.28125,4.570597688511638,5.837524967868931,4.013201076131543,18.09099256210203,0.7500205040946192,17.16578949732822,2.186880097509765,564.0
41.291666666666664,4.609012119242315,5.881271807454798,4.09000931812205,17.932890171199208,0.7388987207433175,17.123150693496914,2.177756696787512,564.0
41.30208333333333,4.62200113446573,5.911806266389,4.161249132610033,17.770727250130054,0.7272187223743032,17.238603653435952,2.1738916239616803,564.0
41.3125,4.61128150742865,5.928832955502174,4.2141060386076585,17.611891705136347,0.7154063363027106,17.396300812569716,2.17151154287943,564.0
41.322916666666664,4.612051648972556,5.942443830856673,4.250847246161215,17.462785694057782,0.703824999276148,17.502403029985874,2.1686929841152347,564.0
41.33333333333333,4.465470588855132,5.898113271752413,4.2546140404362,17.320200078019834,0.6920427579807489,17.73903252063438,2.171308901088102,564.0
41.34375,4.2393927114563645,5.807461914731292,4.212805223642601,17.190922337624674,0.6802637011182107,18.165897104659788,2.1798450792431896,564.0
41.354166666666664,4.087464965854209,5.73021577834341,4.141839008600054,17.093706982432465,0.6697425372720294,18.49117045239366,2.1860796431688416,564.0
41.36458333333333,3.6537387630221447,5.495823890227868,3.986026901004076,17.033093068985497,0.6590725057346483,19.94708155738574,2.221120309462192,564.0
41.375,3.165837504956978,5.177662492506212,3.686400460268639,17.07784853986617,0.652237473136522,22.090941883079594,2.4504307025391583,564.0
41.385416666666664,2.8349615998575586,4.9055323176408265,3.3232065015761383,17.27314533992952,0.6526836672188161,23.53335021318831,2.448232586564732,564.0
41.39583333333333,2.409894659496714,4.543022222584892,2.8871201594474405,17.702434242867024,0.6638447048352122,25.710382664496752,2.4501768248548634,564.0
41.40625,2.0873135085983807,4.212512300270094,2.4138955426819417,18.379536309940004,0.6882459888502915,27.488688281482812,2.449873337377776,564.0
41.416666666666664,1.867024061066889,3.945681351679852,1.981069562429033,19.265080735242044,0.7252140328559841,28.58688153950183,2.4667038054020867,564.0
41.42708333333333,1.6786506400680385,3.6898910674144125,1.6045627445450787,20.369257296143477,0.7757639353667846,31.930281052269223,2.5163878375500794,564.0
41.4375,1.5738779961081553,3.4916587585090455,1.2992545922633445,21.594952688363705,0.8357921757604391,36.301312217432894,2.572611506014501,564.0
41.447916666666664,1.4961003697378765,3.3348422194617346,1.0696897944626045,22.831808158602175,0.8995702859553728,39.56414358618163,2.6261373055164117,564.0
41.45833333333333,1.5155502883765013,3.2388738437419318,0.9202056412705398,24.02342383581653,0.9636575567754536,42.541608213714646,2.8627575470763036,564.0
41.46875,1.5760095054818648,3.189583912864464,0.8226260982583377,25.074808183164812,1.0225301384530805,44.43178509407655,2.8595190229096383,564.0
41.479166666666664,1.5926513304634684,3.136511919763201,0.7509898918912917,25.94449430918807,1.073838225970833,45.963315269752506,2.8574240368542836,564.0
41.48958333333333,1.6866186752731622,3.1346214198823543,0.7023859268281387,26.576874077193878,1.1145752341487603,45.53821740463196,2.854489245914234,564.0
41.5,1.7751331222424047,3.1382369284865756,0.6689852409274065,26.990375650665747,1.1460584486113092,44.839976955835674,2.8525265018988897,564.0
41.510416666666664,1.8032183846328096,3.1166696114034567,0.6409210314950208,27.20682422979531,1.1701295912162486,45.06627440615121,2.8519853868160516,564.0
41.52083333333333,1.9005747544094889,3.138547667784866,0.6119634440305486,27.238325610162885,1.1858407631685048,41.54807903885466,2.848025916038962,564.0
41.53125,1.9701920797031496,3.145694429379303,0.5905436177541518,27.139722360444757,1.1961354251773018,38.665550172208334,2.8463882233389137,564.0
41.541666666666664,1.9820303837048376,3.1230303924067915,0.5729601847943246,26.92807632701972,1.2026565738772488,37.73546137294689,2.847194165852411,564.0
41.55208333333333,2.038078082401899,3.127756537627733,0.5487595494674734,26.661537774722742,1.2054670508199965,34.147227310505855,2.8450992110311284,564.0
41.5625,2.0626935468896193,3.1169051066223514,0.5331728265984773,26.346401000670895,1.205775254567942,31.721851441686447,2.8464440380116636,564.0
41.572916666666664,2.058823304362224,3.0942387412773047,0.5213400471724978,25.97957962050747,1.203807006697491,30.497001417426382,2.6275237428489793,564.0
41.58333333333333,2.07449391351999,3.0880612786739166,0.5065877566521777,25.611443134534134,1.2000426558050568,28.17629620349405,2.5750296557376076,564.0
41.59375,2.07923535577272,3.0808159531495347,0.4983098300718575,25.235903229421986,1.1946741793688243,26.12343139644335,2.5233234109596254,564.0
41.604166666666664,2.073181505305967,3.0715545064430607,0.49482585220566344,24.842460604717925,1.1875283720459926,24.59486089440847,2.4782377857943874,564.0
41.61458333333333,2.085645737275972,3.0770471339313303,0.4902479066143559,24.470332225563215,1.17936295389601,22.4979525494679,2.4333206773677527,564.0
41.625,2.0948503543921455,3.085101328644223,0.49141436478464007,24.10668596073806,1.1700307338252762,20.48450654054256,2.4317741805881012,564.0
41.635416666666664,2.101367751678615,3.0956806690165632,0.4968594137790003,23.743983222704593,1.1593150781998312,19.25684261966388,2.4326183468765494,564.0
41.64583333333333,2.114953789302917,3.1148754591246215,0.5034601737492913,23.398722558200213,1.1477011193720517,18.481251397379573,2.432939759029523,564.0
41.65625,2.126988692810873,3.138333137321193,0.5158812779838325,23.059003482502735,1.134790755654182,18.08978041575412,2.4341080780286126,564.0
41.666666666666664,2.1477532215605444,3.1714876150716917,0.5322944667431808,22.731512580628383,1.1207919260974806,17.89003898279481,2.435091908957689,564.0
41.67708333333333,2.15709681681843,3.2034462460532183,0.5567491303071727,22.395131195736372,1.1046230923184825,18.08174869637469,2.437313194197063,564.0
41.6875,2.159599825170421,3.2420742960403435,0.5865541540904825,22.059701364201068,1.0864511073083394,18.532167669862673,2.4389755011461602,564.0
41.697916666666664,2.187337315857897,3.299576451120967,0.6211242260138411,21.748929453839942,1.0675527531027276,18.853072338098134,2.439249698944064,564.0
41.70833333333333,2.1396840809642694,3.3290448814410825,0.6654077338172355,21.433647468956693,1.0461168959845262,19.580222182071576,2.441415206818848,564.0
41.71875,2.0933450549013477,3.3616231174779774,0.7086794476448091,21.140075526977206,1.0238970220249102,20.35631100159305,2.4419527415756406,564.0
41.729166666666664,2.0903770248497664,3.411326294341168,0.7552375617920766,20.88378863865719,1.0025137318241244,20.8302404820468,2.441503998962091,564.0
41.73958333333333,2.047997525922816,3.4359479781981164,0.8053983959662495,20.65383314120279,0.9814032874198325,21.535092900617318,2.442547120898114,564.0
41.75,2.0178433961044178,3.4589574077171323,0.8481255399326058,20.47019995352505,0.9625013298579184,22.199028556805672,2.442596005479739,564.0
41.760416666666664,2.017311816493402,3.4897852946099874,0.8871497283924497,20.345902457042342,0.9472231325252601,22.57998533086868,2.442045820897002,564.0
41.77083333333333,1.987345979867331,3.4944833710154173,0.9263038445383844,20.283953848537266,0.935493908284196,23.436970462681614,2.4434956730818564,564.0
41.78125,1.9826518786103846,3.5060068729579448,0.9560066389290253,20.300958888460162,0.9290054537771123,24.311231450917475,2.4438334283981127,564.0
41.791666666666664,1.9967978630228345,3.5269668494234625,0.9807706599999477,20.396834166512818,0.9283124158092376,24.78521050483904,2.4433167331252315,564.0
41.80208333333333,2.0150694571498415,3.5410238490052657,1.0063024912917637,20.56935082143097,0.9333675603351207,25.385434380290615,2.4468993790183644,564.0
41.8125,2.058783334533953,3.5649624930236317,1.0249531368148164,20.80148804159184,0.9435726679692539,26.027770529179307,2.460257223043057,564.0
41.822916666666664,2.0877963532848094,3.581634572912643,1.039934475139802,21.07883594238783,0.958045947717344,27.110746018359208,2.476054278314066,564.0
41.83333333333333,2.1563139625963696,3.609881845952551,1.0517373180795133,21.38149136169026,0.9754231118464831,28.001815163208967,2.4877854227506764,564.0
41.84375,2.2257089567946395,3.636580552410345,1.0581075803232944,21.693290697117174,0.994342813003961,28.3035752708309,2.4930609469957474,564.0
41.854166666666664,2.2574402288329605,3.644224299009499,1.0608657329401665,22.015312993532863,1.0144213510144031,28.58181438840379,2.4982974479475044,564.0
41.86458333333333,2.322983809617833,3.6742353796508453,1.0448386627241997,22.299543478431282,1.0321981470928407,26.92409167510834,2.4781258974008264,564.0
41.875,2.350792906206358,3.680314250543009,1.031030520512807,22.564689364875846,1.0484984931099173,24.916004642967632,2.4499726028038222,564.0
41.885416666666664,2.343328536166925,3.6616852235226403,1.0158022951277073,22.83050668277246,1.0642145282237003,23.22506808815106,2.4363997640902206,564.0
41.89583333333333,2.362918931647815,3.656981245322322,0.9890492758367396,23.07451213546576,1.0777427081183604,21.469888757104307,2.4346740877195217,564.0
41.90625,2.3728473836968007,3.6444803771430814,0.9692117946643343,23.315483599821725,1.08992589641196,20.40764109455677,2.4348483722358325,564.0
41.916666666666664,2.3710127707858146,3.6272401290135714,0.9500876023694917,23.559095541745034,1.100750250562332,19.872089051137102,2.435467440040325,564.0
41.92708333333333,2.3989371802553103,3.626171864556719,0.9331756492110995,23.797327434453024,1.109654131277308,19.427385393764382,2.4353624024947367,564.0
41.9375,2.432992073657391,3.631958308894157,0.9229958329878412,24.031972273582628,1.1166625147015226,19.019629713348902,2.4354641154489762,564.0
41.947916666666664,2.450176105613764,3.633479889158024,0.9183416887639511,24.270096028081912,1.1219317532154023,18.7702126986145,2.4362056955589355,564.0
41.95833333333333,2.4941030649021267,3.6509032552606397,0.9150116491440695,24.497110959271748,1.1252260495668998,18.391967778962126,2.435933394971583,564.0
41.96875,2.533747979165749,3.668671704231494,0.9198306843523433,24.720445265839928,1.1268395377498837,18.05440874080402,2.4365210556661108,564.0
41.979166666666664,2.5584589334500714,3.6820898572083354,0.9277967111947631,24.943037457081857,1.1268513452068185,17.840638151397208,2.4375434795617417,564.0
41.98958333333333,2.5996403107644275,3.705565905319851,0.9394222947283154,25.15867436091005,1.1253207375956584,17.65111231673305,2.438276496497243,564.0
42.0,2.6424933846644043,3.733587186428114,0.9577096421366414,25.368431009974653,1.1223070405758195,17.512716866780885,2.2119661154526584,564.0
42.010416666666664,2.676657805819767,3.7614872499226855,0.9795500943518155,25.57072559686663,1.1178485939633012,17.423221721531746,2.2020742185467705,564.0
42.02083333333333,2.726656721802044,3.8012164795402565,1.0039978863219512,25.754445508318284,1.112297221396077,17.222685638474832,2.188921753384523,564.0
42.03125,2.775159385774609,3.843770889482685,1.0347405275994082,25.92030874694745,1.1058252788924208,16.955786692227715,2.1739707631795393,564.0
42.041666666666664,2.8110007327658684,3.880847125812523,1.0711681562222355,26.07393563720245,1.0982927696894504,16.75694170059625,2.1608121924974895,564.0
42.05208333333333,2.8600179836320136,3.927454417234128,1.1049549313547926,26.203485511287404,1.0904466288067063,16.438420987119844,2.1421470818921122,564.0
42.0625,2.9020290972435396,3.9718344364409988,1.1459676042126758,26.31595043024251,1.082131176349657,16.120074715079618,2.122616376077785,564.0
42.072916666666664,2.935809660128691,4.011010285041189,1.1907203875581123,26.415482518579772,1.073119686894607,15.882647550155333,2.1049450490083186,564.0
42.08333333333333,2.978406130384632,4.057677080239376,1.2326599529016016,26.495994337066122,1.0641464941207994,15.593414655007333,2.082865844854654,564.0
42.09375,3.0168453229842513,4.103031144456952,1.282289277293168,26.563201402263434,1.0548550349840748,15.335752132208544,2.061044752285462,564.0
42.104166666666664,3.052701437530072,4.145956403345975,1.3348045328143712,26.61889398387389,1.045096595552556,15.126891788005995,2.0411991966897856,564.0
42.11458333333333,3.091753802293813,4.19098445744638,1.3938568808329195,26.664435988353183,1.034586181825943,14.981538030920309,2.0418925752771218,564.0
42.125,3.138494080537509,4.24172545612003,1.4577297557948676,26.699010841254296,1.0233938709515977,14.884205055970211,2.0440871917609096,564.0
42.135416666666664,3.188445282780264,4.296107713282627,1.5239983266770594,26.7220687987092,1.0117993189415977,14.820645391539195,2.0457914458477338,564.0
42.14583333333333,3.2435302261036036,4.355527665686889,1.599380295472738,26.73448858600762,0.9996842393695581,14.805206541108857,2.0474676705878934,564.0
42.15625,3.304879475690358,4.420753173353562,1.6805437155306324,26.73676472361232,0.9873387033732264,14.806127795021126,2.048762836382733,564.0
42.166666666666664,3.3628852907116062,4.4850874448403975,1.7665823567121934,26.72984148758366,0.974745799641982,14.821420886873058,2.0500921716172544,564.0
42.17708333333333,3.423334549323596,4.551812833728109,1.8586865190120723,26.71439897567313,0.9619213821088853,14.848941373907428,2.0513806229389027,564.0
42.1875,3.4844619939550543,4.619859019244648,1.9555719354937613,26.690938261420595,0.9488985644215107,14.887338819551653,2.052578061387589,564.0
42.197916666666664,3.5437542247073486,4.686486131608279,2.0531162944499366,26.660136343160563,0.9358353077157061,14.92553282279007,2.0535885474984057,564.0
42.20833333333333,3.6003451478857293,4.752342896898242,2.1533603500475658,26.62221231225818,0.9226972460445325,14.969617339325843,2.054604776769302,564.0
42.21875,3.657109622530272,4.818033750908367,2.2530797863065697,26.578075952160816,0.9096971105327443,15.00483860478927,2.0553955692616395,564.0
42.229166666666664,3.7111505555563236,4.880305946317364,2.3510058952990733,26.528123879781454,0.8968434797994526,15.034439667300463,2.056228311763373,564.0
42.23958333333333,3.7623721195760473,4.942374857722987,2.4418839243119366,26.4756547724816,0.8847874954564687,15.005879848462214,2.0567225993546705,564.0
42.25,3.8065696267747935,4.998939444965504,2.5301888537083728,26.42070719319848,0.8733095968616768,14.94784073331815,2.0580529164174752,564.0
42.260416666666664,3.846159245258838,5.048296391419507,2.615030907943825,26.362122813980534,0.8620481364282586,14.902262061245478,2.060047411893925,564.0
42.27083333333333,3.8593194094617855,5.08505864861131,2.6972134227144156,26.296519740810954,0.850355845275066,14.931376322444942,2.0623308105015234,564.0
42.28125,3.8598596706455415,5.11456715552211,2.7747687408952135,26.222038647760172,0.8379779728631281,15.06189990953316,2.063653717852643,564.0
42.291666666666664,3.8850642900363708,5.152721864369136,2.8415727077184645,26.14516172028149,0.8259476389684496,15.187802949896259,2.0629772486450118,564.0
42.30208333333333,3.840513770849426,5.164702732114964,2.9156811252164214,26.0548832647626,0.8125055009575153,15.490868945465616,2.0633306751150924,564.0
42.3125,3.7527214582453396,5.165726453976067,2.971441994450076,25.960374094901315,0.7989511613040801,15.844520421876965,2.0606914178428513,564.0
42.322916666666664,3.71037539580809,5.178974336376874,3.0193044370015643,25.869023639672555,0.7861249624358524,16.11596726801328,2.0573980091281237,564.0
42.33333333333333,3.4379893389505796,5.112303613156093,3.0413297749824926,25.776170514084665,0.7731439361553922,16.463892000090592,2.0555749042222957,564.0
42.34375,3.096772442446852,5.0059244676946335,3.0210448590435544,25.690494024257433,0.7609071688805092,16.842486337991954,2.0539124150783628,564.0
42.354166666666664,2.8813374745597624,4.928406667757316,2.981293528534676,25.62444444512359,0.7506599383614968,17.104650385893308,2.0636729766261057,564.0
42.36458333333333,2.439968144336244,4.71325938863671,2.86599302576682,25.585246348390246,0.741920708740896,17.832409639457246,2.1004428935864383,564.0
42.375,1.998023611718487,4.437222587943515,2.6302190830263594,25.61296667764638,0.737637440145571,19.015096951457426,2.1424026037919637,564.0
42.385416666666664,1.7104255472519705,4.198184381355223,2.338442210864106,25.742245419034877,0.7397799225696724,20.155351857863565,2.176536367738604,564.0
42.39583333333333,1.412282055497407,3.9079246973936934,1.9926776838701084,26.02154525568681,0.7500062307532942,21.4354122471812,2.214060999390165,564.0
42.40625,1.211492770758669,3.6369779530924458,1.6190513311902146,26.470149261639385,0.7687775739802843,22.400947454194277,2.451339282248069,564.0
42.416666666666664,1.0653376280828635,3.393166959720138,1.275388183600231,27.09230431221805,0.7954935352449007,23.018278609192098,2.4490874221112318,564.0
42.42708333333333,0.9865912810475832,3.1793459250965945,0.9886425134006142,27.870987147685874,0.8285772886009513,23.36963597022388,2.4473254327074767,564.0
42.4375,0.9328401685975874,2.984525228487072,0.7683523622591298,28.77235162532889,0.8657574957618864,23.531478505575627,2.445884076082305,564.0
42.447916666666664,0.8742402286848486,2.80184225201051,0.6128634516786355,29.764180480531923,0.904867813212266,23.658650390336735,2.4449448909590474,564.0
42.45833333333333,0.8676039693810239,2.6663801592393734,0.5101531543712217,30.77573422676553,0.9423728996939398,23.553836609145584,2.4435669989054953,564.0
42.46875,0.8737929878449971,2.5551750827885567,0.44060409776917364,31.766583263590316,0.9762574403507622,23.326400823387957,2.4424907685817163,564.0
42.479166666666664,0.8562508812156844,2.4434179239519973,0.38966197110759415,32.72041450707477,1.0055867940182786,23.22364020902523,2.442100341797842,564.0
42.48958333333333,0.8935289378960077,2.3790416637163943,0.3528256182756661,33.54514758865727,1.0276957482836415,22.64629154488196,2.4400770904445968,564.0
42.5,0.9265532515040752,2.318057074952019,0.32541062995136916,34.26123012338831,1.0437503363446268,22.043853139103035,2.4391872590099144,564.0
42.510416666666664,0.9253596796049088,2.244026810669382,0.30269948439709354,34.882972453473755,1.0544854181815728,21.722246341345286,2.4392149937469467,564.0
42.52083333333333,0.9643820449184596,2.2014538996175,0.28385885584019344,35.35811274202593,1.0597585287157445,21.00802635023661,2.4373136548476895,564.0
42.53125,0.9901233167583167,2.155372154771969,0.26874498555284326,35.72292332015113,1.0610169273100034,20.274780913383367,2.436580264696291,564.0
42.541666666666664,0.9843053985477943,2.095617116014782,0.25563612261909824,36.00192191371314,1.0589198130124835,19.84647174960534,2.4370163264856473,564.0
42.55208333333333,1.001266063420023,2.0539713935208987,0.2436399075603927,36.1814672566845,1.054350983875245,19.2061694967772,2.435773547483975,564.0
42.5625,1.0074839671931448,2.008656986354328,0.2339165803632122,36.28889177398676,1.0477248610929477,18.670867299828423,2.4359808297299628,564.0
42.572916666666664,0.9967530249932556,1.9590548832027037,0.22539074712905746,36.332452445309144,1.0391572656861472,18.35019463981818,2.436773292262354,564.0
42.58333333333333,1.0044538735065442,1.922323191967605,0.21790836428386204,36.31675856165256,1.0293015845516713,18.027015460591187,2.4368814566159913,564.0
42.59375,1.0107441515885092,1.890285481204722,0.21200238373322647,36.24878701494634,1.0181592120330452,17.777041962978174,2.437602712556607,564.0
42.604166666666664,1.0069366901004693,1.8601082478840172,0.20715003519952663,36.13164718282404,1.005781840818302,17.623001265325918,2.2182668057289043,564.0
42.61458333333333,1.0109146179068171,1.8371493761544444,0.2031535786679343,35.969806320701835,0.9924368887156609,17.51020762002355,2.209220517546114,564.0
42.625,1.0150706112390993,1.8198439395181596,0.2001474835542353,35.76567842472152,0.9782059224456991,17.437011024652605,2.20132571449384,564.0
42.635416666666664,1.014422020491769,1.8062534658175367,0.19792344215384444,35.52194065807519,0.963239894855769,17.39239726440164,2.1944480928418595,564.0
42.64583333333333,1.0118421786193885,1.796079465384504,0.1961765412037111,35.24430355489053,0.9478669049293228,17.335643167332805,2.187501669997334,564.0
42.65625,1.0034721216124132,1.7886166043911873,0.19510241854540483,34.93412964188687,0.9321602677528467,17.285165318050208,2.1812400148219,564.0
42.666666666666664,0.9971141232687312,1.7857496763898926,0.19469048139127468,34.593437022905576,0.9162548011261354,17.249567968601728,2.1757905901988317,564.0
42.67708333333333,0.9760683062945973,1.7804059644594725,0.1947381556961944,34.214951738266336,0.8999037394511791,17.301814778574,2.1735907052398886,564.0
42.6875,0.9472779776461774,1.7762528879015904,0.19540406831823143,33.7930896262997,0.8830363735111961,17.481058223246333,2.175726927118107,564.0
42.697916666666664,0.9349862679487827,1.7837862637628303,0.19661300221805345,33.34886572995872,0.8666003452428712,17.62898526802973,2.1771629166795408,564.0
42.70833333333333,0.8883623360497662,1.777879467736304,0.19838359501177755,32.84773432735352,0.849496211045153,18.013338299601436,2.1872648508740644,564.0
42.71875,0.8473495643360266,1.7769650816339444,0.20025172275477798,32.31347486935911,0.8327902749292875,18.497379438307263,2.1999846567961865,564.0
42.729166666666664,0.8310046602396937,1.7895566419955533,0.20259263266990415,31.778450992395843,0.8175686971482181,18.85531405367134,2.210237381517497,564.0
42.73958333333333,0.8077535492912651,1.7909716953811121,0.2057289015081682,31.197676947360712,0.8027832477825455,19.57562042092722,2.4449620686964946,564.0
42.75,0.8040181172860102,1.8017565458811662,0.20863974842990202,30.61954964368193,0.7900563635364523,20.395411665589222,2.444380428966389,564.0
42.760416666666664,0.8122525134382308,1.82188838344121,0.2115579561236001,30.086752935640426,0.7804838834502961,20.95144999333115,2.4430398953038885,564.0
42.77083333333333,0.8142047508956402,1.831497990438744,0.21507714224247093,29.575035125003048,0.773941997377516,21.808077940253074,2.4435701091893973,564.0
42.78125,0.825093349541817,1.847769062589553,0.21830064255347328,29.126151190428384,0.7714384440240953,22.653749796925613,2.443174538283076,564.0
42.791666666666664,0.8400823347218306,1.8696053786687579,0.22143457722038648,28.761775665945272,0.7731486008542807,23.165649140358532,2.442196892644761,564.0
42.80208333333333,0.8499055420141334,1.8842544348736538,0.22505598180806,28.46757934685046,0.7791331544249125,23.867813389265226,2.4426367215192766,564.0
42.8125,0.8680479445038273,1.9050180389305365,0.22831477258305277,28.253531690800298,0.7889933781999895,24.39605384492895,2.4421840134184007,564.0
42.822916666666664,0.8837296274912849,1.9247493378727571,0.23131496637790855,28.110088624485186,0.8020552941606113,24.68402721864824,2.441932748646872,564.0
42.83333333333333,0.9024868458679802,1.9420247000232629,0.2339958144114016,28.022603546254924,0.8177197025005181,25.039388616957787,2.453425910869424,564.0
42.84375,0.9237747262927983,1.9586301406013489,0.23592902326885473,27.977731168944864,0.8350155964138826,25.778115969561544,2.467813874064288,564.0
42.854166666666664,0.9355670038403936,1.9671863406343413,0.23724601871609363,27.961227081964076,0.853459265140034,26.816104883286144,2.4831600080780776,564.0
42.86458333333333,0.963000025878187,1.9848451528412778,0.23726002876588634,27.96160852615853,0.8711308383835831,26.867783838192135,2.4854034246619228,564.0
42.875,0.9792639393390453,1.9911730056127228,0.2368368531679794,27.96920418696336,0.8880946820595811,26.4631899442048,2.482219104083871,564.0
42.885416666666664,0.9807615714288959,1.9840276115705968,0.2357934016762897,27.978308441221444,0.9045693656111158,26.203838667082284,2.4801132107123234,564.0
42.89583333333333,0.9999261768981405,1.9884659109494525,0.23336304345040285,27.983990530654882,0.9187953248153967,25.00195180708165,2.463193974939242,564.0
42.90625,1.0079519001000257,1.98297621606468,0.2309330418032109,27.984292339825203,0.931368555724019,23.522018258179326,2.4411623054651845,564.0
42.916666666666664,1.0014666366117573,1.96502762411053,0.2283343759889366,27.97739423078107,0.9428582154548418,22.18832634070905,2.4343692285799334,564.0
42.92708333333333,1.0117643066014115,1.9591428950372782,0.2248160830867274,27.96336009792562,0.9521507502681852,20.732358434191923,2.4325194314457455,564.0
42.9375,1.0160671457042216,1.947313565661075,0.22187510974625238,27.941869248398678,0.9599530769289087,19.68821958558146,2.432114109229082,564.0
42.947916666666664,1.0097659098411071,1.92794256256018,0.21907365086435476,27.911516733384264,0.9666218327245019,19.117753124297934,2.4326787356249113,564.0
42.95833333333333,1.0267827988391796,1.9227579685040785,0.2161566362285061,27.875155845436794,0.9716731276772653,18.491929277235435,2.431792080840879,564.0
42.96875,1.040205542856714,1.9157319476144845,0.21410164508264418,27.83153381679376,0.975538498461654,17.99799185503183,2.4320834629307244,564.0
42.979166666666664,1.0440093639994448,1.9055487626091443,0.2123429089077425,27.779493409020976,0.9783174997204289,17.703254883323492,2.4328934809215075,564.0
42.98958333333333,1.06492955377068,1.9057254541451434,0.21154220589980463,27.718626136533107,0.979972694915987,17.558320848546742,2.433756572988613,564.0
43.0,1.0939935684243753,1.9151902148201272,0.2118216628368624,27.64838894297109,0.9804603041615224,17.522779444950526,2.434666885107114,564.0
43.010416666666664,1.1175062100177349,1.9292692074629938,0.21278599911309687,27.569517514229403,0.9797488471266879,17.51794217518236,2.435337282794468,564.0
43.02083333333333,1.1590728917492983,1.9568748801200886,0.2150470515375141,27.48325948721942,0.9778872248503255,17.480212785556596,2.4357812885318277,564.0
43.03125,1.2052507946094257,1.992639298555921,0.2183942494051842,27.390492738813283,0.9749838513885306,17.39099323966085,2.4361574486699835,564.0
43.041666666666664,1.241273072666136,2.0283768926474197,0.22259311241939436,27.289263193262865,0.9710755270822989,17.322852713709608,2.4368781538167457,564.0
43.05208333333333,1.291948229890805,2.075032261428363,0.22774853857436614,27.182468270022206,0.9664066127053976,17.190298773867845,2.2118974641823215,564.0
43.0625,1.3454521824435737,2.126764381703858,0.2342551791137378,27.067346004011203,0.9610115339860126,17.063113140708218,2.202725892579604,564.0
43.072916666666664,1.3917937643672509,2.1790663149399725,0.24166751500797712,26.941803812395857,0.954937334890079,16.974553034046487,2.194587786556084,564.0
43.08333333333333,1.4546159866922828,2.2423639766063386,0.2505481165440673,26.80695814362287,0.9483860232545457,16.878312465622027,2.1858350605765953,564.0
43.09375,1.5232785761737362,2.312868411401816,0.2611128655774516,26.66204836203954,0.9414582550913106,16.7752782966496,2.1768227280376804,564.0
43.104166666666664,1.5849293622010834,2.3842278069588856,0.2732187141351783,26.504645375165467,0.9341601698486978,16.698259915702256,2.168733822447796,564.0
43.11458333333333,1.6599788970808604,2.466391138031363,0.2866481442809138,26.34443055728204,0.9270213901574809,16.518273606418248,2.1562990176177723,564.0
43.125,1.7343762573656651,2.5512937899268815,0.30254880710833315,26.178469628014135,0.919949368615395,16.31051824739753,2.1427462935158124,564.0
43.135416666666664,1.8015231205581468,2.634262617840044,0.32076656015260974,26.00232294393062,0.9127971554759384,16.15051341400998,2.130604728284292,564.0
43.14583333333333,1.8813717461837869,2.726293349579856,0.34056830790466014,25.82903865170229,0.9061007094483213,15.92411820102543,2.1139528420370004,564.0
43.15625,1.962046427606026,2.820281786862947,0.3639475717088772,25.65455621426599,0.8996778495926343,15.696030279626802,2.096263858635267,564.0
43.166666666666664,2.03696633603069,2.912133285477179,0.3908752664466536,25.474041811067607,0.8933475965773279,15.51739417870382,2.080065943840172,564.0
43.17708333333333,2.123670540628961,3.011695407925163,0.42032562275956126,25.300538835456607,0.8875421906501313,15.300666143953048,2.059802152060275,564.0
43.1875,2.207552018261113,3.111552115379698,0.45494545485850196,25.129482357657686,0.8820644719005531,15.089578992476586,2.04035696768173,564.0
43.197916666666664,2.2865769241111824,3.208945891265111,0.4949236537682506,24.956043033003265,0.8767368855445605,14.912360782190214,2.041713929858235,564.0
43.20833333333333,2.3671011972791067,3.3103182412439143,0.5385251863426931,24.79206328110796,0.8718873669726356,14.72232723796797,2.043608433457844,564.0
43.21875,2.4438223963196966,3.4107000536524894,0.5894758795625228,24.632377048445726,0.8673176877800157,14.567477169662233,2.0461854136985163,564.0
43.229166666666664,2.5199860959694553,3.5089683382223984,0.6478086628367401,24.4728922235686,0.8628802124483206,14.468320088681075,2.04921408807001,564.0
43.23958333333333,2.596412767363613,3.609236985761,0.7109605813471505,24.322944737945768,0.8587987759254884,14.384296253646609,2.0519746157635446,564.0
43.25,2.6698746900776293,3.7074562583796933,0.7827938001831757,24.1781369411545,0.8549151056733186,14.329244741365379,2.055591419202604,564.0
43.260416666666664,2.7444388905843637,3.8030316627074723,0.8626077672022745,24.035331331844052,0.8511127379764301,14.309113167964686,2.0598117376167266,564.0
43.27083333333333,2.799544495955682,3.890606604583889,0.951940660311366,23.886506850214797,0.8471435342815884,14.346491121968208,2.0644765886356895,564.0
43.28125,2.84079725861442,3.9724208624258712,1.048862153566277,23.729046276672214,0.8428862829608063,14.447146048545026,2.0683273616948807,564.0
43.291666666666664,2.9008768851481297,4.060611049429826,1.1469838087910713,23.577055747419667,0.8386575748625215,14.55394649979045,2.0702827034013267,564.0
43.30208333333333,2.895153479218862,4.124170149394673,1.2620929243958694,23.40384103732342,0.8335911732688697,14.783498164367643,2.0727019703136524,564.0
43.3125,2.8304503450630536,4.168727859451927,1.3728694825657335,23.22009132662559,0.8277484136657647,15.133190932523775,2.0711625283476,564.0
43.322916666666664,2.819144387066163,4.230524202739142,1.4744911900233495,23.053842299689443,0.8217933584047242,15.451148694501029,2.066725382666754,564.0
43.33333333333333,2.5467445012171614,4.192913771333424,1.57684360389496,22.86991940136544,0.8139334784894733,16.08719362864642,2.064986395132607,564.0
43.34375,2.227593839324573,4.124988748633054,1.6341560033314249,22.711040062289126,0.8049821928556962,16.908920803830384,2.0620035286840155,564.0
43.354166666666664,2.0589114661154695,4.099281240376907,1.6709172447837028,22.608178125782715,0.7961110373210587,17.55448049539738,2.0832055508483007,564.0
43.36458333333333,1.6635715508128193,3.927714776208564,1.6516794351626327,22.56913122434345,0.7861833154933402,18.817579771442226,2.141045874990039,564.0
43.375,1.3016099723264185,3.7078751471376097,1.5274252747618604,22.646732204659013,0.7778222145724755,20.689793607637732,2.201894447635337,564.0
43.385416666666664,1.1051593293952153,3.5318857646980373,1.3605858872370493,22.86056658366992,0.7736354752496288,22.290171154401644,2.4512302503447314,564.0
43.39583333333333,0.9095957507718534,3.3094682825954984,1.159327804461585,23.23501428584528,0.7754161284166199,23.773820527215047,2.44921097927589,564.0
43.40625,0.8023015639941437,3.111354060134788,0.9509030348793294,23.746046065649967,0.7845123056358733,24.616219522197806,2.4467027219877053,564.0
43.416666666666664,0.7278044606761677,2.927071245322976,0.7744749108641421,24.374729712921695,0.8011747749901003,25.095461974055674,2.445217055944419,564.0
43.42708333333333,0.7106114842448411,2.7857699645739085,0.6380589050639248,25.05553264887062,0.823568964498656,24.938258632621306,2.4429194017630693,564.0
43.4375,0.7045796468508401,2.6548254132338247,0.535515538152264,25.7562067532824,0.8500067187983471,24.512861288885038,2.441269690188673,564.0
43.447916666666664,0.6797001863443204,2.515233596318417,0.4578514886298082,26.471219420394334,0.8796739963583411,24.312067203696415,2.440812402941943,564.0
43.45833333333333,0.7073985460319909,2.433022224523849,0.40252987034264426,27.11896958564385,0.9083489076856529,23.551860614763612,2.43836306895033,564.0
43.46875,0.7330522138714037,2.356356729308624,0.3618859694442898,27.706824940558135,0.9354733120659386,22.70831812350118,2.4369729639051383,564.0
43.479166666666664,0.7268346681374073,2.26178122303268,0.3290198793888539,28.25619303875275,0.9614551179143447,22.258506839572295,2.436971161770494,564.0
43.48958333333333,0.7675160737308201,2.2164586808047417,0.3027895711810023,28.690530147992376,0.9822010040837236,21.12638591403512,2.4338208274374904,564.0
43.5,0.7890237494921692,2.1577866829874726,0.28200429923877507,29.057554674768955,0.9996847523229365,20.04312329146159,2.432735182326303,564.0
43.510416666666664,0.7783994235552683,2.07778704298735,0.2637493855033627,29.38791731338926,1.015186296289227,19.416939500608905,2.433240391417044,564.0
43.52083333333333,0.7927209188069244,2.01843651266329,0.24760076390292324,29.65598688789222,1.0273948381665334,18.723630751586455,2.4321560184794264,564.0
43.53125,0.798536978871812,1.9550228557936173,0.2343203899238104,29.88788403419927,1.037454918823843,18.217729519993426,2.43253143058853,564.0
43.541666666666664,0.7891840822599063,1.8889354019440234,0.2226913806226334,30.08901395994308,1.0455183762184335,17.925632374512602,2.4332584547792377,564.0
43.55208333333333,0.8001153352086786,1.8383049626754917,0.2129175092658171,30.255229825895515,1.051373457897978,17.681289987426975,2.4335189557132724,564.0
43.5625,0.813354693180989,1.7960923667108262,0.20501883208422336,30.390465153653693,1.0551759208184095,17.477240379508437,2.433989961787318,564.0
43.572916666666664,0.8130049039916407,1.7546650000566426,0.19842783800493585,30.49800108538335,1.0570328072135593,17.352315840235068,2.4347592889732463,564.0
43.58333333333333,0.8270632993257957,1.7245581420536429,0.19288634552995215,30.575727632895564,1.0569869773343394,17.19998382490397,2.4350705110163284,564.0
43.59375,0.8400226418754798,1.6989126443283011,0.18845168304741747,30.626478642423905,1.0551939428024282,17.064338316710113,2.4357301344712163,564.0
43.604166666666664,0.8422221446031393,1.6738918894147865,0.18476777838305172,30.650991532029366,1.051727098130884,16.97771988055054,2.211360746635914,564.0
43.61458333333333,0.8529872289959624,1.656014860699069,0.18160431682578967,30.649367212286993,1.0468326323642425,16.860514170731516,2.2013608423894113,564.0
43.625,0.8618407902577238,1.6410237269304142,0.17912608654050327,30.623012698187974,1.0406152558657924,16.751207778080385,2.1918448038981424,564.0
43.635416666666664,0.8636018847972701,1.6270303484070832,0.177158630097526,30.57233738356213,1.0331375243063325,16.677873464439312,2.183570904123867,564.0
43.64583333333333,0.863216490748354,1.6149399945554446,0.17552684049038733,30.49801726444265,1.0245123360879231,16.63552657971951,2.1763258943929706,564.0
43.65625,0.8574943364984638,1.605263775793209,0.17438932302292928,30.40030091997646,1.0147735183316984,16.633218935671675,2.1707380359884003,564.0
43.666666666666664,0.8534307335399455,1.6007646467302883,0.17374616997780898,30.281618620437854,1.0041319456886326,16.639244138563612,2.1656997645595593,564.0
43.67708333333333,0.8368711159716581,1.594423097089483,0.17354172705692328,30.138778190552603,0.9922785400979326,16.72824647820229,2.164607753980776,564.0
43.6875,0.8137833387982352,1.5891457486074319,0.17389164255842238,29.967884201459402,0.9789064590153876,16.961930283673652,2.16947452167438,564.0
43.697916666666664,0.8052031844190407,1.5956813134882617,0.17464888679819482,29.7817474650283,0.9649549748824898,17.161294476732206,2.1731221579222733,564.0
43.70833333333333,0.768779992630701,1.589682142896015,0.1762401713333873,29.555078870636443,0.9484909582290352,17.714216925980683,2.190883282377639,564.0
43.71875,0.7430960354856748,1.5942881266474156,0.17802087360503202,29.30759130702771,0.9309078802560944,18.39852305519633,2.2110884231373826,564.0
43.729166666666664,0.7370869626658222,1.6133516067450935,0.18038535902635638,29.059738163316695,0.9135402413294801,18.914068700723202,2.2272631454652,564.0
43.73958333333333,0.7241680068135687,1.6248662717602504,0.18328950153595722,28.801883001172218,0.8956276381800589,19.5720702638755,2.441833049529113,564.0
43.75,0.7207097220027371,1.6399340964776963,0.18598478469545335,28.554926756029666,0.8785753017254098,20.209874491240335,2.4410357976984476,564.0
43.760416666666664,0.7253919231751115,1.6592800533868688,0.1885910845558441,28.336176894018458,0.8635425055114063,20.63334050030257,2.4398653772181076,564.0
43.77083333333333,0.7171446336276165,1.6627738617064811,0.19158820607668778,28.13513514925414,0.8497753852003447,21.5716301906894,2.441104836389607,564.0
43.78125,0.7210766622959789,1.6741747975450105,0.19453372095483978,27.979365705166877,0.8391070940324136,22.75893601462801,2.441505643467471,564.0
43.791666666666664,0.7362260813697417,1.6985660507091036,0.1975187515172334,27.88897643523489,0.8328822870884534,23.498545360535456,2.4405196499529986,564.0
43.80208333333333,0.7487510144606867,1.7158131917520147,0.20181937538809627,27.862686547803467,0.8311231941665609,24.78545250367869,2.446487536670554,564.0
43.8125,0.7815779618382475,1.7513771082428145,0.2061564746624277,27.90160034494417,0.8343195096175849,26.29033877265974,2.475000858823338,564.0
43.822916666666664,0.8090643098519568,1.786364656796545,0.21060341743163918,27.98534955650358,0.841822059773019,28.51781338791191,2.5096113830620785,564.0
43.83333333333333,0.8479251417429625,1.8234877488006844,0.2151183397133368,28.087655371880608,0.8527803005458049,30.67182614128758,2.5442013526684772,564.0
43.84375,0.8880172836465289,1.8590470842886617,0.21909309976460475,28.180832248815204,0.8660928551588105,32.07909990310991,2.573969461344409,564.0
43.854166666666664,0.9125794786299893,1.882640014454174,0.22236754447729443,28.245178876112767,0.8811009728091794,33.2181993821957,2.6020885473740116,564.0
43.86458333333333,0.9481779904075012,1.9122363583131572,0.223912789922475,28.266313965100792,0.8957991915284325,32.543073020110334,2.611312085099641,564.0
43.875,0.9671172433592772,1.9256174288415349,0.22463150037636956,28.24678879164085,0.9101199110781862,31.684626614151714,2.6124536097966167,564.0
43.885416666666664,0.9694740453853371,1.9224300065966318,0.2244905561425452,28.187919037768847,0.9242616498734643,31.457988860227307,2.6143316901989926,564.0
43.89583333333333,0.9901437891028894,1.9308569601120724,0.222268927147982,28.106107531512784,0.9362340458468721,29.42121513370689,2.593283592275332,564.0
43.90625,0.9953810524786463,1.924050575325796,0.2196726839758431,28.00891153722333,0.9467065164948776,27.43829971412683,2.5641403881126714,564.0
43.916666666666664,0.983115395114904,1.89976165230017,0.21670084727310138,27.894980215072174,0.9564287673798715,26.349463405361078,2.539039506499316,564.0
43.92708333333333,0.9877273523594682,1.8867495571742199,0.212313519958907,27.785425158904445,0.9641606165821108,24.32295012073173,2.497999609065076,564.0
43.9375,0.9794019764091337,1.8613835641836236,0.20872159845966656,27.67163927316421,0.9709704134818433,22.74036337055173,2.4603705317374764,564.0
43.947916666666664,0.9671613215637774,1.8330108972403119,0.20505912568068368,27.554861119577435,0.9768870224172167,21.36479358783481,2.430729015640643,564.0
43.95833333333333,0.9743234642965324,1.8165413214719364,0.20230264417422153,27.43791312916084,0.9818065338057992,20.07741609252202,2.4300414891186803,564.0
43.96875,0.9912363096636825,1.811637904313184,0.20051151619512114,27.325015003747918,0.9855806237961261,19.207619454899675,2.430255130992188,564.0
43.979166666666664,1.0017561341992212,1.8100063285041783,0.1995391392940484,27.21689679543717,0.9881950528149771,18.74176680310976,2.4307079823401794,564.0
43.98958333333333,1.0257826567428054,1.8220482360199413,0.19881954351017897,27.124356417727558,0.9895168996959074,18.152751465136753,2.42954093529219,564.0
44.0,1.0407251607697308,1.8311282611641415,0.19883485233536452,27.041489445228617,0.9898368484682543,17.608837141889456,2.4293818803400007,564.0
44.010416666666664,1.0456192627703491,1.8345512642397437,0.1991617570798197,26.963268368468682,0.9892442325347126,17.265904602378,2.4301179922994907,564.0
44.02083333333333,1.0607231504566033,1.846455686860919,0.19930178521132602,26.89543031512365,0.987917145486156,16.840601824303548,2.4295762925763507,564.0
44.03125,1.0733264254143293,1.8579516514777272,0.20008300906720153,26.83268404193629,0.9859514738761985,16.461034219869198,2.4300167586465444,564.0
44.041666666666664,1.081250865132089,1.8677611718127092,0.20124482815193812,26.771284677658688,0.9833185344208323,16.214610699958758,2.4311937115766873,564.0
44.05208333333333,1.1024539020183979,1.8881090522348565,0.20259078261910135,26.714991791265888,0.9803049323897485,15.927905986542834,2.2109147825716398,564.0
44.0625,1.1246690708616212,1.911842115492249,0.204761035052348,26.66078121742522,0.9769038794415308,15.664172242956768,2.190627557036353,564.0
44.072916666666664,1.1428850062361284,1.9357894570204681,0.20757700306118224,26.6056730734226,0.9730048569646736,15.487014196842498,2.1722335777534894,564.0
44.08333333333333,1.1741292584214118,1.9708631631032705,0.21074604705984726,26.55401811171158,0.9690051753085451,15.267649328122516,2.1492426443691928,564.0
44.09375,1.205847989261177,2.009305417431169,0.21508453647576556,26.50236825554273,0.9647267992647316,15.083587953440537,2.126454896791856,564.0
44.104166666666664,1.2355531223590552,2.0496153799634698,0.22021981016565922,26.44909460455191,0.9600717015304359,14.957978508992332,2.1051525971335963,564.0
44.11458333333333,1.2775018462611132,2.0989416847136235,0.22690524999206707,26.391963288850512,0.9548553595567438,14.910205753494395,2.0874340832842067,564.0
44.125,1.3327133045728834,2.160793010069476,0.23531286828534181,26.33097755757157,0.9490795471015322,14.912845134975838,2.0725538546665723,564.0
44.135416666666664,1.391511517315478,2.232331629581918,0.2453100603441932,26.267807474381648,0.9429164010310265,14.918908433016945,2.0582209192292447,564.0
44.14583333333333,1.4663013264212499,2.3164832470657153,0.25848971532671206,26.199131491964273,0.9360542592872209,14.959266299352118,2.0483801018066323,564.0
44.15625,1.554637887007916,2.4143670669422885,0.2745630159126589,26.12673145767568,0.9286854637761772,14.996992341982498,2.0416690359868097,564.0
44.166666666666664,1.6428062634494922,2.5193323148273135,0.29355691353072055,26.05216848061256,0.9210014984043643,15.011568283892064,2.042505465339464,564.0
44.17708333333333,1.7424153812072591,2.6331113954719614,0.3172634865233342,25.973138272795552,0.9128062440613973,15.039200238185801,2.0437196165422247,564.0
44.1875,1.8484420619959323,2.7551566237162404,0.34497364910754974,25.893220109008375,0.9045232280271398,15.053232394983928,2.0442986714518616,564.0
44.197916666666664,1.9495736758594686,2.877834817976835,0.3777216884215551,25.81178420316927,0.8961487013716499,15.067393073379884,2.0449912568287916,564.0
44.20833333333333,2.050574273950267,3.0035580635020573,0.41528983633454053,25.732319619584356,0.8881006984936659,15.050536798375889,2.04537156825133,564.0
44.21875,2.146654072570686,3.127184711625826,0.4594650285031634,25.653229176974733,0.8802691013037065,15.024715183415369,2.04621902315784,564.0
44.229166666666664,2.2398741487527274,3.2471702590463667,0.510555342005119,25.57316487286959,0.8725761089913453,15.007367233460077,2.047312010648479,564.0
44.23958333333333,2.332725414556759,3.3671500987623975,0.5685164834973871,25.494114912466497,0.865258108597989,14.982959718043492,2.0482087082074836,564.0
44.25,2.4244490202118913,3.4854286090191384,0.6353705184875563,25.415136285030215,0.858256763840707,14.96167967093357,2.0493759328388337,564.0
44.260416666666664,2.5162416021025393,3.6008619028926923,0.7114163116555837,25.33527608878505,0.851514646548332,14.951751522944736,2.050699633886848,564.0
44.27083333333333,2.5909554254648715,3.708866019582221,0.7998357984894793,25.249835908701304,0.8446866727089811,14.99016068659821,2.052326475542147,564.0
44.28125,2.6550550622169578,3.8128570473251706,0.8992164301561382,25.157646401853544,0.8377590944486468,15.08176739194636,2.053342216014033,564.0
44.291666666666664,2.73459915674891,3.9221041019897447,1.0050580427736642,25.06448320390462,0.8311974337759814,15.168568778629366,2.05315471010419,564.0
44.30208333333333,2.7581229631265023,4.010195035011818,1.1306389461790487,24.956190727194077,0.824074860496871,15.371324027964747,2.053989975527986,564.0
44.3125,2.726793621117735,4.080988726524244,1.2601103001657208,24.833695932508874,0.8165896820449887,15.694408249786886,2.053105694719731,564.0
44.322916666666664,2.7443967904233104,4.16806034983507,1.3861456687928597,24.71139772514787,0.809630172541778,15.972211849169266,2.050198608213006,564.0
44.33333333333333,2.525039752835272,4.165664973524138,1.5211992250206943,24.560328555204748,0.8016287643336275,16.589684339588576,2.08392124318391,564.0
44.34375,2.2585096046924074,4.134493551164305,1.6224682988229424,24.400440943979966,0.7937929523899427,17.617605767933476,2.1329962449246724,564.0
44.354166666666664,2.133921986278189,4.144713989109845,1.704718259683054,24.26176670819819,0.7875572030618311,18.728847498716352,2.173282673723207,564.0
44.36458333333333,1.7320908023667334,3.965272680772601,1.7204755312642943,24.139559771096664,0.7828670393697399,21.261339880276438,2.4518918493392254,564.0
44.375,1.3673070029183314,3.723014466523682,1.5932838703100831,24.125780550485207,0.7839936404127009,24.52424237558548,2.4506454482701447,564.0
44.385416666666664,1.18183705985107,3.537069692177701,1.4074410190387652,24.286670763808743,0.7938081153877549,26.616427576373468,2.448167203316046,564.0
44.39583333333333,0.9903303529185934,3.2886564887649876,1.1809364007469882,24.68372488599171,0.8157489480834968,29.067799064298857,2.4738207071285947,564.0
44.40625,0.9016243024102663,3.083757245687839,0.9524183293403838,25.298396947979445,0.8494786687333808,32.844909506768076,2.5346344741726927,564.0
44.416666666666664,0.840200585867361,2.9038130231208625,0.7691498890700886,26.08038620908205,0.8932903436722768,37.04093769280212,2.6007244705463535,564.0
44.42708333333333,0.8472538434330048,2.778398349027054,0.6360731425588622,26.926544195634722,0.9421206940767317,39.17050105395589,2.655513094483114,564.0
44.4375,0.8679865041703141,2.678184346447704,0.5393295631080678,27.746296468730506,0.99081573948372,39.25255537909059,2.854211216644352,564.0
44.447916666666664,0.8488262933962595,2.554544397924843,0.46655871691686407,28.54004499637186,1.0390715429106008,40.04602571977987,2.8520910979375977,564.0
44.45833333333333,0.8943216830826944,2.5045292594354738,0.41353963793597837,29.176663238717815,1.0782798481681473,37.1134289166525,2.847194589323465,564.0
44.46875,0.9132961059746592,2.4338639037836347,0.3739060855006214,29.716115234451163,1.1115134924633485,35.049867859443474,2.8456186415920626,564.0
44.479166666666664,0.894742171772952,2.337203279270044,0.3405060669708929,30.190274008654175,1.140252456252774,34.44797841064308,2.84589111290855,564.0
44.48958333333333,0.9182256227346234,2.274059574245852,0.3134902959337862,30.57189177735631,1.1624527810109067,32.918301561542414,2.844934608646547,564.0
44.5,0.9375389971935886,2.2126465250598395,0.292517746221196,30.887212174378515,1.1794297199733146,31.814045764694626,2.845342009090058,564.0
44.510416666666664,0.9319506399988485,2.14416673011099,0.2749087160423284,31.14884235949272,1.1916910467756563,31.284165799364725,2.8464161366295073,564.0
44.52083333333333,0.9610733000559002,2.0998015590239367,0.26084722732959587,31.353281679072023,1.1991333119887815,30.42868103763415,2.6345348082234152,564.0
44.53125,0.9936390006698178,2.0629844634728203,0.25005389435892145,31.50986169974493,1.202406651785868,29.82276077660867,2.617662462651195,564.0
44.541666666666664,1.0034095009546613,2.023490039543113,0.24093153512802293,31.620142512215494,1.2018959447151571,29.420120466017792,2.6033450880594056,564.0
44.55208333333333,1.0422772255045205,2.001345061519816,0.2337744520747945,31.682761432347775,1.1981118134612638,28.86366678202982,2.588384146990961,564.0
44.5625,1.0800396184692844,1.9868330854678375,0.22781536490324966,31.69935775218764,1.1918773809040075,27.876848685194094,2.5686571704783416,564.0
44.572916666666664,1.0900275715995755,1.96345916460191,0.2229765947436621,31.67347338105782,1.1835302849572138,27.238571724756838,2.5519787672307794,564.0
44.58333333333333,1.109074333731916,1.9489539226597272,0.2176766951443536,31.614006875731164,1.1744860887425386,25.70875344960756,2.523160791157316,564.0
44.59375,1.1118010781240542,1.9261353096617357,0.21317933409399858,31.526554071890004,1.1647958167922556,24.271866924143566,2.492757972183052,564.0
44.604166666666664,1.1006066283828255,1.896648783132643,0.20913297747139234,31.41163558885013,1.1543245771921617,23.17838971025623,2.4659597018437625,564.0
44.61458333333333,1.0941457904047653,1.8724727579549127,0.20472473521131482,31.282402626830617,1.1440073954647711,21.72148459255519,2.4334292924262373,564.0
44.625,1.081593910785402,1.8472253577772564,0.20104638531473698,31.139930157034946,1.1336167419717513,20.208721093651977,2.429149232156807,564.0
44.635416666666664,1.0658098582936006,1.8221704993747365,0.1980163063910994,30.98337484677788,1.1228892864106566,19.18411230677501,2.429547020143888,564.0
44.64583333333333,1.0488455814218014,1.8016195843197242,0.1948063863239322,30.827313625923814,1.1125993360303286,18.392114999776993,2.4289170230986397,564.0
44.65625,1.0234233242996675,1.779964937184704,0.1922096863471574,30.670142265680322,1.1024228902166064,17.822072801929323,2.4289576445799153,564.0
44.666666666666664,1.0012117841985673,1.7602520169370466,0.19023334993428276,30.509264721549513,1.0920196040483738,17.490050125128402,2.4295815454577867,564.0
44.67708333333333,0.9690799981739103,1.741258954147751,0.18805879883143492,30.355699910491154,1.0819482575298758,17.166087757426205,2.4294225391425117,564.0
44.6875,0.9242224351394979,1.718160034814716,0.18633940269582885,30.20310527232117,1.0716541477858064,16.96255407513827,2.4301548912118274,564.0
44.697916666666664,0.8935135668202263,1.7012667724718742,0.18502752186952104,30.053897560826066,1.0611498292571377,16.851069564369162,2.4308620776345564,564.0
44.70833333333333,0.8325259112262466,1.6744640933238288,0.18358245051539834,29.906647397129838,1.050157723456981,16.863245313475577,2.4318952878232585,564.0
44.71875,0.7682886427391658,1.6455464420083776,0.1822094785976778,29.762195390312954,1.0384973739330332,17.00767161305985,2.4330164478471543,564.0
44.729166666666664,0.7312820128394286,1.6289334716858752,0.18116657578481005,29.629559301382177,1.0266532514994517,17.137840032433505,2.4333823764203495,564.0
44.73958333333333,0.6687342144883013,1.5940064504499298,0.1806309560337409,29.49193156170224,1.0124956098998348,17.76227952732604,2.436131885461061,564.0
44.75,0.6249055722320622,1.5706047573624982,0.18007533605722983,29.37140697440267,0.9971083659222841,18.638637232075034,2.4370635812642245,564.0
44.760416666666664,0.6082110054536548,1.5681860985475993,0.18011032213437195,29.28634854585861,0.9819313994326656,19.27353618999278,2.4363846855204954,564.0
44.77083333333333,0.5807650585258672,1.5546827218884374,0.1808678379578703,29.23908431147893,0.9656485376448062,20.20348700735161,2.437755756193695,564.0
44.78125,0.5690175578061968,1.5529521382080105,0.18162393595062792,29.24711650680783,0.9499410939891906,21.071117827427937,2.4376395760898872,564.0
44.791666666666664,0.56775321349839,1.5603729572204073,0.1826435722675703,29.314339112512187,0.935863222882485,21.595981896703204,2.4368912886543903,564.0
44.80208333333333,0.5634970101314145,1.56035865986153,0.18379326242856117,29.446002960360342,0.9232604950763708,22.211492325007455,2.437351132756993,564.0
44.8125,0.5692230906061303,1.5674942515594879,0.18464331372248197,29.633484424817542,0.9132047899598681,22.590705206540882,2.4367461275651645,564.0
44.822916666666664,0.5741077375674751,1.5731772954011172,0.18537427392551944,29.86757839533908,0.9058250662865123,22.792884459670947,2.43931525942108,564.0
44.83333333333333,0.587555561033198,1.5829231558840786,0.18586103062083323,30.13050601245445,0.9012007508093086,22.931858546191407,2.447973802477933,564.0
44.84375,0.6025733623334859,1.591081483544722,0.18608945326829937,30.40929757250979,0.8990305458586552,23.221562382770593,2.456082810046595,564.0
44.854166666666664,0.609336493591499,1.5907952954927707,0.185961337604498,30.699504675310667,0.8989691486510265,23.7123700116721,2.465321532489471,564.0
44.86458333333333,0.63471974408277,1.603336644993691,0.18541450290377146,30.969271162319142,0.9005439108019675,23.520645755340524,2.4625539153551332,564.0
44.875,0.6549900616383332,1.608296326347075,0.1847547285319443,31.222836536331027,0.9032749074224872,22.97997300626565,2.454930537113574,564.0
44.885416666666664,0.6616273840571357,1.6011253846441418,0.18372809137472443,31.46655125554652,0.9069441099549442,22.501899133806507,2.4486227876866526,564.0
44.89583333333333,0.6850588817708934,1.604039315171856,0.1824777228443533,31.683029261145883,0.9110048085838264,21.664344892202948,2.434926678653322,564.0
44.90625,0.7066346302438966,1.6040042445734,0.18148947817856143,31.880828930984304,0.915328131450203,20.74124128670394,2.430463253542163,564.0
44.916666666666664,0.7172604076455199,1.5986573757032472,0.18043654381758412,32.06237201810853,0.9197562693888875,20.082922681069583,2.430575260956262,564.0
44.92708333333333,0.7453114235121178,1.604300242745483,0.17967477282264008,32.22061193288002,0.9239060091394323,19.561927240447442,2.4300447120915627,564.0
44.9375,0.7744188114216606,1.6126243428111422,0.17925578525372476,32.3574489796879,0.9276287331313308,19.111189253878646,2.429622042314143,564.0
44.947916666666664,0.789535813060409,1.6150638099860342,0.17901625747630512,32.47886853331392,0.930933622821312,18.84282423318195,2.4298781025272858,564.0
44.95833333333333,0.8186843973103944,1.6273669108198396,0.17880602809547325,32.57802508395969,0.9335233835903688,18.43391871234162,2.428934465342501,564.0
44.96875,0.8425627548188114,1.6372285763541035,0.1789773037586625,32.66191496320452,0.935518238757611,18.05335255626444,2.4288013080210695,564.0
44.979166666666664,0.8552989005109634,1.642136072613797,0.1792277103401291,32.734239566020726,0.9369542979700156,17.81611759821157,2.429207277497519,564.0
44.98958333333333,0.8799225239283004,1.6554200630959455,0.17956545840893887,32.79214887355372,0.9377608146374827,17.51469080031377,2.428722551958016,564.0
45.0,0.9023051165121263,1.6690818706921562,0.18034008023360845,32.83934170580825,0.9380152774695902,17.24047669952092,2.4288340544158284,564.0
45.010416666666664,0.9167054777638818,1.6804881379016654,0.18132757261582466,32.87775656809607,0.9377319914532376,17.06646796564154,2.429379818920538,564.0
45.02083333333333,0.944208707101604,1.701378248270462,0.18253878489097713,32.906019206872,0.9369682056619499,16.826804769592382,2.4290857141191387,564.0
45.03125,0.9728777225652228,1.7250502921592534,0.18433226864991575,32.926202368579425,0.9357709661218165,16.58781654701073,2.429316839682354,564.0
45.041666666666664,0.9942049525363956,1.7473602225554887,0.18651615252814227,32.93944547558328,0.9341237354747314,16.42857363328928,2.4301031387219205,564.0
45.05208333333333,1.0298026546990415,1.7798456907651794,0.1890817035644663,32.94558088852702,0.9321671614032284,16.227852174780825,2.430182902433761,564.0
45.0625,1.0667389629213528,1.816064054173209,0.1924818327630164,32.945652876633154,0.9298787850257588,16.05400456390736,2.4309542929086616,564.0
45.072916666666664,1.0982898703162527,1.8531276710867797,0.19643650199849205,32.93989689117491,0.9272331263216939,15.939928195569458,2.2021342155629506,564.0
45.08333333333333,1.1413907831097094,1.8992734720871027,0.20133346774490812,32.92849181195055,0.9242628515146825,15.86577063332325,2.190223826962576,564.0
45.09375,1.1901069513474836,1.9529841599607602,0.20746425786366057,32.911271808194456,0.920916663356401,15.848992351280868,2.1804318004702603,564.0
45.104166666666664,1.2379965944783653,2.0122067847743974,0.21450571198505933,32.888654818781504,0.917268000692355,15.850729550335517,2.1711348038117904,564.0
45.11458333333333,1.2968020424792368,2.081215234410517,0.223426462805484,32.86007223970372,0.9132277071926762,15.901996154832677,2.1646897091247763,564.0
45.125,1.3645842410714644,2.1609636699638775,0.23398708077649036,32.826414519950454,0.908931162875056,15.95433448308693,2.1585598348904673,564.0
45.135416666666664,1.431010981556339,2.2456324019455876,0.24624062444429465,32.78815325951303,0.9044431794863619,15.994466799280847,2.1526486777589824,564.0
45.14583333333333,1.5064307291169787,2.338855562769601,0.26073288890929014,32.74594804055801,0.8998586347191715,16.00997996602732,2.146375743886218,564.0
45.15625,1.5855424633086683,2.4375445967213047,0.2776756315899023,32.699950680230955,0.8952270593127425,16.008965072753867,2.1401049501241247,564.0
45.166666666666664,1.6625669865696462,2.537596373713855,0.2970103003782829,32.65008050727016,0.8905908813798401,16.002486682234682,2.134192587370232,564.0
45.17708333333333,1.7463015127867338,2.643151978499868,0.31940557658263224,32.59680240095646,0.8860487766202406,15.982514971640223,2.127896332379244,564.0
45.1875,1.8333757915304043,2.7520062146626416,0.34564302981423656,32.53931902137605,0.8815925391280368,15.969574779892495,2.1224517681402815,564.0
45.197916666666664,1.920086655609897,2.8619106062823705,0.37556778464991625,32.47784256086183,0.8772983508055862,15.956704805181511,2.1172094622954036,564.0
45.20833333333333,2.0126229504658086,2.975051955484403,0.4119924888164195,32.40930910308399,0.873031761860916,15.99944092419689,2.115836613632249,564.0
45.21875,2.113439560360056,3.0940905666054377,0.45553877682562866,32.33306574988043,0.8688559840211397,16.096006403759574,2.117733967872668,564.0
45.229166666666664,2.2176310976251146,3.217780655985362,0.5055867399105198,32.25204575377387,0.8649901514788912,16.178199039183646,2.118751838531323,564.0
45.23958333333333,2.3272360076777767,3.3433966488857796,0.5739609210471964,32.15351858688207,0.8609644405822023,16.466042246665484,2.1325077654593994,564.0
45.25,2.4595756727603115,3.485761322545597,0.6578719832861449,32.041074985474644,0.8571332801505653,16.895767368258557,2.1512208383139653,564.0
45.260416666666664,2.598602296345804,3.6391139768041856,0.7564854287486724,31.923047225752157,0.8538543162240598,17.268874049863115,2.166146812828776,564.0
45.27083333333333,2.7123740326626034,3.7850453455712834,0.8961872006732085,31.777362295231256,0.8507125620588349,18.040180096643617,2.1977417257588545,564.0
45.28125,2.8261712562717816,3.9415130014373236,1.059250968770569,31.61292293639226,0.8482191323244682,19.02740156826073,2.44292067682177,564.0
45.291666666666664,2.957228623462574,4.108336081792543,1.241003250322372,31.44035479193485,0.8466414799186919,19.77623486131283,2.4408320102802223,564.0
45.30208333333333,2.9961736682673172,4.238478269243547,1.4635865875711696,31.228970052490457,0.8458854182162941,21.03437932898717,2.441847278907063,564.0
45.3125,2.952959533645432,4.337211460733019,1.6854813421691417,30.976043902199336,0.8462027986520723,22.68016729545913,2.4423481967976204,564.0
45.322916666666664,2.9802022485520947,4.453513649802837,1.895058139354936,30.69804828289857,0.847543341772941,23.731063612995914,2.4410015814645214,564.0
45.33333333333333,2.689836404335058,4.431306235483123,2.0791925254703374,30.342526619527256,0.8503145716649614,25.99763584749106,2.460994705826685,564.0
45.34375,2.384427575422603,4.374178754959394,2.1918459794590515,29.942662580700762,0.8550069133546966,30.125556532636683,2.5212999750565883,564.0
45.354166666666664,2.2474061486068733,4.361003214472387,2.271235625061149,29.550768328352525,0.8625725502543532,34.54954848213845,2.5850033362583815,564.0
45.36458333333333,1.9468704485244728,4.1971223171647285,2.2453327713638447,29.175943308544063,0.8765470921799144,41.18839211373773,2.8600579494428353,564.0
45.375,1.675121151904142,3.9729164428529007,2.0714356335633815,28.92216575465366,0.9000345944995914,47.069842436293776,2.8573726424975097,564.0
45.385416666666664,1.5152159135555505,3.7822504997800537,1.8353665295921726,28.86278498877923,0.9340585077019802,50.56317857041052,2.8580351972329985,564.0
45.39583333333333,1.3640139679663184,3.5640609316910408,1.5536791871496272,29.015487040094644,0.97870898213874,61.65632932813769,2.910270337465899,564.0
45.40625,1.256133757352399,3.358149776850982,1.261305825752152,29.35134274615734,1.0301885546644944,74.43657114265248,2.9683776551211096,564.0
45.416666666666664,1.1610105658525072,3.1612577598077274,1.0083232602009857,29.825094938543792,1.0857506216649482,84.59483361153171,3.0247561582519915,564.0
45.42708333333333,1.119405975215042,3.008244971677453,0.8096344817692663,30.354372955171222,1.139003978941776,88.26703401755378,3.062911382022567,564.0
45.4375,1.0816183502721752,2.859664903387898,0.6620166685689021,30.895153459623867,1.1879022197327587,91.09682194542746,3.2594603610213824,564.0
45.447916666666664,1.0329201988579906,2.7130845935229306,0.5545484693901372,31.412413631172857,1.2305652362027881,94.38589882019467,3.257813109036257,564.0
45.45833333333333,1.0405179776815754,2.6217565137423264,0.4814837045576014,31.85253754845119,1.2636812604496694,92.96694486819578,3.2554803667297953,564.0
45.46875,1.053018491643133,2.5457158116352647,0.42975526983011164,32.20532205404822,1.287705525530762,90.88210083318955,3.2539700820834936,564.0
45.479166666666664,1.0349818839605232,2.4558552829637335,0.3894146054173429,32.47558795526463,1.304089059410228,91.25968681254656,3.2536897952336923,564.0
45.48958333333333,1.0601383254182368,2.4103447343396227,0.35694894436636065,32.64499580734775,1.3130528037715998,83.29294294149436,3.25124939362252,564.0
45.5,1.0638194240273955,2.349362685099541,0.33104546601065665,32.74079507286532,1.3173185790076911,78.36837494941204,3.251260020382833,564.0
45.510416666666664,1.0399879174176023,2.2709511804169624,0.3086527180305155,32.773851673764455,1.3181947584247748,76.30082782468747,3.2525668981843228,564.0
45.52083333333333,1.0490064415120732,2.214015763821129,0.2905966812682027,32.74736913830828,1.3163824955054433,73.70923021922087,3.0472612055069748,564.0
45.53125,1.0713585081518389,2.1706810728620987,0.2773775256508428,32.66263078081222,1.3122976604063776,72.84977590301014,3.0346696744247095,564.0
45.541666666666664,1.0783747968115958,2.131801992772554,0.26658284242963354,32.52063737116488,1.306276492529303,71.71403708634838,3.0243843891548825,564.0
45.55208333333333,1.1232722364814214,2.116992330552701,0.25978322451882685,32.31906162316155,1.2985084992249034,71.59097325583727,3.0189880971506198,564.0
45.5625,1.1736366776142984,2.1169828354783373,0.2553136806553666,32.06259749351332,1.2894863031405133,70.56955188043459,3.012937449581654,564.0
45.572916666666664,1.1976099509270917,2.112597756074955,0.25218864795292645,31.75192650277338,1.2795743918400047,69.9977102674242,3.0083283750768595,564.0
45.58333333333333,1.2354865838123115,2.118316015097825,0.2503331253407448,31.394374455498347,1.2693373126801901,68.94499848721948,3.0026823315344977,564.0
45.59375,1.2722901584790327,2.1289361495538697,0.25011894142252533,30.990933934384525,1.2590736437184855,68.57650619805901,2.998956135268519,564.0
45.604166666666664,1.2945969050738437,2.1393093770037015,0.2506741329373295,30.548511100066907,1.2491457986354266,68.20689320269027,2.99598251084586,564.0
45.61458333333333,1.3431965057823696,2.1626933875461503,0.2532508267780436,30.06381449835506,1.2396050025914673,69.11139304611875,2.997800967013022,564.0
45.625,1.4031164094208153,2.1989041776608462,0.2575119900621644,29.546308344901135,1.2307223370558138,69.9058014378334,3.0013554669770097,564.0
45.635416666666664,1.4470717465332847,2.235801249495706,0.26269511652985345,29.00538695021251,1.2227127137109575,70.30980745410544,3.0044143013114395,564.0
45.64583333333333,1.4853964476714656,2.272296931058292,0.2692573854844321,28.43473220396683,1.215583454565691,71.97420811064461,3.01161954171103,564.0
45.65625,1.5089636526041985,2.3087162399323056,0.27624050381973553,27.848705537686318,1.209627478379738,72.88165038936359,3.0181460822320285,564.0
45.666666666666664,1.530482224998499,2.34715988811304,0.28421720756166696,27.252720343268493,1.2049663333842848,73.556895003958,3.0235683207555737,564.0
45.67708333333333,1.5200812637362324,2.372614540280291,0.290694924543685,26.66253127934017,1.201713498770168,72.78147949855915,3.023533719930008,564.0
45.6875,1.4850632722352959,2.3851490359509318,0.29648446506455534,26.07674470331183,1.1997811395513165,72.13796625987887,3.021304154734077,564.0
45.697916666666664,1.4678520632470917,2.4014774143605573,0.3027813256082685,25.495884107438663,1.1990767984431956,71.8889409383087,3.019399194589265,564.0
45.70833333333333,1.3960724259966786,2.393299564444681,0.3057580950129191,24.93595351132197,1.1994990487504305,70.64301239288012,3.0140821480598388,564.0
45.71875,1.3208038414527699,2.376775259038417,0.3075388632704045,24.400765939333716,1.200944666159433,69.71801604189747,3.0082779597881504,564.0
45.729166666666664,1.2797314352495694,2.369845187539373,0.3096634797151194,23.90120099420857,1.203377017865852,69.09009636969058,3.003183543814701,564.0
45.73958333333333,1.2451342792461497,2.359378350364044,0.3102260177970042,23.455795117723305,1.2067983019237627,68.4413376791423,2.9983189934191325,564.0
45.75,1.221082845395473,2.3467499752008845,0.3094662422344066,23.083893791307105,1.2112320207011027,67.90224641583933,2.9940125099458577,564.0
45.760416666666664,1.2064651684567742,2.335454349524206,0.30811682099429344,22.804868292769626,1.216637932921125,67.43207071945754,2.990271756663912,564.0
45.77083333333333,1.1918937132556826,2.3176944748790156,0.30598386742463596,22.63225143278829,1.2229672172332893,68.30364543254265,2.9915728864756055,564.0
45.78125,1.1824184048730202,2.2996906387190768,0.3030541667460824,22.58290393516213,1.2298719418218167,69.55357643327679,2.996436444481089,564.0
45.791666666666664,1.1770800003081607,2.285669170144787,0.2997742075718481,22.662139369804752,1.2367517068563683,70.14522496348388,3.0007351420913464,564.0
45.80208333333333,1.1760979840131738,2.270196928528527,0.29671498881578195,22.86691067338332,1.2431786415211359,71.8521090708904,3.008760071346712,564.0
45.8125,1.1852928108576806,2.2612093431816813,0.29260275705552957,23.17315649662888,1.2484539353424209,71.3487472747593,3.010990980613575,564.0
45.822916666666664,1.1827587798742856,2.244644203812055,0.2885372233589366,23.562980258415415,1.2524070065051225,71.5947653714685,3.0132318053831257,564.0
45.83333333333333,1.1979033706047695,2.2363496859669665,0.28313317162361756,23.989813666776907,1.2547854425486105,68.61833176185853,3.00440510506014,564.0
45.84375,1.2039678211605436,2.218814536331907,0.27716255603637757,24.433953197826852,1.2557504929584404,65.56522083618309,2.9901455024937817,564.0
45.854166666666664,1.1933366989286747,2.1885799792572738,0.2709886728706099,24.89213295085063,1.255378641987501,64.08422282220737,2.978635093880279,564.0
45.86458333333333,1.1903608009427258,2.1671910594904684,0.26242166662301963,25.301327532425685,1.2538738375488,56.98604317702723,2.9470105992991757,564.0
45.875,1.1653778038681524,2.1284623738077215,0.25408749812079684,25.67866642035748,1.2513768760254733,50.87137113204829,2.9105702422951576,564.0
45.885416666666664,1.1304535569198582,2.077497027025405,0.2460132045354982,26.041568408785974,1.2477292159512643,46.32265801896545,2.8798016939845135,564.0
45.89583333333333,1.1115824044893252,2.037264841759359,0.23754259128655608,26.363551784953113,1.2431662748034733,39.3681184848547,2.8420292420086453,564.0
45.90625,1.0947459171402718,1.9966954250227462,0.23053841208556244,26.663154257635583,1.2374591824406393,33.64689097414983,2.8349015134334903,564.0
45.916666666666664,1.07636237443069,1.957394359451405,0.22432784069618358,26.944814556821466,1.2304352253790551,31.768341223236895,2.8357057224969626,564.0
45.92708333333333,1.080800153993833,1.9343561345550195,0.21914244138836372,27.198143961123233,1.2223710090829183,30.405791295986266,2.8359570788792863,564.0
45.9375,1.0891237062098362,1.9184602178582937,0.21481786235616068,27.42134274402755,1.213547414813468,28.85373734510575,2.8362440452807953,564.0
45.947916666666664,1.0837043971172742,1.8970100247136255,0.21143771996168748,27.628974067654838,1.2035242488750735,28.02389429064568,2.838021840116815,564.0
45.95833333333333,1.092063698347837,1.887665594348544,0.20754732223736314,27.79754943691896,1.193747577425988,26.000978457419947,2.838373680738592,564.0
45.96875,1.0875340548018944,1.869992296209683,0.20443962719593262,27.94491968214383,1.1836249225356303,24.36256675458335,2.582205963449261,564.0
45.979166666666664,1.0745112488970292,1.8460455846880715,0.2015424904670278,28.078729164476385,1.1727041840766006,23.317889076722416,2.5386475781339586,564.0
45.98958333333333,1.07299634228509,1.830194835799673,0.1988391972604097,28.193209743175544,1.1615006763973992,22.187346649163196,2.494486072485488,564.0
46.0,1.0737338218022703,1.8181565546571905,0.19690030979766832,28.292259842155573,1.1497331067036343,21.0981019625364,2.45355481445478,564.0
46.010416666666664,1.0726432140948716,1.808849443886552,0.1954847737090255,28.376828446687338,1.1372775497477505,19.964681497724122,2.427167881487473,564.0
46.02083333333333,1.0829506540061236,1.809753938313569,0.19497510644403396,28.446345847449493,1.1242250764749486,18.852272170153352,2.4270400461501698,564.0
46.03125,1.0993643868429108,1.8192620530113093,0.19549119167761508,28.50169532090496,1.11046091993256,18.13984791667588,2.4276060875154117,564.0
46.041666666666664,1.1150725052062995,1.8343166120982073,0.19671892584293035,28.54288772188767,1.0960942726237137,17.74933571537972,2.4280953452921117,564.0
46.05208333333333,1.1432329710608757,1.8609514237018105,0.19930625341221708,28.57079349899736,1.0810035203593644,17.58392446630744,2.4287368846751387,564.0
46.0625,1.1810835135670508,1.8990992429928666,0.20310033324238494,28.58556467879036,1.0654368461958867,17.51625841010724,2.4291573022068063,564.0
46.072916666666664,1.2169205043172062,1.9424842477910003,0.2078758455354064,28.58789045097493,1.049509315786005,17.490886519079172,2.4295386948321855,564.0
46.08333333333333,1.2684641449258387,1.997984455357002,0.21421337441019242,28.578328172891304,1.0333277681908222,17.48772715915076,2.42991253660624,564.0
46.09375,1.328027080261908,2.0629640790848884,0.22215992857081845,28.557065456677453,1.0169402847468072,17.51228288234096,2.4303428396466913,564.0
46.104166666666664,1.3847486766854482,2.132293143572812,0.23133688846581765,28.524291446658427,1.0006081410664467,17.536121835630073,2.4306359991536732,564.0
46.11458333333333,1.4542406760477886,2.21205782281358,0.24315201113883655,28.478092422416637,0.9838920565502625,17.663098488331155,2.4314410556510118,564.0
46.125,1.5349287762938075,2.3042106679426397,0.2574148070901421,28.417975962639346,0.9672572613884317,17.82792271276357,2.431878566490282,564.0
46.135416666666664,1.6149097958953904,2.4027729444093358,0.27396686335458553,28.34429598798239,0.9511849653282008,17.9454433739263,2.4319624838528484,564.0
46.14583333333333,1.7046287307597814,2.5119233267695504,0.2934083772072524,28.25944516004323,0.9362776385241758,17.91712422770975,2.4315787346558606,564.0
46.15625,1.7934451283055242,2.6249813225725744,0.31584641986059575,28.16538846957657,0.922737621011128,17.744486700404117,2.4311114107719654,564.0
46.166666666666664,1.8747885586489261,2.7343047855172498,0.3422382129031762,28.058175483772132,0.9099761027898179,17.604906063870672,2.4314138367951172,564.0
46.17708333333333,1.9606199935772681,2.8491571709357197,0.3702569440922513,27.94845809991595,0.899060514171966,17.284470675738387,2.4304853634027515,564.0
46.1875,2.040344399208084,2.9603791437136153,0.40329013332152547,27.83239992200422,0.889279454784516,16.94645207638819,2.430518816657984,564.0
46.197916666666664,2.1171616398554742,3.066957953356027,0.441542657832281,27.705260652363464,0.8801544093950522,16.710036683458235,2.431284350419135,564.0
46.20833333333333,2.2016263323800227,3.1790307932762447,0.4824887957017296,27.57868269297792,0.8723479263410259,16.4059168351478,2.4310731323358192,564.0
46.21875,2.282277644810663,3.2884154227442464,0.5310099424137777,27.447401366819648,0.8653051978298243,16.13298233108333,2.20364881157234,564.0
46.229166666666664,2.362451124818202,3.394728798538911,0.5870398147177266,27.307524727541107,0.8587328639420085,15.944426668931184,2.1892874145498147,564.0
46.23958333333333,2.443519981343402,3.5025344944397694,0.6501533714305207,27.162364980281115,0.8527150752165941,15.796877890570368,2.1746117861101664,564.0
46.25,2.524913938581323,3.6104722695217317,0.7229989263718783,27.01022448062465,0.8470990541439016,15.696427050707692,2.160874264092712,564.0
46.260416666666664,2.6101203561646957,3.7185227023104144,0.8052763013419899,26.85141658004919,0.8418277381908553,15.631821103915366,2.1480047666860216,564.0
46.27083333333333,2.677799593338092,3.8189264441781514,0.9035574001339949,26.670638679181856,0.8363908845893206,15.712283095698796,2.1429561809808306,564.0
46.28125,2.741941322403782,3.918815784777969,1.01351305893889,26.46692908022456,0.8307956930730622,15.930327461539544,2.144664386017202,564.0
46.291666666666664,2.825912886601428,4.028081775243845,1.1285661263165123,26.25807390559584,0.8254680041028095,16.12440990421536,2.144968822919437,564.0
46.30208333333333,2.8533193625293043,4.1145321846348635,1.2688046595394877,26.00710546435122,0.8194129208349367,16.595906713734404,2.16080536679548,564.0
46.3125,2.8237444461528645,4.185781510045428,1.4049776775204619,25.73164083078076,0.8129971383639395,17.242466475935412,2.1819922038085533,564.0
46.322916666666664,2.8384884715790517,4.2705182137459525,1.5375685415101155,25.45737831099926,0.8066918971743519,17.771940943883674,2.198563026386146,564.0
46.33333333333333,2.5915945001908125,4.2593899568809945,1.6636096159882705,25.142264466578368,0.7994412340744181,18.71429398165084,2.442354726951854,564.0
46.34375,2.288090455748478,4.212690218266716,1.749890075428838,24.81608613357099,0.7919298829484954,19.871676787517842,2.4417444427565163,564.0
46.354166666666664,2.128899362800841,4.202256005734903,1.8163550626759426,24.516185044919208,0.7851837433828692,20.69542217969667,2.4400113905058967,564.0
46.36458333333333,1.7560184304077504,4.048074115777509,1.8178084128654661,24.217114886694567,0.7791210920679128,22.330638516766328,2.442196081433207,564.0
46.375,1.4106302428964987,3.839836040191732,1.7036463381629097,23.99923219356788,0.7764285221983078,24.129416246277938,2.442553135545539,564.0
46.385416666666664,1.2142884333818027,3.665782279154703,1.53403334743488,23.928951848356583,0.7792933983060286,25.193304533338132,2.4492216815572787,564.0
46.39583333333333,1.0172913492158973,3.444734189390996,1.31726356989193,24.04967789724284,0.7894448961531044,27.139413779477213,2.4889595494633743,564.0
46.40625,0.8978326437505911,3.238670832166175,1.0815064521194944,24.38364377550839,0.8070718568055721,29.830227962137535,2.5316246240122884,564.0
46.416666666666664,0.8106579408752262,3.044939106717857,0.8735460260753093,24.927749904977677,0.8315960011725111,32.23897611551571,2.5744111386784754,564.0
46.42708333333333,0.7779926186167112,2.886520582827244,0.7080074366783123,25.629018943890184,0.8603675526762045,33.34825055249203,2.607857978589904,564.0
46.4375,0.7595937464527657,2.7392402527110735,0.5831724872965962,26.44177673190294,0.8913077107884902,33.78170718721002,2.634109172852845,564.0
46.447916666666664,0.7262067706654837,2.588557685945632,0.4906094740244309,27.341794368391415,0.9231458499695295,34.40435926419569,2.8499753918149766,564.0
46.45833333333333,0.7471315331380349,2.4929026303667756,0.42605507919561786,28.22621268786224,0.9520570566674242,33.71938003280098,2.847218128864059,564.0
46.46875,0.7690972844505874,2.407131380424768,0.3796288181253089,29.079541455690297,0.9775933708350204,32.95853828176783,2.8457140634322498,564.0
46.479166666666664,0.7615987192712228,2.309288983278257,0.3430591047288981,29.90578555304896,0.9998380487821417,32.831036877305216,2.8452989106560405,564.0
46.48958333333333,0.7987664181051077,2.2549649003121717,0.31482988978590815,30.61147215251401,1.0165761895957703,31.192104399345432,2.8433371238396434,564.0
46.5,0.8246882450497859,2.1962425371221332,0.29290657117884733,31.232295295896833,1.0292189048353282,29.821449697108186,2.843146401697873,564.0
46.510416666666664,0.8202285587618737,2.122471130582273,0.2741662962856589,31.792428101610174,1.0385221341112936,29.220478666002183,2.8441293651658706,564.0
46.52083333333333,0.8459786282073531,2.073485470470393,0.25808724546568523,32.24777747256707,1.0441468173732589,27.782788097479973,2.610296542241244,564.0
46.53125,0.8614211574911357,2.0206494713709007,0.24484611776705337,32.62941863496288,1.0469936673252667,26.56546717349976,2.5839016362803315,564.0
46.541666666666664,0.8543418167680358,1.9590980676315894,0.2331877389197352,32.95294949156266,1.0474123078785866,25.8385325614954,2.5610384400900523,564.0
46.55208333333333,0.8665047436173162,1.9128266125545432,0.22268735099339754,33.201050889657616,1.0457101868840881,24.64100423200401,2.531424381281649,564.0
46.5625,0.8707129484433167,1.8662901342582456,0.21370418649296813,33.3890562920653,1.0422974808884642,23.386644485338344,2.4996672030620677,564.0
46.572916666666664,0.8580384188943616,1.81361994476764,0.20583355119862098,33.53006792151738,1.037212657609928,22.42013983576709,2.471678582852267,564.0
46.58333333333333,0.8531417055150705,1.7711104826107105,0.19823978963506875,33.61746728214407,1.0312271831622482,21.000645023918477,2.4356636933434803,564.0
46.59375,0.8368173862883828,1.7234932527832694,0.19171185762191015,33.66615550605626,1.0242131382638875,19.577643519049502,2.426485239992315,564.0
46.604166666666664,0.8152127185471263,1.67447838700859,0.18581541488647046,33.67986285076993,1.016058583589362,18.53475573851126,2.426835416519045,564.0
46.61458333333333,0.7974653376387849,1.6274721420916953,0.18051211226679714,33.65829739290917,1.0065199568265546,18.018976357373827,2.427715996147138,564.0
46.625,0.7863491862319101,1.588348213424487,0.17596800112377184,33.59991606142221,0.9956018756629846,17.848516567887245,2.428458080864858,564.0
46.635416666666664,0.7770954995425361,1.557575818074686,0.17218264432387603,33.50646366471902,0.9835913947501024,17.80125691150786,2.428754046168925,564.0
46.64583333333333,0.7677808898294411,1.5308487055853766,0.16908733145843183,33.3779565666758,0.9703810519734013,17.843769663539835,2.4292263567755157,564.0
46.65625,0.7554447876391794,1.5088443901411253,0.16650750373654594,33.219147614959276,0.95634280509596,17.876504228035728,2.4293319651640823,564.0
46.666666666666664,0.7439995486366872,1.4907655332980811,0.16450226477513977,33.0323751739499,0.9415492029970095,17.903838947431755,2.429503379085111,564.0
46.67708333333333,0.7200971491173448,1.4702743654998773,0.16258740089501453,32.822472774375576,0.9262775813095457,17.906790757643645,2.4295475592445595,564.0
46.6875,0.688366528061246,1.4478990296158674,0.16083208458353185,32.59136719225793,0.9105892888781272,17.916273009036768,2.429707972120417,564.0
46.697916666666664,0.6661100912071003,1.4298051043655735,0.15935833958017306,32.343058734483385,0.894702781051602,17.93087777309257,2.429824089943684,564.0
46.70833333333333,0.6227062327581415,1.4033010293678823,0.15764732552875316,32.08003792268401,0.8787330552235572,17.965641531366938,2.4300013290466462,564.0
46.71875,0.5776065157602964,1.3736615928777136,0.1559019693487917,31.801606511586453,0.8626116213750773,18.071842927028754,2.4304077470371728,564.0
46.729166666666664,0.5503512388368225,1.3515668301316404,0.15431960661623173,31.51899517835578,0.8469306299685102,18.16213229185031,2.4303978716439976,564.0
46.73958333333333,0.5125514617422032,1.3169184189145975,0.15291702319586137,31.197457720195054,0.8297615674806185,18.724796033421832,2.432537730695836,564.0
46.75,0.49061935737478113,1.2933625823565469,0.15161575971810975,30.86730560437654,0.8126681843133853,19.504145888029974,2.4333475987104536,564.0
46.760416666666664,0.4830843498372492,1.2847514040431367,0.15075470550000858,30.5635108265245,0.797168964055617,20.043567381919722,2.4328649916497707,564.0
46.77083333333333,0.4757713278225218,1.273707976398538,0.15044485622747372,30.278168340127397,0.7824546019088691,20.774895408157647,2.4339616782348794,564.0
46.78125,0.47805753178507965,1.272895839248883,0.15036373019271956,30.04578486633671,0.7698201140962657,21.39793665542633,2.433909607059045,564.0
46.791666666666664,0.48218401383603227,1.2764568300391477,0.15051547007012708,29.881384849842227,0.7596754622219742,21.7700678587111,2.4386402942802405,564.0
46.80208333333333,0.48730397096481887,1.2782205879195425,0.15086925929298733,29.785869307323953,0.7517528824086042,22.554699246722006,2.458030802805466,564.0
46.8125,0.4963000604298861,1.2838541585497034,0.15125594408135482,29.763689063067922,0.7462572113813364,23.883293172906562,2.480658588643453,564.0
46.822916666666664,0.5032357754088149,1.289232852880663,0.15163058129711782,29.80876427468645,0.7430361276502533,25.277944823356684,2.503345531506258,564.0
46.83333333333333,0.5144709290381968,1.2963590638102134,0.15210526719743722,29.91177207997196,0.7418298719260755,26.530254196824842,2.5262494922551015,564.0
46.84375,0.5281297133228392,1.305521264515774,0.15262133976712464,30.06068392190854,0.7423853842137783,27.48776652733397,2.5475338615373304,564.0
46.854166666666664,0.5369614963825817,1.3117590705367022,0.15305042959068274,30.2444404885937,0.7444402749433108,28.2565036271646,2.5677484347724406,564.0
46.86458333333333,0.5565961171927158,1.3241236949395683,0.15354898176210413,30.447881517979674,0.7476846096112478,28.596362355433616,2.583274964525998,564.0
46.875,0.5770182535845124,1.3360814346302967,0.15408161036153808,30.662500658757086,0.751896660400694,28.771621024489818,2.5959171643298995,564.0
46.885416666666664,0.5889697977481163,1.342458004509016,0.1544510756465019,30.882883392835424,0.7569545200361354,29.02095222609435,2.6079366494371192,564.0
46.89583333333333,0.6153787062270537,1.3574368608162652,0.15474595557275764,31.09061293931306,0.7624095900571808,28.537797431818362,2.610354271771847,564.0
46.90625,0.6399329497079786,1.369345650506593,0.15500912569635744,31.284762519461193,0.7681908013154435,27.913002445983533,2.607669314066237,564.0
46.916666666666664,0.6519022151983465,1.372330257051397,0.15507844332665902,31.468443735217647,0.7744029545739752,27.659399869294848,2.6057527701641074,564.0
46.92708333333333,0.6772060970480012,1.3831062860224275,0.15489167565490058,31.62581023767703,0.7804665069441094,26.663881126086782,2.592695779204792,564.0
46.9375,0.6974578310538709,1.38945395174252,0.1546202731758408,31.760705546256318,0.7863944406831376,25.524881341147236,2.5736391109614787,564.0
46.947916666666664,0.7043104132458287,1.3862546261501887,0.15422810352736374,31.88079793647814,0.7924543270194959,24.86994632498359,2.556836298758536,564.0
46.95833333333333,0.720764379859778,1.3900404144382614,0.1533636940004953,31.973409031698328,0.7978378063317316,23.440068425604803,2.5262932364061914,564.0
46.96875,0.728373004519903,1.3866643948370831,0.1525584148969536,32.0486472434779,0.8028705079094456,22.086133868795475,2.4927417279775588,564.0
46.979166666666664,0.7269692139137005,1.3761598882931803,0.1516636757847785,32.11210617948251,0.8077990252967078,21.09225623562384,2.462416521047999,564.0
46.98958333333333,0.7371456228318594,1.3735489983634348,0.15054944115884855,32.15870640389395,0.8120352260031904,19.74871228996525,2.425812732465287,564.0
47.0,0.7439635289831514,1.3690296413326182,0.14970233612193973,32.19436094297213,0.8158541924316173,18.415923477958714,2.423486755726775,564.0
47.010416666666664,0.7445577939560319,1.3614642415099738,0.14897164317197567,32.22202958190908,0.8194286273170397,17.482811086722005,2.4239599423946254,564.0
47.02083333333333,0.7557390821596669,1.3619099380359196,0.1483635949806057,32.24081928231306,0.822468271825579,16.783839910675233,2.4235804104050276,564.0
47.03125,0.7682293570673647,1.365137849627591,0.1482313555153235,32.253171208730265,0.8251447553755777,16.324285167353636,2.423972755388181,564.0
47.041666666666664,0.7773049849280622,1.3698814627314038,0.14838908433962927,32.259893690835405,0.8274824261130588,16.055632730415528,2.424667558962794,564.0
47.05208333333333,0.7984907241878916,1.3842347306955878,0.14903033022043724,32.26137231518646,0.8293793117555203,15.861722368974368,2.4249749217846137,564.0
47.0625,0.823917225885989,1.4053510328648684,0.1502658615027981,32.25836172901324,0.8308584517739711,15.721031964409335,2.4254867149639106,564.0
47.072916666666664,0.8455872181684014,1.4294573305955651,0.15199326866919874,32.25121169624758,0.8319414976266508,15.643337900512712,2.4263258317318486,564.0
47.08333333333333,0.8778141271110198,1.4632220798058362,0.15428323662244617,32.24071163664248,0.8325870925669765,15.557329774055583,2.426717418382454,564.0
47.09375,0.9132450158936548,1.5032193956392588,0.15728443544934725,32.22711521252935,0.8328378745709571,15.483628599582568,2.4275052105965575,564.0
47.104166666666664,0.9458126319655626,1.546427766627873,0.16087698002996315,32.21030655248728,0.8327056906831104,15.443490373914136,2.201494905453677,564.0
47.11458333333333,0.9886368753689707,1.5993235260747471,0.16507144134222296,32.19158958048714,0.832230806083738,15.373214967170366,2.185120581014037,564.0
47.125,1.034464541459226,1.6581021516998053,0.17013682995508045,32.17072415668837,0.8314488527259223,15.304360817969226,2.168346469722301,564.0
47.135416666666664,1.0785171969135603,1.7200428634366884,0.17598952917822433,32.14715274694057,0.8303579220690194,15.263305249648578,2.1527406601417467,564.0
47.14583333333333,1.1321961992730498,1.7910221325334181,0.1827188426022951,32.12183736513278,0.8290251439022092,15.219826504146281,2.135700171282365,564.0
47.15625,1.1907539211315483,1.8689350111174676,0.19069014728471256,32.09411069810001,0.8274404785412672,15.193252547324564,2.119308268888192,564.0
47.166666666666664,1.2505479859065751,1.952004530805265,0.19983634572931808,32.063783466634035,0.8256117029543224,15.183491599442737,2.103723471881836,564.0
47.17708333333333,1.320499389400013,2.04452260859469,0.21053382239885363,32.031278116819614,0.823584061597955,15.178230358252286,2.088045751049091,564.0
47.1875,1.397442666055957,2.145429153714779,0.22303292508293643,31.996930408152938,0.8213989225481627,15.170805571316604,2.0719451638612254,564.0
47.197916666666664,1.4757823149946416,2.2509924716214536,0.23757768220305,31.96023054779647,0.8190417607517555,15.168428274083382,2.0566099962848585,564.0
47.20833333333333,1.5626106224355716,2.364796842040682,0.25426009444027536,31.923139302830926,0.8166546042547876,15.147735649569652,2.0399730036514185,564.0
47.21875,1.6531792842765156,2.48324594529405,0.2740030779123986,31.884614608229644,0.8141838675513505,15.126282568883672,2.040870299869791,564.0
47.229166666666664,1.7453412837794549,2.604174693728561,0.29693440690515566,31.844356057329193,0.8116221522004318,15.111363617459947,2.0428489853629332,564.0
47.23958333333333,1.846352413061931,2.730242567539846,0.3246773248237672,31.800348617160694,0.8088551100395447,15.123237763188973,2.0450449615793933,564.0
47.25,1.9590633263827517,2.864467996168496,0.3579081839786219,31.753179808584093,0.8059367181590454,15.155971692022588,2.0467779398800405,564.0
47.260416666666664,2.076264647750329,3.004394140486697,0.3972632103172656,31.704665170540522,0.8029944734972381,15.194693737374374,2.0479986486521855,564.0
47.27083333333333,2.194286062668711,3.1469022360986534,0.4471976500755251,31.65068013891779,0.7998007313213361,15.2653342784464,2.0496325911835562,564.0
47.28125,2.313640298242619,3.294344893457662,0.507741529598354,31.59308553008438,0.7964986454360262,15.35196286002542,2.050314262561032,564.0
47.291666666666664,2.437999305335809,3.445975839930299,0.5799693557233873,31.53500100384677,0.7932935723410433,15.428796598535635,2.050261276688792,564.0
47.30208333333333,2.5315410405770344,3.5875112260089614,0.6720356818459314,31.469692599881157,0.7898631939753578,15.547698851337845,2.0509578164987396,564.0
47.3125,2.5817933452716724,3.7164242793692184,0.7814403488054765,31.396716492713026,0.7862855483987962,15.724268264768591,2.050683604880508,564.0
47.322916666666664,2.659374195073993,3.853903478864866,0.9020149826573451,31.32517538252071,0.7830906271352523,15.876296743848636,2.0486001514592918,564.0
47.33333333333333,2.551991011026063,3.9264385046515455,1.0492096119471361,31.23694353394538,0.7796682354161043,16.230599237630727,2.0745071236855424,564.0
47.34375,2.39467162673221,3.975589979320085,1.1886214487629005,31.14422389170151,0.7768397509140945,16.803931241101004,2.1166995189639546,564.0
47.354166666666664,2.337542060365703,4.049769996727478,1.3225406674201272,31.061238732319143,0.7751942054287609,17.45230693328502,2.1524385261497416,564.0
47.36458333333333,2.0553940410982223,3.994166398689666,1.4357467769686443,30.976109500997563,0.7749315777157523,18.89543149810472,2.216600667888328,564.0
47.375,1.7617723968269645,3.8801785711900187,1.454944384183149,30.921631228850014,0.7771783576623958,20.877157212140588,2.4440501902635945,564.0
47.385416666666664,1.5997056743784774,3.789978070788153,1.4139943689103,30.925423061484523,0.7822278876856741,22.365946121366214,2.441243826312986,564.0
47.39583333333333,1.3978620392142278,3.635104676479867,1.318452341856701,31.011863630482924,0.7909224162275873,23.844756545547064,2.4411541838139335,564.0
47.40625,1.2761565725048774,3.4897565649746403,1.1766162366521529,31.193963463967652,0.8029259278701542,24.725025133665113,2.443341116286158,564.0
47.416666666666664,1.1873820812332065,3.3515813148525124,1.030291901561084,31.473309718567506,0.8180670121025027,25.708828357504853,2.4735342079125657,564.0
47.42708333333333,1.1570559562897387,3.236894325384715,0.8933413276083043,31.82759888291602,0.8352725898304082,27.242036469605857,2.506552337850628,564.0
47.4375,1.139886216328658,3.1289816412080316,0.7734251760336327,32.232023052872066,0.8536275189051119,28.410768594218542,2.5341524103878794,564.0
47.447916666666664,1.0998550865203747,3.01162162724555,0.6741394444064295,32.68051508379449,0.8730380724310195,29.507585689187817,2.561794674100425,564.0
47.45833333333333,1.1201023785291402,2.9421382004850596,0.5960908717778859,33.10940660134577,0.8909127816529804,29.03365897029719,2.5713402500714913,564.0
47.46875,1.132292039614515,2.8730853776086467,0.5381986404939785,33.5225825724145,0.9075486347472228,28.340939345073693,2.5737030702391537,564.0
47.479166666666664,1.114374085219264,2.791812426429404,0.4913116509473626,33.926809423208425,0.9232123545702751,28.12879267938844,2.5767024424173064,564.0
47.48958333333333,1.1459406892953818,2.7443531955590954,0.4533902239267111,34.283437559489954,0.9364069393916635,27.177076283918243,2.567879475636849,564.0
47.5,1.1747040479249609,2.7001926914036165,0.42494017974019827,34.60427115132688,0.9476113553769866,26.30293946037478,2.555865133037575,564.0
47.510416666666664,1.175761074080585,2.6481550858927743,0.40140655144568815,34.89573914130248,0.957029262771583,25.811074101769858,2.545462675524484,564.0
47.52083333333333,1.220020349164093,2.6258766881712776,0.38144150881735966,35.13054522152783,0.963858470031949,24.573121552847248,2.522962482257579,564.0
47.53125,1.2560382164699602,2.604505977062287,0.3665161920494265,35.32350389840373,0.9687174602717469,23.273500777062367,2.4960347896097725,564.0
47.541666666666664,1.2617024105656813,2.5715023866301063,0.3542445199237632,35.48726549134162,0.9720063844181964,22.329787926951155,2.472016305285085,564.0
47.55208333333333,1.294432838698153,2.557381708386293,0.34250127203150793,35.60818219626287,0.9736068529881351,20.947885817203726,2.4383900141840487,564.0
47.5625,1.319005335842879,2.541140122345437,0.333940535700371,35.70010612565792,0.9739450946667618,19.534309623215837,2.4257049182018062,564.0
47.572916666666664,1.3239610590399256,2.518720311910617,0.3268418813010475,35.76833005217118,0.9731286326721181,18.462123907619215,2.4259997669250546,564.0
47.58333333333333,1.3558608292813354,2.511564088696508,0.32036262811782645,35.81028694545614,0.9713527055691528,17.636199212973498,2.425438350513097,564.0
47.59375,1.3865920764585435,2.507453708072243,0.3161972004785122,35.831319510586646,0.9687143939220848,17.07180172893666,2.425578415868819,564.0
47.604166666666664,1.4020368360785946,2.5014644010423464,0.31338647207296927,35.8331979396278,0.9651945808798609,16.740168435342685,2.42617725975022,564.0
47.61458333333333,1.4322723208324093,2.5052296009209645,0.31115883254881693,35.81746468058896,0.961048339544923,16.46417743591861,2.4261530956459425,564.0
47.625,1.4604914545641656,2.5119494870129797,0.3105789551920803,35.78580320861742,0.9562578444477183,16.25829243875689,2.4265764492665585,564.0
47.635416666666664,1.4783668611000065,2.5186221228965566,0.31111326744989076,35.73843874253886,0.9507765772943295,16.1365927954731,2.427294494247988,564.0
47.64583333333333,1.4963222361705304,2.5283507765379882,0.3123450749522243,35.6761693802075,0.9446747570851206,16.067074632399446,2.4279480830363553,564.0
47.65625,1.50795146070544,2.5404157011201494,0.31490732089360474,35.59803748119294,0.9378664177304558,16.060414228469707,2.4288318177379122,564.0
47.666666666666664,1.5209142946067062,2.558137941301929,0.31858325548729705,35.50524183873104,0.9304767100119746,16.076842292186335,2.429508716442477,564.0
47.67708333333333,1.519689805129181,2.5744690476283547,0.3236878071245467,35.39390651922772,0.9222467957133735,16.16395860265804,2.430591389834678,564.0
47.6875,1.5106651292184332,2.5931667537180827,0.3299157154785515,35.263475778114724,0.913219707108935,16.303565720034324,2.4314637907318772,564.0
47.697916666666664,1.5142380465836547,2.6206659989596384,0.33730864683709194,35.11801447807929,0.9037370661947496,16.421703244723023,2.431805035119306,564.0
47.70833333333333,1.47702015242906,2.633227787695435,0.345609690171935,34.946038129980394,0.8931557283302705,16.643681592190873,2.4329345016885062,564.0
47.71875,1.4328009678302918,2.6424543044187665,0.35329243945568933,34.749773868064224,0.8817714440492755,16.927412824364293,2.4334778998944184,564.0
47.729166666666664,1.414310868561913,2.6611793590577015,0.36096515098095094,34.53878144845552,0.8702392468235152,17.149013160964756,2.4332558526948045,564.0
47.73958333333333,1.3609293104345517,2.6551814800289955,0.3695985969441132,34.281082996033106,0.8570272642922422,17.6637086373498,2.4348704688186595,564.0
47.75,1.3221511500227308,2.650679313343248,0.37525577935530535,33.99330893656606,0.8432910720438201,18.318274462847118,2.435110031935259,564.0
47.760416666666664,1.3110902883181907,2.658968542513368,0.37971792159307327,33.6999259589706,0.8303069355920331,18.803407999606776,2.4342517297373822,564.0
47.77083333333333,1.2700756904637112,2.6406268043885475,0.38628515285011134,33.359954332683934,0.8165052100778349,19.792060661902248,2.4361863263644628,564.0
47.78125,1.2552233322514021,2.6345366251777604,0.3911291338260236,33.00973341218829,0.8037553224730514,21.03862262958512,2.4367871251294018,564.0
47.791666666666664,1.2674446289732808,2.6504853355511964,0.39585479304553883,32.69313456007517,0.793785906175154,21.857388536832644,2.4358187393031057,564.0
47.80208333333333,1.2684678474737943,2.6526410949729446,0.406587625282231,32.38348710031459,0.7861592252619125,23.33815134054777,2.4474234922557736,564.0
47.8125,1.3085054836067982,2.682195544047547,0.41803124755438636,32.122463161078606,0.7826952497229547,25.67536571296382,2.4889575310939254,564.0
47.822916666666664,1.3531053074315638,2.723816195900285,0.43080076140035334,31.91710101286711,0.783869037984094,28.642689775455818,2.535489445030888,564.0
47.83333333333333,1.4133576811075264,2.7650223489041017,0.44935444506461325,31.740702326113247,0.7900985772656535,32.40047653817236,2.5952921041635864,564.0
47.84375,1.4981319189653428,2.8236194047404557,0.46812171167552297,31.583732493020786,0.8012031095307174,35.10617614942097,2.8512810286646753,564.0
47.854166666666664,1.5603263667316416,2.874880224161337,0.48706552774481,31.424071687727455,0.8166518156278595,36.949744995961595,2.848017980282171,564.0
47.86458333333333,1.6550628777088816,2.9431348720261457,0.5027539985863068,31.26010321002507,0.8340986560204491,36.33926474249676,2.844045048957352,564.0
47.875,1.7295220582874664,2.9961647755365712,0.5184461883534102,31.082330830745445,0.8528646933373728,35.48419769948415,2.8417769889337148,564.0
47.885416666666664,1.7675499500161387,3.024969181419232,0.5323943786988443,30.882142133654032,0.872989351215196,35.50508947007237,2.8410871073670747,564.0
47.89583333333333,1.8434274040773484,3.0722399156453144,0.5392763157249876,30.686241084468406,0.8915270742703899,33.46078867634715,2.838291867812617,564.0
47.90625,1.904476842724429,3.1075741844196005,0.5477831095126351,30.49101004002428,0.9089484588296617,31.76246847664802,2.8372755008396147,564.0
47.916666666666664,1.9337711539417048,3.1236999451779663,0.5558567325207506,30.29035481446244,0.9258718912887203,31.14253615181935,2.8377365542247457,564.0
47.92708333333333,1.9988859319402006,3.1591894864741796,0.5580628826569997,30.112351769710926,0.9401272326725307,29.072624145031714,2.8362619154477087,564.0
47.9375,2.050569199888236,3.1875176846527147,0.5634273126204467,29.94997869651111,0.9525476581389668,27.24199287697046,2.836554572278568,564.0
47.947916666666664,2.075101839554555,3.2010479591937173,0.5703244212818659,29.794306835899512,0.9639417899532725,26.31415334284701,2.8386326206621444,564.0
47.95833333333333,2.1260302986923088,3.23169885836211,0.5718997227122791,29.66680689724532,0.9728863254545895,24.436523483965566,2.5905097345441765,564.0
47.96875,2.1635002628544333,3.256145730079879,0.5784001184219929,29.555895582787784,0.9803569688184961,22.802951722020484,2.5421261655110334,564.0
47.979166666666664,2.1832991518938654,3.2710438355820024,0.5868537165977723,29.454754987595564,0.986876626228143,21.704719040827044,2.498622622530084,564.0
47.98958333333333,2.224991996149229,3.300128838622618,0.5918824824195599,29.374669283729354,0.9917914387250294,20.212874597299244,2.4471428562530306,564.0
48.0,2.2599098919052403,3.327008053470542,0.6018054046213416,29.30782990208863,0.9956671269612969,18.727466520708553,2.4235775752706217,564.0
48.010416666666664,2.283345440722226,3.3483856146178366,0.6140288603209039,29.25038078235862,0.9987556906203603,17.550932219216715,2.423992236667151,564.0
48.02083333333333,2.319449921275991,3.377708617573537,0.6266080753587518,29.204807340186903,1.000941540781091,16.71942791880339,2.424204392589077,564.0
48.03125,2.3562875785502224,3.4090815698845613,0.6441843007722899,29.168619185386483,1.0023532637455999,16.241670366791205,2.425184369521483,564.0
48.041666666666664,2.3920246180377256,3.4432730943070013,0.6634450292212594,29.14284428683758,1.0029293618959156,15.97919530220364,2.426040412321391,564.0
48.05208333333333,2.4375472420501154,3.484318717280975,0.6897487787397012,29.127361382904272,1.0026088359079444,15.918376913927743,2.4274223053272754,564.0
48.0625,2.492173967061903,3.5346595477028506,0.7224564231427357,29.12373626130914,1.001244022519746,16.000686825182335,2.428719295182179,564.0
48.072916666666664,2.5496604223347163,3.592636901840872,0.7591032455140203,29.132664877613113,0.9988106102890536,16.09807610365246,2.4293672765794185,564.0
48.08333333333333,2.612340200274623,3.6567535297799614,0.8120633097996789,29.156225698992575,0.9948962539936995,16.3732257087012,2.43118504064905,564.0
48.09375,2.6937470772548147,3.7380384565016795,0.873411786159249,29.193829051540813,0.9895642922589922,16.670848046298104,2.431803112771848,564.0
48.104166666666664,2.7765958624587173,3.8267479201292423,0.9448366939865946,29.242730772548136,0.9829696646871178,16.891250127587046,2.4319496775674097,564.0
48.11458333333333,2.8717715066955054,3.926305654938634,1.0253893269692491,29.296761196444187,0.975663589297652,16.908294423148387,2.431385096689182,564.0
48.125,2.9641356190675974,4.026030768641184,1.1183798972664982,29.353216031412998,0.9677575631864018,16.808981897620146,2.4312594102665,564.0
48.135416666666664,3.0446165226072535,4.118190031848089,1.2206622219176357,29.411232025897423,0.959119915436579,16.718483636261546,2.4317434260848105,564.0
48.14583333333333,3.134107255410518,4.214660064445307,1.3225221673061751,29.46394137460885,0.9505805136998571,16.519424856461047,2.4313658804981335,564.0
48.15625,3.217438277237749,4.306951189652797,1.4319728817387347,29.511652616026957,0.9419866432530078,16.30103783205462,2.2043255148685996,564.0
48.166666666666664,3.2908252045722484,4.391413174274991,1.5457588357050263,29.554837393200316,0.933091816833566,16.14149348569702,2.1931106169095744,564.0
48.17708333333333,3.3727102823673594,4.479809285740427,1.6541080717180225,29.589267773904552,0.924731086626002,15.924312858034769,2.176764631704818,564.0
48.1875,3.4485776255269576,4.563939049374094,1.766638532861816,29.616714211140348,0.9166073809739951,15.713590613516395,2.1593334967327125,564.0
48.197916666666664,3.5153746773177588,4.640501108024548,1.880625795267003,29.638259216569626,0.9083914606829997,15.562106261671557,2.143503231972402,564.0
48.20833333333333,3.589018529106715,4.7196101038798215,1.9860224642699897,29.652476604392376,0.9008386937160174,15.378304932181615,2.1227290618107677,564.0
48.21875,3.6545572401886757,4.792660023771153,2.093510831636216,29.66122173410308,0.8934532422358464,15.224049783294191,2.1019775203641857,564.0
48.229166666666664,3.7133585885888256,4.859210009147725,2.198371283851203,29.66498758980831,0.8860362640199716,15.114924168203167,2.082519076862823,564.0
48.23958333333333,3.7690181551158455,4.921935585472145,2.3046826642732254,29.663717733267408,0.8781285137644572,15.079563163944265,2.0679798779360867,564.0
48.25,3.829363266574796,4.986661618805029,2.4095594310354262,29.656955582132056,0.8698190335923673,15.08974092213541,2.056957127831199,564.0
48.260416666666664,3.8925495676570576,5.053463886070329,2.5106694923573585,29.64519493987434,0.861461462072871,15.099479458184476,2.046083987154352,564.0
48.27083333333333,3.9471448366988926,5.116943920071066,2.6179823383885843,29.627928396581062,0.8524726172879805,15.142457639018874,2.0418880235633123,564.0
48.28125,4.002367423772149,5.181656860622153,2.722975544359102,29.606293823078943,0.8432009540201365,15.182277219869482,2.042721267465351,564.0
48.291666666666664,4.059273793375431,5.245684965627657,2.8247335244069305,29.581865519533547,0.8338452938189808,15.207575492571689,2.04329603093474,564.0
48.30208333333333,4.08643138184752,5.296786177465783,2.927625903692444,29.55396613612732,0.8236826408422504,15.276128254884219,2.0443226574774296,564.0
48.3125,4.073285491482088,5.330454050946496,3.0241757325164302,29.52297756712728,0.8122585623309043,15.425629492383734,2.049706515765013,564.0
48.322916666666664,4.0903181888096,5.370988857873014,3.1042881060603937,29.49452997325301,0.8007839365708822,15.565839244818847,2.0568227608774943,564.0
48.33333333333333,3.9072747725750623,5.340335589038974,3.1784958942972557,29.466195204364546,0.7863246550062577,15.99036630855348,2.0889011918149034,564.0
48.34375,3.6716907926127234,5.285896773956777,3.2153054014018037,29.4507106650869,0.7705195253189453,16.711632505280303,2.1284293763349442,564.0
48.354166666666664,3.5395099622744928,5.260557441493284,3.233721579037923,29.45952616646007,0.7554268727977337,17.482327293384742,2.160383531368024,564.0
48.36458333333333,3.181319938420073,5.112356426596183,3.2027929311224073,29.515835277979573,0.738619084767573,18.942651956737578,2.215262677750922,564.0
48.375,2.8022453560880836,4.9083007916246,3.0656849722486736,29.652264679882226,0.7239142783709548,20.761236984133767,2.444860392415024,564.0
48.385416666666664,2.5525588127657963,4.732890919341722,2.8711761275607537,29.886149100936287,0.7145963577989651,22.07702498166083,2.4422335875514616,564.0
48.39583333333333,2.259686948288539,4.499396924625786,2.6199853236466346,30.268014211816947,0.7121154620966899,23.499142496363678,2.4423264289416484,564.0
48.40625,2.05267651927766,4.281282120126896,2.3238210782556212,30.79831349065822,0.7185950743859847,24.496294928394118,2.441215670979867,564.0
48.416666666666664,1.8956109482864651,4.086888703559018,2.0276172560277694,31.47031029002247,0.7341026278529196,25.09119894001584,2.451993294084335,564.0
48.42708333333333,1.810964524139101,3.920042708497089,1.7498127575481537,32.260562041376446,0.7575465602111247,26.221073807233154,2.481046275517304,564.0
48.4375,1.7592018539867111,3.775869189609927,1.4973119512360864,33.11742324334043,0.7865020193664604,27.62547246769024,2.508054114381622,564.0
48.447916666666664,1.6857442982152246,3.631563406905491,1.279664177234685,34.031076851847764,0.8198595948979736,29.053382442132726,2.5356122837123967,564.0
48.45833333333333,1.6890031635191918,3.5412111381666525,1.1035351449649258,34.89444983068673,0.8529870090045711,29.037944708803785,2.5474108247816485,564.0
48.46875,1.6964554421775053,3.46305656507935,0.9698923333705125,35.70250004932821,0.8850668529107755,28.445899004783534,2.5499221541435304,564.0
48.479166666666664,1.6643707491777753,3.372085821386,0.8643248967290961,36.47990925896089,0.9167541977570434,28.271318323420584,2.5531470336405846,564.0
48.48958333333333,1.7106599713407848,3.3365212639278488,0.7757265693780939,37.098269407125706,0.9424876457769815,26.301155483198286,2.530338783942136,564.0
48.5,1.733369773639534,3.291905113283804,0.711737230639658,37.624584487693234,0.9647525115630893,24.376500400797664,2.4997154614727775,564.0
48.510416666666664,1.7118902527867004,3.2258069640050557,0.6592946831035186,38.10640492278223,0.9854222760976132,23.126588523603843,2.472767366161376,564.0
48.52083333333333,1.7242629125892657,3.1777681190220775,0.6120729788831116,38.5132287634636,1.003068386343703,21.718083233401714,2.4406866439504533,564.0
48.53125,1.7338337439240294,3.1285810182397507,0.576526227709805,38.879893132975056,1.0190768086022826,20.47545330602113,2.4289763839976843,564.0
48.541666666666664,1.7307146496670014,3.0832597033534626,0.5459149645503483,39.1970759522882,1.0329192710141892,19.498345452033778,2.4291785282872427,564.0
48.55208333333333,1.7634268516991936,3.0544737794351797,0.5244008572452161,39.47162301749237,1.044760496523268,19.06490937081321,2.4300302562658636,564.0
48.5625,1.814017186407896,3.046607070413075,0.5088401418381413,39.68950801687791,1.0538809883683469,18.808986753022506,2.429997462637945,564.0
48.572916666666664,1.8410488091307573,3.0399719837497585,0.4991308639102248,39.85679508613246,1.0604793360147589,18.672830181102906,2.430252415801579,564.0
48.58333333333333,1.8840089858206348,3.0458355460154203,0.49218153530036046,39.97087070765155,1.0644848450338529,18.448116944517185,2.4298000657089864,564.0
48.59375,1.9199121878313878,3.053271278157842,0.48964241692208726,40.04037906251831,1.0663218172563054,18.241790030361038,2.4298608334673117,564.0
48.604166666666664,1.9393954554196804,3.0583101611209766,0.48937905712935503,40.0688357215725,1.0662233287848915,18.11487564537437,2.4301693986284816,564.0
48.61458333333333,1.9696310638727088,3.0694147382847414,0.49035590544875773,40.05837136786843,1.0644248305760156,17.997520622481627,2.430219783752048,564.0
48.625,2.000667450004411,3.0846128924223777,0.49409272774894597,40.01181013316428,1.0611654958687007,17.9102426084307,2.4304454607855406,564.0
48.635416666666664,2.023604849725175,3.1010621973258603,0.4998845573877511,39.9311842611356,1.056653140855469,17.860801646794908,2.430732427314336,564.0
48.64583333333333,2.0481514763978295,3.119944981455475,0.5082981498959084,39.816289897866284,1.0509774044433344,17.89882623481353,2.4312865128387946,564.0
48.65625,2.0744327413263153,3.145613468404652,0.5200947146221462,39.66791629558195,1.0442778990318518,18.006909225519692,2.431779499782079,564.0
48.666666666666664,2.103636638553892,3.179148491860241,0.5348429543056139,39.49127239801207,1.0368490646262876,18.09247828349198,2.431893896114581,564.0
48.67708333333333,2.1252816100940057,3.214126570477259,0.5545569384793215,39.28335286314952,1.0286072735713792,18.249409938427366,2.4324536426917547,564.0
48.6875,2.139924594903387,3.2543749504109405,0.5769575279880622,39.05311953510208,1.0199312485323386,18.364649107070353,2.432451799803158,564.0
48.697916666666664,2.1611209192011356,3.299543267354898,0.6037625651679032,38.80429921892787,1.0109591870157573,18.43336066991966,2.4324524506787824,564.0
48.70833333333333,2.1339449148486818,3.328995248096296,0.6289831744794203,38.54284063884132,1.0019025203792058,18.440998193697727,2.4323244816559373,564.0
48.71875,2.0881205703365526,3.346450342841082,0.6534306204331984,38.266882533694684,0.9927084774554333,18.478065792651236,2.432538356981302,564.0
48.729166666666664,2.066515264092057,3.3673266527190395,0.6767568471402582,37.98308896373123,0.9836220292642273,18.507952015258073,2.432538269597537,564.0
48.73958333333333,2.0220495781123438,3.3664067446915125,0.7002689686865059,37.666951717792884,0.9739355300577793,18.89499261869434,2.4340734064350706,564.0
48.75,1.9957183642504641,3.365741869528181,0.7157719012552367,37.337073274592186,0.9643339643832408,19.432743744151274,2.434643996584764,564.0
48.760416666666664,1.9919530458512065,3.3740135263396733,0.7265121756170747,37.01699744469076,0.9555570904145229,19.799059352813796,2.4342682885304923,564.0
48.77083333333333,1.9740389174239439,3.36484381558886,0.7392014432244453,36.6875250885561,0.9471734192681687,20.491895392341412,2.4356813880680286,564.0
48.78125,1.9716172174662474,3.360592022903363,0.7451784950639526,36.37871320221188,0.9400886626857663,21.248613176261436,2.4360828987204712,564.0
48.791666666666664,1.980310657848117,3.36515924727221,0.7481108665752423,36.115571962095,0.9349139608708156,21.706718223802774,2.4355905648257075,564.0
48.80208333333333,1.981654221376917,3.36035332708728,0.7549036998481201,35.89310434718348,0.931590627240756,22.372168250238506,2.4369395347255134,564.0
48.8125,1.9974298612469696,3.365878537302569,0.755840901647041,35.733296706589414,0.9304258518330695,22.853378845538113,2.4472129000326985,564.0
48.822916666666664,2.0063470333356648,3.369164141403829,0.7572538238298774,35.63294489405256,0.9311453062153071,23.63808210196618,2.4631880551641485,564.0
48.83333333333333,2.015053481950885,3.372687971874322,0.7543300136813149,35.58742108304628,0.9332874626873284,24.365420949280395,2.4750101241918325,564.0
48.84375,2.0139893989436417,3.368097124447952,0.7498556522194901,35.58555865374978,0.93638090925994,24.927784616014826,2.484751289203209,564.0
48.854166666666664,2.0066030164001254,3.357100200754205,0.743289639063257,35.61845401278651,0.9400131831491063,25.43664139622332,2.4941976779753787,564.0
48.86458333333333,2.006137194812421,3.3487067893148623,0.7345957671926135,35.67679698514967,0.9437124629617837,25.73550978709255,2.5008915901591693,564.0
48.875,2.0075243287138633,3.341303784902005,0.726631777889299,35.752191678210245,0.9471380524113483,25.915253654789197,2.5059526923437896,564.0
48.885416666666664,2.0050365428084533,3.332395105137582,0.7192217239318195,35.837557876411964,0.9500363167094245,26.097183209641077,2.510716190564716,564.0
48.89583333333333,2.027158889032747,3.3381878462003676,0.7112599068688409,35.92154353733591,0.9521212031173935,25.707583410770816,2.507248903490396,564.0
48.90625,2.0514301884266963,3.345916687747041,0.7070771966156711,35.99977448376383,0.9534193147547937,25.08344022810408,2.4990615606988147,564.0
48.916666666666664,2.0599980761516528,3.3454496061575507,0.7050600332960788,36.070657438919916,0.9539838967950028,24.65363386376975,2.4918389500335776,564.0
48.92708333333333,2.0955215426047644,3.361025456353796,0.700514584004082,36.12609096245062,0.9538553602754254,23.656213589610005,2.4744960376691356,564.0
48.9375,2.1278203569694765,3.376241802450433,0.699725576011538,36.16674779976224,0.9531775926636686,22.433997436960627,2.4518596949286517,564.0
48.947916666666664,2.140074786903986,3.380518587599822,0.7016890641765312,36.193873299152195,0.9519776706838723,21.352763275024806,2.4317129727738744,564.0
48.95833333333333,2.178631722939161,3.4021014837738153,0.6986783644153796,36.20513014294358,0.9504854564201958,19.841066621787338,2.4278434754011817,564.0
48.96875,2.2060121426906236,3.418464881466913,0.7013189206298598,36.20375719419564,0.9487105936834167,18.633457623328567,2.427317563315615,564.0
48.979166666666664,2.2169568429280817,3.4251081838371125,0.7060952501583339,36.190063110867484,0.946563244461235,17.926475651558054,2.427866679839,564.0
48.98958333333333,2.2522943977094965,3.448071474370645,0.7064279882955959,36.167456469584195,0.9443485133013583,17.210974765569247,2.4266229974833413,564.0
49.0,2.2802373424426428,3.4686944039895917,0.7130956838780573,36.13703562288655,0.9419666061827071,16.616410655294764,2.4265790944765944,564.0
49.010416666666664,2.295924638581398,3.4826387240249796,0.7227838949182496,36.09761727809768,0.9392621895304656,16.240710610400775,2.427523798659886,564.0
49.02083333333333,2.326342822032694,3.5058073110439105,0.7318187636691023,36.05229710472308,0.9363914776100346,15.921256907683933,2.4277951506469404,564.0
49.03125,2.356397984486126,3.529407112365519,0.7465831424457713,35.99889480753238,0.9331621624931141,15.727461556495841,2.4290286473191327,564.0
49.041666666666664,2.384314891299552,3.554171381441412,0.7625917204286152,35.93775625409236,0.9295545425157588,15.621139479107145,2.430291934275286,564.0
49.05208333333333,2.426674100616237,3.5869079607694454,0.7833288633238834,35.86868452014114,0.9255142871838209,15.581464828324277,2.2022840787538254,564.0
49.0625,2.479016679532941,3.628530474549872,0.8069670869515437,35.79478063182764,0.9211819634777597,15.53121834236859,2.1873574730020495,564.0
49.072916666666664,2.523067939553635,3.6692461771257507,0.8356023051887718,35.71448861065745,0.9164322561576689,15.50228258502915,2.1735831485455344,564.0
49.08333333333333,2.5800050569627624,3.7196845494074693,0.865074970281,35.63498500455774,0.9116697325753843,15.39401304466384,2.1552930719661645,564.0
49.09375,2.6310844458243023,3.7684814331079033,0.9015976336710249,35.55271689917569,0.9066734658005329,15.286679649431278,2.1371971972391224,564.0
49.104166666666664,2.6744819457271674,3.8134915708291834,0.9407560605960709,35.46629845222247,0.9013502967056138,15.210556338764482,2.120381294472616,564.0
49.11458333333333,2.7198715925299055,3.8592824140877395,0.9857169518120223,35.37221358909521,0.8954712601371824,15.201241343670626,2.107392930605013,564.0
49.125,2.7720501111022933,3.9103015093370432,1.034857919702316,35.27119653738671,0.8890686142084188,15.2369616714235,2.097169477502551,564.0
49.135416666666664,2.82626501373376,3.965400871522636,1.0864715497462691,35.16664119885533,0.8823522730882839,15.272287605073682,2.0872192984465916,564.0
49.14583333333333,2.887925670986905,4.026838253373049,1.1462227775878286,35.05835077246742,0.8753123563766847,15.303034244776242,2.0781316762434416,564.0
49.15625,2.954931444550824,4.094238053591677,1.2112878298907501,34.95002995553865,0.8682008932869766,15.298075973960367,2.0674838611430473,564.0
49.166666666666664,3.015473553656098,4.159289858459837,1.2828496092442456,34.83923771067737,0.8608753701087969,15.282908698104276,2.057510952408572,564.0
49.17708333333333,3.0799203645751643,4.22776523014131,1.3556985278059113,34.73159670836262,0.8537312549274468,15.222247451367055,2.044312756885411,564.0
49.1875,3.138117279601889,4.2929013366662705,1.4345657336568425,34.622768097801796,0.8465075323679356,15.15515606832711,2.0415830294647916,564.0
49.197916666666664,3.1924238882153375,4.354146150196064,1.5143144963930621,34.51179012951096,0.8391687095617408,15.092869857930934,2.0430217765806655,564.0
49.20833333333333,3.2443860656363928,4.41445962488817,1.5946578360416956,34.3990006462078,0.8317672244780796,15.043054541343677,2.044377870666772,564.0
49.21875,3.2961680402590585,4.474390824776447,1.6756563149299342,34.28449541302298,0.8243381813232957,15.009576342451894,2.0456760321128153,564.0
49.229166666666664,3.3469810968983666,4.532101203569488,1.7565580217078285,34.167483270465155,0.8168564454565308,14.994785827311315,2.046991871785034,564.0
49.23958333333333,3.39726555800871,4.590765586510326,1.835039913084874,34.05232220958305,0.809615729101008,14.975048366079136,2.048028605544385,564.0
49.25,3.4444747725285243,4.647472056148149,1.914683989251652,33.93730301190607,0.8025123723137341,14.958134703992648,2.0494465960449717,564.0
49.260416666666664,3.4898068206767183,4.700467916140819,1.994191819439547,33.82005109492334,0.7954039278521952,14.95412512724516,2.051153973604841,564.0
49.27083333333333,3.503923988894501,4.739933378685885,2.079758466602025,33.68482656752455,0.7873658615592883,15.025464428816708,2.0535274729400532,564.0
49.28125,3.5046141765530945,4.774769773138102,2.165715836508812,33.527200043550046,0.7781937880028925,15.18952911870317,2.0546266297383013,564.0
49.291666666666664,3.536959510119982,4.82437227650315,2.2428215502506763,33.36738016384699,0.7690824328808227,15.348641021786454,2.0532689028416002,564.0
49.30208333333333,3.488778350483459,4.845362947728862,2.3435159402085355,33.16317576783193,0.7576672341521256,15.714971004267992,2.053891550896679,564.0
49.3125,3.4040156099985346,4.863887842455641,2.4324921966597115,32.93939530950014,0.745393420154942,16.19207873419709,2.0654747915662655,564.0
49.322916666666664,3.378227639656157,4.904789526308919,2.5186643710252845,32.71905488592077,0.7335223016603694,16.618294811602905,2.087935312428237,564.0
49.33333333333333,3.0974946604488798,4.85543456601259,2.5956285526479084,32.46885659039335,0.720337071017296,17.38992680508108,2.1312498331786642,564.0
49.34375,2.7587008217510656,4.7723203167110775,2.63269101425445,32.212563454602474,0.7073109946036841,18.512484766934595,2.178799332013024,564.0
49.354166666666664,2.568983427852956,4.729268350196621,2.6523592654069312,31.98059667016406,0.6962339547440979,19.526196866467014,2.2165087568063617,564.0
49.36458333333333,2.1211412006235877,4.521541860000885,2.59343357803395,31.74690070231937,0.6864226007512845,21.443401774890944,2.4466363637239614,564.0
49.375,1.6973594585284917,4.255311174570422,2.4010469135973422,31.582317370122688,0.6819075258913129,23.664466599532027,2.445801013177077,564.0
49.385416666666664,1.4481430188220714,4.036630213825928,2.1493401072525717,31.544288178086326,0.6853277898942152,25.06357744974432,2.443880234297201,564.0
49.39583333333333,1.1973825179263768,3.7691727502925647,1.8438095438118707,31.671815626509165,0.69856887900988,26.429856584029913,2.4552263142811785,564.0
49.40625,1.044468754853106,3.5304593858866062,1.5163716932678841,31.982965999251796,0.7215019332234219,28.285707224224392,2.4946060174224747,564.0
49.416666666666664,0.9340178164974232,3.314066292765031,1.219187925321284,32.47095995456132,0.7531115381277448,31.057247636800444,2.5405464240776836,564.0
49.42708333333333,0.8929290091645539,3.1442875315279806,0.9753254919276216,33.08291719999614,0.7899428156859799,32.80126757399716,2.578489717649812,564.0
49.4375,0.8764224538341386,2.996002779880588,0.7879373054742843,33.7678815656911,0.829187165769687,33.502895865472624,2.6075766071504733,564.0
49.447916666666664,0.8376495094491133,2.841047053159482,0.6483461470172003,34.504159338606236,0.8698293190743394,34.31858169720658,2.6358177934631897,564.0
49.45833333333333,0.8756464508012227,2.756109463705124,0.5525254575581987,35.188956414396834,0.9065322060884787,33.37602193833923,2.8497046304514995,564.0
49.46875,0.9081643321754233,2.6724080960027576,0.4844509002944375,35.82407607581741,0.9397740941318309,32.531054347711105,2.8481886813736694,564.0
49.479166666666664,0.901437607463244,2.5712773975049155,0.43082484251126546,36.41050861607471,0.969860735613728,32.35935314041826,2.847791167690025,564.0
49.48958333333333,0.9442124290785253,2.5085509581792045,0.390361548457606,36.902876165507806,0.9947311231442305,31.43712622382162,2.846619503241253,564.0
49.5,0.9833492482124112,2.449456850223841,0.3597316914442805,37.31290128316574,1.015249691563734,30.70845426674024,2.637483742338567,564.0
49.510416666666664,0.9878513105518935,2.3798721994690557,0.3343405698514223,37.64472686048969,1.0318610672885424,30.40268010090729,2.631454414266477,564.0
49.52083333333333,1.028305216728584,2.332918448582011,0.3145227408621276,37.89060150347546,1.0444157852311333,30.00828814476069,2.6239930570829455,564.0
49.53125,1.070793852347533,2.2940478219089586,0.29937689125491485,38.05459871343891,1.053370326542166,29.86095436949638,2.618960157533627,564.0
49.541666666666664,1.086532921902787,2.253268231551735,0.28663496200626876,38.134691687989815,1.0588878646245157,29.764569256487533,2.6150343885842213,564.0
49.55208333333333,1.1332138793508557,2.2302646426842836,0.27727267955098955,38.13070733442091,1.061253853274373,29.761826132669853,2.6129441473344737,564.0
49.5625,1.1855747402808718,2.220633676158406,0.2701191268377665,38.04560575466808,1.0607927694343726,29.386894151347928,2.607509146285613,564.0
49.572916666666664,1.2077111487182053,2.2046281982216174,0.26457663731490866,37.88095908390311,1.0578960612897665,29.187304758019994,2.603470996440086,564.0
49.58333333333333,1.2502209747733637,2.2022652925454302,0.2596864702813319,37.65228276523658,1.0531668010827522,28.33856510590982,2.5914971532505144,564.0
49.59375,1.283750221217074,2.1982983129575424,0.25643639055202805,37.358671271566145,1.0468450683799735,27.693761164008613,2.5795308796860055,564.0
49.604166666666664,1.2977841314310072,2.1899222748672793,0.25384137469298945,36.999124007000674,1.039084382009583,27.314613659848675,2.5691529053793034,564.0
49.61458333333333,1.3314725105767886,2.1893646712409036,0.2525252365849382,36.56669466691588,1.0298756121905617,27.29704710163928,2.5632222170454892,564.0
49.625,1.3737558547351905,2.1987276405677547,0.25242655227719585,36.06564820763246,1.0194303000755067,27.371607775924303,2.5598485275512433,564.0
49.635416666666664,1.4031411967362357,2.2109996204489377,0.2531428966197086,35.506548266907735,1.0080689396072244,27.35123366609182,2.556956578251641,564.0
49.64583333333333,1.4298656241718681,2.227827460703885,0.2534593257119541,34.93324896644044,0.9967380133079389,26.58418507773544,2.5453723264783488,564.0
49.65625,1.4316129782353026,2.2377122160370964,0.25383338304604,34.35864671764402,0.9857002077683278,25.461018003878976,2.5268695999666217,564.0
49.666666666666664,1.4232916261313429,2.2403445115663936,0.2550456814847544,33.756184560934635,0.9744595953293715,24.727197275390044,2.51065900681881,564.0
49.67708333333333,1.3894245670899061,2.2374068988140148,0.25387444838598316,33.19555976701298,0.9642899512080036,23.3270337802787,2.4823417780307935,564.0
49.6875,1.3255443809948448,2.218282949606967,0.2532835689991745,32.62756413499937,0.9542508727799809,22.176472576313493,2.4563505801164123,564.0
49.697916666666664,1.2812441237128163,2.202811801728837,0.25275787059282695,32.053008360395715,0.9443360033398254,21.144674214517984,2.4327954667919105,564.0
49.70833333333333,1.1933119225898634,2.172225688834992,0.2512513737703868,31.472304926750702,0.9345216517207553,20.14561355225561,2.429113889246886,564.0
49.71875,1.1055481749108629,2.1400614015819643,0.2495874946036878,30.888726605303876,0.9248267675019443,19.49044300570038,2.4295908457512927,564.0
49.729166666666664,1.053737224646761,2.1210370759217785,0.24844167938543965,30.319238441216235,0.9154961041711761,19.150749250388085,2.429811930149088,564.0
49.73958333333333,0.9987844970751928,2.0930787793888053,0.24760640538633524,29.730819849809006,0.9059794121347851,19.317329374765734,2.431314827703051,564.0
49.75,0.9651490754707039,2.070958362842114,0.24615892356238858,29.157161176120457,0.8968590213705804,19.699847645787777,2.432073668169254,564.0
49.760416666666664,0.9497300204350136,2.0586611264007355,0.24461716524849955,28.63252402383902,0.8887602465152555,19.967379606992253,2.4320123709359076,564.0
49.77083333333333,0.9225368094491032,2.0318308520060104,0.24343062815052893,28.122527814120623,0.8813337201339144,20.64874719994257,2.4338047917018253,564.0
49.78125,0.9026381669070443,2.0082235838032503,0.24142503121189185,27.66810935020764,0.8754895552067846,21.494195648383705,2.440134947104358,564.0
49.791666666666664,0.895653084960247,1.9957010625456726,0.23929731306645685,27.300649373931297,0.8719141890027965,22.341625520091092,2.453722270699017,564.0
49.80208333333333,0.8729620124507909,1.9692969566884133,0.23779373910035004,26.99617812786472,0.8707433476325441,24.27872341860754,2.482867365441833,564.0
49.8125,0.8649024196086892,1.9543712596874305,0.23568439913330205,26.778068591620247,0.8724235053916014,26.472927938986814,2.5129981039505305,564.0
49.822916666666664,0.8613802424003725,1.944097531161377,0.23381442768291547,26.635616217934654,0.8768249724272683,28.233645190311893,2.5417209979539392,564.0
49.83333333333333,0.8580285014908329,1.9325379057714778,0.23200764425540576,26.551146427832556,0.8837285695152823,29.660996948582756,2.5702662462030283,564.0
49.84375,0.8594133823284195,1.9232654216843474,0.2300234872213204,26.50872325048788,0.8926784409066606,30.607492018218835,2.5955870641257093,564.0
49.854166666666664,0.8577225906801754,1.9112025119923401,0.2279583427011407,26.49228426276339,0.9033279672476663,31.378567983880046,2.619421651281375,564.0
49.86458333333333,0.8708236784838127,1.909176928370625,0.225638749242278,26.48931961501856,0.9146764176696153,31.17921059297203,2.63247930585952,564.0
49.875,0.8808740993320348,1.9039362894665492,0.2235270998106926,26.49029528334114,0.9264854210567273,30.823830579503355,2.8455794512677612,564.0
49.885416666666664,0.8806910404095429,1.8906966503187541,0.2213264275275368,26.489605469742667,0.9387369277462057,30.83320847629773,2.8449323850793236,564.0
49.89583333333333,0.899398876899148,1.888969599264124,0.21915263278998254,26.48410858244224,0.9505850908981944,30.26108007167122,2.8437436915536445,564.0
49.90625,0.919987748885614,1.888068772634195,0.21766091896295453,26.47228281560712,0.9621052646846675,29.832097361422097,2.843417129563235,564.0
49.916666666666664,0.9298489808479734,1.8829644945987905,0.21629958371804286,26.453229784777033,0.9732432558914376,29.686119167341406,2.8434761341002677,564.0
49.92708333333333,0.9606422768094904,1.8910807537178917,0.21548148932697808,26.42758500740629,0.9834425976255645,29.15592784314007,2.8430793254512663,564.0
49.9375,0.9911268221740077,1.902180876246207,0.21527046267238797,26.3956923408293,0.9926347825564051,28.51603187840573,2.8430850814832977,564.0
49.947916666666664,1.0069141170479106,1.9075041231791279,0.21535917600578888,26.35672030538172,1.000943356142105,28.191804907037923,2.6201166772989213,564.0
49.95833333333333,1.0342130051509,1.922222958481645,0.21548584410258959,26.312887526534695,1.0078507424914345,27.31904940766598,2.60457325571236,564.0
49.96875,1.0559742398268959,1.9347992798838254,0.21626210833575965,26.26257429007588,1.0136055931136119,26.61703295784118,2.588765282531228,564.0
49.979166666666664,1.0685798829468887,1.9436540419751334,0.2171717006781957,26.204179796210695,1.0182188547549895,26.185168929477598,2.5746906298633956,564.0
49.98958333333333,1.1001429985250966,1.9627079877065585,0.2189768047734692,26.13642113539642,1.0215907259935317,25.87667987698969,2.562148166635538,564.0
50.0,1.1406157119269147,1.9898966625898251,0.2217502352634114,26.057547038070666,1.0236384967297276,25.654310879028852,2.551515522463972,564.0
50.010416666666664,1.1731778608497094,2.0185589010231766,0.22501258429307672,25.966366498948023,1.024289448454094,25.427595669314886,2.5418981838579358,564.0
50.02083333333333,1.2273813250583372,2.0607819974520485,0.22931962811257842,25.864305795530964,1.0235643818924005,24.950199531034723,2.5296789691935824,564.0
50.03125,1.2849076713988663,2.1082637331715137,0.23457509703782164,25.75132881236194,1.0215852440431434,24.329774036684185,2.5152724058466522,564.0
50.041666666666664,1.3277149509223594,2.1514373323484515,0.2405111499127939,25.624265377571625,1.0183926035162145,23.84568062948,2.5023000653429,564.0
50.05208333333333,1.3890181064208846,2.206155533398221,0.24684353743218793,25.491288963877565,1.014326861203483,22.982139365926102,2.482952435900446,564.0
50.0625,1.4480891051402476,2.2623860009751233,0.2540624493543532,25.353201353301344,1.0095746178106453,21.925116404618194,2.459435376438071,564.0
50.072916666666664,1.4920900589690762,2.312227925912544,0.2622796151198461,25.203859797558398,1.004008928867164,20.99145190696211,2.438108492755668,564.0
50.08333333333333,1.5501537613045244,2.3733089246700985,0.2699993073480994,25.06168742718592,0.9984065346449255,19.61757546375686,2.426025291239553,564.0
50.09375,1.6004518805220607,2.4317089916530605,0.2796847913893233,24.917525479414042,0.9924883832426207,18.45328338239458,2.425720940480382,564.0
50.104166666666664,1.6431995790598506,2.486780583112819,0.2905535530381231,24.766407909933378,0.9860684259127384,17.74043886595433,2.426195664368363,564.0
50.11458333333333,1.695134918670537,2.549326779644106,0.3035105878183587,24.607116748308858,0.9790855953092281,17.373482175945654,2.4268358625636393,564.0
50.125,1.7557057051622027,2.621477274423536,0.31919582520405215,24.439435867880437,0.9715085105978695,17.228595791038714,2.4274977484658007,564.0
50.135416666666664,1.8193241224326768,2.700858444890408,0.33743468831019,24.26655484329585,0.9634598411078558,17.17340107957626,2.427896398644825,564.0
50.14583333333333,1.8932106091935,2.7908767133100016,0.3601092411374103,24.08805842859468,0.9549050124671604,17.174036776186853,2.4283676781708965,564.0
50.15625,1.9750354429930803,2.8903754967000235,0.38736454274325105,23.906993441480303,0.945987205941689,17.173786625539503,2.428633104420371,564.0
50.166666666666664,2.0565310226516473,2.993213680639477,0.4196966186582043,23.723203621294388,0.936714076198263,17.176556658555956,2.4289653870003853,564.0
50.17708333333333,2.1461893224147706,3.1036789032839054,0.45858826839715433,23.538622093477347,0.9272164879801422,17.164553026043425,2.429192675391809,564.0
50.1875,2.2426744965658925,3.2200029701771675,0.5054836028310478,23.353165007358655,0.9175401322084191,17.148454142847655,2.429473536058869,564.0
50.197916666666664,2.3384881386953755,3.337449216702677,0.5607693458055887,23.166789174214326,0.907742806142864,17.138266312719832,2.429792070042252,564.0
50.20833333333333,2.4459776634605106,3.4611035040297558,0.6269470770428716,22.98055118154883,0.8979455767849119,17.126257070545382,2.430059752776628,564.0
50.21875,2.5583903751893535,3.5883065857093377,0.7048567184901322,22.796150812356718,0.8883013538559957,17.096328427936132,2.430241918929599,564.0
50.229166666666664,2.6656581556564842,3.7131800712982646,0.7952433679689898,22.61244126717904,0.8788061283413976,17.07280486324886,2.430565599108125,564.0
50.23958333333333,2.7759457416036373,3.8406686494689515,0.8931706728937973,22.441626531032764,0.870121761268523,16.914530504055563,2.430050448992167,564.0
50.25,2.876328036564419,3.9612904699337914,1.00322057442746,22.278840159199547,0.8620056497510679,16.7100548658565,2.4301078213195617,564.0
50.260416666666664,2.968141162016724,4.072834224375599,1.123552689042415,22.118266480842674,0.8541731136643911,16.558661156758326,2.4307710525091206,564.0
50.27083333333333,3.04442663112753,4.175827430287536,1.249341332229107,21.959606236112325,0.8466123859683027,16.47121336910711,2.431518162840443,564.0
50.28125,3.1047351499877123,4.268841643473211,1.3806334988596498,21.79819734430384,0.8390993002301083,16.495440443760938,2.4326365045652003,564.0
50.291666666666664,3.175039412735652,4.361866211091684,1.5096229493698463,21.641476168511225,0.8319579771415441,16.534293821793877,2.21606094707504,564.0
50.30208333333333,3.1938480282635062,4.432593630335941,1.6455144801558264,21.474327377590658,0.8244667140699043,16.7794247606919,2.4347599376120805,564.0
50.3125,3.1503263257194636,4.477832559941514,1.7725240658354207,21.297525164962728,0.8166064164803396,17.284452500575203,2.4361153530417656,564.0
50.322916666666664,3.1508311652680185,4.53493963548319,1.8817352189978316,21.133805508712534,0.8092836952304235,17.70456449678999,2.4355328257289504,564.0
50.33333333333333,2.9095640226995148,4.495500785272323,1.9826393386705732,20.95149720741602,0.80090968300719,18.82210788929803,2.438414539652192,564.0
50.34375,2.624884092658868,4.426378018985748,2.0304847741839285,20.787595170425917,0.7929373347925991,20.27348198444288,2.438885231149366,564.0
50.354166666666664,2.471497732129693,4.393868688829033,2.053072823723257,20.672023113393728,0.7867416332910225,21.263985370018545,2.43761910486096,564.0
50.36458333333333,2.0973044950280673,4.223175248073765,2.0098355772560867,20.61442444379117,0.7827555446079085,22.98324371081093,2.440199276788489,564.0
50.375,1.7196083412639134,3.992381626588389,1.851729421180193,20.668884471070605,0.7839558382607875,24.886555362536484,2.458216676603483,564.0
50.385416666666664,1.4898922575281426,3.7972349389645803,1.6433410206324406,20.867988494574924,0.7924248455763429,27.277209499613125,2.499865092962267,564.0
50.39583333333333,1.2425940146014427,3.5512848270901465,1.3927190761455297,21.25442196943651,0.8103798978503655,31.071676861291564,2.556734311812242,564.0
50.40625,1.08716093416566,3.3266866715262866,1.1300206878300512,21.829396460707795,0.8377380342852284,34.068216584066256,2.6116023365693644,564.0
50.416666666666664,0.9783058906202469,3.1239988321503547,0.9043881861454353,22.587483183638152,0.8736290776878526,36.207599725457236,2.8519387184496425,564.0
50.42708333333333,0.9325043806208915,2.956025167944868,0.7287288999494664,23.48707905584044,0.9152209856489258,37.3248067269372,2.8485755187523534,564.0
50.4375,0.9055248991564367,2.8004305307483075,0.5985942107767431,24.503656803650554,0.9604169589541642,38.32517480967671,2.846516033254781,564.0
50.447916666666664,0.8706348285186206,2.6539662254582024,0.5039782173152929,25.595456629510252,1.0063604836456712,39.2516103702091,2.8450406001564112,564.0
50.45833333333333,0.8938919647060015,2.554536883608018,0.44037585349512176,26.70334618806686,1.0497041994843082,39.79976996743972,2.843663119786321,564.0
50.46875,0.9325667165471916,2.4819947355366647,0.3961038125123345,27.773302594133707,1.0878063277618755,39.95091513682229,2.84236649739923,564.0
50.479166666666664,0.9387685879355411,2.4044416649009395,0.36219850408743015,28.784079913692494,1.1196424940425704,41.063267938228734,2.850447515556061,564.0
50.48958333333333,0.9908349013113124,2.367149877889591,0.336670581211003,29.646585861714307,1.1427749881810552,41.87855565387193,2.8556973249337507,564.0
50.5,1.031266247036587,2.3274682685072876,0.3170910616737174,30.38856558965635,1.158780571758006,42.131172104774926,2.857586473985525,564.0
50.510416666666664,1.0358869729077163,2.2724111842500734,0.3001961576691803,31.02864860739897,1.1686048614935596,42.750857352518416,2.8608048499381984,564.0
50.52083333333333,1.0775143170453159,2.239240169515604,0.28638442708598244,31.547320681966497,1.1725807594645563,42.34748048940153,2.8593019456774926,564.0
50.53125,1.1233949541918389,2.2122988684865166,0.27589152905208597,31.961417036859356,1.1715925874623592,42.09485962512637,2.8586716679522377,564.0
50.541666666666664,1.1423780398669656,2.181250926481709,0.2668211091038957,32.27142085216415,1.1662774575837778,42.04352877907967,2.8588157330554167,564.0
50.55208333333333,1.199164667091669,2.1707003769129516,0.260204775067104,32.47765300613579,1.157431746899181,41.73915944374996,2.8577678497594565,564.0
50.5625,1.2546258292426253,2.1686396722597716,0.25501782690412333,32.5850551032214,1.1461292880751366,40.28422663565449,2.8516565604891664,564.0
50.572916666666664,1.2770919488332113,2.1570020521338424,0.25101121089114836,32.60627086394605,1.1327342865479484,39.003757599759126,2.8469255452451407,564.0
50.58333333333333,1.309329027377814,2.1540293909534696,0.24655677488373184,32.55337242022582,1.1188766267871784,35.51363928322293,2.835185485442829,564.0
50.59375,1.327027272071008,2.1456020651847707,0.24299955581253752,32.44155775304961,1.1046727559282197,32.925849257492274,2.8343582416486686,564.0
50.604166666666664,1.3264297671089564,2.129526410199712,0.24010171111301223,32.27473619919911,1.0898454157068522,32.11930678224706,2.8348009676413786,564.0
50.61458333333333,1.335634429353128,2.1214800291325235,0.23585304678991417,32.083030042018585,1.0762205217274172,29.984583068167524,2.833266094722055,564.0
50.625,1.3309528662786652,2.1059461577730536,0.23243385626887134,31.868117386784377,1.0631035258954578,28.27722662201826,2.8333210712271266,564.0
50.635416666666664,1.3161688189342302,2.084215659918046,0.22960763731088385,31.623164458385776,1.0497846354176943,27.46117752674498,2.8346995098312204,564.0
50.64583333333333,1.300439141229721,2.0655799685444696,0.22591574069599762,31.372330679578337,1.0373023591593258,26.0909634201903,2.8351693807470224,564.0
50.65625,1.2737525540365808,2.0436459142440766,0.2230823363315407,31.106669291301877,1.0249464155099919,25.04033285648609,2.8372417540601194,564.0
50.666666666666664,1.251398275672002,2.024802235115678,0.22096151441510165,30.822479904433205,1.0124201328529268,24.354270018493477,2.5915198355927056,564.0
50.67708333333333,1.2185807066061256,2.0073389505515356,0.21865117608163714,30.535318258471747,1.0002846404710732,23.441395120080713,2.55451427711993,564.0
50.6875,1.1712963127494744,1.98788317566989,0.21672934629918109,30.24524620204784,0.988417070043774,22.47635091067305,2.5175508428043205,564.0
50.697916666666664,1.1356804272870622,1.97233690726309,0.21558791161306085,29.945065710880375,0.9764449733759383,21.67206106083168,2.4841759221330513,564.0
50.70833333333333,1.0616885483950935,1.9471089780429516,0.2133647948728854,29.65749896043852,0.9651984725681577,20.56624349995091,2.446959476857207,564.0
50.71875,0.9754141597900191,1.9120395463798487,0.21111284493830723,29.368355347545055,0.9540538261613682,19.4396146214695,2.4253268566386295,564.0
50.729166666666664,0.9175288483091946,1.8824713454109194,0.20896554218240324,29.077980065632378,0.9429751387573456,18.430923425084625,2.425397083850554,564.0
50.73958333333333,0.8458595685419426,1.8397266925368527,0.20663206569328021,28.76223578627496,0.9309895087669111,18.035283758170827,2.4271437447365924,564.0
50.75,0.792528948240649,1.8015919097247943,0.20387197803268756,28.437885932110767,0.918642704255294,18.062182147986622,2.4282581055084016,564.0
50.760416666666664,0.7641013349850957,1.77709747537915,0.20130390315025806,28.13023588338979,0.906759606962828,18.161102225444957,2.4284029199576564,564.0
50.77083333333333,0.7271804152291111,1.7417485310422876,0.1993047689232044,27.813056772027657,0.8940966530587282,18.702947531433225,2.43047656948628,564.0
50.78125,0.7050834123635383,1.7155089901773077,0.1972315203090715,27.52200900900047,0.8817068693060799,19.438671517135067,2.431464410065416,564.0
50.791666666666664,0.6974610761237913,1.7032736838184401,0.19551415234659592,27.289531690845926,0.8706524365705486,19.93700407926984,2.431218073940282,564.0
50.80208333333333,0.6841710890129415,1.6837018860693744,0.19468686112207503,27.109124902657502,0.8601890240577259,20.756286332757274,2.4347566932254407,564.0
50.8125,0.6855848093657063,1.6781280134486334,0.1938021103286042,27.01094047165062,0.8515776576467293,21.562871526091385,2.4488174360099633,564.0
50.822916666666664,0.6880772345434919,1.6763116200837453,0.19326476531344625,26.994088322410875,0.8449412602641597,22.609019040984688,2.466552042116722,564.0
50.83333333333333,0.6909454809979415,1.6735116286826006,0.1926910948988946,27.050228842308506,0.840191229582866,23.754037381241197,2.484700138179394,564.0
50.84375,0.6946823089751439,1.6692039685220268,0.19186885168747597,27.166658156872693,0.8371570657528187,24.706011707406656,2.5012609473749112,564.0
50.854166666666664,0.6948449833997657,1.6608546443810759,0.19081437227230472,27.331129474533316,0.8355623208337686,25.50214833364135,2.5173381968914774,564.0
50.86458333333333,0.7064580490420552,1.6587034707785304,0.18950674366267142,27.522750953433874,0.8351486404657072,25.71515308855047,2.5264870487379563,564.0
50.875,0.717200390965697,1.6540360712490771,0.18817079428289668,27.73167973878321,0.83557424251467,25.675077165736504,2.531810398090019,564.0
50.885416666666664,0.719545965220209,1.6428046881858454,0.18666803005552582,27.954396481548024,0.8366066571041293,25.743997332798564,2.537199257900987,564.0
50.89583333333333,0.7395439739956075,1.6423937208813975,0.18506971349748164,28.170463578065498,0.8379554942949902,25.24678249097546,2.533647000103042,564.0
50.90625,0.759595029909282,1.641040657646561,0.18377068591292278,28.38129936565174,0.839466448792322,24.65722904546421,2.5264609473167843,564.0
50.916666666666664,0.7677764695748418,1.6330240365339084,0.18247828491059276,28.590958963605352,0.8410612139932556,24.30930037777618,2.5202807384843933,564.0
50.92708333333333,0.7950644387440478,1.637166528976915,0.181227643957422,28.782593414344994,0.8425280218780367,23.496355965960223,2.5054507362347573,564.0
50.9375,0.8206859304919999,1.641224090845506,0.1802922774910175,28.959388207889507,0.8438358658331437,22.519519723063933,2.4856852696275538,564.0
50.947916666666664,0.8311040454669374,1.6371072061071226,0.1794875707199524,29.131120327556854,0.8450184332035903,21.78159709644712,2.467953936291811,564.0
50.95833333333333,0.8564673588525392,1.6433167458535636,0.17836457292646138,29.278333511333972,0.8459276474856811,20.562964920116908,2.438969546230884,564.0
50.96875,0.8734852723131113,1.644133102363567,0.17756751704485718,29.412715442249596,0.8466436668232401,19.273915290588754,2.424360245101256,564.0
50.979166666666664,0.8784148019228136,1.637657232755631,0.17677570931268544,29.542340570067093,0.847200739407638,18.263126094934282,2.4245435553377366,564.0
50.98958333333333,0.8959250956374775,1.6398778531029592,0.17579772260490137,29.654580016010552,0.8475478575578614,17.406849208452886,2.4235639752246603,564.0
51.0,0.9096775367825872,1.6410428574308569,0.17525494609579156,29.757606517334196,0.8477267731795712,16.78669870233867,2.423475689793514,564.0
51.010416666666664,0.9155640918579959,1.63918411127072,0.17490776370959157,29.856915600113837,0.8477400102504867,16.410266486645252,2.424056062416247,564.0
51.02083333333333,0.9317493197103706,1.645031012179119,0.17476621726923372,29.947441193332935,0.8475812965704766,16.11527870911201,2.424007084051313,564.0
51.03125,0.9495998436612567,1.654102382843116,0.17523687066412375,30.034232600362078,0.8472382421417297,15.930035743227402,2.424605235794069,564.0
51.041666666666664,0.9641723991748907,1.6653164656524582,0.1760401117865432,30.1179025548963,0.8466887262455708,15.83106423495972,2.4252923817291836,564.0
51.05208333333333,0.9908327017184727,1.685495780239117,0.17756677836753196,30.198648910041168,0.8459088759919758,15.792338453852482,2.4259940713426515,564.0
51.0625,1.0235970822909337,1.7135758997755701,0.17989177201275308,30.2772256162271,0.8448651901072185,15.802763842730213,2.4267820872606314,564.0
51.072916666666664,1.0540027803792973,1.7464586037842333,0.18280991987740436,30.35292332426417,0.8435430306506462,15.83254663778819,2.4274329684157894,564.0
51.08333333333333,1.0963536384288801,1.7893988641920562,0.18694637981517567,30.42797459366206,0.8418717487212479,15.908563514881987,2.428387731136424,564.0
51.09375,1.1477919305838888,1.8434913335841432,0.19216446748052568,30.500561886228528,0.8398601834247765,15.9910818985003,2.4289936274628063,564.0
51.104166666666664,1.1972510252853388,1.9034086160902468,0.1983788653528836,30.570185189693213,0.8375133762036798,16.06172853366931,2.4294840659355277,564.0
51.11458333333333,1.2583144642555508,1.9744111491703455,0.2057300970685661,30.633952381444818,0.8349580516277325,16.061306911240706,2.211486192395643,564.0
51.125,1.3219265916122522,2.051135771074821,0.214470266942889,30.693192844527122,0.8321913214438356,16.022190447707874,2.2023415349412567,564.0
51.135416666666664,1.3812293365805823,2.128720955074846,0.22443955129620666,30.74942386965573,0.8291664226787232,15.989915090137758,2.1941525624740223,564.0
51.14583333333333,1.4496481414043456,2.213631786109299,0.23563838023587672,30.800500467075427,0.8260280220018641,15.931717295986148,2.184033178674832,564.0
51.15625,1.521308860831132,2.302631919718207,0.24863479995560053,30.847727689642337,0.8227305779799133,15.879215475192986,2.174218251454433,564.0
51.166666666666664,1.591310106300789,2.393059320099825,0.26326740600105303,30.89132049589884,0.8192687677509789,15.844145232265658,2.1651638817035015,564.0
51.17708333333333,1.6701370638459765,2.4899056373486514,0.2800483572950632,30.930577123451062,0.8157058698169447,15.815256486013961,2.1559911576756927,564.0
51.1875,1.7519068615265763,2.590657248644134,0.299813148328871,30.966419466648087,0.8119470617703411,15.819089920673411,2.1490520546196143,564.0
51.197916666666664,1.834878072492895,2.694713248561621,0.3220991684440544,30.997574166448562,0.8081040114885125,15.829283396834533,2.142270793782051,564.0
51.20833333333333,1.9200396978764167,2.8022736802536268,0.34945027977557047,31.02538813203877,0.8039397757129563,15.9007823095677,2.1405759030126723,564.0
51.21875,2.013009234689567,2.9175740526087246,0.3815709349418772,31.048059057612303,0.7995895016599247,16.00246016809829,2.1410087138513063,564.0
51.229166666666664,2.110170551131805,3.0382497327190148,0.41880009885399117,31.064320913944005,0.7952352014981315,16.08795614647424,2.1407073239766095,564.0
51.23958333333333,2.2057970901797206,3.159489735904925,0.46631111595500857,31.07470566426781,0.790492972278677,16.255743138503508,2.1476792480591858,564.0
51.25,2.31004527477778,3.287434662653868,0.5222533550187559,31.077259460648936,0.7856042747092843,16.460740842992575,2.1568268046512338,564.0
51.260416666666664,2.418647746624187,3.419381720115212,0.5869621993800812,31.071443550097662,0.7808296804957581,16.628433401369264,2.164033382416217,564.0
51.27083333333333,2.5046980091257636,3.54214459478259,0.6693505495669211,31.055392541201783,0.7756882766684079,16.925255197066438,2.1801238766394677,564.0
51.28125,2.5811352544991375,3.6630197294472873,0.762510726043723,31.02778245556319,0.7704805813639294,17.29970495346172,2.1987424102096425,564.0
51.291666666666664,2.670324939527803,3.787714053528205,0.8647764110719874,30.989876005610554,0.7655664793679575,17.600910315628802,2.2135497158319044,564.0
51.30208333333333,2.6894673477636633,3.8835356397830654,0.9874395929318689,30.935123457674436,0.7603657420798295,18.142504294662135,2.436923579510837,564.0
51.3125,2.6378992812599984,3.952162374002132,1.1118809759877397,30.860731759548685,0.7550636987694401,18.96226158190331,2.4370461186329098,564.0
51.322916666666664,2.6406670519748734,4.035486329183237,1.230809394285694,30.773253284516613,0.7502362798967034,19.59833576095522,2.435593755239647,564.0
51.33333333333333,2.379682965979273,4.013750360309247,1.3504446031225859,30.6510076527087,0.7449358400428422,21.02278643106649,2.438063107608099,564.0
51.34375,2.088649934608433,3.9650248143534235,1.4296307518526077,30.503210208389728,0.7398892818444339,22.733315807649102,2.438627015249915,564.0
51.354166666666664,1.9487390169956527,3.958828788399198,1.491558248938088,30.349961680453074,0.735815173464675,23.801721250531298,2.446234338022014,564.0
51.36458333333333,1.622536463601912,3.81571765399838,1.495284373178149,30.18814950622441,0.7330608815461085,27.129122983157455,2.506607469814581,564.0
51.375,1.3297348196330074,3.624622733956952,1.3957833807190685,30.074319099372566,0.7338523885675438,32.75586520879795,2.584583556684789,564.0
51.385416666666664,1.1702773569280704,3.4676825138488194,1.2527606695359141,30.06585751496777,0.7399776773190675,36.933990271030446,2.853112924844519,564.0
51.39583333333333,0.9874994621986813,3.2473423099097545,1.072335543647151,30.216226776137752,0.7535030544005431,41.86565013702685,2.8508911893333444,564.0
51.40625,0.8829821879199765,3.048090259534729,0.8838575236335771,30.561121704578316,0.7745205627481098,45.48445943354023,2.849627489893623,564.0
51.416666666666664,0.8196431543645638,2.879510075469004,0.7290768128950671,31.09136996713848,0.8013930600180225,53.548018847201774,2.893169782317656,564.0
51.42708333333333,0.7976952138564269,2.73559722809016,0.6115254242679236,31.7759510959179,0.8319789851875806,67.80050497983132,2.9574620699007985,564.0
51.4375,0.8024930953409606,2.62609595893312,0.524471495690661,32.533777454714425,0.862537491933136,76.90559252046609,3.0150134397620336,564.0
51.447916666666664,0.7878415061494972,2.512650552008407,0.45924293098031715,33.31902007225882,0.8914226394794069,84.54818676106485,3.2559068991257045,564.0
51.45833333333333,0.8243058137438007,2.4564138969295612,0.4132841768980782,34.02651857093556,0.9153114453815266,85.09975671160599,3.251712408465498,564.0
51.46875,0.8588429588053228,2.4046981576343396,0.3791480877039939,34.63846827609897,0.9343525111813309,84.89516486574266,3.249347258788157,564.0
51.479166666666664,0.8591521552165182,2.332485732287342,0.3505280475585079,35.15267778398023,0.9490448733306908,86.67231316832945,3.2484379736358733,564.0
51.48958333333333,0.9156306734610143,2.3110087994458643,0.32787809473716784,35.51529743815065,0.9584600211709046,80.37712694353755,3.2455572914206425,564.0
51.5,0.9596193108013221,2.2793841079478394,0.309835037253643,35.76078690362036,0.9640792477530973,76.36294820934927,3.2447347897093777,564.0
51.510416666666664,0.9644518770235063,2.2242225247432654,0.29353991853542927,35.90469815321471,0.9666039064091462,75.28526502148216,3.2452586861224444,564.0
51.52083333333333,1.0099933286640361,2.1987311632106676,0.2791281365499628,35.94675717144442,0.966405689842021,69.08419888381044,3.244318259221327,564.0
51.53125,1.0436262292509895,2.1665334718574183,0.267381531260819,35.90750477466864,0.9641634960547928,64.97600268812837,3.2452018240780807,564.0
51.541666666666664,1.0466513636356893,2.1210423097624806,0.2568888927349263,35.79311575273149,0.9601395305492018,62.75829955737199,3.024799601508291,564.0
51.55208333333333,1.0763035412874087,2.093530597412193,0.24744592070119587,35.620589056096975,0.9549304921813326,57.931175350730534,2.993645351833159,564.0
51.5625,1.0980163223412163,2.0649183982692483,0.23997457002788516,35.39427585488163,0.9486597589452781,54.478929093469986,2.9641844310336576,564.0
51.572916666666664,1.1005568237538499,2.0328081151117243,0.23358098330427537,35.117048448354716,0.9414269348704244,51.742601270857364,2.938667508896653,564.0
51.58333333333333,1.119371905983464,2.012169709231539,0.22827982029712449,34.80134827880934,0.9335568316843103,48.38311921030826,2.913231433148227,564.0
51.59375,1.1385975950923932,1.9979401680589888,0.22441074717476064,34.45172712027579,0.9251485492547362,45.090836105204815,2.8894274612642596,564.0
51.604166666666664,1.145691550911702,1.9849649732522197,0.22158997081892706,34.070948186800905,0.9162638448553206,41.94336207105485,2.868533237939887,564.0
51.61458333333333,1.1687892245460914,1.9826573556155611,0.21936949942973422,33.67788853810811,0.9073431371181078,37.70988494823802,2.8452291422834444,564.0
51.625,1.1908136271714642,1.9835397036749418,0.21818557117694568,33.27094196221584,0.8983634876969837,33.222705062236905,2.832305115601411,564.0
51.635416666666664,1.2022820560971348,1.9842063351642192,0.21772469361217534,32.84816623987022,0.8893228395772713,31.186423262571804,2.8325629571486357,564.0
51.64583333333333,1.2117635560236837,1.9875623818553192,0.21727176484597063,32.42583226555857,0.8806102364297276,30.063960104849905,2.8325298117632305,564.0
51.65625,1.2079619401955872,1.988873907737045,0.21729718819474778,32.000807905618046,0.8721915092768232,29.326503088957473,2.832898394312029,564.0
51.666666666666664,1.203542151694879,1.9918371602538198,0.21795706745014407,31.568540410988405,0.8640102647754544,28.928684884858832,2.8336298497354724,564.0
51.67708333333333,1.180109155710884,1.990679415019287,0.2182467360977076,31.14142033578541,0.8563134118670791,28.331384088081652,2.834007545988368,564.0
51.6875,1.1404138918132067,1.9839496573840067,0.21881043870605205,30.70938999021396,0.848916771664335,28.015399381825315,2.8349658904392423,564.0
51.697916666666664,1.1164607604469392,1.9837696095912907,0.21979155205278492,30.27710164729096,0.841892577204547,27.763353470630854,2.8358451032971375,564.0
51.70833333333333,1.0528808288053844,1.9689290974790357,0.22025531329167813,29.83955378171351,0.8351439214015812,27.761248642931406,2.836991732755918,564.0
51.71875,0.9857769761102404,1.9505610394263952,0.22050278044385338,29.398639353679062,0.8286859212573411,27.942446332086973,2.8380592835226723,564.0
51.729166666666664,0.9487427771528296,1.9436063007799838,0.22101239194666994,28.96901571987024,0.8227074380080244,27.928970474966498,2.838604983023341,564.0
51.73958333333333,0.8900664429003001,1.920039410787363,0.22186635624821466,28.51410459382552,0.8167171660615989,29.234673536552396,2.8405129404536074,564.0
51.75,0.8490445212376669,1.9043457261013863,0.2223184866749516,28.067594507838873,0.8112222807191372,30.61805068675375,2.8409536416854735,564.0
51.760416666666664,0.833600896147794,1.9043962909466243,0.22302611496261454,27.663497423359566,0.8066865995054433,31.237739435719348,2.840245775110001,564.0
51.77083333333333,0.8093381936384696,1.8939026146241011,0.22409575601943132,27.289344309818755,0.8030648123022417,32.75958602366181,2.8407383052631956,564.0
51.78125,0.79899202605067,1.889932723893719,0.22461845886803877,26.976139265294346,0.800801733919034,33.95209098333802,2.8402064842651193,564.0
51.791666666666664,0.7969064215766991,1.8908514561937853,0.22501232137853475,26.73561946432853,0.8000599582162218,34.598284083829384,2.839311736375094,564.0
51.80208333333333,0.7919040483355657,1.8835424150129345,0.22528300112383748,26.56022590602713,0.8008895963301583,35.934404787905,2.8394033904170226,564.0
51.8125,0.7924590772512384,1.8772889314581147,0.22512823188404557,26.45093566078444,0.8033336844029229,37.31930129380112,2.839266821845426,564.0
51.822916666666664,0.7966423847257003,1.8753180652001582,0.22466472063465867,26.400084695182077,0.8072063653606673,38.720578802328056,2.8480130288460677,564.0
51.83333333333333,0.8043668077106871,1.8709178645241589,0.2248632730501577,26.391824353392494,0.8125321921007832,45.45839200001083,2.878545024352698,564.0
51.84375,0.824086068419661,1.8773645719872478,0.22507075965919388,26.410808219733127,0.8188967115726862,52.73576663721699,2.911001281022926,564.0
51.854166666666664,0.8378007620564273,1.883090056812172,0.22530013027854384,26.439383339028822,0.8259646861843061,58.40492005653052,2.942289611948258,564.0
51.86458333333333,0.8655413360919345,1.8982569019499989,0.22529045938461464,26.462174777271976,0.8331044793972189,60.37230927580071,2.962510957075036,564.0
51.875,0.8868063987173064,1.9069863280688915,0.22513381608896288,26.470754931614167,0.8401441298701615,61.33714415147805,2.975853207506979,564.0
51.885416666666664,0.8943328472464156,1.9046932499483873,0.22452695781373871,26.459909025799867,0.846992527906973,62.79069711679112,2.988098157176517,564.0
51.89583333333333,0.9231786724950474,1.914845989464532,0.22330518140252092,26.429255372930516,0.8529947468793818,60.55979124429274,2.9866824728997567,564.0
51.90625,0.9486803671677302,1.9198500690071676,0.22218004243369885,26.380109042779093,0.8581940615635145,58.45947301593856,2.9790925987154466,564.0
51.916666666666664,0.9571719650385239,1.9132389115196422,0.2208195056081709,26.311903206078767,0.8626357536358535,57.705247088192955,2.9731179444931466,564.0
51.92708333333333,0.9893886375076396,1.9209121036539738,0.2189723047639123,26.232612485337558,0.8659187290078866,53.525425274764906,2.9544370794161505,564.0
51.9375,1.0150914061615528,1.924035116936861,0.21728404371005366,26.143957324544914,0.8681977525730983,49.24285292350941,2.9290736716649586,564.0
51.947916666666664,1.020893098672323,1.914528544932601,0.21565894426787513,26.04194720173876,0.8696132535693113,46.514601228669484,2.907007023102836,564.0
51.95833333333333,1.0447486510563406,1.9178882993223652,0.21316396356868852,25.940609641356826,0.8701023736746218,40.2501619488382,2.870186733801819,564.0
51.96875,1.0560135268757134,1.912669511451583,0.2111738535177451,25.835169003753563,0.8698855977282435,33.96204707391434,2.8314596173727824,564.0
51.979166666666664,1.0535061522704252,1.8982794035200634,0.20927475285197755,25.72000614662529,0.8689953459885741,29.307589496446873,2.82917325633061,564.0
51.98958333333333,1.0668416598141515,1.895342168874396,0.20698734325642068,25.608093604577725,0.8676102838153525,26.482394780349082,2.8284678104632923,564.0
52.0,1.07445533574962,1.8901078854620292,0.205411539576121,25.49434856235057,0.8657713947105355,24.836661926292944,2.829234483936499,564.0
52.010416666666664,1.0738418318461969,1.881243570762931,0.2041916931419439,25.37422274901688,0.8634257678779202,24.00036363122849,2.831141031466004,564.0
52.02083333333333,1.0881788778696668,1.8843080284124376,0.2029523728842465,25.260944001447125,0.860875099682686,22.727170062401157,2.832340009127892,564.0
52.03125,1.1005770961896306,1.8885113967747928,0.2025263528921714,25.150069880044803,0.8580836811251662,21.566476385820334,2.5728769300564194,564.0
52.041666666666664,1.1061678994175321,1.890712334313102,0.20262608275845487,25.036391799434444,0.8549318374850408,20.763601307276204,2.5277839186063327,564.0
52.05208333333333,1.125198562711637,1.9039213634705983,0.20290076283143682,24.930940938536654,0.8517510385703797,19.726173901880678,2.4785703680118782,564.0
52.0625,1.1437918238695297,1.9193777276346604,0.20420938746600564,24.826378525357033,0.8483540897533014,18.764575515064077,2.4322845813105554,564.0
52.072916666666664,1.159706669312738,1.936654116103157,0.20605301849168142,24.72113831722525,0.844689989289613,17.830494851552565,2.421714661323608,564.0
52.08333333333333,1.1895491454698035,1.964389022331472,0.2088140825655874,24.617001449877925,0.8408204799502115,17.031581539101733,2.4219788015351766,564.0
52.09375,1.226680489656747,2.000886668581257,0.21269186912376378,24.513422815389582,0.8367295977296517,16.499942208230543,2.422508092439242,564.0
52.104166666666664,1.2623004824512847,2.042433494349205,0.21750782353175538,24.410365384541603,0.832419269921809,16.185646162400737,2.423097803739076,564.0
52.11458333333333,1.309762119081658,2.094804384814493,0.2236290581700288,24.30965585807053,0.827977222310351,15.993691536189115,2.423519368257023,564.0
52.125,1.3625460235079034,2.1551895647067143,0.2312329477485409,24.210621490869002,0.823390837745692,15.885062007829536,2.4240589810975908,564.0
52.135416666666664,1.4137755319078487,2.219768462105336,0.2401342500621312,24.112981090557323,0.81866264653564,15.835217565803571,2.424669716007402,564.0
52.14583333333333,1.4758570233247572,2.293586820155921,0.25077252641397485,24.01779083880482,0.8138632359329194,15.812047823256098,2.4251912139044376,564.0
52.15625,1.5444057786209786,2.374549159558809,0.2633637647118182,23.924811847219907,0.809003384719973,15.80820006878394,2.4257812766082663,564.0
52.166666666666664,1.6117298678846084,2.4587374870982956,0.27780264574013,23.833999047828875,0.8041031926638483,15.819741562865277,2.4264153305916056,564.0
52.17708333333333,1.689482838407203,2.550462331471282,0.29470159804714374,23.746033392815896,0.7992234509137108,15.835238820839235,2.4270011410478483,564.0
52.1875,1.769896035973236,2.6469622487527604,0.3142841337789286,23.66116839677289,0.7944037013171492,15.850446434250559,2.427597360911109,564.0
52.197916666666664,1.8484622906530803,2.7450269954115103,0.3366813163393466,23.579207251678465,0.7896571323772321,15.869448036040588,2.428264068634649,564.0
52.20833333333333,1.9265992073159555,2.846677488323093,0.36241418536446707,23.501353810545517,0.7850776621017952,15.877346422527445,2.2089517231155624,564.0
52.21875,2.0050294758971225,2.9508468653990603,0.3921985507395964,23.427487812561473,0.7806814175667576,15.8777107028559,2.2004042741773024,564.0
52.229166666666664,2.08449696730093,3.0556272810416365,0.4264536659008342,23.35709383383108,0.7764575116381609,15.881712941756106,2.192421907981015,564.0
52.23958333333333,2.168814117155478,3.1643483571420896,0.4652066515287357,23.292683092460738,0.7725745064360828,15.854316026268119,2.1824373460491597,564.0
52.25,2.254864402350552,3.2738684448167428,0.5102615823249926,23.233030708188316,0.7689731310586478,15.815145989800072,2.1719950731844975,564.0
52.260416666666664,2.340331055512022,3.3814938386286095,0.5619903197452824,23.176925907890816,0.7655907180948238,15.787056736465932,2.1623604167497144,564.0
52.27083333333333,2.4098523710322564,3.481164514241386,0.6262472843876434,23.11718637566923,0.7620047952774975,15.895883126820584,2.1629040712006105,564.0
52.28125,2.4751377422930494,3.581524809219785,0.7024811858903635,23.05431623729703,0.7582603729314,16.180778238260768,2.1737771408509996,564.0
52.291666666666664,2.5647631049174473,3.697256532482938,0.7845249812218404,22.99805890321574,0.7549453784516289,16.451161949878827,2.1816167009992435,564.0
52.30208333333333,2.597746097169077,3.7936950211583365,0.8995858503796017,22.936376353977877,0.7513593518882301,17.10130368242248,2.2110432088477907,564.0
52.3125,2.595382795371252,3.8904911908303816,1.01704817738209,22.88241457768227,0.7482717951829094,17.88252325697525,2.4365510431551103,564.0
52.322916666666664,2.6309205175684784,4.0005269245982555,1.1449862894520255,22.840700319280757,0.7459246565180784,18.489047916878064,2.434990037064595,564.0
52.33333333333333,2.44061389961849,4.029694426491455,1.2713509731855102,22.809331122174058,0.7441890945583194,19.219577076022446,2.4352276337560492,564.0
52.34375,2.1797213806647417,4.013510317514225,1.3709065598359467,22.79434107123586,0.743348412708901,20.0383743326006,2.4351124409106877,564.0
52.354166666666664,2.038183819989423,4.018852787672032,1.4507488312640482,22.802451672350568,0.7436397744734309,20.59433955525653,2.4340274968590627,564.0
52.36458333333333,1.6953429907069681,3.885048040463189,1.4787767585300287,22.854637826721614,0.7457636532004935,22.157387975695634,2.4372871912345695,564.0
52.375,1.3871386640561774,3.70328113642354,1.4033153843732182,22.986020780669193,0.7507183872637543,24.281407028623445,2.4649871183616425,564.0
52.385416666666664,1.2180010318564671,3.5553510334100347,1.2770077923612664,23.22125766724091,0.7588986681808275,27.128241807903947,2.513231145304149,564.0
52.39583333333333,1.0573429779128378,3.3722680023769787,1.1143068264309948,23.594426739933304,0.7710166561345013,30.67217328938647,2.5716655157186947,564.0
52.40625,0.9588060873164918,3.200943228362027,0.9352825509371353,24.09196012713752,0.786285180209314,32.82815058327917,2.6231536231257713,564.0
52.416666666666664,0.876381002017987,3.028490398844999,0.7761424147051152,24.7153415363318,0.8044749314049283,34.446268840042386,2.8469561167290256,564.0
52.42708333333333,0.8426302859646263,2.8866930823563846,0.6442754532191398,25.39988092025632,0.8234612125765653,34.45367792893091,2.843300115110574,564.0
52.4375,0.8111913649178796,2.73712579332262,0.5408284779066611,26.144641604255266,0.8429681145210561,34.66652254169139,2.8415085181807918,564.0
52.447916666666664,0.7728710332617427,2.588706007703059,0.4609945901222731,26.929960342448027,0.8620979733517666,35.13953123781908,2.840362956515933,564.0
52.45833333333333,0.7896145099913675,2.4833226195276725,0.404267986244987,27.71031142237167,0.8793674811794421,35.1543759730103,2.8389732234205534,564.0
52.46875,0.8202024180196387,2.4012097591516386,0.3634504959723282,28.458565334176015,0.8939341334026234,34.88421333325455,2.8377564215815076,564.0
52.479166666666664,0.8220703958624034,2.3145255463539787,0.3318286780316783,29.17283680377341,0.9055822358085477,35.004745885544615,2.837263184945424,564.0
52.48958333333333,0.8646034312059698,2.267683216097575,0.3072337011225771,29.774281203541953,0.9132557435336721,33.22870422021482,2.834792264299027,564.0
52.5,0.8915373422069071,2.2152246956021955,0.28803522502011947,30.29608625626202,0.9179104671395276,31.798633009546144,2.8337926866544616,564.0
52.510416666666664,0.8870199653565973,2.147315627804378,0.27145460272103683,30.76162104549251,0.9200115860142879,31.327710550114155,2.833965048442041,564.0
52.52083333333333,0.9130130850944397,2.1027729766892254,0.25683030462179285,31.131656878991862,0.9197965599965089,29.71865806605747,2.832518342003419,564.0
52.53125,0.9311161803970086,2.0557019667404464,0.24490910185756784,31.435679041571284,0.9178139565530398,28.45266377012446,2.8323708184900847,564.0
52.541666666666664,0.9264154421834091,2.0001161741898588,0.23443411929842636,31.68906763539557,0.9142313441763625,27.881699311379858,2.8331266459395046,564.0
52.55208333333333,0.9453008561281576,1.9606185419424733,0.22509738495463077,31.880287718004833,0.9095531959355586,26.808026302348,2.8329689608811126,564.0
52.5625,0.9585708879479126,1.9208083613856917,0.21763254178341312,32.027318543451294,0.9037221240383481,26.211490513565476,2.8341178037414294,564.0
52.572916666666664,0.9586726686606539,1.881548500999615,0.21109096989323084,32.1311214650564,0.8968601117054583,25.846686953265387,2.835352304011532,564.0
52.58333333333333,0.9751615381616899,1.8516379419160025,0.2059159372005737,32.19388933014346,0.8889120365347181,25.778896375117828,2.836891678224066,564.0
52.59375,0.998277244415203,1.8328756703707767,0.20197783004191278,32.2146109573419,0.8800850339639448,25.706386410175984,2.8380944038526894,564.0
52.604166666666664,1.010482769116946,1.8184537820524767,0.19902254429047836,32.19472670393711,0.8705650104191076,25.560853782098288,2.610323136068329,564.0
52.61458333333333,1.0334331151143479,1.8128740318012941,0.19692796676408356,32.13749698897978,0.860628293982311,25.261691369646382,2.59721508646898,564.0
52.625,1.0551648982264294,1.81219416168105,0.19573338337375898,32.04597364907181,0.8503542864254883,24.95988017262849,2.5848299042349425,564.0
52.635416666666664,1.067484723502649,1.812644962547827,0.19516124404454144,31.922447510165686,0.839817303329622,24.721306030953986,2.573750468020527,564.0
52.64583333333333,1.0757291865523269,1.8128750757441012,0.19540020851488327,31.76073445373351,0.8285825899326661,24.994395456195715,2.570481867959364,564.0
52.65625,1.0833773360591499,1.819886828653483,0.19647752113382475,31.55946758062496,0.8167899625714092,25.59261134865534,2.573981463206628,564.0
52.666666666666664,1.0965444348797775,1.837918663619531,0.1982140966555987,31.329575204525348,0.805155336626936,25.897525339123952,2.5771473369476663,564.0
52.67708333333333,1.0943589104585738,1.8539419708383746,0.20132861413266478,31.05449187546687,0.7929890288616859,26.8889490508029,2.591281286415868,564.0
52.6875,1.084161737279038,1.8768730134713043,0.20458221864069698,30.756694566437176,0.7814269154915098,27.462113225456505,2.603682522665162,564.0
52.697916666666664,1.0829391786797802,1.9057897520440663,0.20873477815371297,30.441136565482303,0.7706486572492135,27.80812621765721,2.6153847420166922,564.0
52.70833333333333,1.0281537478134415,1.9157588758473747,0.21177632094769355,30.12186903601841,0.7610880077228311,27.760919298028245,2.8411048688974954,564.0
52.71875,0.9593286044050109,1.9129563944377213,0.2142103585611056,29.7981579816654,0.752679803951281,27.795102652407813,2.8405270507969123,564.0
52.729166666666664,0.9193471332196133,1.9140119773772577,0.21641959170547143,29.476603994377463,0.7455945858056826,27.886673505224355,2.84005399993538,564.0
52.73958333333333,0.856746697095433,1.897151976583758,0.21776080915153478,29.149480956994978,0.7397524226111444,28.652839168053116,2.840288187217947,564.0
52.75,0.8065745737771466,1.8802450790576792,0.21816257913598466,28.835563359643967,0.7356294395331665,29.463613880426095,2.839893172330265,564.0
52.760416666666664,0.7815409887965006,1.872822571825248,0.21839234494925586,28.55371162504821,0.7335091334239541,29.92365785499233,2.839049620443947,564.0
52.77083333333333,0.742355897410514,1.84985296880779,0.21851701718781844,28.296013743281396,0.7335171347266944,31.540209904814585,2.8396006906941027,564.0
52.78125,0.7188792847290779,1.8334874620535973,0.21830663307934906,28.088562733081666,0.7360299758629535,33.32074830443046,2.8394197841321964,564.0
52.791666666666664,0.7128410997554194,1.8307164173648873,0.21818409819296547,27.951402188778104,0.7409115073545606,34.24420196026638,2.8383105566769067,564.0
52.80208333333333,0.7020597532569469,1.8187139638086558,0.21879459097965,27.882481171549145,0.7484941345728773,36.600757396827085,2.839074630676045,564.0
52.8125,0.7073956587983469,1.8205251378462228,0.21930995720049257,27.889822149526076,0.758206600041438,38.766483575905774,2.8484911748296584,564.0
52.822916666666664,0.714984702331478,1.8268482438591573,0.21998038518966254,27.96186942097046,0.7694478472285163,44.71905143533512,2.878285218282129,564.0
52.83333333333333,0.7257535797375632,1.8312699681417515,0.22091810727775477,28.084467029381514,0.7820696296967777,52.90187217722742,2.9161591088585697,564.0
52.84375,0.7427748698145583,1.839989537172679,0.2216141712587037,28.23663978912049,0.7954186827739045,59.318939828421485,2.9531421072444055,564.0
52.854166666666664,0.7537124912170845,1.8449403845623689,0.22201778305550324,28.399882551634192,0.8092054798405225,64.32981615242423,2.9880701848184055,564.0
52.86458333333333,0.7783320520764454,1.8591157514333807,0.22205455936821147,28.55213420379657,0.8226220532268922,65.69971638160015,3.0111356008260017,564.0
52.875,0.7984852427366179,1.8678018289585077,0.22192760925762692,28.68649781953718,0.835767889946671,66.35872118701838,3.0265968329354,564.0
52.885416666666664,0.8059365350352099,1.865649564056993,0.22136437937816644,28.800158269278853,0.8488966097223369,67.76398589249963,3.2470853070216936,564.0
52.89583333333333,0.8361854136348199,1.8762279804298814,0.2207085016977103,28.885258297312557,0.8613908387727505,66.61837458579848,3.2455740337038907,564.0
52.90625,0.8702218087256143,1.886851444931353,0.22050428646676387,28.94315155640752,0.8734950534989575,66.07317523212821,3.2449874261258773,564.0
52.916666666666664,0.8892046214051607,1.8900004478775265,0.22014086817457312,28.9732524365215,0.8852909097976248,66.2227934865432,3.2448077346594415,564.0
52.92708333333333,0.9375642435428377,1.9096115921855399,0.2201817556056245,28.974412267788303,0.896178976362777,64.10500334824039,3.2440737588444297,564.0
52.9375,0.9843076450157237,1.9302701330803882,0.22038487710913812,28.949143045736317,0.9060212579275959,61.06140460323227,3.030094574407516,564.0
52.947916666666664,1.00648502521136,1.9376362249362713,0.22067826767890505,28.89719017672109,0.9152146403884542,59.94942566366291,3.018848878753559,564.0
52.95833333333333,1.0438915256843257,1.956411787911411,0.2200932605652995,28.827133962323188,0.9227914836813013,54.34682451359891,2.991874046832137,564.0
52.96875,1.0672180621252334,1.9655253215193338,0.21976805371595243,28.740295939751782,0.9292442877940174,49.914845058048655,2.9602767059042225,564.0
52.979166666666664,1.073402725267146,1.9630438611666117,0.21937270669766007,28.633666628752188,0.9348868268679725,47.151107135965866,2.9323938595910657,564.0
52.98958333333333,1.0990853217743608,1.9736833977498434,0.2180539767599118,28.524515923026772,0.939073123003917,40.78524136522236,2.8904573109836504,564.0
53.0,1.114389691134851,1.9774495644446677,0.21730602496904183,28.409819098697483,0.9422784605528176,34.83650580896674,2.8456659252204224,564.0
53.010416666666664,1.1166685538922525,1.972716604556714,0.21672662498711068,28.28421443318205,0.9447252714471401,29.34487323073066,2.8269607722074697,564.0
53.02083333333333,1.1329597804971923,1.9775869763677258,0.21606933843702683,28.1582993378576,0.9462704990931903,25.995401182920194,2.8266702845536886,564.0
53.03125,1.1492977673071536,1.984253590898066,0.21644788337483495,28.026073771883475,0.947052273580476,24.608425841754652,2.827865126214901,564.0
53.041666666666664,1.162725491637702,1.9934990360750215,0.21729735791049068,27.888344986568175,0.9470416438581796,23.944009006677394,2.8294003002456427,564.0
53.05208333333333,1.1922338435550266,2.015091322105768,0.21931161516747216,27.747505776888392,0.9462190480977624,23.46077872321509,2.8311047805520952,564.0
53.0625,1.2300144000458402,2.0472238422248243,0.22246391073665275,27.606696562113314,0.9446121427259357,22.932567557397928,2.8330197779845596,564.0
53.072916666666664,1.2625647003664913,2.0825580471509544,0.2266884865283589,27.464289717674887,0.9422135644430681,22.49759328366413,2.5882877637623034,564.0
53.08333333333333,1.309349249112093,2.1300933609923245,0.23198914507479113,27.326983184474106,0.9391848578651067,21.848277815908926,2.554301011971717,564.0
53.09375,1.358275897126705,2.183202912401733,0.23884397777261743,27.191162461017296,0.9355221591077929,21.228673180097218,2.5219775931402566,564.0
53.104166666666664,1.4028606800131276,2.2382163884046617,0.24682754166347087,27.05516876868329,0.9312261155520806,20.683825130783006,2.4921912497094243,564.0
53.11458333333333,1.457007092571362,2.3023675825926833,0.2565797967587522,26.918831293581988,0.926339426540846,20.147449714694083,2.464684877843088,564.0
53.125,1.5173896983942063,2.3751358854683318,0.26841633705084184,26.781206688191563,0.9208885754786431,19.58026654248321,2.439708925639139,564.0
53.135416666666664,1.5781006781071714,2.4531758616014283,0.28216430745880083,26.642568202756916,0.9149600778187149,18.907306573887094,2.4236199370874028,564.0
53.14583333333333,1.6502800753116027,2.5415853231059633,0.29874954722514074,26.50338360218477,0.9086675523827302,18.19977465682946,2.423453257201335,564.0
53.15625,1.7303360822414804,2.638403974422926,0.3184951187278158,26.36396730197444,0.9021268890492681,17.672390111310694,2.4235578123561767,564.0
53.166666666666664,1.8086185916115307,2.73758854946153,0.34161046745157636,26.222367557619343,0.8953424764279126,17.35213620363055,2.4238365083178017,564.0
53.17708333333333,1.8992957275589473,2.8456284885083813,0.3685248560720898,26.08260623457062,0.8885958434814434,17.111969313661042,2.423739103688298,564.0
53.1875,1.994003987397452,2.958137729005483,0.4001912324618632,25.944669613565395,0.8819604510683853,16.909726050167226,2.423678900730114,564.0
53.197916666666664,2.083866414727805,3.069110892505277,0.4373802920948318,25.804829422910263,0.875314248682341,16.780851969161844,2.423995312365662,564.0
53.20833333333333,2.182936937308892,3.1863142190088474,0.4788029780069134,25.672622616709383,0.8691443735564042,16.593957676574238,2.423522543990719,564.0
53.21875,2.2791807267659148,3.301957232158207,0.5278274916935564,25.54330004330046,0.8632405302367243,16.416213173863344,2.423581924623642,564.0
53.229166666666664,2.370576312318035,3.413637692395048,0.5844236779887054,25.413595985695704,0.8574638846958522,16.298235524553924,2.4240185491892285,564.0
53.23958333333333,2.465638926934485,3.5270368159336707,0.647823342699458,25.288029220330852,0.8520139897823927,16.189732002231075,2.4241185715922597,564.0
53.25,2.5592063821662996,3.6388787999137793,0.7205460694946255,25.164691144808682,0.8467934548477265,16.10862046042993,2.4244779869686153,564.0
53.260416666666664,2.650669676387239,3.74786945349757,0.8021133067309636,25.042880791163387,0.8417547176129219,16.063213323869153,2.4249806028675347,564.0
53.27083333333333,2.726246862469036,3.850458659008593,0.8947839033037652,24.918097917485664,0.8366917812206827,16.101335832275957,2.425951954464979,564.0
53.28125,2.7882262655845453,3.948302105557025,0.9967622962619023,24.790285377510262,0.8315734263102661,16.226502171384034,2.426934942157839,564.0
53.291666666666664,2.8627159770777975,4.049956589501207,1.103982178534363,24.667365971268634,0.8266649149010934,16.3438915336198,2.4271889620504288,564.0
53.30208333333333,2.881240345841204,4.131868810541297,1.2256223809229427,24.537094246139574,0.8213975533839128,16.615185617682947,2.428701502105439,564.0
53.3125,2.8451886082858913,4.19654755930831,1.3453228868323421,24.406831448838833,0.8159378911947827,16.998619302900252,2.4295464237350255,564.0
53.322916666666664,2.84804841116811,4.270433317488638,1.4614925801692993,24.28871971523376,0.810649919551833,17.305322431672128,2.4292626115637197,564.0
53.33333333333333,2.6329579386096538,4.266097932333872,1.5698972783472336,24.168903626293105,0.8046666835271306,17.88719781371443,2.431009031274533,564.0
53.34375,2.349362831280532,4.222475566940674,1.6426113913836975,24.0618991791059,0.7982837596419833,18.654484335760213,2.431730121506635,564.0
53.354166666666664,2.1860415465615546,4.204901777444835,1.6926336791365242,23.982894610840653,0.792084274882345,19.21581359853278,2.4310253019831527,564.0
53.36458333333333,1.7852283824720363,4.036428373970212,1.6839384643694937,23.93020620835505,0.7847593782319565,20.695214917427464,2.434667338953161,564.0
53.375,1.4009117944137532,3.8052611933050735,1.5563965809348859,23.948088534153282,0.778015554109628,22.651996313533406,2.450923845722135,564.0
53.385416666666664,1.1805348663402926,3.6113544669083493,1.3714568913453742,24.066453025798157,0.7738162191988773,24.882560548341985,2.490891036268202,564.0
53.39583333333333,0.9340716303009117,3.3348217466801287,1.1406160658869808,24.34632680503924,0.7735896953271664,29.507210133793425,2.5607323728337814,564.0
53.40625,0.7982725807972184,3.082879140493551,0.8975781131255062,24.817728081217698,0.7796698990573216,34.07170123364363,2.8508908692787576,564.0
53.416666666666664,0.7185797428033562,2.8697324836131757,0.70357489201415,25.475540174677718,0.7926071603963588,37.06644211606316,2.846491887633189,564.0
53.42708333333333,0.6840826015095403,2.6749216998029017,0.5637339093967693,26.332478741055112,0.8125485424087595,40.13447448693003,2.844607588003387,564.0
53.4375,0.6817157195515655,2.5220291316372863,0.4660327169303687,27.312347021885532,0.8370530860048774,42.11213956615441,2.851609786264131,564.0
53.447916666666664,0.6656459605954482,2.37913972578087,0.3980819335250502,28.372375493649226,0.8640713322344715,50.61755148430152,2.8961279117422425,564.0
53.45833333333333,0.6942935591090665,2.2911270098954253,0.3526030056397029,29.406268959802393,0.8900261673095213,58.29616074508396,2.9381953667242353,564.0
53.46875,0.7258368532831159,2.219205570966304,0.32059254435716883,30.3846242344559,0.9136422595847172,63.074992634563856,2.97390059335402,564.0
53.479166666666664,0.7291871570673907,2.1380388411641356,0.2953842746850798,31.301648044858982,0.9345115793086941,67.61012999493408,3.0084795675917544,564.0
53.48958333333333,0.7772645276600445,2.099267743140238,0.2763588610316081,32.07335531155648,0.9508090677757907,66.86829960830052,3.0254947920784225,564.0
53.5,0.8198653849824435,2.060849402485406,0.2617071074908145,32.72795347968276,0.9634651403589246,66.23883441572102,3.033982010225753,564.0
53.510416666666664,0.8301276628566406,2.0075768881635048,0.24895987711237866,33.284659339109815,0.9731145167309027,66.98413764865708,3.246303833953611,564.0
53.52083333333333,0.8694872714438684,1.9756980029911835,0.2381984108707088,33.71782384149904,0.979623688411322,64.96000887696783,3.2449927632474047,564.0
53.53125,0.9004011084554734,1.9423417844891036,0.2294323730144591,34.049941335495994,0.98367334098024,64.0630711911246,3.2447342107668553,564.0
53.541666666666664,0.9077189054731354,1.9023205068810396,0.22162430975935704,34.28714084839376,0.9855867940354018,63.89528175790542,3.244801658329566,564.0
53.55208333333333,0.9322070912157162,1.8746410926178847,0.21480092705534218,34.42673855650805,0.9856186603875741,62.15593913131396,3.030356696345323,564.0
53.5625,0.9529108652898443,1.8504478492687644,0.20892103464514009,34.47868926664449,0.9841666335147252,59.64280202194415,3.0183651217464713,564.0
53.572916666666664,0.9529642587326829,1.818764805433634,0.203848266881289,34.452345338487866,0.9814574909730667,58.652314049709254,3.0084318051782426,564.0
53.58333333333333,0.9623703525647102,1.7956065013036402,0.19854296518776032,34.361669394974676,0.9780183713653139,54.19431355758223,2.9865532064409397,564.0
53.59375,0.9578094712672275,1.764878213846747,0.19393506430753168,34.21527684676224,0.9739251851864644,51.22049625409266,2.963680678352813,564.0
53.604166666666664,0.9441286674305718,1.730266740150977,0.18968372212642468,34.01518671139377,0.9691921928938282,49.21463923117649,2.9436896599353086,564.0
53.61458333333333,0.927877905896922,1.6960913490429022,0.18568376493927008,33.7644636320383,0.9638533624810385,47.54462368729588,2.926738637860793,564.0
53.625,0.9122171952090452,1.6670261021288302,0.18233533748138142,33.46685437482131,0.9579147623864871,46.12524619463024,2.912858023081166,564.0
53.635416666666664,0.8998947518458438,1.644958018046394,0.17967892433549373,33.13052305270583,0.951428653985927,44.627897468857284,2.9005804203822363,564.0
53.64583333333333,0.8799479953176601,1.6235215076955805,0.17746458638983675,32.759005531984776,0.9443339848092474,43.46039356891674,2.891012640383913,564.0
53.65625,0.8575841790248422,1.6059830052888988,0.17575006221073705,32.361281560786125,0.9366750601405044,42.321182256568555,2.882913832914596,564.0
53.666666666666664,0.8425747682015358,1.5947840321905637,0.17463317860602176,31.94466178741049,0.9284860541044968,41.228437504059066,2.8758671168382657,564.0
53.67708333333333,0.813012023485233,1.5799391690895783,0.17361143945824156,31.513265753234126,0.9197738395235016,40.35024948790775,2.870403639053143,564.0
53.6875,0.7777397800719966,1.5651148221810618,0.1727650167134099,31.074683343939366,0.9106565722974499,39.50296803394018,2.865606765280944,564.0
53.697916666666664,0.7556351258938813,1.5565307294361215,0.17234591938071944,30.633610494879882,0.9012348553174039,38.73346756947731,2.861491549130037,564.0
53.70833333333333,0.7080539181588892,1.537779182391343,0.17155446959324167,30.195437553399305,0.8916559815020608,37.99991307933152,2.8577751954158637,564.0
53.71875,0.6604330959327034,1.5167138566887772,0.17077752482664874,29.759464694589678,0.8819536382351368,37.688342855266704,2.856282495405819,564.0
53.729166666666664,0.6333280229254443,1.5042464281349979,0.1702620266866614,29.33623957518463,0.8724231025451409,37.433421596323385,2.8551343625631995,564.0
53.73958333333333,0.6017019841858978,1.483534055729116,0.16989029479627463,28.90279267402853,0.8626112502938827,39.55491959249577,2.865274781378235,564.0
53.75,0.5845536438336535,1.471369412092732,0.169569255582622,28.48598596376176,0.8532072011474432,42.86287621985198,2.8807166444269328,564.0
53.760416666666664,0.5789958339166633,1.4693383673514633,0.16950411621133726,28.11154256382315,0.8448910661905229,45.60721742770243,2.8952472758902226,564.0
53.77083333333333,0.5715092819793489,1.4608391524823643,0.16994072245649672,27.762698692982813,0.8374278232953947,51.478335687322925,2.9232757806213936,564.0
53.78125,0.5755094616780959,1.4632326123643626,0.17068869071116635,27.47058718569194,0.8316867408790907,57.797012608807194,2.957876349208078,564.0
53.791666666666664,0.5845290287479892,1.4751657864838148,0.1717133841114283,27.255716319940007,0.8282640751126547,62.153341039149396,2.99007861698788,564.0
53.80208333333333,0.5962584582826718,1.4852903392128585,0.1735049900509162,27.109649696216106,0.827277807172962,69.51163434094663,3.248731953518437,564.0
53.8125,0.6185327754505641,1.5080015045903994,0.17536048047737232,27.041942345089083,0.8290083223124358,73.65757539485934,3.2459606643419305,564.0
53.822916666666664,0.6340639111762449,1.5273715724169583,0.17725289519251805,27.041648455648595,0.8333407764884799,77.19623841760547,3.2440309934983147,564.0
53.83333333333333,0.6549812219148372,1.5484875369192994,0.1788222885467346,27.095776354626796,0.8399011523813926,78.3956554297037,3.2421025907407666,564.0
53.84375,0.6736821642190782,1.5645755246348814,0.17992777041660596,27.190704265124435,0.8482955647098656,78.65583913703168,3.240628510829468,564.0
53.854166666666664,0.6821861432284707,1.5700451682550187,0.1805518476621564,27.318526348756592,0.8583836259423514,80.05894158173105,3.2399759206137535,564.0
53.86458333333333,0.7049928065293022,1.5849924561009892,0.18021531786202435,27.45613538878758,0.8687232341530078,74.69401563393433,3.2375591697531023,564.0
53.875,0.7169804303414258,1.5864073807429004,0.17940983773609728,27.60010585027975,0.8792956689721646,71.05823528449028,3.2366479859698893,564.0
53.885416666666664,0.715807607018653,1.5735084676879414,0.17809678942192483,27.752294357407308,0.8903262699978237,70.24030206936709,3.236988916931919,564.0
53.89583333333333,0.7291064119434664,1.5694014420539404,0.17617723058755536,27.895985543438265,0.9006393428878999,65.13907105109594,3.235984968899647,564.0
53.90625,0.7380111750541241,1.5592310487201912,0.17436752873369102,28.03557085219876,0.9105553399089487,62.14690782315395,3.2363858118575277,564.0
53.916666666666664,0.7381042775979187,1.5431280658744106,0.17247366190991686,28.172783552343517,0.9201622297303186,60.610306966478085,3.2374857312393623,564.0
53.92708333333333,0.7530692486896976,1.5373853360599785,0.17064951503705114,28.298426888377485,0.9287684193824391,56.76304884772311,3.2379009120049567,564.0
53.9375,0.7657746357356229,1.5313529748502805,0.16913264571856285,28.41476706830297,0.9364851595108566,53.50089449368887,3.017867197859222,564.0
53.947916666666664,0.7687999541735218,1.520938024009472,0.16777618764652763,28.52512511206149,0.9434646367802336,51.45277349585566,2.9918869811720556,564.0
53.95833333333333,0.7811353176495168,1.5185222422178664,0.16646866650934372,28.62257306735199,0.9492204515202505,47.418657233356036,2.9601819329963126,564.0
53.96875,0.7897437514582852,1.5148226690997395,0.16545804201304803,28.710615391134795,0.9539483340305486,43.84198939400979,2.927619497833182,564.0
53.979166666666664,0.7910809789474573,1.5076991244538929,0.16458960162112493,28.7920805725595,0.9577583475796827,40.973331282379434,2.898364200335765,564.0
53.98958333333333,0.8045659052078271,1.5098229044564335,0.1636609850956058,28.860036044550235,0.9603554433686918,35.96221984200486,2.8612148598643246,564.0
54.0,0.8137489674576986,1.5095204245982823,0.16304563131397004,28.918941132655686,0.9620057419579563,30.673384945320084,2.8264839525194274,564.0
54.010416666666664,0.8156427572141727,1.5050996804141759,0.16254220802720876,28.971437651034723,0.9627983302972916,26.78191693805428,2.825568029721834,564.0
54.02083333333333,0.8271651784366678,1.5075023165994417,0.1622683883578764,29.015595858161458,0.9627087398512749,24.979613034031882,2.8259469362854683,564.0
54.03125,0.842356450327443,1.5141843093997922,0.16259221583689268,29.052888616109357,0.9617255766081166,24.291637542468273,2.8271327851158246,564.0
54.041666666666664,0.856073494913411,1.5249000995443347,0.16324574852352813,29.082072981632287,0.9598195280171965,23.92297532507276,2.828266779072916,564.0
54.05208333333333,0.8847830029677355,1.5469877571819473,0.16487753496263846,29.102818153171842,0.9569038202254829,23.82191290135226,2.8297672973624994,564.0
54.0625,0.9227782783838091,1.5806268768906018,0.1673080806347826,29.113660171336928,0.9530399546030972,23.6250962064494,2.8309372762854688,564.0
54.072916666666664,0.9560382618629186,1.6185461517322108,0.17044604937376573,29.114126531951406,0.9482411766937311,23.403924585944345,2.8322914136854234,564.0
54.08333333333333,1.0022344324411359,1.6676182414066894,0.17451794308480703,29.103957989588597,0.9426753342818974,23.04329574774249,2.8335721854979736,564.0
54.09375,1.0530273177158398,1.7239761669995814,0.17957679395001963,29.08303230307871,0.936397480648056,22.673380472628548,2.586033392526939,564.0
54.104166666666664,1.0989414619561992,1.7827909340611048,0.18540314047628093,29.050898576632534,0.9294569376731808,22.36191160654156,2.56598740093657,564.0
54.11458333333333,1.1597761443466013,1.852729673432567,0.19232218000017048,29.008271599872756,0.922135659778182,21.948142730864827,2.545094789680594,564.0
54.125,1.2271773038691702,1.9306315285631506,0.20059163753779405,28.954888312175076,0.9144885465438564,21.5291888980807,2.5247052323142833,564.0
54.135416666666664,1.2907015452983757,2.011649450934142,0.21007328878013923,28.890156461099824,0.9065670716316166,21.15666547630951,2.5056746405606276,564.0
54.14583333333333,1.3701426316822838,2.104617059831711,0.22087649849418725,28.818098751619846,0.8989088224779446,20.562831456053615,2.4829688015211344,564.0
54.15625,1.4534556015299787,2.2035173781668465,0.23349388248654027,28.739257016931145,0.8915358414489727,19.863614335974088,2.458181272722636,564.0
54.166666666666664,1.5305501480376245,2.30226054228674,0.24811233145435346,28.650986506781752,0.884226625812194,19.216472510310293,2.435048734866572,564.0
54.17708333333333,1.621271521767821,2.410821063254952,0.2641792058240346,28.561510311682067,0.8776213899090551,18.358794132871626,2.4211479969957965,564.0
54.1875,1.7132888921471643,2.522064370472443,0.2833267307266863,28.467456642261716,0.8713862694367823,17.56511210502647,2.4209259820469033,564.0
54.197916666666664,1.8017914966152124,2.6334084453242648,0.3055136887177269,28.366718878927013,0.8653763074341783,17.020234107641635,2.421262313567142,564.0
54.20833333333333,1.9038437641852952,2.7537001033018043,0.33092741069843673,28.264991508151763,0.8598994255290251,16.61928470374357,2.4210956167879414,564.0
54.21875,2.010224781039305,2.878901375849655,0.36133221681143046,28.161148077429008,0.8548341471492972,16.336832453284806,2.42120013787419,564.0
54.229166666666664,2.1140902581772028,3.0050054634042054,0.3975132970371849,28.053150722058593,0.8500549023763924,16.165673406088708,2.4216189345440844,564.0
54.23958333333333,2.2241227292259165,3.13747914068974,0.43866449471775193,27.950432033550797,0.845915799514086,15.983152397219577,2.421226785184846,564.0
54.25,2.3308691590870483,3.2696142750904986,0.4881757402721984,27.84977251397055,0.8422022994900592,15.823195056160186,2.4213214878266567,564.0
54.260416666666664,2.434738244358721,3.3990298649498274,0.5471172062615761,27.747598250815226,0.8387456832586357,15.722548411831134,2.421898212604439,564.0
54.27083333333333,2.5299501357422907,3.5250129106174426,0.6192549566604169,27.636175417881052,0.8353016398523829,15.74328988993761,2.4232631489464285,564.0
54.28125,2.62240130421051,3.651614059271837,0.7075678812505303,27.510678200374073,0.8317905272374826,15.923246447670452,2.424977174114157,564.0
54.291666666666664,2.7331468128080507,3.789043754363583,0.8069772918260933,27.38637587940484,0.8286605133632282,16.108020507794357,2.4252217415508808,564.0
54.30208333333333,2.8030510743920356,3.9132695337636694,0.9405767336979445,27.235689700242162,0.8252851700851036,16.587561718344315,2.4279028147146304,564.0
54.3125,2.8404398928882233,4.035232160023441,1.0856142800835944,27.078964778660563,0.822218552205778,17.21626268018207,2.428726565137085,564.0
54.322916666666664,2.910816246730511,4.169086900876377,1.2429815885123134,26.933190705273162,0.8197491032251365,17.712631764716537,2.4282504921937336,564.0
54.33333333333333,2.7801158333907585,4.233165316863644,1.4137297230116355,26.780836665308676,0.8175719409173965,18.465298732858233,2.42998668746265,564.0
54.34375,2.5871956654436445,4.263339610997225,1.5645932428850216,26.640192209471543,0.8160050549445332,19.35220176749725,2.4306438028952027,564.0
54.354166666666664,2.4974976692371285,4.313322716136137,1.6998891267432283,26.528556240913044,0.8152543751022322,19.960238115154205,2.4299869027340084,564.0
54.36458333333333,2.2033396950156323,4.24169131434371,1.795139816121561,26.43800928492457,0.8155367622485804,21.339148956633384,2.443028661178749,564.0
54.375,1.90242649648189,4.1148716206065465,1.790426959716447,26.40614669338527,0.8176296377559094,23.838236246847774,2.4884099759186222,564.0
54.385416666666664,1.7251506748595191,4.008392988891229,1.7226554295925796,26.458175443940974,0.8220658614392906,26.920530319440616,2.538532359618044,564.0
54.39583333333333,1.5121979430011492,3.8428018780187942,1.595837071758732,26.62245843056602,0.8299546315839983,30.519233680272176,2.6010906559271287,564.0
54.40625,1.3696435176640722,3.68135115574764,1.4193085861953512,26.91050783074391,0.8415185173548702,32.980796494969326,2.8450886733712086,564.0
54.416666666666664,1.262579098090207,3.527425928582437,1.2347828001282921,27.32625996744603,0.8569033008812741,34.65941564156857,2.842109342357397,564.0
54.42708333333333,1.2079637193469728,3.391468906735717,1.0586803575204813,27.849472801857285,0.8753590317517952,35.40652858362028,2.839584353816171,564.0
54.4375,1.167375248974075,3.260500995415516,0.9015813271612252,28.458696034542026,0.896073196814524,35.70681224021044,2.8377166032968826,564.0
54.447916666666664,1.1146334062459227,3.1280218821919457,0.7710327649760801,29.14361969535653,0.9185156336929735,36.251162270648834,2.837566244642308,564.0
54.45833333333333,1.1149522414773587,3.0358960932734127,0.6707327268231918,29.84072769637238,0.9403934730782433,36.75683635781097,2.8467372497976022,564.0
54.46875,1.121319084196505,2.9557498023993536,0.5970305578992693,30.53940913927449,0.9611980596450311,38.98857146559517,2.8593592982522864,564.0
54.479166666666664,1.10348934894722,2.8708177035394407,0.5395383444283526,31.23974527624342,0.9807126156779047,41.929238592521756,2.873482493460325,564.0
54.48958333333333,1.1474130787362669,2.8268266662778427,0.495519707471993,31.87708982453235,0.9970811581766451,42.072610434239905,2.8760447535025992,564.0
54.5,1.1929737047188993,2.788797042605503,0.4632979171895404,32.46529951440383,1.0107820728120769,41.34895502403585,2.8737625410898295,564.0
54.510416666666664,1.204472154950599,2.7405627659478684,0.43685073634490607,33.01426298087545,1.0220963636749412,40.976275324138555,2.8721226654414225,564.0
54.52083333333333,1.2676609162400847,2.7266980287974136,0.4146216739882437,33.46614678495821,1.0300912142570051,37.61478343807563,2.8558414150185776,564.0
54.53125,1.31879752931097,2.7118784113359795,0.39814176725559913,33.847080279161034,1.0356501123207844,33.26610838686275,2.832703896225216,564.0
54.541666666666664,1.33149223070899,2.681215699307618,0.38460407914923755,34.18435089639186,1.0393656993635638,29.737830491005482,2.8286045206174038,564.0
54.55208333333333,1.3725596994374225,2.6703365266741272,0.3713426043336849,34.44573360729575,1.041141749876063,27.10172086711313,2.8272813208117404,564.0
54.5625,1.3984624054448263,2.6519778564976755,0.3622931265115228,34.66663614540905,1.0414988221233104,25.932496638752333,2.827964114364466,564.0
54.572916666666664,1.4077625142885775,2.6309684656254966,0.35435680829042854,34.848380925718,1.040489410811684,25.397388829749975,2.828904609397568,564.0
54.58333333333333,1.4437980525050809,2.6218046078817903,0.34902701103217737,34.99283177960986,1.0380967801814311,25.245046032987588,2.830156948519837,564.0
54.59375,1.4929264412949308,2.626343690348921,0.34661581043762335,35.09792371335894,1.0343091596856098,25.222747484179543,2.8313456944424376,564.0
54.604166666666664,1.5298595421441625,2.6372201647103046,0.3463250806325842,35.16216897827245,1.0292198959762282,25.10400938549205,2.8322840722084366,564.0
54.61458333333333,1.585910540643911,2.6576545644908283,0.3497211623351163,35.187479838148576,1.0225764335738552,25.397684290141278,2.833826374267355,564.0
54.625,1.6536503991039246,2.691848059167147,0.35583859924457883,35.17112871960188,1.0144938096319094,25.733073395410624,2.834805226695882,564.0
54.635416666666664,1.7096969150968053,2.732210823923174,0.36400955467872104,35.11472977746551,1.0052922968114786,25.816093077391013,2.8352326346711023,564.0
54.64583333333333,1.770495962441597,2.779724562908824,0.37427801252232723,35.02283177164923,0.995318072573581,25.63046648765049,2.835432065976735,564.0
54.65625,1.819909172005849,2.8298422106579544,0.38625088303050875,34.90218169280567,0.9850056423610225,25.149665564207094,2.8355117244754515,564.0
54.666666666666664,1.8569798277943836,2.8766135659674914,0.4008117587446336,34.75209922223117,0.9742000482878067,24.845368451010906,2.836267752132911,564.0
54.67708333333333,1.876505514972575,2.920911044931919,0.41411352226305054,34.58541326030544,0.9637325682795003,24.14082429448263,2.598735312846459,564.0
54.6875,1.870098415186644,2.9541878458643267,0.429147886289078,34.39629814576676,0.9531655202026638,23.6475685941814,2.582804787315462,564.0
54.697916666666664,1.8719684189897634,2.9876673635436113,0.4448779760878725,34.18546634502123,0.9425803907633141,23.317579702787977,2.567930149517322,564.0
54.70833333333333,1.8291975858410867,3.005052844046943,0.45870602168633984,33.9538701621536,0.9320617576868679,23.079034738397596,2.554399983933332,564.0
54.71875,1.7735154552902181,3.014200393287316,0.4711293234720205,33.702396894261916,0.9216740178394748,22.916602271546722,2.5427263417338666,564.0
54.729166666666664,1.7436546076363413,3.0285353649489326,0.48324610264889384,33.436326175250045,0.911623639418622,22.735921288802558,2.531811957704679,564.0
54.73958333333333,1.6847522116956481,3.0247963394117585,0.4937934070392073,33.14410767597647,0.9014917073019401,22.924813007199276,2.527996873731445,564.0
54.75,1.6304795872900735,3.0163521932795625,0.5001369826484748,32.837943058577956,0.891715141224407,23.211471956090218,2.52767133478182,564.0
54.760416666666664,1.6016406366908624,3.01421138388857,0.5043281262792876,32.53391345238713,0.8827208782454077,23.346108143190175,2.5273281710770874,564.0
54.77083333333333,1.5518121593455796,2.994918932274575,0.5068019442272657,32.222080173525214,0.8741352596276132,23.893355359258976,2.5348815430011613,564.0
54.78125,1.5105939669133204,2.9737237890619297,0.5049565041227783,31.922581715872962,0.8664400473037627,24.56630427851513,2.546119508697073,564.0
54.791666666666664,1.4884950063347857,2.959612463903057,0.5011539367305536,31.655865200447874,0.8600276917350027,25.016355260184746,2.5565813428761595,564.0
54.80208333333333,1.450040534314191,2.9304537654477474,0.4972287160093673,31.41528915423012,0.8546332393455429,26.048480991754424,2.5762872557462466,564.0
54.8125,1.4217848445314114,2.9025232982809697,0.49081721428674957,31.220177204683687,0.8506250821028994,27.334828122672782,2.6016312484486663,564.0
54.822916666666664,1.410269001466012,2.8855756380242927,0.48333221308381524,31.086526414951614,0.8482515788237639,28.168371038141107,2.84112750510536,564.0
54.83333333333333,1.3950625000150951,2.8591401132194054,0.47951384119441276,31.00906019055386,0.8474016469778131,30.059263809286062,2.8408098836115214,564.0
54.84375,1.40546841060041,2.8500188164179123,0.47491732295367944,30.996853183129744,0.8482187996942624,31.593707114692553,2.839395035742871,564.0
54.854166666666664,1.4173184855830148,2.848195507727572,0.4715035800177993,31.040456542188288,0.8504873571547,32.515169516105985,2.837881440363458,564.0
54.86458333333333,1.4402102023581596,2.8561875591280765,0.46915870523479447,31.122057153442857,0.8538032106416859,32.615832059274055,2.8361347928773286,564.0
54.875,1.4580563830002047,2.8632177994534946,0.46813110340858727,31.225182259831655,0.8578348440767476,32.495616056417326,2.83487675672964,564.0
54.885416666666664,1.4640452751431747,2.8630007251121814,0.46742164844106515,31.338202569734285,0.8623852908556159,32.66040058541214,2.8342753715736633,564.0
54.89583333333333,1.502375195091751,2.8818607054863934,0.4652208803204205,31.440863350982344,0.8668214055278857,31.44429387767681,2.832228100805036,564.0
54.90625,1.5411584960050655,2.8994975850848816,0.4651137024446542,31.529930450798126,0.8710880555479948,30.18462128492747,2.8310620163604487,564.0
54.916666666666664,1.5569530947098067,2.9031093874780565,0.46570416670321574,31.606752437030362,0.8753236786855657,29.753526531857947,2.8311210178498176,564.0
54.92708333333333,1.6112814812339116,2.927656358053756,0.46415604700307295,31.662696972177496,0.8790219783696687,28.169500755079284,2.8294790000342163,564.0
54.9375,1.6568027727978576,2.9457883130970233,0.4662957998126447,31.70416208418138,0.8824735645955107,27.120885511258663,2.8294926064885817,564.0
54.947916666666664,1.6835030308824799,2.9557551229212295,0.4686053223469618,31.73260865336085,0.885742768707087,26.646703559918375,2.8300964941593385,564.0
54.95833333333333,1.7431701506343202,2.9821596201996354,0.4722726586453841,31.74788906129314,0.8886690553739003,25.966210587690497,2.8301782603383954,564.0
54.96875,1.8097856925061402,3.01619939377901,0.4793438644186051,31.751967960521558,0.8912725372621016,25.297092998321954,2.8306349262790618,564.0
54.979166666666664,1.8573373845873116,3.0465536436338865,0.48870960706689476,31.74611342742743,0.8935944685669888,24.897258847234543,2.8316441074502383,564.0
54.98958333333333,1.9352552646378083,3.0960961978180648,0.4983065025375028,31.73294699277687,0.8954072622949513,23.771945778922607,2.831510664255459,564.0
55.0,2.0060003973472593,3.1447473110918285,0.5124875951303444,31.714010085104704,0.8968519753981251,22.711162287759628,2.832839304378403,564.0
55.010416666666664,2.0551338080460093,3.1845911770052155,0.528985726508444,31.689123243489853,0.8980007283419433,22.04960610400146,2.5762528183013385,564.0
55.02083333333333,2.124094530232455,3.236911706961438,0.5443597318455088,31.66197118098547,0.8987531160811908,21.020150202936424,2.537533421106696,564.0
55.03125,2.186451181434706,3.2879265384095575,0.5640959846531003,31.632241512798537,0.8992003896896806,20.035194971346264,2.4976237984509955,564.0
55.041666666666664,2.233724488570892,3.3325048152911925,0.5865762550034933,31.598725258577158,0.8993676725852049,19.2748154359071,2.4608401093096166,564.0
55.05208333333333,2.2959897078980425,3.387323210085568,0.6084368854266075,31.565357604897542,0.8992573199688678,18.330721553583338,2.4218727988929687,564.0
55.0625,2.3543801915209253,3.441972738961671,0.6357456518623085,31.530681250308934,0.8988981280993891,17.39997745348037,2.419756353123953,564.0
55.072916666666664,2.4041150367695656,3.49332703292295,0.666304226765379,31.49365459107123,0.8982714814620935,16.700249242403505,2.4201794925283227,564.0
55.08333333333333,2.4662389236314026,3.552966612050794,0.6984627049048204,31.45706429882539,0.8974242003059735,16.178443308750545,2.4200480857250217,564.0
55.09375,2.529668588381725,3.6154073503504423,0.7365684300413219,31.42008563992035,0.8963469277508551,15.825587337131962,2.420322625627376,564.0
55.104166666666664,2.5873396804811803,3.676373826961954,0.779376829938625,31.381860587736153,0.8950020802439155,15.61745108997444,2.420953705715234,564.0
55.11458333333333,2.6572562897003285,3.745355534029397,0.8246033828809055,31.34549124957129,0.8935007301276356,15.449236774142253,2.420922361933439,564.0
55.125,2.7277035537264624,3.8161572419192153,0.8771559955365072,31.30986593394137,0.8918124486041192,15.329921561031616,2.421352982878994,564.0
55.135416666666664,2.791839894798879,3.8843921464053883,0.9352986145398121,31.27393534200939,0.8898790428083112,15.270130405705121,2.42221518588179,564.0
55.14583333333333,2.8616045181198837,3.955935993291934,0.9977575977439825,31.238726614986142,0.8877426664184773,15.242410880750551,2.4229546678700533,564.0
55.15625,2.9306874183921927,4.0278492873489755,1.0674642064476427,31.20307358548545,0.8853118496146933,15.25878956452586,2.4241411282740724,564.0
55.166666666666664,2.998099390753605,4.09964660320863,1.1403371729325598,31.167884799203605,0.8826175654460154,15.2974959341489,2.1980506684727543,564.0
55.17708333333333,3.066678004594326,4.1723885191788925,1.220895501121417,31.132136222332733,0.879536945456732,15.370117662438368,2.187539790446741,564.0
55.1875,3.1410265493749785,4.249292233565265,1.3047117908426846,31.097778405824467,0.876194221701925,15.441781871779847,2.1765730916398827,564.0
55.197916666666664,3.2117603064702034,4.3249955615892945,1.3931230978749678,31.06479401023471,0.8725627855561401,15.51062353655329,2.1659822750253777,564.0
55.20833333333333,3.286935182416955,4.403036177717997,1.4837282493757504,31.034644859688804,0.8688010183040786,15.553216576082697,2.1535144200799854,564.0
55.21875,3.3591302791872146,4.479190387152215,1.5787870403750206,31.006663761418128,0.8648387359308416,15.584537689283614,2.140942753527836,564.0
55.229166666666664,3.425010118610412,4.550859596013896,1.6750752230420995,30.980559352450978,0.860623076054505,15.615079745128929,2.129014326041909,564.0
55.23958333333333,3.490450434625091,4.62100157967609,1.771557913655509,30.95652975955165,0.856166660397764,15.645490264496376,2.1174700579798253,564.0
55.25,3.5542740254944687,4.689381966740051,1.8681435577578962,30.93456444569255,0.8514471640457926,15.678070216891829,2.1066198299105885,564.0
55.260416666666664,3.614556204778162,4.754791045138764,1.9628152696151788,30.914866458915327,0.8464890718377224,15.709842663568965,2.0961449340090703,564.0
55.27083333333333,3.6585424290811885,4.810675320865719,2.069311895109898,30.894224454371454,0.8402023738984146,15.820324281673324,2.0981804135144,564.0
55.28125,3.7043874779668124,4.868351411627834,2.1797731885513647,30.874222272137132,0.8323195605542488,16.027020889605772,2.1119728513531664,564.0
55.291666666666664,3.772165539350261,4.939780902976994,2.28171460915569,30.859128378198317,0.8240147436352644,16.227343573540402,2.1226752762793595,564.0
55.30208333333333,3.796947846722588,4.995856402764258,2.418619443573752,30.846445883410585,0.812437533904342,16.70214200323974,2.15834146725192,564.0
55.3125,3.8148184231447435,5.060717489857441,2.546864464154535,30.84122721368289,0.7992938712664648,17.34026758784805,2.19513214487068,564.0
55.322916666666664,3.862494587367052,5.13779426639595,2.6729057021639178,30.84315742443862,0.7857358765858237,17.909360877502543,2.22433187724655,564.0
55.33333333333333,3.7219649590863773,5.149855124504462,2.7916455796957456,30.850908734263886,0.7702999393450431,18.64101969746512,2.4354771824427295,564.0
55.34375,3.5181168518648636,5.12768756025041,2.87405962876385,30.861607033628022,0.754205787342809,19.42740217189693,2.4346116396909125,564.0
55.354166666666664,3.400045996157898,5.119918144167703,2.93202499829872,30.871491312510788,0.7390154179729372,19.98307098566007,2.4331590260219733,564.0
55.36458333333333,3.0885067100504227,5.005319853580056,2.9330025944888924,30.881106248795305,0.7234943616692024,20.964635846388276,2.434506477603894,564.0
55.375,2.7461789435609036,4.832243683474579,2.8321002085912803,30.895093988484103,0.7103321743897327,22.040859597625154,2.434598636432632,564.0
55.385416666666664,2.50909251269135,4.672827834173927,2.670203362098471,30.926520098910427,0.7015401545497854,22.7705884444575,2.448003458495885,564.0
55.39583333333333,2.2271599347750093,4.457889400393771,2.4477097955660794,31.000016902455314,0.6978440089130512,24.59889252576383,2.4892272243678257,564.0
55.40625,2.0108375161182908,4.243109231307372,2.173566559566164,31.1393206807569,0.7006292506606627,27.278051832377713,2.536172141650757,564.0
55.416666666666664,1.8465646720093478,4.047960038216197,1.8907891563136063,31.361581750712908,0.7100454229268742,29.575784932805615,2.5827829121905297,564.0
55.42708333333333,1.7461509355791007,3.872010059043229,1.6196448132358332,31.6751709705419,0.7256616067804672,31.274639707733623,2.8465819263929624,564.0
55.4375,1.6860318697752907,3.7209611964981777,1.371390835772686,32.06154961230513,0.745798179376819,31.884077974870934,2.8430642492818694,564.0
55.447916666666664,1.6073596239652916,3.5702083708638814,1.1599758363497716,32.51928474941219,0.7698909241278661,32.53184912876852,2.8411315957104453,564.0
55.45833333333333,1.6027233971809418,3.4726250988658993,0.9912156558810248,32.985200805446425,0.7943670069775629,31.58568317825149,2.8381110974155312,564.0
55.46875,1.5978085936157753,3.384509023867427,0.86603147263346,33.45465559306855,0.8188917919232811,30.607692375097432,2.8365394917850946,564.0
55.479166666666664,1.560906425306037,3.2879689467438533,0.7685919545317511,33.93494600799543,0.8437988920207063,30.359514661194844,2.8362140982953896,564.0
55.48958333333333,1.5851154807830021,3.234097046747997,0.6894394361306292,34.35647595587833,0.8654657789653485,28.641022266799045,2.8340082992274422,564.0
55.5,1.5979878311307727,3.1791369881200295,0.6313816469511904,34.741555089435046,0.8850501272445785,27.166194258305406,2.8335092365804577,564.0
55.510416666666664,1.5776815965935966,3.111343756225576,0.584278354662419,35.10964158510306,0.9035087871481182,26.499947389549508,2.83432612072621,564.0
55.52083333333333,1.5950151061125035,3.064784602732117,0.5437163774631552,35.43350498070784,0.9194433174384004,25.488956640430718,2.834363096108698,564.0
55.53125,1.612701607966869,3.0206741496824114,0.5131357442940285,35.73221313990865,0.9337664624973815,24.843499325211265,2.8356875514474402,564.0
55.541666666666664,1.612080046950619,2.976282246559321,0.48745312305766175,36.005056420268396,0.9463868899358785,24.440864905721867,2.6061436028273164,564.0
55.55208333333333,1.648703520297402,2.9508014380550383,0.4675814839774399,36.24627978391512,0.9569975668528573,24.000790811536163,2.585724438106155,564.0
55.5625,1.6965088044118755,2.940421171525122,0.4530990847978209,36.45133574179919,0.9654117281573639,23.354355814755166,2.5628397528038844,564.0
55.572916666666664,1.7186684417997866,2.9275279621061,0.443212484358154,36.629024887593026,0.9720145922960297,22.867801815019654,2.5422324001409247,564.0
55.58333333333333,1.7635597057151942,2.9315107850058877,0.4347505296131611,36.767323694419225,0.97645980859441,21.9361557170066,2.514155903071606,564.0
55.59375,1.797464000189085,2.9344808845268884,0.43103239035496804,36.880259055345796,0.979348054914833,21.11801802937047,2.486981460777238,564.0
55.604166666666664,1.815048207690451,2.9349360203370716,0.42910365950330936,36.970748819171014,0.9808075643909985,20.446154203757448,2.4620567318729303,564.0
55.61458333333333,1.8343800869186468,2.9345659266831365,0.4305837766491999,37.04379367075189,0.9808294599765903,20.135802413994508,2.4469630388335917,564.0
55.625,1.8667909777637972,2.947246105683193,0.4344475426641921,37.09335631308299,0.9791852101621372,19.938879352827122,2.4381256141421845,564.0
55.635416666666664,1.9013071448277128,2.972510621730195,0.4406489424848578,37.11605740866562,0.9759345640181726,19.62895126913107,2.430024088163941,564.0
55.64583333333333,1.9351406759953558,3.001860573178062,0.4524532767891879,37.11201678271879,0.9708626567864806,19.47305564223924,2.429361339744442,564.0
55.65625,1.9723810239533683,3.042980919400323,0.46720249767146194,37.07957841296763,0.9641839018756679,19.400805269738832,2.430411558300517,564.0
55.666666666666664,2.010480976239481,3.0913375064180513,0.48572870401612794,37.01969660471771,0.9561636292818189,19.392059151673063,2.431433642075887,564.0
55.67708333333333,2.026423136136066,3.1338858966706113,0.5081084969585696,36.929656820506736,0.9466876228714983,19.585690211677868,2.4364681863951696,564.0
55.6875,2.0253537557190646,3.1731270215456675,0.5331427695356844,36.80663394393044,0.9358695952225071,20.062029466979673,2.445614766243255,564.0
55.697916666666664,2.040917922122882,3.2205717901725093,0.5599479364910058,36.654158612357726,0.9243653059538486,20.627882683421774,2.4539797372151453,564.0
55.70833333333333,1.9920502882013995,3.241800880989178,0.5893885422607417,36.457634026047124,0.9115508409754061,21.70056586162006,2.471785710975501,564.0
55.71875,1.9395516181044918,3.260315508344162,0.6165456943502675,36.22059750656216,0.8982318688844552,23.079615778961372,2.4935989288838614,564.0
55.729166666666664,1.9240508701441357,3.291489151170111,0.64382379954611,35.95444249734386,0.885371617159686,24.250451563914744,2.513801281389149,564.0
55.73958333333333,1.8858782220574748,3.3007715052609723,0.6736639567154935,35.63683756105711,0.8723173996739744,26.16472672245717,2.5465946601009417,564.0
55.75,1.8691157891652779,3.312352378462142,0.6965151047879896,35.28803542910888,0.8603824782828938,28.151745413108152,2.58343990477684,564.0
55.760416666666664,1.873960336197754,3.331746955183902,0.7152046334691137,34.93310805031751,0.8505494599046679,29.505523218195314,2.617583691647155,564.0
55.77083333333333,1.8727031643131598,3.3388808733891318,0.7323480604546504,34.569956973435666,0.8428290638715084,31.11637171192889,2.8432613902815476,564.0
55.78125,1.880777883784708,3.3467789667059034,0.74246903362921,34.22162290355847,0.8377449017709532,32.30394687619691,2.8413418587114734,564.0
55.791666666666664,1.8887979355642903,3.3532474475489225,0.749352965014811,33.897218899931204,0.8352546259138384,33.12605659078673,2.8397697793464927,564.0
55.80208333333333,1.8999820231145392,3.357017502955027,0.7527254147871305,33.59984389813513,0.8350928677272933,33.733304336277016,2.8385252325262456,564.0
55.8125,1.9161575758235585,3.361321255890952,0.7516804731648775,33.333759910525025,0.8368209570730499,33.81845028111458,2.8371491240848923,564.0
55.822916666666664,1.9201740993163308,3.3574652089940344,0.7493623929765315,33.089687412724366,0.8399993659688968,34.08758739972759,2.836464361666332,564.0
55.83333333333333,1.9439046304454188,3.3625138198251663,0.7413566897962562,32.87569590757079,0.8439567865149834,33.32661706075799,2.8348203554493616,564.0
55.84375,1.9591456070568014,3.3599107192793802,0.7332416203235071,32.68092022082424,0.8483453372971459,32.671163258663,2.8339825292403913,564.0
55.854166666666664,1.9583882015561602,3.3469566574113516,0.7238331009608313,32.497310714444545,0.8529625856727153,32.53612673361313,2.8338350477631744,564.0
55.86458333333333,1.9799043456386372,3.344803119803643,0.7106621816754308,32.332580277903965,0.8573096486951078,31.620610754119635,2.8327205215242923,564.0
55.875,1.9957757664437021,3.3387142155663305,0.6994978669749523,32.18056686999308,0.8613322346213176,30.877995676255125,2.832328385452026,564.0
55.885416666666664,1.9967033413577444,3.325154145183991,0.6886537074500998,32.03729603558137,0.8649955660906613,30.602755767323732,2.8324972750987216,564.0
55.89583333333333,2.0271169229904116,3.330309654003878,0.6743336177533001,31.915541264713898,0.8679049560725031,29.035191491917924,2.831001659493093,564.0
55.90625,2.0487354759215246,3.33244252655482,0.6642909940792999,31.808836325347826,0.8702144539650296,27.484694006903375,2.8304700073102955,564.0
55.916666666666664,2.048615575732425,3.3220103059258292,0.6570357402324397,31.708682426354184,0.8720920403034169,26.769143867184678,2.8313243253184055,564.0
55.92708333333333,2.069894562388849,3.3265902479517635,0.6453616351899953,31.624914204313622,0.8733696669447883,25.219811914841067,2.8306819432059735,564.0
55.9375,2.075417918624274,3.3216841195180646,0.6404042028403308,31.546326729311353,0.8742487385789987,24.28609201807049,2.8322053435033907,564.0
55.947916666666664,2.075261870625672,3.314097123274918,0.6352000797928906,31.471734756095028,0.8747150819800023,23.739142588990543,2.8341994855859722,564.0
55.95833333333333,2.0896080116461575,3.3134793616090583,0.6334718935086853,31.399335552195033,0.8747333226621112,23.479079009212892,2.599110407262491,564.0
55.96875,2.116906540750365,3.3234782341490825,0.6348242208306544,31.329871529529818,0.8742516040102154,23.224888983639353,2.574946539237651,564.0
55.979166666666664,2.140573146533592,3.3374519176702475,0.639077918015115,31.263147295022797,0.8732339357936673,22.925378719636697,2.5527826951167674,564.0
55.98958333333333,2.1864227862391545,3.365342041446262,0.6469458380788039,31.200824207371838,0.871714548267445,22.371956328360202,2.528766291538063,564.0
56.0,2.23487901623138,3.397508815523169,0.6597217341935019,31.141192115693,0.8696934219393868,21.773956949485303,2.5050428976964256,564.0
56.010416666666664,2.271280845341963,3.426573341979122,0.6749718093513054,31.08257053143623,0.8671441593666163,21.24423652329857,2.4832712628896907,564.0
56.02083333333333,2.3201986046698666,3.4622602627383827,0.6936299770207078,31.024428764679836,0.8640837795535605,20.71503567839089,2.4628466973526355,564.0
56.03125,2.3721815789360017,3.5017027984784455,0.7167311448283151,30.964963564276378,0.8604740164795366,20.213974001566676,2.445231059870434,564.0
56.041666666666664,2.4178971333744714,3.542019221801956,0.7415238914062207,30.903789998705182,0.856374133630414,19.644807883751117,2.428942656277102,564.0
56.05208333333333,2.476339464752466,3.5902685700840586,0.7729143912053265,30.83882082802203,0.8517560589580082,19.036268908872447,2.425093723877648,564.0
56.0625,2.5447417895983984,3.6486016184756096,0.8075749253132323,30.7717387808557,0.8468783159078334,18.437673002298578,2.4247290708323432,564.0
56.072916666666664,2.6009386517200492,3.7040115715152937,0.8486021647945647,30.699139323840562,0.8416366574209098,18.054294592591848,2.424915408317254,564.0
56.08333333333333,2.6727358211826155,3.7707619229901383,0.8896829208647414,30.626912597476604,0.8365686136931824,17.615513372812636,2.4238950200907365,564.0
56.09375,2.737929227883011,3.835304238336427,0.9397549073475774,30.551049822366704,0.8314625433369688,17.238054854947713,2.4237005447022044,564.0
56.104166666666664,2.7916081444342917,3.893384199675556,0.9943393602050695,30.468198548474255,0.8261617489287199,16.995100992924073,2.4240296401762307,564.0
56.11458333333333,2.8555134752077653,3.956951278435895,1.051986255924339,30.379980018719575,0.8208243860814685,16.809693552230048,2.4240526537270966,564.0
56.125,2.9223916094472937,4.0237021056626885,1.116881829646931,30.284605269805194,0.8153766353430273,16.687345219050123,2.424316026765553,564.0
56.135416666666664,2.9846583922425363,4.089797033336547,1.1865892264817552,30.181225475837564,0.8097995212386869,16.620326790251852,2.4246547680289736,564.0
56.14583333333333,3.058516532890452,4.164196620314998,1.2597170094887988,30.075465002698568,0.8043912814107168,16.50411746324808,2.4243800321654474,564.0
56.15625,3.132260570425453,4.240824203635516,1.3404244872810895,29.967409650618272,0.7991234647174016,16.354818925893053,2.4242722227413,564.0
56.166666666666664,3.196472331864593,4.312376887905801,1.4281923793900841,29.852781356683945,0.7937698737386892,16.25044593313187,2.4247368264937657,564.0
56.17708333333333,3.268736331044135,4.389061984956144,1.5133854471492614,29.742109541539612,0.788789662368595,16.07847698767789,2.424277770974445,564.0
56.1875,3.3343056227665917,4.461879593170598,1.6048410388018877,29.630669593101945,0.7839287326732326,15.913680240563766,2.4245190721659733,564.0
56.197916666666664,3.392269779946133,4.528439708647553,1.6984220344078635,29.514725650098622,0.779005514488107,15.804047360831355,2.425253897253249,564.0
56.20833333333333,3.454071835633782,4.596527610567108,1.7868335800667858,29.402358282610475,0.7743398504983889,15.680573825981815,2.4253821855844153,564.0
56.21875,3.510487289025931,4.6605637948258805,1.8763895482266502,29.28999339387973,0.7697566304719174,15.576578584946699,2.426061785418639,564.0
56.229166666666664,3.561441325569972,4.7191048419320385,1.964766823671076,29.174667948275445,0.7651177114474685,15.51404526735714,2.197954532966357,564.0
56.23958333333333,3.6121542915513953,4.777327818053819,2.0468139573452397,29.062874212651817,0.7606649726021532,15.447548012671485,2.182058297634438,564.0
56.25,3.6578843889258237,4.831606917210626,2.127603386806917,28.951690956623906,0.7562617937190048,15.396012667968671,2.166093689452932,564.0
56.260416666666664,3.7006843095646884,4.881388654284489,2.205754055925245,28.838876829165685,0.7518016473972681,15.371119068319926,2.151137527915372,564.0
56.27083333333333,3.7263390573632496,4.922326652986235,2.283457519858247,28.716111278302876,0.7469347114999263,15.411137299870676,2.1412490828963344,564.0
56.28125,3.742562449966595,4.95726315196814,2.357711876169334,28.57986236149425,0.7414864974890351,15.526166161639221,2.1375856560219066,564.0
56.291666666666664,3.7739675392334817,4.997142379240738,2.4217759120580085,28.44334519419657,0.7359418376754088,15.638103007331049,2.1330964439250546,564.0
56.30208333333333,3.752756504843221,5.015504924793101,2.4945651594888614,28.278460495143573,0.7290727127982446,15.900435704633557,2.143447702631872,564.0
56.3125,3.6894956684184703,5.02089616953439,2.5529348414399555,28.097252254238704,0.7212174182090749,16.28358688624523,2.160929174526025,564.0
56.322916666666664,3.6653683216511546,5.03867088053066,2.598160542526652,27.922212808389105,0.7132171207694644,16.62875939821528,2.174659700050403,564.0
56.33333333333333,3.409877911902278,4.974244728071935,2.632587607758907,27.718467926270364,0.7032160374584725,17.293620123514735,2.207828001101163,564.0
56.34375,3.073743944375909,4.868983451686368,2.62232553734742,27.51220099892506,0.6920289887376564,18.253125374095013,2.437464690235497,564.0
56.354166666666664,2.866246377005859,4.798189822981816,2.587890906675713,27.33964589956076,0.681365526974062,19.045631495741826,2.435492987592241,564.0
56.36458333333333,2.343862750930557,4.538945798549408,2.4814124824791057,27.17567396803124,0.6686340690146731,21.209945872971478,2.439626290495212,564.0
56.375,1.8417815296434688,4.216632780957602,2.2306647795391394,27.12277164115327,0.6588132917086266,24.183923624415613,2.4453106174980106,564.0
56.385416666666664,1.5534151126768068,3.964609758803414,1.9278933551010322,27.246051495381284,0.6564678761902546,26.870681138829454,2.493229102701994,564.0
56.39583333333333,1.266307534786473,3.6694296899664094,1.59523874091967,27.59666944584232,0.664557342832839,31.969678696468,2.573355761821319,564.0
56.40625,1.0965636135633017,3.423544097320679,1.2683251208461268,28.157121985630265,0.6843116719050728,35.82092046537056,2.851703889252144,564.0
56.416666666666664,0.974455519109178,3.203146882546348,0.9982496878351556,28.907780067979722,0.7156110162423946,38.540653207191895,2.847435181020769,564.0
56.42708333333333,0.9182449079398513,3.033788862485416,0.7928726492893275,29.751374882035112,0.7543394600277759,38.92635631152255,2.843355786659758,564.0
56.4375,0.8741107252742986,2.8723876441053093,0.6444793431857284,30.65829052030539,0.7986248605487957,39.138848828008854,2.84110011752916,564.0
56.447916666666664,0.8248187000291887,2.714416390786614,0.5375257796648557,31.607735868613137,0.846895161768739,40.885540569763364,2.853995924212094,564.0
56.45833333333333,0.8377287788475155,2.615437984196426,0.46460915919841606,32.50297829073802,0.893448167771614,44.34025941726203,2.873151446192664,564.0
56.46875,0.8565043474643038,2.532194208290312,0.4139070082871481,33.33853664620774,0.9372269551113225,47.093919270682534,2.8882900811256706,564.0
56.479166666666664,0.8469266127280913,2.4394649019566836,0.37485162174409675,34.125733269837674,0.9782719989784416,49.908988674137696,2.903885265383727,564.0
56.48958333333333,0.8872960681228127,2.3921428266699785,0.3450262386714701,34.78359279518104,1.012061192684608,48.295424752944946,2.9022423725440825,564.0
56.5,0.9170366193281446,2.34148302484931,0.3222531634736999,35.3492660796437,1.0404608917409492,46.272136826926506,2.8943287528460173,564.0
56.510416666666664,0.9147201519942907,2.2755438027094663,0.3028013221044639,35.84416900908028,1.0645486154196713,45.15829929637773,2.888074375813714,564.0
56.52083333333333,0.9521184905666775,2.2424435461855223,0.2858593658415628,36.21755900807042,1.0820236071963396,40.263723585136056,2.864416510958832,564.0
56.53125,0.9749201214520988,2.202995322004192,0.27213697836157624,36.50796457080885,1.0949774921119786,34.674267429344816,2.8339515019455077,564.0
56.541666666666664,0.966630566206313,2.1465175387292477,0.26007329787734945,36.74337987292636,1.1047974986731561,30.408330247936274,2.829911232176483,564.0
56.55208333333333,0.9830237679312389,2.1101598723877455,0.24841757272176435,36.90344761894174,1.1108248439745445,27.257252161998498,2.828349686203122,564.0
56.5625,0.9861129757739663,2.066594128424188,0.23883399398170177,37.01663857268345,1.1143985816967852,25.411029953814825,2.8286934288652437,564.0
56.572916666666664,0.9714673098472826,2.0149676824666165,0.23027291511599787,37.09367362700144,1.115952943631216,24.533312857848905,2.8302463474802617,564.0
56.58333333333333,0.9779981927141109,1.9781270646090214,0.22220389677919689,37.133192405104786,1.1156530478717022,23.256573492822394,2.8309122128136597,564.0
56.59375,0.9779216834697144,1.940110934330227,0.21564071135192875,37.145145857478006,1.1138333149799269,22.279335818416126,2.6031168655548234,564.0
56.604166666666664,0.9679360088521045,1.9014090076645136,0.20992037197667496,37.13217504823208,1.1105369410734838,21.625460371267273,2.562837280520216,564.0
56.61458333333333,0.9613124555336301,1.8649842134174615,0.2051907976271102,37.09306242911694,1.1054933835189544,21.40138305644102,2.531324771983793,564.0
56.625,0.9616962058257424,1.8386044994092727,0.20144645060693545,37.02680813880211,1.098598065312937,21.304610266442385,2.5061894699983815,564.0
56.635416666666664,0.9626846016764887,1.8224883140233,0.19864554686317518,36.93681382871889,1.0900833553536595,21.029521081789927,2.483220534437834,564.0
56.64583333333333,0.9623225164738426,1.8104137246462595,0.19705235488136627,36.81954920135397,1.0795056840630952,20.865566719579302,2.4674425014833354,564.0
56.65625,0.9607752103205062,1.8068073944065413,0.1962479632584101,36.67971712763395,1.0672144585514625,20.629273142677196,2.454515659024568,564.0
56.666666666666664,0.9611161703271202,1.810607902101955,0.19631500133840124,36.52149832161172,1.053533401375553,20.2771015302139,2.4428506399989853,564.0
56.67708333333333,0.9422998718161792,1.8099578580162634,0.1970267580110753,36.33880356717726,1.0379747184930332,20.044403776761914,2.437274122542741,564.0
56.6875,0.9122408524346144,1.8083778014876666,0.1982844191671968,36.12796653132169,1.020372886758469,20.056424984390834,2.439222192524673,564.0
56.697916666666664,0.9001522255852427,1.8192748430070638,0.1999645930105439,35.90244945625225,1.0020596708285412,20.117098894053687,2.441102394366405,564.0
56.70833333333333,0.8451977914507173,1.8103744856754915,0.20239124629419947,35.630980994388715,0.980859959133652,20.97922951943304,2.4595114582440876,564.0
56.71875,0.8011627618520627,1.8104227771147579,0.20473512969575694,35.33310747274111,0.9588010054028204,22.451249286883513,2.4835695318245103,564.0
56.729166666666664,0.7847012564317843,1.8267219263603602,0.20769140019662038,35.028051260362766,0.9376131630762141,23.855021542003296,2.5062113767927396,564.0
56.73958333333333,0.7607563818738147,1.8338339196585225,0.21094991253350168,34.70544675763268,0.9168129280966693,25.559924233138585,2.5360048513643623,564.0
56.75,0.7483029306767687,1.8434074971051932,0.21370150419762177,34.385329377322904,0.8978621440612705,27.10618364998406,2.5669069935920943,564.0
56.760416666666664,0.7461672785127466,1.8562985870686208,0.2162050683358226,34.083544979271664,0.8816353512697932,28.215170677457962,2.59582307586041,564.0
56.77083333333333,0.7340713405299203,1.8547619813571221,0.2186545184926454,33.78919018682065,0.8675423641848723,30.15130198235752,2.844143761485348,564.0
56.78125,0.7322443467560814,1.8583949424155985,0.22083169147464407,33.52381258213249,0.856684756978109,32.24471738554389,2.8425264973689814,564.0
56.791666666666664,0.7404498118416771,1.8724951722610714,0.22297253843252335,33.307691271002156,0.849747117573219,33.52612597350771,2.8405111927526865,564.0
56.80208333333333,0.7464255197190762,1.8798820362750004,0.22620760955931732,33.130554920885295,0.8463495712067288,36.09459384334387,2.840552580769995,564.0
56.8125,0.7703013904632711,1.9020665989707768,0.22989617537947196,33.00266630938057,0.8467293526716302,38.319608100727336,2.8401328424465895,564.0
56.822916666666664,0.794744544799001,1.9303265410994814,0.23375736432486807,32.917746962928064,0.8503301620373561,42.256053894091785,2.865215447065771,564.0
56.83333333333333,0.8338927793936641,1.959940005881023,0.23904994142655303,32.855460555853426,0.8567320111120773,53.413284022057205,2.9149625051032793,564.0
56.84375,0.8881459088887765,2.001627935191023,0.24444052925650298,32.79839331817058,0.8649877807852093,63.13700787348034,2.9667377876193988,564.0
56.854166666666664,0.9274949564223196,2.0374748900571547,0.24952195597690213,32.72539928700321,0.8742715785073876,70.34973806098981,3.0164930074693532,564.0
56.86458333333333,0.9868370684733836,2.0834788403496294,0.2539425858792463,32.62511582251724,0.8834719194750004,72.5639427218821,3.2485879008254694,564.0
56.875,1.0352883696804773,2.118469149066696,0.25777472717492644,32.4888243315591,0.8923127457996579,73.83876041846253,3.2460816201012532,564.0
56.885416666666664,1.060428470552854,2.136161757468124,0.2605857484442669,32.30847036982985,0.9007310298460537,75.99848557004019,3.2447944275735137,564.0
56.89583333333333,1.1113012297770501,2.165059631522768,0.26255675041725085,32.0929443054015,0.9081487604408779,74.70235384246675,3.2429464815719338,564.0
56.90625,1.1618866780609463,2.1905785466938905,0.26479214971821485,31.840289691260676,0.914703987032104,74.18021493252945,3.2421264607218143,564.0
56.916666666666664,1.1914743382790556,2.2054554837373015,0.2665789683919016,31.548171303315254,0.9204757827280969,74.59599834538649,3.2418545532537832,564.0
56.92708333333333,1.2523301977900787,2.2364538120589956,0.2683451323891516,31.235487558838187,0.925235746335705,71.86682498057469,3.2407358842609737,564.0
56.9375,1.3086422594438318,2.2667088113555898,0.27022236571083746,30.90949580342225,0.9291302087775177,68.41521276941012,3.2400129027574227,564.0
56.947916666666664,1.3370049648320852,2.282412256264969,0.2723297681102128,30.557573540117115,0.9324751390851654,67.43171059926512,3.2405580922807733,564.0
56.95833333333333,1.3826196431448698,2.310091889679143,0.2727692078900677,30.22222673211073,0.9350640727835549,61.02103649891845,3.239528995093195,564.0
56.96875,1.4125628658392169,2.3280494722883067,0.2738015108505226,29.890628828764246,0.9371964910397307,56.3177687370999,3.0287478906607403,564.0
56.979166666666664,1.4235925488715733,2.333919490090718,0.2749938968705272,29.546396042967388,0.9390527665594292,53.8694025572923,2.9992132016362203,564.0
56.98958333333333,1.4543617652094893,2.3536986511720497,0.274310186958457,29.23994556293889,0.9404391737669738,46.704697727717196,2.953296805085681,564.0
57.0,1.4720085981373345,2.365830458794484,0.27478555493182155,28.94953931053521,0.9415316733286324,40.95603526503099,2.9041690338919546,564.0
57.010416666666664,1.4763972372935847,2.3690611324474173,0.2757810468305198,28.656142838462614,0.9424042146870614,36.40080607861622,2.8603871583527214,564.0
57.02083333333333,1.4983150047902354,2.384270191042526,0.2761787431849475,28.38902169250067,0.9429685797307522,29.867572296050014,2.825936940276705,564.0
57.03125,1.5203904293413129,2.4010303799977515,0.2783728032265745,28.129681926041844,0.9432675193691206,25.800055896276646,2.8259500000752387,564.0
57.041666666666664,1.5387850643707732,2.418874067687981,0.2814888514759208,27.872828308275075,0.94327048153574,24.194062735139433,2.8272959530533166,564.0
57.05208333333333,1.5777129119194533,2.4514380934921265,0.28572330699539805,27.63216108419501,0.9429497692567067,23.085179308642857,2.828386235246008,564.0
57.0625,1.6233102371965624,2.49299762323661,0.2918222504482245,27.406673150818335,0.9423034040780318,22.136970883998412,2.8301710284149384,564.0
57.072916666666664,1.6624626479252635,2.535969968983019,0.2998435597552927,27.18701479752417,0.9412846819915487,21.503508281223493,2.5913736964027883,564.0
57.08333333333333,1.7179854093932585,2.5926144869368715,0.3086640730753252,26.993317903465005,0.940005541867666,20.543706164642423,2.5434320065818303,564.0
57.09375,1.7727688030447164,2.652394762288013,0.32031036472229535,26.812128116344887,0.9384271283939044,19.66245844229783,2.497058180754343,564.0
57.104166666666664,1.8228222378403285,2.7125149363077643,0.334016761562146,26.637274023805343,0.9364944242407531,18.932207498590863,2.4543863740282057,564.0
57.11458333333333,1.884950975843373,2.781776638186098,0.3504449698728224,26.469773531542153,0.9342038233005925,18.196167925944618,2.421802075026998,564.0
57.125,1.9554134980627365,2.8598349030119854,0.3705566838751337,26.30776203187854,0.9315138336080523,17.446904028014856,2.421380964798701,564.0
57.135416666666664,2.0272141172581097,2.943824071750457,0.3941500662773775,26.15291092670804,0.9284389758121085,16.87076517787942,2.4218084934189283,564.0
57.14583333333333,2.111129719524454,3.0381307493578404,0.4229231003656098,26.00588063340407,0.9249960464319912,16.500333951971367,2.4222322460640457,564.0
57.15625,2.2020394660632268,3.140457544251846,0.45742158889729134,25.867797045976143,0.9212337422586568,16.266784976682384,2.422553533981832,564.0
57.166666666666664,2.2904759761499838,3.2447293622626634,0.4983396129206346,25.736573081959854,0.9171224468318466,16.136560142014794,2.4230278616427205,564.0
57.17708333333333,2.387527780789988,3.3556572336317756,0.5461091080933101,25.615514946861552,0.9128126519013695,16.033813725094117,2.423180536024349,564.0
57.1875,2.4860240710574715,3.469244223889636,0.6023126655806403,25.503446436676747,0.9083350198762272,15.943797061569514,2.4234027685661914,564.0
57.197916666666664,2.580049791432736,3.5807815912507936,0.6678917057364556,25.396916947501005,0.903604395876388,15.89175009120394,2.4239467912003345,564.0
57.20833333333333,2.67846468989541,3.695767620520498,0.7404275958926084,25.301494525355995,0.8989432330291711,15.803699127286155,2.423876822386671,564.0
57.21875,2.773319003212732,3.8085951832728373,0.8239742153766897,25.213149287718316,0.8942449571184212,15.716260504440813,2.4242428288536004,564.0
57.229166666666664,2.8640679219026404,3.9170666232904425,0.9176595267690981,25.128805581367157,0.8893919511768531,15.662503223426818,2.4249987675903113,564.0
57.23958333333333,2.954493160110258,4.02586274285493,1.016747971041694,25.052809262541594,0.8846888434527722,15.589079827384664,2.425238214512945,564.0
57.25,3.04007639020404,4.130994364817266,1.1252241614679879,24.982158632937388,0.880011552730512,15.523102745064678,2.206409142455195,564.0
57.260416666666664,3.123683754856103,4.231500059661172,1.2410862941977028,24.914617691669072,0.8752368143953341,15.486437042746903,2.19295836858687,564.0
57.27083333333333,3.1937155487567215,4.3254652688952655,1.363093920532291,24.848181043916377,0.8702124346077991,15.497089675779463,2.1820577190282204,564.0
57.28125,3.2542223904347707,4.413948879780826,1.4903033017933627,24.781215733286018,0.8647614841280874,15.569796975157479,2.1752433133293265,564.0
57.291666666666664,3.3263892780280213,4.5046263288655055,1.6155408500141422,24.71831103210381,0.8592075653988511,15.646415357171563,2.168046178584108,564.0
57.30208333333333,3.351466511356491,4.576803635305816,1.752008711252478,24.65034117977505,0.8525925924835925,15.848619866001696,2.171891308473533,564.0
57.3125,3.3182197513681646,4.62939163321301,1.8848804045324385,24.57922607960868,0.8447073381448841,16.218339815242253,2.186303023687269,564.0
57.322916666666664,3.329058105645307,4.69615319399396,2.003436378951582,24.517753482637957,0.836648807349902,16.559364865435864,2.1969455368580397,564.0
57.33333333333333,3.075099439503573,4.667462088214997,2.1261252447133163,24.451434921850556,0.825481206882232,17.44628055506747,2.4365512982395363,564.0
57.34375,2.764749167458841,4.611447057034116,2.203538096089485,24.403294899600144,0.8127018933306389,18.747057781148065,2.436547320089438,564.0
57.354166666666664,2.6008135086056323,4.59814036776912,2.260599277081946,24.388554480048988,0.8002425584189465,19.783243672260404,2.434763922541745,564.0
57.36458333333333,2.187843252193279,4.438655356763958,2.262028708089305,24.425868377843283,0.7862307195526765,21.605467530907564,2.4374343322358687,564.0
57.375,1.778003855971445,4.220269143012806,2.1458288743031315,24.55455252884968,0.7742498928552419,23.68164074927804,2.448017457554143,564.0
57.385416666666664,1.536429404682043,4.041612253961262,1.9699272532630523,24.79787786239374,0.7675342948198709,25.88261217383043,2.49222121059786,564.0
57.39583333333333,1.264339791205948,3.7958490529178808,1.7345062362744839,25.2137949722299,0.7678758858709278,30.220573600909084,2.562140191250279,564.0
57.40625,1.103962790318755,3.576264525384599,1.4632125437252153,25.803584351037745,0.7771134773428126,34.01239828816945,2.85107560077897,564.0
57.416666666666664,0.9949384406066591,3.3802801906286817,1.2078903757867518,26.562112909309704,0.7951796538251724,36.627735617469554,2.8467206262717073,564.0
57.42708333333333,0.957837593525781,3.218936341929111,0.9906100259783034,27.455871620482736,0.8206676593998709,38.188217863402656,2.8436770717259106,564.0
57.4375,0.943805111706111,3.07351482386708,0.8168465617238984,28.456096081743063,0.8519532404483546,39.436077195679005,2.841793121593492,564.0
57.447916666666664,0.9158523993312464,2.935638384214365,0.6844425351236503,29.523745696483978,0.8870289904839707,41.83304299804608,2.857445994661577,564.0
57.45833333333333,0.956053707380903,2.8490831823877376,0.5955521245759272,30.606634874985645,0.9234396741204978,49.34822133707528,2.8938934360538653,564.0
57.46875,1.0150008982808136,2.7922208802524033,0.5357211051493548,31.659975485913566,0.9590803878157393,56.653175486276616,2.931311776697838,564.0
57.479166666666664,1.0371049354362347,2.732106532414107,0.49084170685556777,32.6546967758258,0.99261180576952,62.565372790818486,2.967944102582465,564.0
57.48958333333333,1.1086320273718373,2.7098903070786813,0.4591270943245762,33.526286607395626,1.021796461893945,64.9876870954168,2.9944061639121418,564.0
57.5,1.1738090449604146,2.691983914541916,0.43655583779291435,34.27915796499442,1.046955867899357,66.96739519138706,3.015687289309425,564.0
57.510416666666664,1.20000399813452,2.662227384603619,0.41763682071651603,34.909380751282384,1.068264973350845,69.11023486930735,3.0351771479530503,564.0
57.52083333333333,1.2786210897317787,2.6654523428515713,0.4025567534258347,35.378007387129415,1.084715936520252,67.03532921580403,3.2469638905054907,564.0
57.53125,1.3540615951289783,2.670437569796632,0.39149731508199803,35.709245793875155,1.0973192978963708,64.63480355509938,3.034864540704096,564.0
57.541666666666664,1.3838123432196556,2.6554382381617656,0.3820618063563337,35.92550173297312,1.1070446391308548,64.19984604655589,3.031468842551906,564.0
57.55208333333333,1.455936746753812,2.664568878025126,0.37222115382272614,36.022598527387714,1.113500376683677,59.159593013712836,3.0121348617012993,564.0
57.5625,1.5091188732849903,2.6648016978293096,0.36524261634227895,36.02841240393505,1.1176523917784873,55.71852909773476,2.9894611989942654,564.0
57.572916666666664,1.5285353356852789,2.6517984722178443,0.35920684262828767,35.951435237548566,1.1198480628519607,53.7608505125707,2.9697975567265273,564.0
57.58333333333333,1.5676284922657635,2.6517794781809414,0.35273629598728423,35.808343435354885,1.1201730019639573,49.42718035234755,2.9421590188222195,564.0
57.59375,1.5975055372974474,2.6510661941633185,0.34865856959478453,35.60845285839929,1.118931629000306,45.62127250753546,2.9131492235213665,564.0
57.604166666666664,1.6088943222795133,2.645894304414392,0.34615536355814697,35.35273860491312,1.1161960726247988,42.53061219876004,2.8874050223320467,564.0
57.61458333333333,1.635966393769952,2.652275118188071,0.34337276560365865,35.06739981164792,1.1123288452570035,37.63036241100986,2.855539670438318,564.0
57.625,1.6569741450577593,2.659114042027664,0.34283381600138657,34.751884981427104,1.10742065809608,32.298075585274866,2.8292884169940646,564.0
57.635416666666664,1.6675292563278628,2.6643790477793297,0.34383678949145624,34.40251210516241,1.1014426293895856,28.908626757687014,2.8291128510856103,564.0
57.64583333333333,1.6769791266829297,2.6722863675634168,0.34552125793822175,34.02547450803691,1.0945102839499021,27.673214141532792,2.8297358581720093,564.0
57.65625,1.6812998417242662,2.6828909205617695,0.3494315635181428,33.61278411649587,1.0864701566321913,27.453172608635317,2.830928576863309,564.0
57.666666666666664,1.6930095835172774,2.703209645725186,0.3548102181445807,33.17857585496522,1.0775883422329373,27.273202105284877,2.831684057234475,564.0
57.67708333333333,1.685444674029225,2.719089812923097,0.36344660276981217,32.69422541029467,1.0672396057939844,27.974470796775055,2.8335200068675346,564.0
57.6875,1.6668437729732308,2.739065909776244,0.3732036073164061,32.1782850930808,1.0557554645196425,28.736271340410102,2.8345483123725055,564.0
57.697916666666664,1.6686443877210073,2.772795525485685,0.38474254957199905,31.659014186120167,1.0437504109045734,28.970597492672134,2.834706622070464,564.0
57.70833333333333,1.5959600953091817,2.777159146770632,0.3966668905087739,31.112875923592828,1.0306564336483595,29.95688089464313,2.8358641671921534,564.0
57.71875,1.5161012273395573,2.775656284180041,0.40606942597178924,30.57386673220165,1.0172577887118934,30.783840159988824,2.836084559967718,564.0
57.729166666666664,1.4761722269973327,2.785802379119579,0.41525530611379474,30.069553021882065,1.0042703084012592,31.133296136909536,2.835745325258438,564.0
57.73958333333333,1.4091681134132639,2.7748486961947623,0.4229172694675151,29.5891688947205,0.9914548795400879,32.2230833801112,2.8363676805051345,564.0
57.75,1.3551687654621982,2.76156197928886,0.42683850248579136,29.161998314952626,0.9796480234099283,33.22460831035413,2.8363652791568303,564.0
57.760416666666664,1.329396474840203,2.7567818210884236,0.4290531973523304,28.809139777686614,0.9695543442725683,33.70942253514239,2.8358337809483922,564.0
57.77083333333333,1.2765248017966802,2.728785585568899,0.43032800331724197,28.516571678165548,0.9608899807452769,35.611095499847686,2.8369448095011056,564.0
57.78125,1.2382517362182268,2.7051268043589736,0.4287353387034556,28.307582534977755,0.9544560435915852,39.19773957356244,2.8559745453183942,564.0
57.791666666666664,1.2241441277599507,2.6955527966953157,0.42650539097321916,28.188707475557035,0.9506142108536852,45.31439473754515,2.882973103059219,564.0
57.80208333333333,1.1992590855996557,2.6745456987745477,0.4253592823853817,28.147747982373964,0.9491640754273544,53.62681570300307,2.920841404637021,564.0
57.8125,1.2017468319669413,2.667685281374636,0.42346366581040285,28.17577328410613,0.9500685456184974,60.57352164143729,2.959854246560433,564.0
57.822916666666664,1.207919539561098,2.6650466776836463,0.42152900779933383,28.25160696953159,0.9529550859933541,65.70171973102964,2.9960095593435145,564.0
57.83333333333333,1.2389327329870066,2.665875907896342,0.42191872209963566,28.35631463241329,0.9576275045258887,72.25916959898407,3.0372335125491405,564.0
57.84375,1.2831602117683176,2.6743910522822403,0.42246893300199556,28.46628908967458,0.9638010274236622,78.25089623065405,3.248628193785798,564.0
57.854166666666664,1.3147574751551012,2.6828099785994612,0.4220287016362234,28.558225436745307,0.9711295189287535,82.3809073429394,3.2465971412133445,564.0
57.86458333333333,1.348933603395855,2.690502036237861,0.4240146065952918,28.618122639931578,0.9797702463120763,88.43359626667518,3.245780275271824,564.0
57.875,1.3865017334801946,2.705153856596803,0.4264112619055787,28.632806412154117,0.9895737483401319,93.09129539013743,3.2447468059391067,564.0
57.885416666666664,1.4119531656222386,2.7179649126295837,0.42852936610988895,28.597604821890975,1.0004136070086564,96.53442695458176,3.2437538306185725,564.0
57.89583333333333,1.4598547773506814,2.7427577958887506,0.4318078326169418,28.51496883401343,1.0119500908272598,98.956407843543,3.2445185342563962,564.0
57.90625,1.5102681224061063,2.7692744816217907,0.43591249430703616,28.390288472840226,1.0239011002612182,114.07523404979666,3.257059171188744,564.0
57.916666666666664,1.538613818214258,2.784556352642184,0.43941424207167457,28.227171529711885,1.0360801946510498,133.15629999780631,3.2726110020235226,564.0
57.92708333333333,1.593717836693086,2.812494431209473,0.44376068188226714,28.033867237457184,1.0479223982768564,145.07384898761202,3.2834823736704735,564.0
57.9375,1.6536566286486083,2.842632443760106,0.4503709870708859,27.81168462614521,1.0593604093882254,155.34047861712966,3.2930205999338287,564.0
57.947916666666664,1.693321212531261,2.8660771593594707,0.4563461079197866,27.564607034170297,1.0701872230045828,163.33382570084248,3.300791092648023,564.0
57.95833333333333,1.7689050411365044,2.9045210222599342,0.4682192560419411,27.287486451565556,1.080633875542658,177.6163809759987,3.313591855794913,564.0
57.96875,1.8583582167930657,2.956286255556707,0.4838214341966916,26.985069049856232,1.0905774707542328,193.5613497988809,3.3288522630470965,564.0
57.979166666666664,1.924366028508079,3.005094086712255,0.4996564006905288,26.666821863560102,1.0998829554436498,205.38690287315274,3.341578336787412,564.0
57.98958333333333,2.0215396328543234,3.0713131944787557,0.5219733230545824,26.33659384883115,1.1086125880840878,215.07471735673647,3.352182590321301,564.0
58.0,2.121258524084071,3.144810205240038,0.5479594165462316,26.003480710511358,1.1166187681365194,218.99176927826952,3.357816648036036,564.0
58.010416666666664,2.190171264656715,3.2066788629838676,0.5758688702819927,25.66747584512953,1.1238944421090642,222.2275695730413,3.361654842088946,564.0
58.02083333333333,2.2817296698122815,3.2813280253809105,0.6074863591510808,25.338145469055977,1.1301641791843906,218.19492148795186,3.359292996033791,564.0
58.03125,2.369281017342183,3.356965644120974,0.64526721625709,25.01168250099642,1.1354052865027289,213.52020270715812,3.3546727023155953,564.0
58.041666666666664,2.4354710942107918,3.424468316592438,0.6859186725257601,24.685288154090003,1.1395166470570497,209.3362258179981,3.3499025459326313,564.0
58.05208333333333,2.5226447326753085,3.5052815389066168,0.7329459965598781,24.36314118035951,1.1423128301297016,200.39527068190657,3.341285218906246,564.0
58.0625,2.6118453338251415,3.5915522926693106,0.7896956892388067,24.040255894118307,1.143737132565742,190.5804197108936,3.3309778241123404,564.0
58.072916666666664,2.68504992278047,3.6728925933058316,0.853614853612396,23.710625636901916,1.1437054332308922,181.88661090804783,3.321385405665065,564.0
58.08333333333333,2.7802096866750694,3.7696253806144937,0.9299409539048021,23.375656176317015,1.1421544772985317,170.2117339105681,3.309631141974994,564.0
58.09375,2.8789635385468393,3.87426063373923,1.0252761985882302,23.026697432449804,1.1390225596584196,161.04616688683566,3.299800332788397,564.0
58.104166666666664,2.968432309500347,3.9787410227332605,1.132556594122076,22.664207668385778,1.1343266258032565,151.86707483998268,3.290563416900798,564.0
58.11458333333333,3.0709748163678814,4.094621028263168,1.2697076354554198,22.274415666262346,1.1278933614023163,152.1034424770372,3.28947579609623,564.0
58.125,3.186358242052175,4.225404667804089,1.428112748634099,21.867111824197,1.1199060901648403,154.21403633134688,3.291019630596724,564.0
58.135416666666664,3.295208066653117,4.357398231203382,1.6016148472071714,21.450840720873558,1.1106579764451356,154.40475940647977,3.291200978526027,564.0
58.14583333333333,3.4160037658251605,4.498949890377991,1.7844052473711531,21.04588591491982,1.1008227602239307,142.10106965334896,3.2807654127482433,564.0
58.15625,3.530851951279042,4.637236650629858,1.9755325023580466,20.65594262703935,1.0907307522465306,119.46404683700736,3.2607878296165924,564.0
58.166666666666664,3.625868064336312,4.760449735516279,2.176827822201488,20.26374627501694,1.0800578867505848,98.55880312698328,3.2433266085371613,564.0
58.17708333333333,3.7411302631120855,4.893354601351997,2.3578192913384046,19.91174575637685,1.0700348173495169,81.16525309695277,3.2379900480498294,564.0
58.1875,3.837106609877391,5.011657492556845,2.542312853012666,19.580387448729084,1.0601460314468403,74.41137248560844,3.2378248130457172,564.0
58.197916666666664,3.9159258735549147,5.114135954288581,2.727775083752658,19.251410130681673,1.049748505533238,71.48595528149077,3.2393558715810014,564.0
58.20833333333333,4.0150046210818156,5.225909051664462,2.890857880687522,18.961167014034988,1.0399066294378458,62.89166409544175,3.239332713426426,564.0
58.21875,4.097470000478618,5.325225677076431,3.054225892292731,18.690795388258888,1.0299547600067227,56.95065896709265,3.031016097816291,564.0
58.229166666666664,4.167595319461148,5.412581286239178,3.2144490856092056,18.428763881746757,1.019318238159681,52.98948476690073,2.9815380676326897,564.0
58.23958333333333,4.252709912100233,5.506702220931135,3.3590947922476184,18.197189547879436,1.0088080911777155,46.267262205502384,2.9256645843294105,564.0
58.25,4.327806606095499,5.593326898891391,3.5023554379743462,17.984997490011565,0.997931602056311,40.05530991574221,2.8714069902340187,564.0
58.260416666666664,4.394010607922372,5.671496262264425,3.6417741749046595,17.786069715501032,0.9862546882509343,33.55592739083079,2.830769419278948,564.0
58.27083333333333,4.443776742388431,5.740526047160241,3.7792622192893224,17.593741573452874,0.9730564452083746,29.703095532492096,2.8313301410344955,564.0
58.28125,4.48291157471129,5.803085314883455,3.913271030388889,17.408050786636917,0.9577094747122449,29.4390825612943,2.833678275526841,564.0
58.291666666666664,4.54364574599332,5.873863078861418,4.035710752531201,17.246663674706056,0.9411850658408026,29.262017582681576,2.834618459382279,564.0
58.30208333333333,4.5258153318658305,5.909105621921896,4.161312893477817,17.090808687759537,0.9205828662389863,31.496244208645475,2.8382375331492637,564.0
58.3125,4.453976919557905,5.922250258084924,4.256636977483228,16.96141419253668,0.8971874421563721,33.6206208401183,2.8397463498016915,564.0
58.322916666666664,4.437084001468738,5.948104440479935,4.3310424573901125,16.868280644826836,0.8730631256899872,34.30443427991394,2.8394638329380797,564.0
58.33333333333333,4.082944101158605,5.835947981784343,4.347480227377455,16.80086386319421,0.8455325790514044,37.97451274123653,2.842411483064198,564.0
58.34375,3.6279971802131383,5.646706836029025,4.269928819564667,16.7720069201907,0.8177493248928274,42.58325248358596,2.853780983254033,564.0
58.354166666666664,3.3548659788729966,5.505034444011277,4.1497805886799215,16.794407549464168,0.7950295743426341,50.19356502742155,2.8878241473713784,564.0
58.36458333333333,2.7092614556946257,5.07189963053388,3.8108937312582034,16.9180002943697,0.7783603915888528,74.48776309545016,2.9795683673443634,564.0
58.375,2.1161210610441787,4.556009469298288,3.23426028273531,17.223229510907476,0.7795630721312934,98.91767770002949,3.2622022159918984,564.0
58.385416666666664,1.7646758571322338,4.151009058186491,2.6212072567691544,17.751372103355475,0.8037871035978698,114.02358485114237,3.258123485811065,564.0
58.39583333333333,1.474615215642691,3.76669689984659,2.0319864308578177,18.53727238501379,0.8516765694207603,139.64370912424457,3.270190357000282,564.0
58.40625,1.3147351311958482,3.4844371464448343,1.5357221531760237,19.490492866434305,0.9148740143875203,198.35866068200045,3.3185485075789094,564.0
58.416666666666664,1.1854231983187535,3.234289514008187,1.156023145421857,20.576771021313633,0.9878797166038981,253.5412942657684,3.369629262532693,564.0
58.42708333333333,1.1585943078084735,3.0945534736734066,0.8952356809181551,21.605942246383037,1.055399643455648,255.20437508488854,3.382684313753246,564.0
58.4375,1.1294190463934637,2.9533848400972578,0.7178716988796459,22.587353709212433,1.116625961725684,247.24727293314774,3.379168542410997,564.0
58.447916666666664,1.0729498672709432,2.795165930458541,0.5907153885039379,23.532975677574843,1.171084772625445,246.40046551102674,3.3779346647647834,564.0
58.45833333333333,1.1065893947823247,2.7225821918428803,0.5066685544671683,24.3328704748643,1.2121579917550778,216.9378760707653,3.3544458961004757,564.0
58.46875,1.134180183680347,2.6497133052779107,0.4484456677588673,25.02746348718562,1.2426981965692938,187.73195969190593,3.3253394492303863,564.0
58.479166666666664,1.1173903130436094,2.552680864210842,0.4025274074149638,25.643946802154893,1.264358984568011,166.8884820416173,3.3030220178532974,564.0
58.48958333333333,1.154562323696251,2.5032862729495817,0.36719514349405463,26.128401670965907,1.2763832821602963,127.09911260522625,3.2667392347314648,564.0
58.5,1.177103576027005,2.4479854961269427,0.340806570603368,26.518657708884366,1.2813428399738565,90.58569519603547,3.2404417535200993,564.0
58.510416666666664,1.1655085170359123,2.3785816202506167,0.3188985091570247,26.828544225778618,1.280308810102712,85.31011554913376,3.240747164629678,564.0
58.52083333333333,1.1912772947083456,2.3381402016723616,0.30095988646356986,27.043602136954117,1.274447963677984,78.6728815969717,3.2402007678160776,564.0
58.53125,1.2115641507739858,2.2999724052195343,0.28748009890039605,27.18187780818136,1.264726529490646,74.51917651465435,3.240963724136648,564.0
58.541666666666664,1.2079090850544025,2.2565210179100355,0.27642662923201783,27.250119649139467,1.2516195884140773,72.01613010974164,3.242424970513284,564.0
58.55208333333333,1.2293366587593888,2.2306746928679755,0.26789517027483106,27.25099551548027,1.2359619542850586,68.83894140521427,3.2436821089984007,564.0
58.5625,1.2581812771453353,2.2159139698708867,0.26257584439177345,27.188246523792937,1.2178840973234109,67.22810178003037,3.245588976530826,564.0
58.572916666666664,1.2740964643436787,2.2064122546262057,0.2589034051397267,27.065578409019928,1.1980909025799316,65.34580276634424,3.037713067343244,564.0
58.58333333333333,1.3226322504569725,2.2152547655844996,0.2586141442868781,26.87990395887701,1.176317820184362,65.60422507106831,3.0260165369021306,564.0
58.59375,1.3874790290118308,2.243912271238199,0.2609113579941413,26.634889697110257,1.1534264027315921,65.63033258162605,3.018960199659905,564.0
58.604166666666664,1.4359716217370515,2.278041184826501,0.26480993247267,26.33819244050809,1.130364936991553,64.99812548369101,3.0125036827930676,564.0
58.61458333333333,1.508072887869928,2.32545886412075,0.2722262611118533,25.978084881691142,1.106696626452056,66.82395039067322,3.0152565039852512,564.0
58.625,1.5926399588280253,2.389055145366939,0.28272521409854334,25.555175093379933,1.0831726234056847,69.21222925812134,3.024644176140838,564.0
58.635416666666664,1.6640911076541887,2.458913723126407,0.2949141364740401,25.08459104294631,1.0610873101926095,70.17316736673419,3.0327586565210445,564.0
58.64583333333333,1.728201029132067,2.530562034264719,0.31203751565295085,24.538951777181097,1.0396887410487323,74.88438052262212,3.2517316751767558,564.0
58.65625,1.7845592377333337,2.6122248412398923,0.33218274936821446,23.940258646398224,1.0203631008082001,78.3800040124298,3.2508614855800477,564.0
58.666666666666664,1.8440321572676937,2.702819320304907,0.35603969603969693,23.309622830136444,1.0038811819420006,80.44271438702694,3.2497383256553993,564.0
58.67708333333333,1.8645028673207127,2.780968005984145,0.3854576299706617,22.6307760390761,0.9899948560707321,85.58997155827959,3.2497247454316884,564.0
58.6875,1.8805049997314647,2.8632694783226,0.42067675229040535,21.92293491141043,0.9794934590544326,91.06940542069592,3.249477609145355,564.0
58.697916666666664,1.9257739751728433,2.961531111436856,0.4615343310413551,21.228259908789507,0.9732643334866572,93.90361001110115,3.2484856364594257,564.0
58.70833333333333,1.9172795243947967,3.0348680544702686,0.5072046948910216,20.546796265191283,0.9716880382219973,99.00656148316985,3.2485133292233344,564.0
58.71875,1.9112451247288385,3.106493277394121,0.5537102827411121,19.922524162851712,0.9753117964871473,100.99071587110909,3.247656262695275,564.0
58.729166666666664,1.9310801712403396,3.1820861978512327,0.6055796791029441,19.36979809795568,0.9843182069725226,102.91797075281988,3.247173602359227,564.0
58.73958333333333,1.937173945807223,3.243197854187795,0.6498305466451798,18.919963505660085,0.9981527266806894,100.88976616943503,3.245816309142226,564.0
58.75,1.9325874980278284,3.284129051620582,0.6870926999104785,18.573596273450843,1.016310877608666,98.84465902252587,3.2449979325087,564.0
58.760416666666664,1.9331144034959409,3.3140439296356776,0.7207258006804762,18.327648657714327,1.0386128828041095,98.6913343216896,3.24502238325196,564.0
58.77083333333333,1.9379485861747994,3.3391599832431798,0.7390042127870573,18.191494269069814,1.062998935410735,93.8804381011661,3.2437269614081776,564.0
58.78125,1.9334731212271161,3.3461124868072463,0.7489619778726252,18.151025450816757,1.0889400857808276,90.70251929297903,3.2434271531291574,564.0
58.791666666666664,1.9241205290170489,3.3416686009912593,0.753209492729871,18.198773971585812,1.1159832086002266,89.41088950212672,3.243868856271561,564.0
58.80208333333333,1.93250012698853,3.341743918776418,0.7460608598234343,18.320798303763382,1.1417694954336257,84.49122392742842,3.2432223962599998,564.0
58.8125,1.9337816661174596,3.330790660004972,0.734635840270497,18.503906466232827,1.1658865046261868,80.80340012677576,3.2434306038922354,564.0
58.822916666666664,1.922655984527655,3.309626122550051,0.7209746123531173,18.74102485276093,1.188030483340001,78.885001794509,3.2443838295710012,564.0
58.83333333333333,1.9366738450498626,3.300517533901172,0.7029306675768985,19.008312568326023,1.2065285967062764,74.13526057362525,3.2445049376088306,564.0
58.84375,1.9458936711133819,3.286382828389339,0.686562376170105,19.29927486472505,1.2215078687325553,70.68796713916103,3.2456218415419693,564.0
58.854166666666664,1.9410871051406098,3.265397680606301,0.6707892626087248,19.609002797988875,1.2329137116729831,68.41942874077512,3.247353221573168,564.0
58.86458333333333,1.9681012761424577,3.2594207924148826,0.6552628523117948,19.917580369991047,1.240332009836428,64.49804255444685,3.0267512829410963,564.0
58.875,1.995594330367264,3.253498202034625,0.6430660848128592,20.22302113290417,1.2441605760082406,61.349245013063815,2.9995506128245646,564.0
58.885416666666664,2.0054944758668682,3.2419319356978678,0.6320359331166561,20.522783314246677,1.2446878556421936,58.87478247336628,2.975828544587924,564.0
58.89583333333333,2.040405713621645,3.2465354238406983,0.6196584885676556,20.79359045505388,1.2424665941375113,53.585858424170894,2.943463153587065,564.0
58.90625,2.062067517537319,3.2467617713893198,0.610097229113106,21.04010835158751,1.2382158135897754,48.30903783875065,2.907862242848874,564.0
58.916666666666664,2.0627087417557606,3.2360894552719164,0.6029140108409022,21.273196429632993,1.2322064781531088,44.04659425139879,2.876909387124683,564.0
58.92708333333333,2.078571614796766,3.2381614823267126,0.5920915541935147,21.47414151450749,1.2254194161832244,37.04026032452654,2.8367740498910745,564.0
58.9375,2.0851499585227007,3.2355534558293693,0.5857344142146798,21.656170829560782,1.2179227973411941,31.24496442673304,2.831959952899294,564.0
58.947916666666664,2.081686601503211,3.227169343810631,0.5813140312752344,21.827462098493417,1.2096145347041636,29.248026351297725,2.832954979113516,564.0
58.95833333333333,2.099897854819016,3.2332589746648566,0.5758615817851722,21.978078693427527,1.2012093884429678,27.56584066107736,2.833098105891991,564.0
58.96875,2.1169434052885037,3.2408076913512036,0.5747852108119025,22.11566800039078,1.192528075793132,26.28754530808377,2.834350223945143,564.0
58.979166666666664,2.1253214246355765,3.2452037650671013,0.5763889040545891,22.246368112234844,1.1832767763108236,25.53361324373904,2.836687142083956,564.0
58.98958333333333,2.1594165885832513,3.266811070402872,0.5775680972704719,22.360748484860594,1.1742630973656836,24.197234619134804,2.599567620013944,564.0
59.0,2.1925864660726093,3.2905813339769794,0.5843707791613753,22.465964778100517,1.165106232537724,22.973005150211513,2.5539008246927843,564.0
59.010416666666664,2.2157856041000694,3.3110930134370617,0.5944271195229223,22.567062562691554,1.1554151100351504,22.07857738857569,2.5127689646214004,564.0
59.02083333333333,2.2581306268265617,3.344564637377654,0.6058941932552852,22.659317507363532,1.1457003410238071,20.996017155799507,2.469848266357196,564.0
59.03125,2.3031603298017442,3.3826427104368832,0.6235557668941389,22.74707701271574,1.1355788519692385,19.91004869465111,2.4298381838490966,564.0
59.041666666666664,2.3432717739476123,3.4219221719991104,0.6448069546333295,22.831550283525484,1.124910958654018,18.793731136147947,2.4253318248117517,564.0
59.05208333333333,2.3998090382859614,3.4729648336510808,0.6710172494164184,22.91108719135552,1.1139139805107197,17.885450871990496,2.4254987164867408,564.0
59.0625,2.462724859312486,3.532156294086678,0.7040228882004577,22.98606867471407,1.1025674887466221,17.295226228775892,2.4258382779783116,564.0
59.072916666666664,2.520335552366932,3.5926992703615337,0.7431546008887399,23.057465691586504,1.0907282382285877,16.957676367523195,2.426401702195488,564.0
59.08333333333333,2.5906612974526766,3.663698237040077,0.7887031442772039,23.12309620879704,1.0787856717920308,16.712181949726133,2.4265730821967137,564.0
59.09375,2.6652156030514553,3.7408342520460462,0.8435212387661453,23.18361084317099,1.0666857148853142,16.526153401601903,2.4269128907932505,564.0
59.104166666666664,2.7346019931012515,3.8176900067634163,0.9066460030224068,23.240048172987525,1.0542401902036864,16.414525874392965,2.427540528130589,564.0
59.11458333333333,2.8173688456539256,3.9047940427385077,0.9736277853643365,23.288409641395038,1.0424576095731266,16.21461388006165,2.4272227781707474,564.0
59.125,2.8979197024098102,3.9924266209430628,1.0519003751370561,23.33116191580246,1.0309483904515893,16.003481997032257,2.4275499527149202,564.0
59.135416666666664,2.970643697737039,4.075377451901408,1.1389993801014502,23.370255571101204,1.0192663417479515,15.858913585914223,2.4285154530208684,564.0
59.14583333333333,3.0538916525457855,4.164877143706777,1.2271610260578492,23.402985426382596,1.0083769965049596,15.664836053129255,2.4286606378848083,564.0
59.15625,3.13365284673364,4.252679233227839,1.324621239271157,23.431456411524632,0.9978237805028249,15.48298168566605,2.1954787604153534,564.0
59.166666666666664,3.2064824951098636,4.335239930733839,1.4283483025883055,23.457080422996064,0.9871896896293875,15.360990584370883,2.1786779552953037,564.0
59.17708333333333,3.287246015301812,4.422020102795041,1.5303816401914805,23.47832508305119,0.9772927503757527,15.215777990856102,2.1580823294388183,564.0
59.1875,3.3641643352735153,4.506111078185487,1.6383732775323019,23.496690608559863,0.9676950830901181,15.089003778031604,2.136983551117964,564.0
59.197916666666664,3.4345976720959244,4.584792911885817,1.7491675341951405,23.513103284722053,0.9580482581856468,15.00639804612811,2.1171887872568114,564.0
59.20833333333333,3.51110896183589,4.665912086898877,1.856222798027034,23.526825972921845,0.9489837516638686,14.915333873666,2.094348689421637,564.0
59.21875,3.5834372501516727,4.743969985773577,1.965621321829953,23.53877693306574,0.9401578195926542,14.839483722630833,2.0710085776455225,564.0
59.229166666666664,3.649416517504473,4.816647607684415,2.0748969866010714,23.549567238438158,0.9312884810639757,14.79119080309905,2.0487824068672635,564.0
59.23958333333333,3.714677815691387,4.888586304288805,2.1779321427230522,23.558841612135517,0.9228873858589904,14.737141449060088,2.0389204828500462,564.0
59.25,3.7731676303981727,4.955414258153664,2.279114975298953,23.567207603732832,0.9146678472233728,14.693699573686958,2.0414975481719475,564.0
59.260416666666664,3.827097785067244,5.016453517758791,2.3765746787565996,23.57510575619187,0.9064076249491287,14.673295299444002,2.044467055614407,564.0
59.27083333333333,3.864341941142733,5.06888147256082,2.4704976507181535,23.583133755762,0.8976818300449075,14.690614340960627,2.047727391947349,564.0
59.28125,3.8902668479869593,5.114396268974022,2.559790678617632,23.591831911154546,0.8881799700693176,14.749798235457598,2.0508118438813256,564.0
59.291666666666664,3.928899809636084,5.16243656895599,2.6390953734105462,23.600918280111525,0.878631088383175,14.818998027337004,2.0527780936246427,564.0
59.30208333333333,3.9138892942580803,5.189790662182406,2.7237507952882725,23.613015461120337,0.8670619105365074,14.960925554713668,2.0556564733164255,564.0
59.3125,3.8489070503047667,5.200948594343689,2.7992043177573476,23.629825820695213,0.8534518863454612,15.184533615199197,2.056373602799676,564.0
59.322916666666664,3.831093123041078,5.228286045679089,2.8604258701989673,23.65074049338938,0.8398414186363301,15.399109602357765,2.054286642733626,564.0
59.33333333333333,3.5588609996345384,5.167012969863528,2.9225336831200774,23.688292059559267,0.821366439404646,15.871201738885748,2.0558422001320382,564.0
59.34375,3.229638964141088,5.080940898971039,2.9456323663018935,23.747808774658715,0.8006242571086871,16.569071311302267,2.0908996687325816,564.0
59.354166666666664,3.0456328370428927,5.0402492898240485,2.954001618502242,23.828905069626458,0.7809059663118776,17.29131170180088,2.128333631631638,564.0
59.36458333333333,2.5961839864371505,4.841615038478654,2.9051985957021955,23.97459452110433,0.7577943345597891,18.970494197079514,2.2016259454811915,564.0
59.375,2.1590137978768267,4.585176360851255,2.7290039664168355,24.204241309344606,0.7372620270581888,21.41306906860497,2.4472619467063814,564.0
59.385416666666664,1.894907645362676,4.376946906073274,2.4911062092687106,24.521246710295664,0.7242596425875685,23.276274113441094,2.443957875493458,564.0
59.39583333333333,1.607854428972706,4.109143550332212,2.193691414604999,24.976595564473048,0.7204103443837426,25.091228731245018,2.443868436555897,564.0
59.40625,1.4240290742512298,3.870530815401919,1.859175979163691,25.549822779951572,0.7278631557533427,26.15173964045244,2.4550756934561404,564.0
59.416666666666664,1.2836568910365167,3.6534359368177416,1.540419821966916,26.236712908316385,0.7462118707299115,27.89215740248197,2.4964996197660105,564.0
59.42708333333333,1.2193985038302806,3.4768678791610292,1.2591526802830686,26.991232009126612,0.7730243144857798,30.000744047025453,2.537107457751551,564.0
59.4375,1.171650762383097,3.308823983176192,1.023787078104692,27.80111299705492,0.8064078854653891,31.798027501840952,2.5762463369885724,564.0
59.447916666666664,1.1132922142009216,3.1476443215484973,0.8382994466793132,28.64714346119557,0.8443014089095052,33.30239143194085,2.61424309354382,564.0
59.45833333333333,1.131212705296253,3.040522159489434,0.7076950827381151,29.478257038779894,0.8830927716982909,33.91844084228326,2.850567854481941,564.0
59.46875,1.165732622932122,2.957926223630373,0.6169711791742996,30.27578492696891,0.9206986328357456,34.09779852836703,2.84802811385005,564.0
59.479166666666664,1.1622504098034563,2.8686627885682685,0.5489636779540524,31.041793251126542,0.9562810912003908,34.52592892239255,2.84656989051326,564.0
59.48958333333333,1.226487098330268,2.828754536993759,0.4990375620436493,31.710373286434624,0.986230040470664,33.43979497313002,2.8439970779041372,564.0
59.5,1.2812165658529229,2.789531284840135,0.46274928783108404,32.308969981088595,1.0116292846053117,32.52355712299699,2.8429235514128792,564.0
59.510416666666664,1.2909835495939381,2.7337483658769393,0.43261100900841537,32.855889066501206,1.0331902477541948,32.27531691816763,2.8428339752544547,564.0
59.52083333333333,1.3509300693638757,2.7099935818686034,0.40728359289873756,33.31006183732654,1.0495064660045315,30.84449065169288,2.8414103200043237,564.0
59.53125,1.4009278541590042,2.6848284155469364,0.3879663863106695,33.697843687787994,1.0619481681374539,29.58753045641531,2.8413488393541524,564.0
59.541666666666664,1.4112864883676923,2.6450142349460792,0.3714955359703484,34.03779849822223,1.071361262308315,29.005372293797798,2.8423647231386155,564.0
59.55208333333333,1.4557686396146767,2.6257772782366997,0.35647216020261474,34.309312347268246,1.0774974933150325,27.69325487786318,2.6214892095735824,564.0
59.5625,1.4884119761179837,2.6044108026570716,0.3451431281643926,34.5323794455797,1.0811885275536086,26.6345088394149,2.595884730455715,564.0
59.572916666666664,1.4949358255937302,2.5763233672716295,0.3355916059247823,34.71463359546485,1.0827467219992006,25.983201506094886,2.573248303953695,564.0
59.58333333333333,1.518563330326253,2.560167959418009,0.3270238860573037,34.850785679521174,1.0823436933626323,25.051697748624683,2.5468845540608105,564.0
59.59375,1.5386919168024171,2.5478211174288132,0.320892978714269,34.94798593916454,1.080254921120419,24.146908733335994,2.520574466322148,564.0
59.604166666666664,1.5439065972160695,2.534288618388372,0.31646844704473226,35.01014263605512,1.0765810378993808,23.424991402292516,2.4970310219771674,564.0
59.61458333333333,1.564055227777005,2.5319280528196195,0.3122852655834938,35.03698630800371,1.0717632381321858,22.34099999810499,2.4684021987277704,564.0
59.625,1.5794685348938242,2.53072717967135,0.3099985004482509,35.034034993527904,1.0658985262768388,21.1933138092828,2.4396208988079637,564.0
59.635416666666664,1.584509837645767,2.5279100043315506,0.3089568134838713,35.00273973660949,1.0589501762894118,20.059404422415078,2.427762907939787,564.0
59.64583333333333,1.5879131754791753,2.52718377669116,0.3083651364186131,34.94386666418089,1.0510613545860308,19.1103002355525,2.4278327173150482,564.0
59.65625,1.5854815352414633,2.5287404300809957,0.30930241139708203,34.855815221863814,1.0421080783536096,18.60802594098258,2.428441125070904,564.0
59.666666666666664,1.5885646200396115,2.538239344101922,0.31138062572644626,34.739794266550334,1.0323107988722968,18.360831588630226,2.428736413515563,564.0
59.67708333333333,1.5746670132853515,2.5457646155892104,0.3150107030591911,34.59088115177413,1.021380643943193,18.367351579440573,2.4295546216539763,564.0
59.6875,1.5469733542958766,2.5559102199355275,0.31932957375100746,34.41205103455222,1.0096652795288503,18.44745296781588,2.4298707982103624,564.0
59.697916666666664,1.534994819786812,2.575341545729514,0.32523059081051364,34.20597662739522,0.9973985482145404,18.511922112541864,2.430002323708142,564.0
59.70833333333333,1.4588736434136484,2.5748697787288655,0.3304392799528535,33.971348683049804,0.9845704885086612,18.604859381850517,2.4303394321264173,564.0
59.71875,1.3700598093980219,2.567354889584146,0.335196131292468,33.70915953011455,0.9713275928580957,18.738095121832682,2.4306886990190417,564.0
59.729166666666664,1.3204153891000898,2.5711197307143334,0.34034535026744656,33.42719283571698,0.9581216058207784,18.832985969965414,2.430713808473226,564.0
59.73958333333333,1.2459357542896337,2.5557550213205467,0.34521549430038806,33.107032180930915,0.9442154148512225,19.210533639937605,2.432018037960318,564.0
59.75,1.1902973044291174,2.542289259515042,0.34800156971168067,32.76569729393646,0.9304907024877007,19.68332737797816,2.432548446264541,564.0
59.760416666666664,1.165186600169127,2.540384668975056,0.3500856969045428,32.425810393147465,0.9178345236084494,19.99340133611573,2.432333138336815,564.0
59.77083333333333,1.120348263703645,2.516975137457183,0.3526998193632439,32.063019450807126,0.9053646474406314,20.764754559324693,2.4342475913409185,564.0
59.78125,1.0983736912508046,2.502166992351575,0.3538746907711352,31.71146282447719,0.8943039974285393,21.740848386381586,2.438797216202941,564.0
59.791666666666664,1.0992607652829627,2.5048281798313674,0.35470055229762854,31.409543960300688,0.8857201772032013,22.629691022707913,2.4548031558938366,564.0
59.80208333333333,1.0956379420683735,2.496961244634384,0.35812606475715075,31.14672195206623,0.8792414145612873,24.83484125801822,2.4895193411303946,564.0
59.8125,1.1164540679091275,2.509431958823141,0.3602572096403672,30.957347199880807,0.8757413564221036,27.15441155552603,2.5227909936685897,564.0
59.822916666666664,1.1317893237413532,2.521486708725467,0.3629315500644169,30.835844415180873,0.8750766866368742,28.97227108188823,2.5546397996550856,564.0
59.83333333333333,1.1477384489506417,2.53374616793778,0.3643030762177862,30.77215140784893,0.8770174867621916,29.908137745390963,2.5799757056452153,564.0
59.84375,1.158285907539153,2.5387428227696995,0.36470052545347265,30.74911243750932,0.8812846892359879,30.44369327910409,2.601161531953708,564.0
59.854166666666664,1.1605371444999828,2.53522662853558,0.36394363538335267,30.751615005399398,0.8877157916528943,30.97453145998102,2.620929277701237,564.0
59.86458333333333,1.1875298833708792,2.541874227318475,0.36236278956131246,30.765969187022712,0.8958245426562795,30.95830294231644,2.846643875575095,564.0
59.875,1.21744554051638,2.5477888109519524,0.3609289172853278,30.781209016728916,0.9053463384006628,30.84138034077266,2.845409283328446,564.0
59.885416666666664,1.2315020113324269,2.545232019917463,0.3590270479791472,30.78943158513153,0.9161326049093415,30.93375494992482,2.844743067862764,564.0
59.89583333333333,1.2783301417954704,2.5607145270558687,0.3568417991557632,30.78526908851155,0.927201720378776,30.163484188459485,2.8433364741672515,564.0
59.90625,1.3224794598130165,2.5747978632308985,0.35578401624221534,30.766921074049403,0.9384449296438361,29.34304521054812,2.8428655517675208,564.0
59.916666666666664,1.34298520974259,2.5770727367181343,0.35490802434847346,30.73260053302772,0.9499974131748634,28.99579402860531,2.843275754271155,564.0
59.92708333333333,1.3926331335455633,2.596433986894664,0.35366770866458547,30.685453535406705,0.9608387253593298,27.91434834106732,2.619473593669528,564.0
59.9375,1.4400182211379482,2.6147159368392603,0.35410590286442856,30.626154878049267,0.9711626756310844,26.916124863837478,2.6004525143049912,564.0
59.947916666666664,1.46539171798133,2.6233010650245037,0.3549849908043619,30.553835744172755,0.9811615490107344,26.349657016451733,2.5836322812776484,564.0
59.95833333333333,1.5234812207652542,2.6489143686083807,0.35588526233153706,30.47503799930752,0.9900639294015438,25.30127308105583,2.559433387879782,564.0
59.96875,1.576691567717702,2.672917600262244,0.35878400119723436,30.388304257842027,0.9981962360308758,24.41380497556516,2.535531154741386,564.0
59.979166666666664,1.6104803340442926,2.6905697795504953,0.3620655675727354,30.293136087767156,1.0055858210393829,23.764780848516498,2.5139513448968605,564.0
59.98958333333333,1.658424620908088,2.7169439288008257,0.3674487123361119,30.189511821158575,1.0121406713160592,23.273587525046175,2.4954322259795827,564.0
